id,kind,feature,legacy_source,placement,target_paths,tests,status,verification,milestone,notes
behavior:campaign.flow.retail_order,behavior,campaign.flow.retail_order,Code/Commando/campaign.cpp:85,games/renegade/session,,,not_started,,2,"Acceptance: Parse actual ordered campaign.ini entries, ignore comments/nonconsecutive numeric keys; 36 active entries start Level M13.mix and end R_Finale.bik. Resolve every retail level/movie reference. Reuse: shared ECS scheduler/access/command barriers; game-local authored schemas/rules. Proposed generic common/fps capability requires semantic checks against existing GZH common/rts modules before adoption. Required future validation: proposed: renegade_campaign_tests::flow_retail_order; required runtime receipt: campaign/flow.retail_order.json."
behavior:campaign.flow.new_game,behavior,campaign.flow.new_game,Code/Commando/campaign.cpp:194,games/renegade/session,,,not_started,,2,Acceptance: Difficulty selection resets campaign/backdrop and level-start inventory then starts first active flow entry; restarting a campaign retains no old objectives/timers. Reuse: shared ECS scheduler/access/command barriers; game-local authored schemas/rules. Proposed generic common/fps capability requires semantic checks against existing GZH common/rts modules before adoption. Required future validation: proposed: renegade_campaign_tests::flow_new_game; required runtime receipt: campaign/flow.new_game.json.
behavior:campaign.flow.score_capture,behavior,campaign.flow.score_capture,Code/Commando/campaign.cpp:226,games/renegade/session,,,not_started,,2,Acceptance: Capture completed-level map/time/kills/objective/save-load stats before world teardown; Score Continue advances once. Reuse: shared ECS scheduler/access/command barriers; game-local authored schemas/rules. Proposed generic common/fps capability requires semantic checks against existing GZH common/rts modules before adoption. Required future validation: proposed: renegade_campaign_tests::flow_score_capture; required runtime receipt: campaign/flow.score_capture.json.
behavior:campaign.flow.replay_isolation,behavior,campaign.flow.replay_isolation,Code/Commando/campaign.cpp:361,games/renegade/session,,,not_started,,2,"Acceptance: Replay resets inventory/difficulty, runs chosen level, enters replay score then returns to end-game menu without advancing normal campaign. Reuse: shared ECS scheduler/access/command barriers; game-local authored schemas/rules. Proposed generic common/fps capability requires semantic checks against existing GZH common/rts modules before adoption. Required future validation: proposed: renegade_campaign_tests::flow_replay_isolation; required runtime receipt: campaign/flow.replay_isolation.json."
behavior:campaign.flow.end_and_invalid,behavior,campaign.flow.end_and_invalid,Code/Commando/campaign.cpp:345,games/renegade/session,,,not_started,,2,Acceptance: End/replay-score closes movie/score/combat then returns to end-game menu; invalid flow tag resets campaign to main menu; no stale world ticks. Reuse: shared ECS scheduler/access/command barriers; game-local authored schemas/rules. Proposed generic common/fps capability requires semantic checks against existing GZH common/rts modules before adoption. Required future validation: proposed: renegade_campaign_tests::flow_end_and_invalid; required runtime receipt: campaign/flow.end_and_invalid.json.
behavior:campaign.flow.backdrop_selection,behavior,campaign.flow.backdrop_selection,Code/Commando/campaign.cpp:387,games/renegade/session,,,not_started,,2,"Acceptance: Select authored campaign.ini backdrop by mission number with source fallback, translated captions and ordering; capture tutorial/campaign/post-save loading screens. Reuse: shared ECS scheduler/access/command barriers; game-local authored schemas/rules. Proposed generic common/fps capability requires semantic checks against existing GZH common/rts modules before adoption. Required future validation: proposed: renegade_campaign_tests::flow_backdrop_selection; required runtime receipt: campaign/flow.backdrop_selection.json."
behavior:campaign.save.campaign_cursor,behavior,campaign.save.campaign_cursor,Code/Commando/campaign.cpp:150,games/renegade/session,,,not_started,,2,"Acceptance: Round-trip campaign State/BackdropIndex, including replay/score states; resume authored flow exactly once. Reuse: shared ECS scheduler/access/command barriers; game-local authored schemas/rules. Proposed generic common/fps capability requires semantic checks against existing GZH common/rts modules before adoption. Required future validation: proposed: renegade_campaign_tests::save_campaign_cursor; required runtime receipt: campaign/save.campaign_cursor.json."
behavior:campaign.flow.success_barrier,behavior,campaign.flow.success_barrier,Code/Commando/combatgmode.cpp:1443,games/renegade/session,,,not_started,,2,Acceptance: Mission_Complete(true) sets pending transition in mission mode; advance after callback dispatch and simulation complete. No world teardown while chunks execute. Reuse: shared ECS scheduler/access/command barriers; game-local authored schemas/rules. Proposed generic common/fps capability requires semantic checks against existing GZH common/rts modules before adoption. Required future validation: proposed: renegade_campaign_tests::flow_success_barrier; required runtime receipt: campaign/flow.success_barrier.json.
behavior:campaign.flow.failure_no_advance,behavior,campaign.flow.failure_no_advance,Code/Commando/combatgmode.cpp:1449,games/renegade/session,,,not_started,,2,"Acceptance: Mission_Complete(false) enters failed-options path, suspends combat and retains current campaign index; no Score or next movie. Reuse: shared ECS scheduler/access/command barriers; game-local authored schemas/rules. Proposed generic common/fps capability requires semantic checks against existing GZH common/rts modules before adoption. Required future validation: proposed: renegade_campaign_tests::flow_failure_no_advance; required runtime receipt: campaign/flow.failure_no_advance.json."
behavior:campaign.save.autosave_boundary,behavior,campaign.save.autosave_boundary,Code/Commando/combatgmode.cpp:1362,games/renegade/session,,,not_started,,2,Acceptance: Consume autosave after first loop pass and clear request before serialization; localized autosave description. Campaign level entry omits M13 autosave. Reuse: shared ECS scheduler/access/command barriers; game-local authored schemas/rules. Proposed generic common/fps capability requires semantic checks against existing GZH common/rts modules before adoption. Required future validation: proposed: renegade_campaign_tests::save_autosave_boundary; required runtime receipt: campaign/save.autosave_boundary.json.
behavior:campaign.flow.inventory_carry,behavior,campaign.flow.inventory_carry,Code/Commando/god.cpp:567,games/renegade/session,,,not_started,,2,Acceptance: Carry level-start inventory and encyclopedia at source transition boundaries; campaign/replay resets it. Compare two adjacent levels and restart. Reuse: shared ECS scheduler/access/command barriers; game-local authored schemas/rules. Proposed generic common/fps capability requires semantic checks against existing GZH common/rts modules before adoption. Required future validation: proposed: renegade_campaign_tests::flow_inventory_carry; required runtime receipt: campaign/flow.inventory_carry.json.
behavior:campaign.retry.death_options,behavior,campaign.retry.death_options,Code/Commando/god.cpp:477,games/renegade/session,,,not_started,,2,Acceptance: Running single-player star death stores death inventory/transform and opens death options once; source popup suspends combat and flushes audio. Reuse: shared ECS scheduler/access/command barriers; game-local authored schemas/rules. Proposed generic common/fps capability requires semantic checks against existing GZH common/rts modules before adoption. Required future validation: proposed: renegade_campaign_tests::retry_death_options; required runtime receipt: campaign/retry.death_options.json.
behavior:campaign.retry.failed_options,behavior,campaign.retry.failed_options,Code/Commando/god.cpp:554,games/renegade/session,,,not_started,,2,Acceptance: Objective failure opens failed options only from running state. Restart/Load/Quit follow source popup commands; failure retains campaign cursor. Reuse: shared ECS scheduler/access/command barriers; game-local authored schemas/rules. Proposed generic common/fps capability requires semantic checks against existing GZH common/rts modules before adoption. Required future validation: proposed: renegade_campaign_tests::retry_failed_options; required runtime receipt: campaign/retry.failed_options.json.
behavior:campaign.retry.restart,behavior,campaign.retry.restart,Code/Commando/god.cpp:518,games/renegade/session,,,not_started,,2,"Acceptance: Second restart request is harmless; core reload resets stats, recreates commando and attaches start script; old entities/timers/actions cannot leak. Reuse: shared ECS scheduler/access/command barriers; game-local authored schemas/rules. Proposed generic common/fps capability requires semantic checks against existing GZH common/rts modules before adoption. Required future validation: proposed: renegade_campaign_tests::retry_restart; required runtime receipt: campaign/retry.restart.json."
behavior:campaign.retry.load_from_death,behavior,campaign.retry.load_from_death,Code/Commando/god.cpp:546,games/renegade/session,,,not_started,,2,Acceptance: Load ends current game and enters save catalog; valid selection restores its map/cursor. Cancel/back cannot leave dead-world systems executing. Reuse: shared ECS scheduler/access/command barriers; game-local authored schemas/rules. Proposed generic common/fps capability requires semantic checks against existing GZH common/rts modules before adoption. Required future validation: proposed: renegade_campaign_tests::retry_load_from_death; required runtime receipt: campaign/retry.load_from_death.json.
behavior:campaign.retry.respawn_script,behavior,campaign.retry.respawn_script,Code/Commando/god.cpp:502,games/renegade/session,,,not_started,,2,Acceptance: Source respawn API restores death transform/inventory and attaches respawn script; establish whether retail UI exposes it. Do not substitute respawn for Restart. Reuse: shared ECS scheduler/access/command barriers; game-local authored schemas/rules. Proposed generic common/fps capability requires semantic checks against existing GZH common/rts modules before adoption. Required future validation: proposed: renegade_campaign_tests::retry_respawn_script; required runtime receipt: campaign/retry.respawn_script.json.
behavior:campaign.load.definition_order,behavior,campaign.load.definition_order,Code/Combat/savegame.cpp:150,games/renegade/content/levels,,,not_started,,2,Acceptance: Resolve Objects.DDB and map definitions before static/dynamic level chunks; satisfy preset references before observer Created and player start. Reuse: shared ECS scheduler/access/command barriers; game-local authored schemas/rules. Proposed generic common/fps capability requires semantic checks against existing GZH common/rts modules before adoption. Required future validation: proposed: renegade_campaign_tests::load_definition_order; required runtime receipt: campaign/load.definition_order.json.
behavior:campaign.load.static_scene,behavior,campaign.load.static_scene,Code/Combat/savegame.cpp:493,games/renegade/content/levels,,,not_started,,2,Acceptance: Decode every retail LSD scene; compare object counts/transforms/materials/3D collision/lighting/waypaths/map metadata against actual chunks. Reuse: shared ECS scheduler/access/command barriers; game-local authored schemas/rules. Proposed generic common/fps capability requires semantic checks against existing GZH common/rts modules before adoption. Required future validation: proposed: renegade_campaign_tests::load_static_scene; required runtime receipt: campaign/load.static_scene.json.
behavior:campaign.load.dynamic_scene,behavior,campaign.load.dynamic_scene,Code/Combat/savegame.cpp:238,games/renegade/content/levels,,,not_started,,2,Acceptance: Decode LDD preset/spawner/zone/observer instances and parameters; remap stable IDs before post-load; defer Created until referenced entities exist. Reuse: shared ECS scheduler/access/command barriers; game-local authored schemas/rules. Proposed generic common/fps capability requires semantic checks against existing GZH common/rts modules before adoption. Required future validation: proposed: renegade_campaign_tests::load_dynamic_scene; required runtime receipt: campaign/load.dynamic_scene.json.
behavior:campaign.load.description_peek,behavior,campaign.load.description_peek,Code/Combat/savegame.cpp:308,games/renegade/content/levels,,,not_started,,2,Acceptance: Catalog localized description/map metadata without instantiating world; saved description fallback works; truncated input cannot mutate current state. Reuse: shared ECS scheduler/access/command barriers; game-local authored schemas/rules. Proposed generic common/fps capability requires semantic checks against existing GZH common/rts modules before adoption. Required future validation: proposed: renegade_campaign_tests::load_description_peek; required runtime receipt: campaign/load.description_peek.json.
behavior:campaign.save.world_and_resources,behavior,campaign.save.world_and_resources,Code/Combat/savegame.cpp:99,games/renegade/content/levels,,,not_started,,2,Acceptance: Capture between ticks: ECS layout/allocator plus game-local campaign/objectives/RNG/scripts/timers/conversations/inventory/map/audio progress; fresh-process resume matches future hashes/traces. Reuse: shared ECS scheduler/access/command barriers; game-local authored schemas/rules. Proposed generic common/fps capability requires semantic checks against existing GZH common/rts modules before adoption. Required future validation: proposed: renegade_campaign_tests::save_world_and_resources; required runtime receipt: campaign/save.world_and_resources.json.
behavior:campaign.save.lua_state,behavior,campaign.save.lua_state,Code/Scripts/scripts.cpp:580,games/renegade/scripting,,,not_started,,2,"Acceptance: Translate explicit Save_Data/Load_Data and registered auto-save fields into versioned Lua state. Preserve IDs/types, deliberate missing/unknown-field policy and resumed controller flags. Reuse: shared ECS scheduler/access/command barriers; game-local authored schemas/rules. Proposed generic common/fps capability requires semantic checks against existing GZH common/rts modules before adoption. Required future validation: proposed: renegade_campaign_tests::save_lua_state; required runtime receipt: campaign/save.lua_state.json."
behavior:campaign.scripts.parameters,behavior,campaign.scripts.parameters,Code/Scripts/scripts.cpp:673,games/renegade/scripting,,,not_started,,2,"Acceptance: Bind all script parameters with source type/default/name semantics, including floats/vectors/bools/strings. Integer/string-only Lua command support is insufficient. Reuse: shared ECS scheduler/access/command barriers; game-local authored schemas/rules. Proposed generic common/fps capability requires semantic checks against existing GZH common/rts modules before adoption. Required future validation: proposed: renegade_campaign_tests::scripts_parameters; required runtime receipt: campaign/scripts.parameters.json."
behavior:campaign.save.timers_and_senders,behavior,campaign.save.timers_and_senders,Code/Combat/scriptablegameobj.cpp:226,games/renegade/scripting,,,not_started,,2,"Acceptance: Round-trip remaining observer/custom timer time, timer/observer IDs, type/parameter and sender identity; resume once in source order despite disappeared sender/target. Reuse: shared ECS scheduler/access/command barriers; game-local authored schemas/rules. Proposed generic common/fps capability requires semantic checks against existing GZH common/rts modules before adoption. Required future validation: proposed: renegade_campaign_tests::save_timers_and_senders; required runtime receipt: campaign/save.timers_and_senders.json."
behavior:campaign.save.postload_identity,behavior,campaign.save.postload_identity,Code/Combat/scriptablegameobj.cpp:524,games/renegade/scripting,,,not_started,,2,Acceptance: Replace pointer remaps with stable entity/script handles and validate before callbacks; stale generations cannot address reallocated entities. Reuse: shared ECS scheduler/access/command barriers; game-local authored schemas/rules. Proposed generic common/fps capability requires semantic checks against existing GZH common/rts modules before adoption. Required future validation: proposed: renegade_campaign_tests::save_postload_identity; required runtime receipt: campaign/save.postload_identity.json.
behavior:campaign.scripts.created_deferred,behavior,campaign.scripts.created_deferred,Code/Combat/scriptablegameobj.cpp:558,games/renegade/scripting,,,not_started,,2,Acceptance: Attach ordered observers after preset/world construction and source activation; load must not repeat Created for initialized instances. Reuse: shared ECS scheduler/access/command barriers; game-local authored schemas/rules. Proposed generic common/fps capability requires semantic checks against existing GZH common/rts modules before adoption. Required future validation: proposed: renegade_campaign_tests::scripts_created_deferred; required runtime receipt: campaign/scripts.created_deferred.json.
behavior:campaign.scripts.timer_order,behavior,campaign.scripts.timer_order,Code/Combat/scriptablegameobj.cpp:636,games/renegade/scripting,,,not_started,,2,"Acceptance: Compare source reverse-list same-deadline timer order, callback-rescheduled timers and remaining-time rules over frame-to-fixed-tick conversion. Reuse: shared ECS scheduler/access/command barriers; game-local authored schemas/rules. Proposed generic common/fps capability requires semantic checks against existing GZH common/rts modules before adoption. Required future validation: proposed: renegade_campaign_tests::scripts_timer_order; required runtime receipt: campaign/scripts.timer_order.json."
behavior:campaign.scripts.custom_order,behavior,campaign.scripts.custom_order,Code/Combat/scriptablegameobj.cpp:668,games/renegade/scripting,,,not_started,,2,"Acceptance: Compare reverse delayed custom-list order and observer-list order; cover immediate sends, absent senders and callback-created events across worker counts. Reuse: shared ECS scheduler/access/command barriers; game-local authored schemas/rules. Proposed generic common/fps capability requires semantic checks against existing GZH common/rts modules before adoption. Required future validation: proposed: renegade_campaign_tests::scripts_custom_order; required runtime receipt: campaign/scripts.custom_order.json."
behavior:campaign.cinematic.audio_event,behavior,campaign.cinematic.audio_event,Code/Combat/scriptablegameobj.cpp:697,games/renegade/scripting,,,not_started,,2,Acceptance: Sound completion emits source SOUND_ENDED custom type with sound ID/null sender once; pause/cancel/teardown/save resume cannot retain dangling owner IDs. Reuse: shared ECS scheduler/access/command barriers; game-local authored schemas/rules. Proposed generic common/fps capability requires semantic checks against existing GZH common/rts modules before adoption. Required future validation: proposed: renegade_campaign_tests::cinematic_audio_event; required runtime receipt: campaign/cinematic.audio_event.json.
behavior:campaign.scripts.destroy_deferred,behavior,campaign.scripts.destroy_deferred,Code/Combat/scripts.cpp:123,games/renegade/scripting,,,not_started,,2,Acceptance: Deferred script/entity removal preserves Destroyed/Killed ordering and cancels or safely ignores owner timers after dispatch; no iterator invalidation. Reuse: shared ECS scheduler/access/command barriers; game-local authored schemas/rules. Proposed generic common/fps capability requires semantic checks against existing GZH common/rts modules before adoption. Required future validation: proposed: renegade_campaign_tests::scripts_destroy_deferred; required runtime receipt: campaign/scripts.destroy_deferred.json.
behavior:campaign.scripts.command_commit,behavior,campaign.scripts.command_commit,Code/Combat/scriptcommands.cpp:574,games/renegade/scripting,,,not_started,,2,"Acceptance: Each typed command has validated args, declared accesses and commit phase; creates/destroys/attach/detach defer. Callback failure commits no partial engine commands; define Lua state rollback. Reuse: shared ECS scheduler/access/command barriers; game-local authored schemas/rules. Proposed generic common/fps capability requires semantic checks against existing GZH common/rts modules before adoption. Required future validation: proposed: renegade_campaign_tests::scripts_command_commit; required runtime receipt: campaign/scripts.command_commit.json."
behavior:campaign.scripts.zone_3d,behavior,campaign.scripts.zone_3d,Code/Combat/scriptzone.cpp:384,games/renegade/scripting,,,not_started,,2,Acceptance: Match authored rotated 3D zones and eligible-object filters; cover overlap/stationary/destroyed-inside/vertical separation. Reuse: shared ECS scheduler/access/command barriers; game-local authored schemas/rules. Proposed generic common/fps capability requires semantic checks against existing GZH common/rts modules before adoption. Required future validation: proposed: renegade_campaign_tests::scripts_zone_3d; required runtime receipt: campaign/scripts.zone_3d.json.
behavior:campaign.objectives.add_hidden,behavior,campaign.objectives.add_hidden,Code/Combat/objectives.cpp:419,games/renegade/gameplay/objectives,,,not_started,,2,"Acceptance: Reject duplicate IDs; hidden suppresses new-objective notification. Visible additions use source localized category/description, update viewer/HUD once. Reuse: shared ECS scheduler/access/command barriers; game-local authored schemas/rules. Proposed generic common/fps capability requires semantic checks against existing GZH common/rts modules before adoption. Required future validation: proposed: renegade_campaign_tests::objectives_add_hidden; required runtime receipt: campaign/objectives.add_hidden.json."
behavior:campaign.objectives.status_unhide,behavior,campaign.objectives.status_unhide,Code/Combat/objectives.cpp:488,games/renegade/gameplay/objectives,,,not_started,,2,Acceptance: Hidden-to-pending resets age/new-objective help; hidden-to-accomplished uses normal status text. Update blips/viewer/sort; unknown ID unchanged. Reuse: shared ECS scheduler/access/command barriers; game-local authored schemas/rules. Proposed generic common/fps capability requires semantic checks against existing GZH common/rts modules before adoption. Required future validation: proposed: renegade_campaign_tests::objectives_status_unhide; required runtime receipt: campaign/objectives.status_unhide.json.
behavior:campaign.objectives.remove_type,behavior,campaign.objectives.remove_type,Code/Combat/objectives.cpp:464,games/renegade/gameplay/objectives,,,not_started,,2,Acceptance: Remove emits cancellation/clears objective; type changes blip/category without duplication. Save/replay preserve resulting objective set. Reuse: shared ECS scheduler/access/command barriers; game-local authored schemas/rules. Proposed generic common/fps capability requires semantic checks against existing GZH common/rts modules before adoption. Required future validation: proposed: renegade_campaign_tests::objectives_remove_type; required runtime receipt: campaign/objectives.remove_type.json.
behavior:campaign.objectives.radar_target,behavior,campaign.objectives.radar_target,Code/Combat/objectives.cpp:557,games/renegade/gameplay/objectives,,,not_started,,2,Acceptance: Position marker clears object reference; tracked marker follows live target with source type/status visibility; deletion/save reload safe. Reuse: shared ECS scheduler/access/command barriers; game-local authored schemas/rules. Proposed generic common/fps capability requires semantic checks against existing GZH common/rts modules before adoption. Required future validation: proposed: renegade_campaign_tests::objectives_radar_target; required runtime receipt: campaign/objectives.radar_target.json.
behavior:campaign.objectives.hud_priority,behavior,campaign.objectives.hud_priority,Code/Combat/objectives.cpp:653,games/renegade/gameplay/objectives,,,not_started,,2,Acceptance: Source status order then descending HUD priority; only pending/positive-priority objectives show pogs; texture/message/location/age match. Reuse: shared ECS scheduler/access/command barriers; game-local authored schemas/rules. Proposed generic common/fps capability requires semantic checks against existing GZH common/rts modules before adoption. Required future validation: proposed: renegade_campaign_tests::objectives_hud_priority; required runtime receipt: campaign/objectives.hud_priority.json.
behavior:campaign.objectives.secondary_tertiary_count,behavior,campaign.objectives.secondary_tertiary_count,Code/Combat/objectives.cpp:686,games/renegade/gameplay/objectives,,,not_started,,2,Acceptance: Visible type counts and specified tertiary lower bound; accomplished counts feed source secondary objective stars. Reuse: shared ECS scheduler/access/command barriers; game-local authored schemas/rules. Proposed generic common/fps capability requires semantic checks against existing GZH common/rts modules before adoption. Required future validation: proposed: renegade_campaign_tests::objectives_secondary_tertiary_count; required runtime receipt: campaign/objectives.secondary_tertiary_count.json.
behavior:campaign.hud.vitals_inventory,behavior,campaign.hud.vitals_inventory,Code/Combat/hud.cpp:267,games/renegade/hud,,,not_started,,2,Acceptance: Playable world HUD consumes real ECS health/shield/ammo/weapon state through damage/pickup/reload/switch/vehicle/death; isolated view-model test insufficient. Reuse: shared ECS scheduler/access/command barriers; game-local authored schemas/rules. Proposed generic common/fps capability requires semantic checks against existing GZH common/rts modules before adoption. Required future validation: proposed: renegade_campaign_tests::hud_vitals_inventory; required runtime receipt: campaign/hud.vitals_inventory.json.
behavior:campaign.hud.radar,behavior,campaign.hud.radar,Code/Combat/radar.cpp:57,games/renegade/hud,,,not_started,,2,Acceptance: Render source range/orientation/markers/team colors/script enablement; exercise vertical positions and authored mission radar changes. Reuse: shared ECS scheduler/access/command barriers; game-local authored schemas/rules. Proposed generic common/fps capability requires semantic checks against existing GZH common/rts modules before adoption. Required future validation: proposed: renegade_campaign_tests::hud_radar; required runtime receipt: campaign/hud.radar.json.
behavior:campaign.hud.eva_map,behavior,campaign.hud.eva_map,Code/Commando/dlgevaobjectivestab.cpp:61,games/renegade/presentation/eva,,,not_started,,2,Acceptance: EVA detail/maps/encyclopedia use loaded localized objectives/exploration/pickups; update across pause/save using shared GUI/localization. Reuse: shared ECS scheduler/access/command barriers; game-local authored schemas/rules. Proposed generic common/fps capability requires semantic checks against existing GZH common/rts modules before adoption. Required future validation: proposed: renegade_campaign_tests::hud_eva_map; required runtime receipt: campaign/hud.eva_map.json.
behavior:campaign.ai.action_priority,behavior,campaign.ai.action_priority,Code/Combat/action.cpp:3127,engine/gameplay/common/actions,,,not_started,,2,Acceptance: Compare priority replacement/reset/completion reasons; cancellation/target deletion deferred after chunks. Generic handles shared; Renegade action rules game-local. Reuse: shared ECS scheduler/access/command barriers; game-local authored schemas/rules. Proposed generic common/fps capability requires semantic checks against existing GZH common/rts modules before adoption. Required future validation: proposed: renegade_campaign_tests::ai_action_priority; required runtime receipt: campaign/ai.action_priority.json.
behavior:campaign.ai.action_navigation,behavior,campaign.ai.action_navigation,Code/Combat/action.cpp:1450,engine/gameplay/common/actions,,,not_started,,2,"Acceptance: Retail indoor 3D waypaths/obstacles yield source bad-destination/no-progress/completion and retries. Existing RTS ground paths are candidate, not proven FPS navigation. Reuse: shared ECS scheduler/access/command barriers; game-local authored schemas/rules. Proposed generic common/fps capability requires semantic checks against existing GZH common/rts modules before adoption. Required future validation: proposed: renegade_campaign_tests::ai_action_navigation; required runtime receipt: campaign/ai.action_navigation.json."
behavior:campaign.ai.sight_hearing,behavior,campaign.ai.sight_hearing,Code/Scripts/unitcombat.cpp:145,engine/gameplay/fps/perception,,,not_started,,2,Acceptance: Visible/occluded/ranged/heard targets and script stationary/enabled changes emit source Enemy_Seen/Sound_Heard identities and order. Reuse: shared ECS scheduler/access/command barriers; game-local authored schemas/rules. Proposed generic common/fps capability requires semantic checks against existing GZH common/rts modules before adoption. Required future validation: proposed: renegade_campaign_tests::ai_sight_hearing; required runtime receipt: campaign/ai.sight_hearing.json.
behavior:campaign.ai.difficulty,behavior,campaign.ai.difficulty,Code/Combat/damage.cpp:822,games/renegade/gameplay/defense,,,not_started,,2,Acceptance: Combat-star damage scaling and mission difficulty match source at each authored difficulty; factors/armor/warhead schema game-local. Reuse: shared ECS scheduler/access/command barriers; game-local authored schemas/rules. Proposed generic common/fps capability requires semantic checks against existing GZH common/rts modules before adoption. Required future validation: proposed: renegade_campaign_tests::ai_difficulty; required runtime receipt: campaign/ai.difficulty.json.
behavior:campaign.weapons.trigger_states,behavior,campaign.weapons.trigger_states,Code/Combat/weapons.cpp:434,games/renegade/gameplay/weapons,,,not_started,,2,"Acceptance: Primary/secondary edges/locks/fire/reload/switch timers/ammo match source; fixed-tick boundaries, empty clip and interruption tests. Reuse: shared ECS scheduler/access/command barriers; game-local authored schemas/rules. Proposed generic common/fps capability requires semantic checks against existing GZH common/rts modules before adoption. Required future validation: proposed: renegade_campaign_tests::weapons_trigger_states; required runtime receipt: campaign/weapons.trigger_states.json."
behavior:campaign.weapons.inventory_pickups,behavior,campaign.weapons.inventory_pickups,Code/Combat/weaponbag.cpp:49,games/renegade/gameplay/inventory,,,not_started,,2,Acceptance: Exact source weapon/ammo/key grants and slot selection; duplicate/full/disabled pickups; preserve restart/mission carry with retail presets. Reuse: shared ECS scheduler/access/command barriers; game-local authored schemas/rules. Proposed generic common/fps capability requires semantic checks against existing GZH common/rts modules before adoption. Required future validation: proposed: renegade_campaign_tests::weapons_inventory_pickups; required runtime receipt: campaign/weapons.inventory_pickups.json.
behavior:campaign.weapons.hit_queries,behavior,campaign.weapons.hit_queries,Code/Combat/bullet.cpp:456,engine/gameplay/fps/ballistics,,,not_started,,2,Acceptance: Muzzle-to-hit/projectile integration/owner filters/surfaces/secondary hits match source; shared queries consume game-local ammo/warheads. Reuse: shared ECS scheduler/access/command barriers; game-local authored schemas/rules. Proposed generic common/fps capability requires semantic checks against existing GZH common/rts modules before adoption. Required future validation: proposed: renegade_campaign_tests::weapons_hit_queries; required runtime receipt: campaign/weapons.hit_queries.json.
behavior:campaign.weapons.splash,behavior,campaign.weapons.splash,Code/Combat/explosion.cpp:59,engine/gameplay/fps/ballistics,,,not_started,,2,Acceptance: Source obstruction/falloff/attribution/effects for adjacent/blocked targets; preset/falloff policy game-local. Reuse: shared ECS scheduler/access/command barriers; game-local authored schemas/rules. Proposed generic common/fps capability requires semantic checks against existing GZH common/rts modules before adoption. Required future validation: proposed: renegade_campaign_tests::weapons_splash; required runtime receipt: campaign/weapons.splash.json.
behavior:campaign.weapons.special_devices,behavior,campaign.weapons.special_devices,Code/Combat/c4.cpp:64,games/renegade/gameplay/c4,,,not_started,,2,Acceptance: Campaign remote/timed/proximity C4 attachment/countdown/disarm/placement matches source; fuse save resumes once; canonical beacon requirements remain open. Reuse: shared ECS scheduler/access/command barriers; game-local authored schemas/rules. Proposed generic common/fps capability requires semantic checks against existing GZH common/rts modules before adoption. Required future validation: proposed: renegade_campaign_tests::weapons_special_devices; required runtime receipt: campaign/weapons.special_devices.json.
behavior:campaign.vehicles.entry_exit,behavior,campaign.vehicles.entry_exit,Code/Combat/vehicle.cpp:136,engine/gameplay/common/containment,,,not_started,,2,Acceptance: Seat rights/driver/gunner/passenger and source entry/exit animation eligibility; simultaneous entry cannot double-book. RTS cargo not equivalent. Reuse: shared ECS scheduler/access/command barriers; game-local authored schemas/rules. Proposed generic common/fps capability requires semantic checks against existing GZH common/rts modules before adoption. Required future validation: proposed: renegade_campaign_tests::vehicles_entry_exit; required runtime receipt: campaign/vehicles.entry_exit.json.
behavior:campaign.vehicles.motion,behavior,campaign.vehicles.motion,Code/Combat/vehicle.cpp:1279,engine/gameplay/common/containment,,,not_started,,2,Acceptance: Campaign driven wheeled/tracked/flying motion/collision/turret/transition over retail terrain; shared physics requires dimensional/rotation validation. Reuse: shared ECS scheduler/access/command barriers; game-local authored schemas/rules. Proposed generic common/fps capability requires semantic checks against existing GZH common/rts modules before adoption. Required future validation: proposed: renegade_campaign_tests::vehicles_motion; required runtime receipt: campaign/vehicles.motion.json.
behavior:campaign.vehicles.script_transport,behavior,campaign.vehicles.script_transport,Code/Scripts/Mission00.cpp:971,games/renegade/gameplay/vehicles,,,not_started,,2,Acceptance: Tutorial vehicle and campaign troop drops receive real Custom/Entered/Exited/Action_Complete from containment/motion; spawn/unload/death order deferred. Reuse: shared ECS scheduler/access/command barriers; game-local authored schemas/rules. Proposed generic common/fps capability requires semantic checks against existing GZH common/rts modules before adoption. Required future validation: proposed: renegade_campaign_tests::vehicles_script_transport; required runtime receipt: campaign/vehicles.script_transport.json.
behavior:campaign.cinematic.script_objects,behavior,campaign.cinematic.script_objects,Code/Combat/cinematicgameobj.cpp:62,games/renegade/presentation/cinematics,,,not_started,,2,Acceptance: Authored animation/camera attachment/completion events render retail actors/frame/timer sequence; mission scripts stay game-local. Reuse: shared ECS scheduler/access/command barriers; game-local authored schemas/rules. Proposed generic common/fps capability requires semantic checks against existing GZH common/rts modules before adoption. Required future validation: proposed: renegade_campaign_tests::cinematic_script_objects; required runtime receipt: campaign/cinematic.script_objects.json.
behavior:campaign.cinematic.conversations,behavior,campaign.cinematic.conversations,Code/Combat/activeconversation.cpp:92,games/renegade/presentation/conversations,,,not_started,,2,Acceptance: Create/join/start/stop/monitor matches actor movement/interruption/audio completion/custom events; mid-line save resumes without duplicate objectives. Reuse: shared ECS scheduler/access/command barriers; game-local authored schemas/rules. Proposed generic common/fps capability requires semantic checks against existing GZH common/rts modules before adoption. Required future validation: proposed: renegade_campaign_tests::cinematic_conversations; required runtime receipt: campaign/cinematic.conversations.json.
behavior:campaign.cinematic.campaign_movies,behavior,campaign.cinematic.campaign_movies,Code/Commando/movie.cpp:250,games/renegade/presentation/cinematics,,,not_started,,2,Acceptance: Campaign completion/skip stops decode/audio then advances once; unlock gallery descriptions; validate voice suppression/resume and subtitles separately from intro tests. Reuse: shared ECS scheduler/access/command barriers; game-local authored schemas/rules. Proposed generic common/fps capability requires semantic checks against existing GZH common/rts modules before adoption. Required future validation: proposed: renegade_campaign_tests::cinematic_campaign_movies; required runtime receipt: campaign/cinematic.campaign_movies.json.
behavior:campaign.scoring.rank,behavior,campaign.scoring.rank,Code/Commando/scorescreen.cpp:84,games/renegade/presentation/scoring,,,not_started,,2,Acceptance: Authored star calculations use actual mission time/save-load/objective/damage/accuracy/kills; portable best rank persistence unlocks correct replay catalog. Reuse: shared ECS scheduler/access/command barriers; game-local authored schemas/rules. Proposed generic common/fps capability requires semantic checks against existing GZH common/rts modules before adoption. Required future validation: proposed: renegade_campaign_tests::scoring_rank; required runtime receipt: campaign/scoring.rank.json.
behavior:campaign.architecture.soa_schedule,behavior,campaign.architecture.soa_schedule,Code/Combat/gameobjmanager.cpp:61,games/renegade/session,,,not_started,,2,"Acceptance: Campaign entities use shared archetype SoA columns; systems stateless; Query/Resources/Lookup/SideTables declare every access. Identical inputs with 1/multiple workers and varied chunk capacity compare per-tick hashes, events and deferred structural commits. Reuse: shared ECS scheduler/access/command barriers; game-local authored schemas/rules. Proposed generic common/fps capability requires semantic checks against existing GZH common/rts modules before adoption. Required future validation: proposed: renegade_campaign_tests::architecture_soa_schedule; required runtime receipt: campaign/architecture.soa_schedule.json."
behavior:campaign.architecture.cross_game_mechanisms,behavior,campaign.architecture.cross_game_mechanisms,Code/Combat/action.cpp:134,games/renegade/session,,,not_started,,2,Acceptance: Catalog adopted/new generic mechanisms and both-game consumers. No mission/preset/constants/content schema in engine; do not copy GZH boarding distances/area limits/damage rules into Renegade. Reuse: shared ECS scheduler/access/command barriers; game-local authored schemas/rules. Proposed generic common/fps capability requires semantic checks against existing GZH common/rts modules before adoption. Required future validation: proposed: renegade_campaign_tests::architecture_cross_game_mechanisms; required runtime receipt: campaign/architecture.cross_game_mechanisms.json.
behavior:campaign.mission.m00_tutorial.load,behavior,campaign.mission.m00_tutorial.load,Code/Scripts/Mission00.cpp;Data/M00_Tutorial.mix::m00_tutorial.ldd;Data/M00_Tutorial.mix::m00_tutorial.lsd;Data/M00_Tutorial.mix::m00_tutorial.dep,games/renegade/content/levels,,,not_started,,2,"Acceptance: Load Data/M00_Tutorial.mix via original campaign/tutorial route; resolve LDD/LSD/DEP and authored definitions/actors/3D physics/observer parameters. No placeholder preset/script/assets. Receipt includes hashes, decoded chunk/live entity counts, player spawn, first frame and diagnostics. Required future validation: proposed: renegade_campaign_tests::mission_m00_tutorial_load; required runtime receipt: campaign/mission.m00_tutorial.load.json."
behavior:campaign.mission.m00_tutorial.callback_matrix,behavior,campaign.mission.m00_tutorial.callback_matrix,Code/Scripts/Mission00.cpp;games/renegade/migration/scripts.csv;games/renegade/migration/callbacks.csv,games/renegade/scripting,,,not_started,,2,"Acceptance: Account for all 22 script declarations/56 inventoried callbacks in Code/Scripts/Mission00.cpp, every actual retail binding and dynamic Attach_Script/Toolkit/Test/other-mission dependency. Each callback needs source guard fixtures/parameter schema/ordered typed trace/state diff and real ECS effect. No name-prefix blanket exclusion. Required future validation: proposed: renegade_campaign_tests::mission_m00_tutorial_callback_matrix; required runtime receipt: campaign/mission.m00_tutorial.callback_matrix.json."
behavior:campaign.mission.m00_tutorial.critical_path,behavior,campaign.mission.m00_tutorial.critical_path,Code/Scripts/Mission00.cpp;Data/M00_Tutorial.mix::m00_tutorial.ldd;Data/M00_Tutorial.mix::m00_tutorial.lsd;Data/M00_Tutorial.mix::m00_tutorial.dep,games/renegade/session,,,not_started,,2,Acceptance: Complete tutorial from fresh playable load through actual authored objective/zone/custom/timer/action/conversation triggers; no console completion or synthetic substitute content. Tick receipt records objectives/callback IDs/critical actors/final success. Tutorial returns via original route; campaign levels follow campaign.ini. Required future validation: proposed: renegade_campaign_tests::mission_m00_tutorial_critical_path; required runtime receipt: campaign/mission.m00_tutorial.critical_path.json.
behavior:campaign.mission.m00_tutorial.failure_retry,behavior,campaign.mission.m00_tutorial.failure_retry,Code/Scripts/Mission00.cpp;Data/M00_Tutorial.mix::m00_tutorial.ldd;Data/M00_Tutorial.mix::m00_tutorial.lsd;Data/M00_Tutorial.mix::m00_tutorial.dep,games/renegade/session,,,not_started,,2,"Acceptance: For tutorial, exercise player death and each source-declared critical-object/escort/failure condition, then Restart/Load/Quit separately. No next-level advance; original inventory/start script restored; old timer/action callbacks absent after teardown. Required future validation: proposed: renegade_campaign_tests::mission_m00_tutorial_failure_retry; required runtime receipt: campaign/mission.m00_tutorial.failure_retry.json."
behavior:campaign.mission.m00_tutorial.checkpoint_resume,behavior,campaign.mission.m00_tutorial.checkpoint_resume,Code/Scripts/Mission00.cpp;Data/M00_Tutorial.mix::m00_tutorial.ldd;Data/M00_Tutorial.mix::m00_tutorial.lsd;Data/M00_Tutorial.mix::m00_tutorial.dep,games/renegade/session,,,not_started,,2,"Acceptance: Save tutorial after initialization, during pending timer/conversation/action and after objective change. Fresh-process reload matches uninterrupted hashes/traces through success/failure. Original retail-save import needs separate original fixture, not modern round trip. Required future validation: proposed: renegade_campaign_tests::mission_m00_tutorial_checkpoint_resume; required runtime receipt: campaign/mission.m00_tutorial.checkpoint_resume.json."
behavior:campaign.mission.m13.load,behavior,campaign.mission.m13.load,Code/Scripts/MissionX0.cpp;Data/M13.mix::m13.ldd;Data/M13.mix::m13.lsd;Data/M13.mix::m13.dep,games/renegade/content/levels,,,not_started,,2,"Acceptance: Load Data/M13.mix via original campaign/tutorial route; resolve LDD/LSD/DEP and authored definitions/actors/3D physics/observer parameters. No placeholder preset/script/assets. Receipt includes hashes, decoded chunk/live entity counts, player spawn, first frame and diagnostics. Required future validation: proposed: renegade_campaign_tests::mission_m13_load; required runtime receipt: campaign/mission.m13.load.json."
behavior:campaign.mission.m13.callback_matrix,behavior,campaign.mission.m13.callback_matrix,Code/Scripts/MissionX0.cpp;games/renegade/migration/scripts.csv;games/renegade/migration/callbacks.csv,games/renegade/scripting,,,not_started,,2,"Acceptance: Account for all 31 script declarations/95 inventoried callbacks in Code/Scripts/MissionX0.cpp, every actual retail binding and dynamic Attach_Script/Toolkit/Test/other-mission dependency. Each callback needs source guard fixtures/parameter schema/ordered typed trace/state diff and real ECS effect. No name-prefix blanket exclusion. Required future validation: proposed: renegade_campaign_tests::mission_m13_callback_matrix; required runtime receipt: campaign/mission.m13.callback_matrix.json."
behavior:campaign.mission.m13.critical_path,behavior,campaign.mission.m13.critical_path,Code/Scripts/MissionX0.cpp;Data/M13.mix::m13.ldd;Data/M13.mix::m13.lsd;Data/M13.mix::m13.dep,games/renegade/session,,,not_started,,2,Acceptance: Complete campaign Mission 0 from fresh playable load through actual authored objective/zone/custom/timer/action/conversation triggers; no console completion or synthetic substitute content. Tick receipt records objectives/callback IDs/critical actors/final success. Tutorial returns via original route; campaign levels follow campaign.ini. Required future validation: proposed: renegade_campaign_tests::mission_m13_critical_path; required runtime receipt: campaign/mission.m13.critical_path.json.
behavior:campaign.mission.m13.failure_retry,behavior,campaign.mission.m13.failure_retry,Code/Scripts/MissionX0.cpp;Data/M13.mix::m13.ldd;Data/M13.mix::m13.lsd;Data/M13.mix::m13.dep,games/renegade/session,,,not_started,,2,"Acceptance: For campaign Mission 0, exercise player death and each source-declared critical-object/escort/failure condition, then Restart/Load/Quit separately. No next-level advance; original inventory/start script restored; old timer/action callbacks absent after teardown. Required future validation: proposed: renegade_campaign_tests::mission_m13_failure_retry; required runtime receipt: campaign/mission.m13.failure_retry.json."
behavior:campaign.mission.m13.checkpoint_resume,behavior,campaign.mission.m13.checkpoint_resume,Code/Scripts/MissionX0.cpp;Data/M13.mix::m13.ldd;Data/M13.mix::m13.lsd;Data/M13.mix::m13.dep,games/renegade/session,,,not_started,,2,"Acceptance: Save campaign Mission 0 after initialization, during pending timer/conversation/action and after objective change. Fresh-process reload matches uninterrupted hashes/traces through success/failure. Original retail-save import needs separate original fixture, not modern round trip. Required future validation: proposed: renegade_campaign_tests::mission_m13_checkpoint_resume; required runtime receipt: campaign/mission.m13.checkpoint_resume.json."
behavior:campaign.mission.m01.load,behavior,campaign.mission.m01.load,Code/Scripts/Mission01.cpp;Data/M01.mix::m01.ldd;Data/M01.mix::m01.lsd;Data/M01.mix::m01.dep,games/renegade/content/levels,,,not_started,,2,"Acceptance: Load Data/M01.mix via original campaign/tutorial route; resolve LDD/LSD/DEP and authored definitions/actors/3D physics/observer parameters. No placeholder preset/script/assets. Receipt includes hashes, decoded chunk/live entity counts, player spawn, first frame and diagnostics. Required future validation: proposed: renegade_campaign_tests::mission_m01_load; required runtime receipt: campaign/mission.m01.load.json."
behavior:campaign.mission.m01.callback_matrix,behavior,campaign.mission.m01.callback_matrix,Code/Scripts/Mission01.cpp;games/renegade/migration/scripts.csv;games/renegade/migration/callbacks.csv,games/renegade/scripting,,,not_started,,2,"Acceptance: Account for all 289 script declarations/711 inventoried callbacks in Code/Scripts/Mission01.cpp, every actual retail binding and dynamic Attach_Script/Toolkit/Test/other-mission dependency. Each callback needs source guard fixtures/parameter schema/ordered typed trace/state diff and real ECS effect. No name-prefix blanket exclusion. Required future validation: proposed: renegade_campaign_tests::mission_m01_callback_matrix; required runtime receipt: campaign/mission.m01.callback_matrix.json."
behavior:campaign.mission.m01.critical_path,behavior,campaign.mission.m01.critical_path,Code/Scripts/Mission01.cpp;Data/M01.mix::m01.ldd;Data/M01.mix::m01.lsd;Data/M01.mix::m01.dep,games/renegade/session,,,not_started,,2,Acceptance: Complete campaign Mission 1 from fresh playable load through actual authored objective/zone/custom/timer/action/conversation triggers; no console completion or synthetic substitute content. Tick receipt records objectives/callback IDs/critical actors/final success. Tutorial returns via original route; campaign levels follow campaign.ini. Required future validation: proposed: renegade_campaign_tests::mission_m01_critical_path; required runtime receipt: campaign/mission.m01.critical_path.json.
behavior:campaign.mission.m01.failure_retry,behavior,campaign.mission.m01.failure_retry,Code/Scripts/Mission01.cpp;Data/M01.mix::m01.ldd;Data/M01.mix::m01.lsd;Data/M01.mix::m01.dep,games/renegade/session,,,not_started,,2,"Acceptance: For campaign Mission 1, exercise player death and each source-declared critical-object/escort/failure condition, then Restart/Load/Quit separately. No next-level advance; original inventory/start script restored; old timer/action callbacks absent after teardown. Required future validation: proposed: renegade_campaign_tests::mission_m01_failure_retry; required runtime receipt: campaign/mission.m01.failure_retry.json."
behavior:campaign.mission.m01.checkpoint_resume,behavior,campaign.mission.m01.checkpoint_resume,Code/Scripts/Mission01.cpp;Data/M01.mix::m01.ldd;Data/M01.mix::m01.lsd;Data/M01.mix::m01.dep,games/renegade/session,,,not_started,,2,"Acceptance: Save campaign Mission 1 after initialization, during pending timer/conversation/action and after objective change. Fresh-process reload matches uninterrupted hashes/traces through success/failure. Original retail-save import needs separate original fixture, not modern round trip. Required future validation: proposed: renegade_campaign_tests::mission_m01_checkpoint_resume; required runtime receipt: campaign/mission.m01.checkpoint_resume.json."
behavior:campaign.mission.m02.load,behavior,campaign.mission.m02.load,Code/Scripts/Mission02.cpp;Data/M02.mix::m02.ldd;Data/M02.mix::m02.lsd;Data/M02.mix::m02.dep,games/renegade/content/levels,,,not_started,,2,"Acceptance: Load Data/M02.mix via original campaign/tutorial route; resolve LDD/LSD/DEP and authored definitions/actors/3D physics/observer parameters. No placeholder preset/script/assets. Receipt includes hashes, decoded chunk/live entity counts, player spawn, first frame and diagnostics. Required future validation: proposed: renegade_campaign_tests::mission_m02_load; required runtime receipt: campaign/mission.m02.load.json."
behavior:campaign.mission.m02.callback_matrix,behavior,campaign.mission.m02.callback_matrix,Code/Scripts/Mission02.cpp;games/renegade/migration/scripts.csv;games/renegade/migration/callbacks.csv,games/renegade/scripting,,,not_started,,2,"Acceptance: Account for all 26 script declarations/78 inventoried callbacks in Code/Scripts/Mission02.cpp, every actual retail binding and dynamic Attach_Script/Toolkit/Test/other-mission dependency. Each callback needs source guard fixtures/parameter schema/ordered typed trace/state diff and real ECS effect. No name-prefix blanket exclusion. Required future validation: proposed: renegade_campaign_tests::mission_m02_callback_matrix; required runtime receipt: campaign/mission.m02.callback_matrix.json."
behavior:campaign.mission.m02.critical_path,behavior,campaign.mission.m02.critical_path,Code/Scripts/Mission02.cpp;Data/M02.mix::m02.ldd;Data/M02.mix::m02.lsd;Data/M02.mix::m02.dep,games/renegade/session,,,not_started,,2,Acceptance: Complete campaign Mission 2 from fresh playable load through actual authored objective/zone/custom/timer/action/conversation triggers; no console completion or synthetic substitute content. Tick receipt records objectives/callback IDs/critical actors/final success. Tutorial returns via original route; campaign levels follow campaign.ini. Required future validation: proposed: renegade_campaign_tests::mission_m02_critical_path; required runtime receipt: campaign/mission.m02.critical_path.json.
behavior:campaign.mission.m02.failure_retry,behavior,campaign.mission.m02.failure_retry,Code/Scripts/Mission02.cpp;Data/M02.mix::m02.ldd;Data/M02.mix::m02.lsd;Data/M02.mix::m02.dep,games/renegade/session,,,not_started,,2,"Acceptance: For campaign Mission 2, exercise player death and each source-declared critical-object/escort/failure condition, then Restart/Load/Quit separately. No next-level advance; original inventory/start script restored; old timer/action callbacks absent after teardown. Required future validation: proposed: renegade_campaign_tests::mission_m02_failure_retry; required runtime receipt: campaign/mission.m02.failure_retry.json."
behavior:campaign.mission.m02.checkpoint_resume,behavior,campaign.mission.m02.checkpoint_resume,Code/Scripts/Mission02.cpp;Data/M02.mix::m02.ldd;Data/M02.mix::m02.lsd;Data/M02.mix::m02.dep,games/renegade/session,,,not_started,,2,"Acceptance: Save campaign Mission 2 after initialization, during pending timer/conversation/action and after objective change. Fresh-process reload matches uninterrupted hashes/traces through success/failure. Original retail-save import needs separate original fixture, not modern round trip. Required future validation: proposed: renegade_campaign_tests::mission_m02_checkpoint_resume; required runtime receipt: campaign/mission.m02.checkpoint_resume.json."
behavior:campaign.mission.m03.load,behavior,campaign.mission.m03.load,Code/Scripts/Mission03.cpp;Data/M03.mix::m03.ldd;Data/M03.mix::m03.lsd;Data/M03.mix::m03.dep,games/renegade/content/levels,,,not_started,,2,"Acceptance: Load Data/M03.mix via original campaign/tutorial route; resolve LDD/LSD/DEP and authored definitions/actors/3D physics/observer parameters. No placeholder preset/script/assets. Receipt includes hashes, decoded chunk/live entity counts, player spawn, first frame and diagnostics. Required future validation: proposed: renegade_campaign_tests::mission_m03_load; required runtime receipt: campaign/mission.m03.load.json."
behavior:campaign.mission.m03.callback_matrix,behavior,campaign.mission.m03.callback_matrix,Code/Scripts/Mission03.cpp;games/renegade/migration/scripts.csv;games/renegade/migration/callbacks.csv,games/renegade/scripting,,,not_started,,2,"Acceptance: Account for all 86 script declarations/224 inventoried callbacks in Code/Scripts/Mission03.cpp, every actual retail binding and dynamic Attach_Script/Toolkit/Test/other-mission dependency. Each callback needs source guard fixtures/parameter schema/ordered typed trace/state diff and real ECS effect. No name-prefix blanket exclusion. Required future validation: proposed: renegade_campaign_tests::mission_m03_callback_matrix; required runtime receipt: campaign/mission.m03.callback_matrix.json."
behavior:campaign.mission.m03.critical_path,behavior,campaign.mission.m03.critical_path,Code/Scripts/Mission03.cpp;Data/M03.mix::m03.ldd;Data/M03.mix::m03.lsd;Data/M03.mix::m03.dep,games/renegade/session,,,not_started,,2,Acceptance: Complete campaign Mission 3 from fresh playable load through actual authored objective/zone/custom/timer/action/conversation triggers; no console completion or synthetic substitute content. Tick receipt records objectives/callback IDs/critical actors/final success. Tutorial returns via original route; campaign levels follow campaign.ini. Required future validation: proposed: renegade_campaign_tests::mission_m03_critical_path; required runtime receipt: campaign/mission.m03.critical_path.json.
behavior:campaign.mission.m03.failure_retry,behavior,campaign.mission.m03.failure_retry,Code/Scripts/Mission03.cpp;Data/M03.mix::m03.ldd;Data/M03.mix::m03.lsd;Data/M03.mix::m03.dep,games/renegade/session,,,not_started,,2,"Acceptance: For campaign Mission 3, exercise player death and each source-declared critical-object/escort/failure condition, then Restart/Load/Quit separately. No next-level advance; original inventory/start script restored; old timer/action callbacks absent after teardown. Required future validation: proposed: renegade_campaign_tests::mission_m03_failure_retry; required runtime receipt: campaign/mission.m03.failure_retry.json."
behavior:campaign.mission.m03.checkpoint_resume,behavior,campaign.mission.m03.checkpoint_resume,Code/Scripts/Mission03.cpp;Data/M03.mix::m03.ldd;Data/M03.mix::m03.lsd;Data/M03.mix::m03.dep,games/renegade/session,,,not_started,,2,"Acceptance: Save campaign Mission 3 after initialization, during pending timer/conversation/action and after objective change. Fresh-process reload matches uninterrupted hashes/traces through success/failure. Original retail-save import needs separate original fixture, not modern round trip. Required future validation: proposed: renegade_campaign_tests::mission_m03_checkpoint_resume; required runtime receipt: campaign/mission.m03.checkpoint_resume.json."
behavior:campaign.mission.m04.load,behavior,campaign.mission.m04.load,Code/Scripts/Mission04.cpp;Data/M04.mix::m04.ldd;Data/M04.mix::m04.lsd;Data/M04.mix::m04.dep,games/renegade/content/levels,,,not_started,,2,"Acceptance: Load Data/M04.mix via original campaign/tutorial route; resolve LDD/LSD/DEP and authored definitions/actors/3D physics/observer parameters. No placeholder preset/script/assets. Receipt includes hashes, decoded chunk/live entity counts, player spawn, first frame and diagnostics. Required future validation: proposed: renegade_campaign_tests::mission_m04_load; required runtime receipt: campaign/mission.m04.load.json."
behavior:campaign.mission.m04.callback_matrix,behavior,campaign.mission.m04.callback_matrix,Code/Scripts/Mission04.cpp;games/renegade/migration/scripts.csv;games/renegade/migration/callbacks.csv,games/renegade/scripting,,,not_started,,2,"Acceptance: Account for all 138 script declarations/312 inventoried callbacks in Code/Scripts/Mission04.cpp, every actual retail binding and dynamic Attach_Script/Toolkit/Test/other-mission dependency. Each callback needs source guard fixtures/parameter schema/ordered typed trace/state diff and real ECS effect. No name-prefix blanket exclusion. Required future validation: proposed: renegade_campaign_tests::mission_m04_callback_matrix; required runtime receipt: campaign/mission.m04.callback_matrix.json."
behavior:campaign.mission.m04.critical_path,behavior,campaign.mission.m04.critical_path,Code/Scripts/Mission04.cpp;Data/M04.mix::m04.ldd;Data/M04.mix::m04.lsd;Data/M04.mix::m04.dep,games/renegade/session,,,not_started,,2,Acceptance: Complete campaign Mission 4 from fresh playable load through actual authored objective/zone/custom/timer/action/conversation triggers; no console completion or synthetic substitute content. Tick receipt records objectives/callback IDs/critical actors/final success. Tutorial returns via original route; campaign levels follow campaign.ini. Required future validation: proposed: renegade_campaign_tests::mission_m04_critical_path; required runtime receipt: campaign/mission.m04.critical_path.json.
behavior:campaign.mission.m04.failure_retry,behavior,campaign.mission.m04.failure_retry,Code/Scripts/Mission04.cpp;Data/M04.mix::m04.ldd;Data/M04.mix::m04.lsd;Data/M04.mix::m04.dep,games/renegade/session,,,not_started,,2,"Acceptance: For campaign Mission 4, exercise player death and each source-declared critical-object/escort/failure condition, then Restart/Load/Quit separately. No next-level advance; original inventory/start script restored; old timer/action callbacks absent after teardown. Required future validation: proposed: renegade_campaign_tests::mission_m04_failure_retry; required runtime receipt: campaign/mission.m04.failure_retry.json."
behavior:campaign.mission.m04.checkpoint_resume,behavior,campaign.mission.m04.checkpoint_resume,Code/Scripts/Mission04.cpp;Data/M04.mix::m04.ldd;Data/M04.mix::m04.lsd;Data/M04.mix::m04.dep,games/renegade/session,,,not_started,,2,"Acceptance: Save campaign Mission 4 after initialization, during pending timer/conversation/action and after objective change. Fresh-process reload matches uninterrupted hashes/traces through success/failure. Original retail-save import needs separate original fixture, not modern round trip. Required future validation: proposed: renegade_campaign_tests::mission_m04_checkpoint_resume; required runtime receipt: campaign/mission.m04.checkpoint_resume.json."
behavior:campaign.mission.m05.load,behavior,campaign.mission.m05.load,Code/Scripts/Mission05.cpp;Data/M05.mix::m05.ldd;Data/M05.mix::m05.lsd;Data/M05.mix::m05.dep,games/renegade/content/levels,,,not_started,,2,"Acceptance: Load Data/M05.mix via original campaign/tutorial route; resolve LDD/LSD/DEP and authored definitions/actors/3D physics/observer parameters. No placeholder preset/script/assets. Receipt includes hashes, decoded chunk/live entity counts, player spawn, first frame and diagnostics. Required future validation: proposed: renegade_campaign_tests::mission_m05_load; required runtime receipt: campaign/mission.m05.load.json."
behavior:campaign.mission.m05.callback_matrix,behavior,campaign.mission.m05.callback_matrix,Code/Scripts/Mission05.cpp;games/renegade/migration/scripts.csv;games/renegade/migration/callbacks.csv,games/renegade/scripting,,,not_started,,2,"Acceptance: Account for all 111 script declarations/355 inventoried callbacks in Code/Scripts/Mission05.cpp, every actual retail binding and dynamic Attach_Script/Toolkit/Test/other-mission dependency. Each callback needs source guard fixtures/parameter schema/ordered typed trace/state diff and real ECS effect. No name-prefix blanket exclusion. Required future validation: proposed: renegade_campaign_tests::mission_m05_callback_matrix; required runtime receipt: campaign/mission.m05.callback_matrix.json."
behavior:campaign.mission.m05.critical_path,behavior,campaign.mission.m05.critical_path,Code/Scripts/Mission05.cpp;Data/M05.mix::m05.ldd;Data/M05.mix::m05.lsd;Data/M05.mix::m05.dep,games/renegade/session,,,not_started,,2,Acceptance: Complete campaign Mission 5 from fresh playable load through actual authored objective/zone/custom/timer/action/conversation triggers; no console completion or synthetic substitute content. Tick receipt records objectives/callback IDs/critical actors/final success. Tutorial returns via original route; campaign levels follow campaign.ini. Required future validation: proposed: renegade_campaign_tests::mission_m05_critical_path; required runtime receipt: campaign/mission.m05.critical_path.json.
behavior:campaign.mission.m05.failure_retry,behavior,campaign.mission.m05.failure_retry,Code/Scripts/Mission05.cpp;Data/M05.mix::m05.ldd;Data/M05.mix::m05.lsd;Data/M05.mix::m05.dep,games/renegade/session,,,not_started,,2,"Acceptance: For campaign Mission 5, exercise player death and each source-declared critical-object/escort/failure condition, then Restart/Load/Quit separately. No next-level advance; original inventory/start script restored; old timer/action callbacks absent after teardown. Required future validation: proposed: renegade_campaign_tests::mission_m05_failure_retry; required runtime receipt: campaign/mission.m05.failure_retry.json."
behavior:campaign.mission.m05.checkpoint_resume,behavior,campaign.mission.m05.checkpoint_resume,Code/Scripts/Mission05.cpp;Data/M05.mix::m05.ldd;Data/M05.mix::m05.lsd;Data/M05.mix::m05.dep,games/renegade/session,,,not_started,,2,"Acceptance: Save campaign Mission 5 after initialization, during pending timer/conversation/action and after objective change. Fresh-process reload matches uninterrupted hashes/traces through success/failure. Original retail-save import needs separate original fixture, not modern round trip. Required future validation: proposed: renegade_campaign_tests::mission_m05_checkpoint_resume; required runtime receipt: campaign/mission.m05.checkpoint_resume.json."
behavior:campaign.mission.m06.load,behavior,campaign.mission.m06.load,Code/Scripts/Mission06.cpp;Data/M06.mix::m06.ldd;Data/M06.mix::m06.lsd;Data/M06.mix::m06.dep,games/renegade/content/levels,,,not_started,,2,"Acceptance: Load Data/M06.mix via original campaign/tutorial route; resolve LDD/LSD/DEP and authored definitions/actors/3D physics/observer parameters. No placeholder preset/script/assets. Receipt includes hashes, decoded chunk/live entity counts, player spawn, first frame and diagnostics. Required future validation: proposed: renegade_campaign_tests::mission_m06_load; required runtime receipt: campaign/mission.m06.load.json."
behavior:campaign.mission.m06.callback_matrix,behavior,campaign.mission.m06.callback_matrix,Code/Scripts/Mission06.cpp;games/renegade/migration/scripts.csv;games/renegade/migration/callbacks.csv,games/renegade/scripting,,,not_started,,2,"Acceptance: Account for all 85 script declarations/246 inventoried callbacks in Code/Scripts/Mission06.cpp, every actual retail binding and dynamic Attach_Script/Toolkit/Test/other-mission dependency. Each callback needs source guard fixtures/parameter schema/ordered typed trace/state diff and real ECS effect. No name-prefix blanket exclusion. Required future validation: proposed: renegade_campaign_tests::mission_m06_callback_matrix; required runtime receipt: campaign/mission.m06.callback_matrix.json."
behavior:campaign.mission.m06.critical_path,behavior,campaign.mission.m06.critical_path,Code/Scripts/Mission06.cpp;Data/M06.mix::m06.ldd;Data/M06.mix::m06.lsd;Data/M06.mix::m06.dep,games/renegade/session,,,not_started,,2,Acceptance: Complete campaign Mission 6 from fresh playable load through actual authored objective/zone/custom/timer/action/conversation triggers; no console completion or synthetic substitute content. Tick receipt records objectives/callback IDs/critical actors/final success. Tutorial returns via original route; campaign levels follow campaign.ini. Required future validation: proposed: renegade_campaign_tests::mission_m06_critical_path; required runtime receipt: campaign/mission.m06.critical_path.json.
behavior:campaign.mission.m06.failure_retry,behavior,campaign.mission.m06.failure_retry,Code/Scripts/Mission06.cpp;Data/M06.mix::m06.ldd;Data/M06.mix::m06.lsd;Data/M06.mix::m06.dep,games/renegade/session,,,not_started,,2,"Acceptance: For campaign Mission 6, exercise player death and each source-declared critical-object/escort/failure condition, then Restart/Load/Quit separately. No next-level advance; original inventory/start script restored; old timer/action callbacks absent after teardown. Required future validation: proposed: renegade_campaign_tests::mission_m06_failure_retry; required runtime receipt: campaign/mission.m06.failure_retry.json."
behavior:campaign.mission.m06.checkpoint_resume,behavior,campaign.mission.m06.checkpoint_resume,Code/Scripts/Mission06.cpp;Data/M06.mix::m06.ldd;Data/M06.mix::m06.lsd;Data/M06.mix::m06.dep,games/renegade/session,,,not_started,,2,"Acceptance: Save campaign Mission 6 after initialization, during pending timer/conversation/action and after objective change. Fresh-process reload matches uninterrupted hashes/traces through success/failure. Original retail-save import needs separate original fixture, not modern round trip. Required future validation: proposed: renegade_campaign_tests::mission_m06_checkpoint_resume; required runtime receipt: campaign/mission.m06.checkpoint_resume.json."
behavior:campaign.mission.m07.load,behavior,campaign.mission.m07.load,Code/Scripts/Mission07.cpp;Data/M07.mix::m07.ldd;Data/M07.mix::m07.lsd;Data/M07.mix::m07.dep,games/renegade/content/levels,,,not_started,,2,"Acceptance: Load Data/M07.mix via original campaign/tutorial route; resolve LDD/LSD/DEP and authored definitions/actors/3D physics/observer parameters. No placeholder preset/script/assets. Receipt includes hashes, decoded chunk/live entity counts, player spawn, first frame and diagnostics. Required future validation: proposed: renegade_campaign_tests::mission_m07_load; required runtime receipt: campaign/mission.m07.load.json."
behavior:campaign.mission.m07.callback_matrix,behavior,campaign.mission.m07.callback_matrix,Code/Scripts/Mission07.cpp;games/renegade/migration/scripts.csv;games/renegade/migration/callbacks.csv,games/renegade/scripting,,,not_started,,2,"Acceptance: Account for all 122 script declarations/359 inventoried callbacks in Code/Scripts/Mission07.cpp, every actual retail binding and dynamic Attach_Script/Toolkit/Test/other-mission dependency. Each callback needs source guard fixtures/parameter schema/ordered typed trace/state diff and real ECS effect. No name-prefix blanket exclusion. Required future validation: proposed: renegade_campaign_tests::mission_m07_callback_matrix; required runtime receipt: campaign/mission.m07.callback_matrix.json."
behavior:campaign.mission.m07.critical_path,behavior,campaign.mission.m07.critical_path,Code/Scripts/Mission07.cpp;Data/M07.mix::m07.ldd;Data/M07.mix::m07.lsd;Data/M07.mix::m07.dep,games/renegade/session,,,not_started,,2,Acceptance: Complete campaign Mission 7 from fresh playable load through actual authored objective/zone/custom/timer/action/conversation triggers; no console completion or synthetic substitute content. Tick receipt records objectives/callback IDs/critical actors/final success. Tutorial returns via original route; campaign levels follow campaign.ini. Required future validation: proposed: renegade_campaign_tests::mission_m07_critical_path; required runtime receipt: campaign/mission.m07.critical_path.json.
behavior:campaign.mission.m07.failure_retry,behavior,campaign.mission.m07.failure_retry,Code/Scripts/Mission07.cpp;Data/M07.mix::m07.ldd;Data/M07.mix::m07.lsd;Data/M07.mix::m07.dep,games/renegade/session,,,not_started,,2,"Acceptance: For campaign Mission 7, exercise player death and each source-declared critical-object/escort/failure condition, then Restart/Load/Quit separately. No next-level advance; original inventory/start script restored; old timer/action callbacks absent after teardown. Required future validation: proposed: renegade_campaign_tests::mission_m07_failure_retry; required runtime receipt: campaign/mission.m07.failure_retry.json."
behavior:campaign.mission.m07.checkpoint_resume,behavior,campaign.mission.m07.checkpoint_resume,Code/Scripts/Mission07.cpp;Data/M07.mix::m07.ldd;Data/M07.mix::m07.lsd;Data/M07.mix::m07.dep,games/renegade/session,,,not_started,,2,"Acceptance: Save campaign Mission 7 after initialization, during pending timer/conversation/action and after objective change. Fresh-process reload matches uninterrupted hashes/traces through success/failure. Original retail-save import needs separate original fixture, not modern round trip. Required future validation: proposed: renegade_campaign_tests::mission_m07_checkpoint_resume; required runtime receipt: campaign/mission.m07.checkpoint_resume.json."
behavior:campaign.mission.m08.load,behavior,campaign.mission.m08.load,Code/Scripts/mission08.cpp;Data/M08.mix::m08.ldd;Data/M08.mix::m08.lsd;Data/M08.mix::m08.dep,games/renegade/content/levels,,,not_started,,2,"Acceptance: Load Data/M08.mix via original campaign/tutorial route; resolve LDD/LSD/DEP and authored definitions/actors/3D physics/observer parameters. No placeholder preset/script/assets. Receipt includes hashes, decoded chunk/live entity counts, player spawn, first frame and diagnostics. Required future validation: proposed: renegade_campaign_tests::mission_m08_load; required runtime receipt: campaign/mission.m08.load.json."
behavior:campaign.mission.m08.callback_matrix,behavior,campaign.mission.m08.callback_matrix,Code/Scripts/mission08.cpp;games/renegade/migration/scripts.csv;games/renegade/migration/callbacks.csv,games/renegade/scripting,,,not_started,,2,"Acceptance: Account for all 114 script declarations/321 inventoried callbacks in Code/Scripts/mission08.cpp, every actual retail binding and dynamic Attach_Script/Toolkit/Test/other-mission dependency. Each callback needs source guard fixtures/parameter schema/ordered typed trace/state diff and real ECS effect. No name-prefix blanket exclusion. Required future validation: proposed: renegade_campaign_tests::mission_m08_callback_matrix; required runtime receipt: campaign/mission.m08.callback_matrix.json."
behavior:campaign.mission.m08.critical_path,behavior,campaign.mission.m08.critical_path,Code/Scripts/mission08.cpp;Data/M08.mix::m08.ldd;Data/M08.mix::m08.lsd;Data/M08.mix::m08.dep,games/renegade/session,,,not_started,,2,Acceptance: Complete campaign Mission 8 from fresh playable load through actual authored objective/zone/custom/timer/action/conversation triggers; no console completion or synthetic substitute content. Tick receipt records objectives/callback IDs/critical actors/final success. Tutorial returns via original route; campaign levels follow campaign.ini. Required future validation: proposed: renegade_campaign_tests::mission_m08_critical_path; required runtime receipt: campaign/mission.m08.critical_path.json.
behavior:campaign.mission.m08.failure_retry,behavior,campaign.mission.m08.failure_retry,Code/Scripts/mission08.cpp;Data/M08.mix::m08.ldd;Data/M08.mix::m08.lsd;Data/M08.mix::m08.dep,games/renegade/session,,,not_started,,2,"Acceptance: For campaign Mission 8, exercise player death and each source-declared critical-object/escort/failure condition, then Restart/Load/Quit separately. No next-level advance; original inventory/start script restored; old timer/action callbacks absent after teardown. Required future validation: proposed: renegade_campaign_tests::mission_m08_failure_retry; required runtime receipt: campaign/mission.m08.failure_retry.json."
behavior:campaign.mission.m08.checkpoint_resume,behavior,campaign.mission.m08.checkpoint_resume,Code/Scripts/mission08.cpp;Data/M08.mix::m08.ldd;Data/M08.mix::m08.lsd;Data/M08.mix::m08.dep,games/renegade/session,,,not_started,,2,"Acceptance: Save campaign Mission 8 after initialization, during pending timer/conversation/action and after objective change. Fresh-process reload matches uninterrupted hashes/traces through success/failure. Original retail-save import needs separate original fixture, not modern round trip. Required future validation: proposed: renegade_campaign_tests::mission_m08_checkpoint_resume; required runtime receipt: campaign/mission.m08.checkpoint_resume.json."
behavior:campaign.mission.m09.load,behavior,campaign.mission.m09.load,Code/Scripts/Mission09.cpp;Data/M09.mix::m09.ldd;Data/M09.mix::m09.lsd;Data/M09.mix::m09.dep,games/renegade/content/levels,,,not_started,,2,"Acceptance: Load Data/M09.mix via original campaign/tutorial route; resolve LDD/LSD/DEP and authored definitions/actors/3D physics/observer parameters. No placeholder preset/script/assets. Receipt includes hashes, decoded chunk/live entity counts, player spawn, first frame and diagnostics. Required future validation: proposed: renegade_campaign_tests::mission_m09_load; required runtime receipt: campaign/mission.m09.load.json."
behavior:campaign.mission.m09.callback_matrix,behavior,campaign.mission.m09.callback_matrix,Code/Scripts/Mission09.cpp;games/renegade/migration/scripts.csv;games/renegade/migration/callbacks.csv,games/renegade/scripting,,,not_started,,2,"Acceptance: Account for all 96 script declarations/215 inventoried callbacks in Code/Scripts/Mission09.cpp, every actual retail binding and dynamic Attach_Script/Toolkit/Test/other-mission dependency. Each callback needs source guard fixtures/parameter schema/ordered typed trace/state diff and real ECS effect. No name-prefix blanket exclusion. Required future validation: proposed: renegade_campaign_tests::mission_m09_callback_matrix; required runtime receipt: campaign/mission.m09.callback_matrix.json."
behavior:campaign.mission.m09.critical_path,behavior,campaign.mission.m09.critical_path,Code/Scripts/Mission09.cpp;Data/M09.mix::m09.ldd;Data/M09.mix::m09.lsd;Data/M09.mix::m09.dep,games/renegade/session,,,not_started,,2,Acceptance: Complete campaign Mission 9 from fresh playable load through actual authored objective/zone/custom/timer/action/conversation triggers; no console completion or synthetic substitute content. Tick receipt records objectives/callback IDs/critical actors/final success. Tutorial returns via original route; campaign levels follow campaign.ini. Required future validation: proposed: renegade_campaign_tests::mission_m09_critical_path; required runtime receipt: campaign/mission.m09.critical_path.json.
behavior:campaign.mission.m09.failure_retry,behavior,campaign.mission.m09.failure_retry,Code/Scripts/Mission09.cpp;Data/M09.mix::m09.ldd;Data/M09.mix::m09.lsd;Data/M09.mix::m09.dep,games/renegade/session,,,not_started,,2,"Acceptance: For campaign Mission 9, exercise player death and each source-declared critical-object/escort/failure condition, then Restart/Load/Quit separately. No next-level advance; original inventory/start script restored; old timer/action callbacks absent after teardown. Required future validation: proposed: renegade_campaign_tests::mission_m09_failure_retry; required runtime receipt: campaign/mission.m09.failure_retry.json."
behavior:campaign.mission.m09.checkpoint_resume,behavior,campaign.mission.m09.checkpoint_resume,Code/Scripts/Mission09.cpp;Data/M09.mix::m09.ldd;Data/M09.mix::m09.lsd;Data/M09.mix::m09.dep,games/renegade/session,,,not_started,,2,"Acceptance: Save campaign Mission 9 after initialization, during pending timer/conversation/action and after objective change. Fresh-process reload matches uninterrupted hashes/traces through success/failure. Original retail-save import needs separate original fixture, not modern round trip. Required future validation: proposed: renegade_campaign_tests::mission_m09_checkpoint_resume; required runtime receipt: campaign/mission.m09.checkpoint_resume.json."
behavior:campaign.mission.m10.load,behavior,campaign.mission.m10.load,Code/Scripts/Mission10.cpp;Data/M10.mix::m10.ldd;Data/M10.mix::m10.lsd;Data/M10.mix::m10.dep,games/renegade/content/levels,,,not_started,,2,"Acceptance: Load Data/M10.mix via original campaign/tutorial route; resolve LDD/LSD/DEP and authored definitions/actors/3D physics/observer parameters. No placeholder preset/script/assets. Receipt includes hashes, decoded chunk/live entity counts, player spawn, first frame and diagnostics. Required future validation: proposed: renegade_campaign_tests::mission_m10_load; required runtime receipt: campaign/mission.m10.load.json."
behavior:campaign.mission.m10.callback_matrix,behavior,campaign.mission.m10.callback_matrix,Code/Scripts/Mission10.cpp;games/renegade/migration/scripts.csv;games/renegade/migration/callbacks.csv,games/renegade/scripting,,,not_started,,2,"Acceptance: Account for all 79 script declarations/180 inventoried callbacks in Code/Scripts/Mission10.cpp, every actual retail binding and dynamic Attach_Script/Toolkit/Test/other-mission dependency. Each callback needs source guard fixtures/parameter schema/ordered typed trace/state diff and real ECS effect. No name-prefix blanket exclusion. Required future validation: proposed: renegade_campaign_tests::mission_m10_callback_matrix; required runtime receipt: campaign/mission.m10.callback_matrix.json."
behavior:campaign.mission.m10.critical_path,behavior,campaign.mission.m10.critical_path,Code/Scripts/Mission10.cpp;Data/M10.mix::m10.ldd;Data/M10.mix::m10.lsd;Data/M10.mix::m10.dep,games/renegade/session,,,not_started,,2,Acceptance: Complete campaign Mission 10 from fresh playable load through actual authored objective/zone/custom/timer/action/conversation triggers; no console completion or synthetic substitute content. Tick receipt records objectives/callback IDs/critical actors/final success. Tutorial returns via original route; campaign levels follow campaign.ini. Required future validation: proposed: renegade_campaign_tests::mission_m10_critical_path; required runtime receipt: campaign/mission.m10.critical_path.json.
behavior:campaign.mission.m10.failure_retry,behavior,campaign.mission.m10.failure_retry,Code/Scripts/Mission10.cpp;Data/M10.mix::m10.ldd;Data/M10.mix::m10.lsd;Data/M10.mix::m10.dep,games/renegade/session,,,not_started,,2,"Acceptance: For campaign Mission 10, exercise player death and each source-declared critical-object/escort/failure condition, then Restart/Load/Quit separately. No next-level advance; original inventory/start script restored; old timer/action callbacks absent after teardown. Required future validation: proposed: renegade_campaign_tests::mission_m10_failure_retry; required runtime receipt: campaign/mission.m10.failure_retry.json."
behavior:campaign.mission.m10.checkpoint_resume,behavior,campaign.mission.m10.checkpoint_resume,Code/Scripts/Mission10.cpp;Data/M10.mix::m10.ldd;Data/M10.mix::m10.lsd;Data/M10.mix::m10.dep,games/renegade/session,,,not_started,,2,"Acceptance: Save campaign Mission 10 after initialization, during pending timer/conversation/action and after objective change. Fresh-process reload matches uninterrupted hashes/traces through success/failure. Original retail-save import needs separate original fixture, not modern round trip. Required future validation: proposed: renegade_campaign_tests::mission_m10_checkpoint_resume; required runtime receipt: campaign/mission.m10.checkpoint_resume.json."
behavior:campaign.mission.m11.load,behavior,campaign.mission.m11.load,Code/Scripts/Mission11.cpp;Data/M11.mix::m11.ldd;Data/M11.mix::m11.lsd;Data/M11.mix::m11.dep,games/renegade/content/levels,,,not_started,,2,"Acceptance: Load Data/M11.mix via original campaign/tutorial route; resolve LDD/LSD/DEP and authored definitions/actors/3D physics/observer parameters. No placeholder preset/script/assets. Receipt includes hashes, decoded chunk/live entity counts, player spawn, first frame and diagnostics. Required future validation: proposed: renegade_campaign_tests::mission_m11_load; required runtime receipt: campaign/mission.m11.load.json."
behavior:campaign.mission.m11.callback_matrix,behavior,campaign.mission.m11.callback_matrix,Code/Scripts/Mission11.cpp;games/renegade/migration/scripts.csv;games/renegade/migration/callbacks.csv,games/renegade/scripting,,,not_started,,2,"Acceptance: Account for all 171 script declarations/402 inventoried callbacks in Code/Scripts/Mission11.cpp, every actual retail binding and dynamic Attach_Script/Toolkit/Test/other-mission dependency. Each callback needs source guard fixtures/parameter schema/ordered typed trace/state diff and real ECS effect. No name-prefix blanket exclusion. Required future validation: proposed: renegade_campaign_tests::mission_m11_callback_matrix; required runtime receipt: campaign/mission.m11.callback_matrix.json."
behavior:campaign.mission.m11.critical_path,behavior,campaign.mission.m11.critical_path,Code/Scripts/Mission11.cpp;Data/M11.mix::m11.ldd;Data/M11.mix::m11.lsd;Data/M11.mix::m11.dep,games/renegade/session,,,not_started,,2,Acceptance: Complete campaign Mission 11 from fresh playable load through actual authored objective/zone/custom/timer/action/conversation triggers; no console completion or synthetic substitute content. Tick receipt records objectives/callback IDs/critical actors/final success. Tutorial returns via original route; campaign levels follow campaign.ini. Required future validation: proposed: renegade_campaign_tests::mission_m11_critical_path; required runtime receipt: campaign/mission.m11.critical_path.json.
behavior:campaign.mission.m11.failure_retry,behavior,campaign.mission.m11.failure_retry,Code/Scripts/Mission11.cpp;Data/M11.mix::m11.ldd;Data/M11.mix::m11.lsd;Data/M11.mix::m11.dep,games/renegade/session,,,not_started,,2,"Acceptance: For campaign Mission 11, exercise player death and each source-declared critical-object/escort/failure condition, then Restart/Load/Quit separately. No next-level advance; original inventory/start script restored; old timer/action callbacks absent after teardown. Required future validation: proposed: renegade_campaign_tests::mission_m11_failure_retry; required runtime receipt: campaign/mission.m11.failure_retry.json."
behavior:campaign.mission.m11.checkpoint_resume,behavior,campaign.mission.m11.checkpoint_resume,Code/Scripts/Mission11.cpp;Data/M11.mix::m11.ldd;Data/M11.mix::m11.lsd;Data/M11.mix::m11.dep,games/renegade/session,,,not_started,,2,"Acceptance: Save campaign Mission 11 after initialization, during pending timer/conversation/action and after objective change. Fresh-process reload matches uninterrupted hashes/traces through success/failure. Original retail-save import needs separate original fixture, not modern round trip. Required future validation: proposed: renegade_campaign_tests::mission_m11_checkpoint_resume; required runtime receipt: campaign/mission.m11.checkpoint_resume.json."
behavior:campaign.callback.Havoc_Script.Killed,behavior,campaign.callback.Havoc_Script.Killed,Code/Scripts/MissionX0.cpp:464,games/renegade/scripting,,,not_started,,2,"Acceptance: Port Havoc_Script.Killed to game-local Lua preserving source guards/parameters/mutable state/ordered typed command args. Exercise every guard plus adjacent/nonmatching event IDs, absent/stale targets and repeated events; compare original source-derived expected trace/Lua trace then assert real ECS/GUI/audio effects after commit barrier. Body command vocabulary: Mission_Complete. Resume mutable state/pending callbacks via save fixtures. Existing shared Lua integer/string emission is a starting mechanism; full types/dispatch/state remain unfinished. Required future validation: proposed: renegade_campaign_tests::callback_Havoc_Script_Killed; required runtime receipt: campaign/callback.Havoc_Script.Killed.json. Planned implementation (not evidence): games/renegade/content/scripts/Havoc_Script.lua."
behavior:campaign.callback.M01_DetentionPen_CivDeathMonitor.Killed,behavior,campaign.callback.M01_DetentionPen_CivDeathMonitor.Killed,Code/Scripts/Mission01.cpp:8165,games/renegade/scripting,,,not_started,,2,"Acceptance: Port M01_DetentionPen_CivDeathMonitor.Killed to game-local Lua preserving source guards/parameters/mutable state/ordered typed command args. Exercise every guard plus adjacent/nonmatching event IDs, absent/stale targets and repeated events; compare original source-derived expected trace/Lua trace then assert real ECS/GUI/audio effects after commit barrier. Body command vocabulary: Find_Object, Mission_Complete, Send_Custom_Event, Set_HUD_Help_Text. Resume mutable state/pending callbacks via save fixtures. Existing shared Lua integer/string emission is a starting mechanism; full types/dispatch/state remain unfinished. Required future validation: proposed: renegade_campaign_tests::callback_M01_DetentionPen_CivDeathMonitor_Killed; required runtime receipt: campaign/callback.M01_DetentionPen_CivDeathMonitor.Killed.json. Planned implementation (not evidence): games/renegade/content/scripts/M01_DetentionPen_CivDeathMonitor.lua."
behavior:campaign.callback.M01_DetentionPen_Evac_Controller01_JDG.Custom,behavior,campaign.callback.M01_DetentionPen_Evac_Controller01_JDG.Custom,Code/Scripts/Mission01.cpp:8259,games/renegade/scripting,,,not_started,,2,"Acceptance: Port M01_DetentionPen_Evac_Controller01_JDG.Custom to game-local Lua preserving source guards/parameters/mutable state/ordered typed command args. Exercise every guard plus adjacent/nonmatching event IDs, absent/stale targets and repeated events; compare original source-derived expected trace/Lua trace then assert real ECS/GUI/audio effects after commit barrier. Body command vocabulary: Find_Object, Mission_Complete, Send_Custom_Event. Resume mutable state/pending callbacks via save fixtures. Existing shared Lua integer/string emission is a starting mechanism; full types/dispatch/state remain unfinished. Required future validation: proposed: renegade_campaign_tests::callback_M01_DetentionPen_Evac_Controller01_JDG_Custom; required runtime receipt: campaign/callback.M01_DetentionPen_Evac_Controller01_JDG.Custom.json. Planned implementation (not evidence): games/renegade/content/scripts/M01_DetentionPen_Evac_Controller01_JDG.lua."
behavior:campaign.callback.M01_DetentionPen_GDIDeathMonitor.Killed,behavior,campaign.callback.M01_DetentionPen_GDIDeathMonitor.Killed,Code/Scripts/Mission01.cpp:8213,games/renegade/scripting,,,not_started,,2,"Acceptance: Port M01_DetentionPen_GDIDeathMonitor.Killed to game-local Lua preserving source guards/parameters/mutable state/ordered typed command args. Exercise every guard plus adjacent/nonmatching event IDs, absent/stale targets and repeated events; compare original source-derived expected trace/Lua trace then assert real ECS/GUI/audio effects after commit barrier. Body command vocabulary: Find_Object, Mission_Complete, Send_Custom_Event, Set_HUD_Help_Text. Resume mutable state/pending callbacks via save fixtures. Existing shared Lua integer/string emission is a starting mechanism; full types/dispatch/state remain unfinished. Required future validation: proposed: renegade_campaign_tests::callback_M01_DetentionPen_GDIDeathMonitor_Killed; required runtime receipt: campaign/callback.M01_DetentionPen_GDIDeathMonitor.Killed.json. Planned implementation (not evidence): games/renegade/content/scripts/M01_DetentionPen_GDIDeathMonitor.lua."
behavior:campaign.callback.M01_Mission_Controller_JDG.Action_Complete,behavior,campaign.callback.M01_Mission_Controller_JDG.Action_Complete,Code/Scripts/Mission01.cpp:2404,games/renegade/scripting,,,not_started,,2,"Acceptance: Port M01_Mission_Controller_JDG.Action_Complete to game-local Lua preserving source guards/parameters/mutable state/ordered typed command args. Exercise every guard plus adjacent/nonmatching event IDs, absent/stale targets and repeated events; compare original source-derived expected trace/Lua trace then assert real ECS/GUI/audio effects after commit barrier. Body command vocabulary: Add_Objective, Create_2D_Sound, Destroy_Object, Find_Object, Send_Custom_Event, Set_HUD_Help_Text, Set_Objective_HUD_Info_Position, Set_Objective_Radar_Blip. Resume mutable state/pending callbacks via save fixtures. Existing shared Lua integer/string emission is a starting mechanism; full types/dispatch/state remain unfinished. Required future validation: proposed: renegade_campaign_tests::callback_M01_Mission_Controller_JDG_Action_Complete; required runtime receipt: campaign/callback.M01_Mission_Controller_JDG.Action_Complete.json. Planned implementation (not evidence): games/renegade/content/scripts/M01_Mission_Controller_JDG.lua."
behavior:campaign.callback.M01_Mission_Controller_JDG.Created,behavior,campaign.callback.M01_Mission_Controller_JDG.Created,Code/Scripts/Mission01.cpp:264,games/renegade/scripting,,,not_started,,2,"Acceptance: Port M01_Mission_Controller_JDG.Created to game-local Lua preserving source guards/parameters/mutable state/ordered typed command args. Exercise every guard plus adjacent/nonmatching event IDs, absent/stale targets and repeated events; compare original source-derived expected trace/Lua trace then assert real ECS/GUI/audio effects after commit barrier. Body command vocabulary: Enable_Hibernation, Reveal_Encyclopedia_Building, Reveal_Encyclopedia_Character, Reveal_Encyclopedia_Vehicle, Reveal_Encyclopedia_Weapon, Set_Lightning, Set_Rain, Set_Wind. Resume mutable state/pending callbacks via save fixtures. Existing shared Lua integer/string emission is a starting mechanism; full types/dispatch/state remain unfinished. Required future validation: proposed: renegade_campaign_tests::callback_M01_Mission_Controller_JDG_Created; required runtime receipt: campaign/callback.M01_Mission_Controller_JDG.Created.json. Planned implementation (not evidence): games/renegade/content/scripts/M01_Mission_Controller_JDG.lua."
behavior:campaign.callback.M01_Mission_Controller_JDG.Custom,behavior,campaign.callback.M01_Mission_Controller_JDG.Custom,Code/Scripts/Mission01.cpp:362,games/renegade/scripting,,,not_started,,2,"Acceptance: Port M01_Mission_Controller_JDG.Custom to game-local Lua preserving source guards/parameters/mutable state/ordered typed command args. Exercise every guard plus adjacent/nonmatching event IDs, absent/stale targets and repeated events; compare original source-derived expected trace/Lua trace then assert real ECS/GUI/audio effects after commit barrier. Body command vocabulary: Add_Objective, Apply_Damage, Attach_Script, Attach_To_Object_Bone, Create_Conversation, Create_Logical_Sound, Create_Object, Create_Object_At_Bone, Create_Sound, Debug_Message, Destroy_Object, Enable_Radar, Find_Object, Get_Health, Get_ID, Get_Position, Get_Random, Give_Points, Has_Key, Join_Conversation, Mission_Complete, Monitor_Conversation, Monitor_Sound, Send_Custom_Event, Set_Facing, Set_HUD_Help_Text, Set_Is_Rendered, Set_Lightning, Set_Loiters_Allowed, Set_Obj_Radar_Blip_Color, Set_Obj_Radar_Blip_Shape, Set_Objective_HUD_Info_Position, Set_Objective_Radar_Blip, Set_Objective_Radar_Blip_Object, Set_Objective_Status, Set_Position, Set_Rain, Set_Wind, Start_Conversation, Static_Anim_Phys_Goto_Last_Frame, Trigger_Spawner. Resume mutable state/pending callbacks via save fixtures. Existing shared Lua integer/string emission is a starting mechanism; full types/dispatch/state remain unfinished. Required future validation: proposed: renegade_campaign_tests::callback_M01_Mission_Controller_JDG_Custom; required runtime receipt: campaign/callback.M01_Mission_Controller_JDG.Custom.json. Planned implementation (not evidence): games/renegade/content/scripts/M01_Mission_Controller_JDG.lua."
behavior:campaign.callback.M02_Objective_Controller.Created,behavior,campaign.callback.M02_Objective_Controller.Created,Code/Scripts/Mission02.cpp:59,games/renegade/scripting,,,not_started,,2,"Acceptance: Port M02_Objective_Controller.Created to game-local Lua preserving source guards/parameters/mutable state/ordered typed command args. Exercise every guard plus adjacent/nonmatching event IDs, absent/stale targets and repeated events; compare original source-derived expected trace/Lua trace then assert real ECS/GUI/audio effects after commit barrier. Body command vocabulary: Add_Objective, Enable_Hibernation, Find_Object, Reveal_Encyclopedia_Character, Set_Animation_Frame, Set_Background_Music, Set_HUD_Help_Text, Set_Objective_HUD_Info_Position, Start_Timer. Resume mutable state/pending callbacks via save fixtures. Existing shared Lua integer/string emission is a starting mechanism; full types/dispatch/state remain unfinished. Required future validation: proposed: renegade_campaign_tests::callback_M02_Objective_Controller_Created; required runtime receipt: campaign/callback.M02_Objective_Controller.Created.json. Planned implementation (not evidence): games/renegade/content/scripts/M02_Objective_Controller.lua."
behavior:campaign.callback.M02_Objective_Controller.Custom,behavior,campaign.callback.M02_Objective_Controller.Custom,Code/Scripts/Mission02.cpp:104,games/renegade/scripting,,,not_started,,2,"Acceptance: Port M02_Objective_Controller.Custom to game-local Lua preserving source guards/parameters/mutable state/ordered typed command args. Exercise every guard plus adjacent/nonmatching event IDs, absent/stale targets and repeated events; compare original source-derived expected trace/Lua trace then assert real ECS/GUI/audio effects after commit barrier. Body command vocabulary: Attach_Script, Create_Conversation, Create_Object, Give_PowerUp, Join_Conversation, Set_Facing, Set_HUD_Help_Text, Set_Objective_Status, Start_Conversation, Start_Timer, Stop_All_Conversations. Resume mutable state/pending callbacks via save fixtures. Existing shared Lua integer/string emission is a starting mechanism; full types/dispatch/state remain unfinished. Required future validation: proposed: renegade_campaign_tests::callback_M02_Objective_Controller_Custom; required runtime receipt: campaign/callback.M02_Objective_Controller.Custom.json. Planned implementation (not evidence): games/renegade/content/scripts/M02_Objective_Controller.lua."
behavior:campaign.callback.M02_Objective_Controller.Timer_Expired,behavior,campaign.callback.M02_Objective_Controller.Timer_Expired,Code/Scripts/Mission02.cpp:204,games/renegade/scripting,,,not_started,,2,"Acceptance: Port M02_Objective_Controller.Timer_Expired to game-local Lua preserving source guards/parameters/mutable state/ordered typed command args. Exercise every guard plus adjacent/nonmatching event IDs, absent/stale targets and repeated events; compare original source-derived expected trace/Lua trace then assert real ECS/GUI/audio effects after commit barrier. Body command vocabulary: Create_Conversation, Join_Conversation, Start_Conversation, Start_Timer, Stop_All_Conversations. Resume mutable state/pending callbacks via save fixtures. Existing shared Lua integer/string emission is a starting mechanism; full types/dispatch/state remain unfinished. Required future validation: proposed: renegade_campaign_tests::callback_M02_Objective_Controller_Timer_Expired; required runtime receipt: campaign/callback.M02_Objective_Controller.Timer_Expired.json. Planned implementation (not evidence): games/renegade/content/scripts/M02_Objective_Controller.lua."
behavior:campaign.callback.M02_Objective_Zone.Entered,behavior,campaign.callback.M02_Objective_Zone.Entered,Code/Scripts/Mission02.cpp:538,games/renegade/scripting,,,not_started,,2,"Acceptance: Port M02_Objective_Zone.Entered to game-local Lua preserving source guards/parameters/mutable state/ordered typed command args. Exercise every guard plus adjacent/nonmatching event IDs, absent/stale targets and repeated events; compare original source-derived expected trace/Lua trace then assert real ECS/GUI/audio effects after commit barrier. Body command vocabulary: Attach_Script, Control_Enable, Create_Conversation, Create_Logical_Sound, Create_Object, Destroy_Object, Find_Object, Get_Health, Get_ID, Get_Position, Has_Key, Join_Conversation, Mission_Complete, Send_Custom_Event, Set_Facing, Set_HUD_Help_Text, Start_Conversation, Start_Timer, Stop_All_Conversations. Resume mutable state/pending callbacks via save fixtures. Existing shared Lua integer/string emission is a starting mechanism; full types/dispatch/state remain unfinished. Required future validation: proposed: renegade_campaign_tests::callback_M02_Objective_Zone_Entered; required runtime receipt: campaign/callback.M02_Objective_Zone.Entered.json. Planned implementation (not evidence): games/renegade/content/scripts/M02_Objective_Zone.lua."
behavior:campaign.callback.M03_CommCenter_Arrow.Timer_Expired,behavior,campaign.callback.M03_CommCenter_Arrow.Timer_Expired,Code/Scripts/Mission03.cpp:6055,games/renegade/scripting,,,not_started,,2,"Acceptance: Port M03_CommCenter_Arrow.Timer_Expired to game-local Lua preserving source guards/parameters/mutable state/ordered typed command args. Exercise every guard plus adjacent/nonmatching event IDs, absent/stale targets and repeated events; compare original source-derived expected trace/Lua trace then assert real ECS/GUI/audio effects after commit barrier. Body command vocabulary: Mission_Complete. Resume mutable state/pending callbacks via save fixtures. Existing shared Lua integer/string emission is a starting mechanism; full types/dispatch/state remain unfinished. Required future validation: proposed: renegade_campaign_tests::callback_M03_CommCenter_Arrow_Timer_Expired; required runtime receipt: campaign/callback.M03_CommCenter_Arrow.Timer_Expired.json. Planned implementation (not evidence): games/renegade/content/scripts/M03_CommCenter_Arrow.lua."
behavior:campaign.callback.M03_Mission_Complete_Zone.Entered,behavior,campaign.callback.M03_Mission_Complete_Zone.Entered,Code/Scripts/Mission03.cpp:5902,games/renegade/scripting,,,not_started,,2,"Acceptance: Port M03_Mission_Complete_Zone.Entered to game-local Lua preserving source guards/parameters/mutable state/ordered typed command args. Exercise every guard plus adjacent/nonmatching event IDs, absent/stale targets and repeated events; compare original source-derived expected trace/Lua trace then assert real ECS/GUI/audio effects after commit barrier. Body command vocabulary: Mission_Complete. Resume mutable state/pending callbacks via save fixtures. Existing shared Lua integer/string emission is a starting mechanism; full types/dispatch/state remain unfinished. Required future validation: proposed: renegade_campaign_tests::callback_M03_Mission_Complete_Zone_Entered; required runtime receipt: campaign/callback.M03_Mission_Complete_Zone.Entered.json. Planned implementation (not evidence): games/renegade/content/scripts/M03_Mission_Complete_Zone.lua."
behavior:campaign.callback.M03_Objective_Controller.Action_Complete,behavior,campaign.callback.M03_Objective_Controller.Action_Complete,Code/Scripts/Mission03.cpp:89,games/renegade/scripting,,,not_started,,2,"Acceptance: Port M03_Objective_Controller.Action_Complete to game-local Lua preserving source guards/parameters/mutable state/ordered typed command args. Exercise every guard plus adjacent/nonmatching event IDs, absent/stale targets and repeated events; compare original source-derived expected trace/Lua trace then assert real ECS/GUI/audio effects after commit barrier. Body command vocabulary: Add_Objective, Find_Object, Send_Custom_Event, Set_Objective_HUD_Info, Set_Objective_Radar_Blip_Object, Set_Objective_Status. Resume mutable state/pending callbacks via save fixtures. Existing shared Lua integer/string emission is a starting mechanism; full types/dispatch/state remain unfinished. Required future validation: proposed: renegade_campaign_tests::callback_M03_Objective_Controller_Action_Complete; required runtime receipt: campaign/callback.M03_Objective_Controller.Action_Complete.json. Planned implementation (not evidence): games/renegade/content/scripts/M03_Objective_Controller.lua."
behavior:campaign.callback.M03_Objective_Controller.Created,behavior,campaign.callback.M03_Objective_Controller.Created,Code/Scripts/Mission03.cpp:68,games/renegade/scripting,,,not_started,,2,"Acceptance: Port M03_Objective_Controller.Created to game-local Lua preserving source guards/parameters/mutable state/ordered typed command args. Exercise every guard plus adjacent/nonmatching event IDs, absent/stale targets and repeated events; compare original source-derived expected trace/Lua trace then assert real ECS/GUI/audio effects after commit barrier. Body command vocabulary: Get_Random, Set_Num_Tertiary_Objectives, Set_Wind, Start_Timer. Resume mutable state/pending callbacks via save fixtures. Existing shared Lua integer/string emission is a starting mechanism; full types/dispatch/state remain unfinished. Required future validation: proposed: renegade_campaign_tests::callback_M03_Objective_Controller_Created; required runtime receipt: campaign/callback.M03_Objective_Controller.Created.json. Planned implementation (not evidence): games/renegade/content/scripts/M03_Objective_Controller.lua."
behavior:campaign.callback.M03_Objective_Controller.Custom,behavior,campaign.callback.M03_Objective_Controller.Custom,Code/Scripts/Mission03.cpp:151,games/renegade/scripting,,,not_started,,2,"Acceptance: Port M03_Objective_Controller.Custom to game-local Lua preserving source guards/parameters/mutable state/ordered typed command args. Exercise every guard plus adjacent/nonmatching event IDs, absent/stale targets and repeated events; compare original source-derived expected trace/Lua trace then assert real ECS/GUI/audio effects after commit barrier. Body command vocabulary: Find_Object, Get_ID, Send_Custom_Event, Set_Background_Music. Resume mutable state/pending callbacks via save fixtures. Existing shared Lua integer/string emission is a starting mechanism; full types/dispatch/state remain unfinished. Required future validation: proposed: renegade_campaign_tests::callback_M03_Objective_Controller_Custom; required runtime receipt: campaign/callback.M03_Objective_Controller.Custom.json. Planned implementation (not evidence): games/renegade/content/scripts/M03_Objective_Controller.lua."
behavior:campaign.callback.M03_Objective_Controller.Timer_Expired,behavior,campaign.callback.M03_Objective_Controller.Timer_Expired,Code/Scripts/Mission03.cpp:270,games/renegade/scripting,,,not_started,,2,"Acceptance: Port M03_Objective_Controller.Timer_Expired to game-local Lua preserving source guards/parameters/mutable state/ordered typed command args. Exercise every guard plus adjacent/nonmatching event IDs, absent/stale targets and repeated events; compare original source-derived expected trace/Lua trace then assert real ECS/GUI/audio effects after commit barrier. Body command vocabulary: Attach_Script, Create_Conversation, Create_Object, Find_Object, Join_Conversation, Monitor_Conversation, Set_Facing, Set_Objective_Status, Start_Conversation. Resume mutable state/pending callbacks via save fixtures. Existing shared Lua integer/string emission is a starting mechanism; full types/dispatch/state remain unfinished. Required future validation: proposed: renegade_campaign_tests::callback_M03_Objective_Controller_Timer_Expired; required runtime receipt: campaign/callback.M03_Objective_Controller.Timer_Expired.json. Planned implementation (not evidence): games/renegade/content/scripts/M03_Objective_Controller.lua."
behavior:campaign.callback.M04_Firefight_Controller_JDG.Custom,behavior,campaign.callback.M04_Firefight_Controller_JDG.Custom,Code/Scripts/Mission04.cpp:9142,games/renegade/scripting,,,not_started,,2,"Acceptance: Port M04_Firefight_Controller_JDG.Custom to game-local Lua preserving source guards/parameters/mutable state/ordered typed command args. Exercise every guard plus adjacent/nonmatching event IDs, absent/stale targets and repeated events; compare original source-derived expected trace/Lua trace then assert real ECS/GUI/audio effects after commit barrier. Body command vocabulary: Attach_Script, Create_Conversation, Create_Object, Create_Sound, Debug_Message, Destroy_Object, Find_Object, Get_Difficulty_Level, Get_ID, Get_Position, Get_Random, Grant_Key, Join_Conversation, Mission_Complete, Monitor_Conversation, Send_Custom_Event, Start_Conversation, Trigger_Spawner. Resume mutable state/pending callbacks via save fixtures. Existing shared Lua integer/string emission is a starting mechanism; full types/dispatch/state remain unfinished. Required future validation: proposed: renegade_campaign_tests::callback_M04_Firefight_Controller_JDG_Custom; required runtime receipt: campaign/callback.M04_Firefight_Controller_JDG.Custom.json. Planned implementation (not evidence): games/renegade/content/scripts/M04_Firefight_Controller_JDG.lua."
behavior:campaign.callback.M04_Objective_Controller_JDG.Action_Complete,behavior,campaign.callback.M04_Objective_Controller_JDG.Action_Complete,Code/Scripts/Mission04.cpp:214,games/renegade/scripting,,,not_started,,2,"Acceptance: Port M04_Objective_Controller_JDG.Action_Complete to game-local Lua preserving source guards/parameters/mutable state/ordered typed command args. Exercise every guard plus adjacent/nonmatching event IDs, absent/stale targets and repeated events; compare original source-derived expected trace/Lua trace then assert real ECS/GUI/audio effects after commit barrier. Body command vocabulary: Add_Objective, Add_Radar_Marker, Create_Conversation, Create_Sound, Debug_Message, Find_Object, Get_Position, Join_Conversation, Monitor_Conversation, Send_Custom_Event, Set_Obj_Radar_Blip_Color, Set_Obj_Radar_Blip_Shape, Set_Objective_HUD_Info_Position, Start_Conversation. Resume mutable state/pending callbacks via save fixtures. Existing shared Lua integer/string emission is a starting mechanism; full types/dispatch/state remain unfinished. Required future validation: proposed: renegade_campaign_tests::callback_M04_Objective_Controller_JDG_Action_Complete; required runtime receipt: campaign/callback.M04_Objective_Controller_JDG.Action_Complete.json. Planned implementation (not evidence): games/renegade/content/scripts/M04_Objective_Controller_JDG.lua."
behavior:campaign.callback.M04_Objective_Controller_JDG.Created,behavior,campaign.callback.M04_Objective_Controller_JDG.Created,Code/Scripts/Mission04.cpp:158,games/renegade/scripting,,,not_started,,2,"Acceptance: Port M04_Objective_Controller_JDG.Created to game-local Lua preserving source guards/parameters/mutable state/ordered typed command args. Exercise every guard plus adjacent/nonmatching event IDs, absent/stale targets and repeated events; compare original source-derived expected trace/Lua trace then assert real ECS/GUI/audio effects after commit barrier. Body command vocabulary: Send_Custom_Event. Resume mutable state/pending callbacks via save fixtures. Existing shared Lua integer/string emission is a starting mechanism; full types/dispatch/state remain unfinished. Required future validation: proposed: renegade_campaign_tests::callback_M04_Objective_Controller_JDG_Created; required runtime receipt: campaign/callback.M04_Objective_Controller_JDG.Created.json. Planned implementation (not evidence): games/renegade/content/scripts/M04_Objective_Controller_JDG.lua."
behavior:campaign.callback.M04_Objective_Controller_JDG.Custom,behavior,campaign.callback.M04_Objective_Controller_JDG.Custom,Code/Scripts/Mission04.cpp:368,games/renegade/scripting,,,not_started,,2,"Acceptance: Port M04_Objective_Controller_JDG.Custom to game-local Lua preserving source guards/parameters/mutable state/ordered typed command args. Exercise every guard plus adjacent/nonmatching event IDs, absent/stale targets and repeated events; compare original source-derived expected trace/Lua trace then assert real ECS/GUI/audio effects after commit barrier. Body command vocabulary: Add_Objective, Add_Radar_Marker, Clear_Radar_Marker, Create_Conversation, Create_Object, Create_Sound, Debug_Message, Find_Object, Get_Position, Join_Conversation, Mission_Complete, Monitor_Conversation, Send_Custom_Event, Set_Objective_HUD_Info, Set_Objective_HUD_Info_Position, Set_Objective_Radar_Blip_Object, Set_Objective_Status, Start_Conversation. Resume mutable state/pending callbacks via save fixtures. Existing shared Lua integer/string emission is a starting mechanism; full types/dispatch/state remain unfinished. Required future validation: proposed: renegade_campaign_tests::callback_M04_Objective_Controller_JDG_Custom; required runtime receipt: campaign/callback.M04_Objective_Controller_JDG.Custom.json. Planned implementation (not evidence): games/renegade/content/scripts/M04_Objective_Controller_JDG.lua."
behavior:campaign.callback.M05_DEAD6_Engineer2.Killed,behavior,campaign.callback.M05_DEAD6_Engineer2.Killed,Code/Scripts/Mission05.cpp:943,games/renegade/scripting,,,not_started,,2,"Acceptance: Port M05_DEAD6_Engineer2.Killed to game-local Lua preserving source guards/parameters/mutable state/ordered typed command args. Exercise every guard plus adjacent/nonmatching event IDs, absent/stale targets and repeated events; compare original source-derived expected trace/Lua trace then assert real ECS/GUI/audio effects after commit barrier. Body command vocabulary: Find_Object, Mission_Complete, Send_Custom_Event, Set_HUD_Help_Text. Resume mutable state/pending callbacks via save fixtures. Existing shared Lua integer/string emission is a starting mechanism; full types/dispatch/state remain unfinished. Required future validation: proposed: renegade_campaign_tests::callback_M05_DEAD6_Engineer2_Killed; required runtime receipt: campaign/callback.M05_DEAD6_Engineer2.Killed.json. Planned implementation (not evidence): games/renegade/content/scripts/M05_DEAD6_Engineer2.lua."
behavior:campaign.callback.M05_DEAD6_Grenadier.Killed,behavior,campaign.callback.M05_DEAD6_Grenadier.Killed,Code/Scripts/Mission05.cpp:1444,games/renegade/scripting,,,not_started,,2,"Acceptance: Port M05_DEAD6_Grenadier.Killed to game-local Lua preserving source guards/parameters/mutable state/ordered typed command args. Exercise every guard plus adjacent/nonmatching event IDs, absent/stale targets and repeated events; compare original source-derived expected trace/Lua trace then assert real ECS/GUI/audio effects after commit barrier. Body command vocabulary: Find_Object, Mission_Complete, Send_Custom_Event, Set_HUD_Help_Text. Resume mutable state/pending callbacks via save fixtures. Existing shared Lua integer/string emission is a starting mechanism; full types/dispatch/state remain unfinished. Required future validation: proposed: renegade_campaign_tests::callback_M05_DEAD6_Grenadier_Killed; required runtime receipt: campaign/callback.M05_DEAD6_Grenadier.Killed.json. Planned implementation (not evidence): games/renegade/content/scripts/M05_DEAD6_Grenadier.lua."
behavior:campaign.callback.M05_Objective_Controller.Action_Complete,behavior,campaign.callback.M05_Objective_Controller.Action_Complete,Code/Scripts/Mission05.cpp:372,games/renegade/scripting,,,not_started,,2,"Acceptance: Port M05_Objective_Controller.Action_Complete to game-local Lua preserving source guards/parameters/mutable state/ordered typed command args. Exercise every guard plus adjacent/nonmatching event IDs, absent/stale targets and repeated events; compare original source-derived expected trace/Lua trace then assert real ECS/GUI/audio effects after commit barrier. Body command vocabulary: (none; state/register/save operations still require parity). Resume mutable state/pending callbacks via save fixtures. Existing shared Lua integer/string emission is a starting mechanism; full types/dispatch/state remain unfinished. Required future validation: proposed: renegade_campaign_tests::callback_M05_Objective_Controller_Action_Complete; required runtime receipt: campaign/callback.M05_Objective_Controller.Action_Complete.json. Planned implementation (not evidence): games/renegade/content/scripts/M05_Objective_Controller.lua."
behavior:campaign.callback.M05_Objective_Controller.Created,behavior,campaign.callback.M05_Objective_Controller.Created,Code/Scripts/Mission05.cpp:59,games/renegade/scripting,,,not_started,,2,"Acceptance: Port M05_Objective_Controller.Created to game-local Lua preserving source guards/parameters/mutable state/ordered typed command args. Exercise every guard plus adjacent/nonmatching event IDs, absent/stale targets and repeated events; compare original source-derived expected trace/Lua trace then assert real ECS/GUI/audio effects after commit barrier. Body command vocabulary: Attach_Script, Create_Object, Enable_Hibernation, Set_Background_Music, Set_Facing, Start_Timer. Resume mutable state/pending callbacks via save fixtures. Existing shared Lua integer/string emission is a starting mechanism; full types/dispatch/state remain unfinished. Required future validation: proposed: renegade_campaign_tests::callback_M05_Objective_Controller_Created; required runtime receipt: campaign/callback.M05_Objective_Controller.Created.json. Planned implementation (not evidence): games/renegade/content/scripts/M05_Objective_Controller.lua."
behavior:campaign.callback.M05_Objective_Controller.Custom,behavior,campaign.callback.M05_Objective_Controller.Custom,Code/Scripts/Mission05.cpp:292,games/renegade/scripting,,,not_started,,2,"Acceptance: Port M05_Objective_Controller.Custom to game-local Lua preserving source guards/parameters/mutable state/ordered typed command args. Exercise every guard plus adjacent/nonmatching event IDs, absent/stale targets and repeated events; compare original source-derived expected trace/Lua trace then assert real ECS/GUI/audio effects after commit barrier. Body command vocabulary: Clear_Radar_Marker, Find_Object, Get_Position, Mission_Complete, Set_Objective_Status, Set_Position. Resume mutable state/pending callbacks via save fixtures. Existing shared Lua integer/string emission is a starting mechanism; full types/dispatch/state remain unfinished. Required future validation: proposed: renegade_campaign_tests::callback_M05_Objective_Controller_Custom; required runtime receipt: campaign/callback.M05_Objective_Controller.Custom.json. Planned implementation (not evidence): games/renegade/content/scripts/M05_Objective_Controller.lua."
behavior:campaign.callback.M05_Objective_Controller.Timer_Expired,behavior,campaign.callback.M05_Objective_Controller.Timer_Expired,Code/Scripts/Mission05.cpp:351,games/renegade/scripting,,,not_started,,2,"Acceptance: Port M05_Objective_Controller.Timer_Expired to game-local Lua preserving source guards/parameters/mutable state/ordered typed command args. Exercise every guard plus adjacent/nonmatching event IDs, absent/stale targets and repeated events; compare original source-derived expected trace/Lua trace then assert real ECS/GUI/audio effects after commit barrier. Body command vocabulary: Attach_Script, Create_Conversation, Join_Conversation, Monitor_Conversation, Start_Conversation. Resume mutable state/pending callbacks via save fixtures. Existing shared Lua integer/string emission is a starting mechanism; full types/dispatch/state remain unfinished. Required future validation: proposed: renegade_campaign_tests::callback_M05_Objective_Controller_Timer_Expired; required runtime receipt: campaign/callback.M05_Objective_Controller.Timer_Expired.json. Planned implementation (not evidence): games/renegade/content/scripts/M05_Objective_Controller.lua."
behavior:campaign.callback.M06_Objective_Controller.Action_Complete,behavior,campaign.callback.M06_Objective_Controller.Action_Complete,Code/Scripts/Mission06.cpp:270,games/renegade/scripting,,,not_started,,2,"Acceptance: Port M06_Objective_Controller.Action_Complete to game-local Lua preserving source guards/parameters/mutable state/ordered typed command args. Exercise every guard plus adjacent/nonmatching event IDs, absent/stale targets and repeated events; compare original source-derived expected trace/Lua trace then assert real ECS/GUI/audio effects after commit barrier. Body command vocabulary: Find_Object, Send_Custom_Event. Resume mutable state/pending callbacks via save fixtures. Existing shared Lua integer/string emission is a starting mechanism; full types/dispatch/state remain unfinished. Required future validation: proposed: renegade_campaign_tests::callback_M06_Objective_Controller_Action_Complete; required runtime receipt: campaign/callback.M06_Objective_Controller.Action_Complete.json. Planned implementation (not evidence): games/renegade/content/scripts/M06_Objective_Controller.lua."
behavior:campaign.callback.M06_Objective_Controller.Created,behavior,campaign.callback.M06_Objective_Controller.Created,Code/Scripts/Mission06.cpp:63,games/renegade/scripting,,,not_started,,2,"Acceptance: Port M06_Objective_Controller.Created to game-local Lua preserving source guards/parameters/mutable state/ordered typed command args. Exercise every guard plus adjacent/nonmatching event IDs, absent/stale targets and repeated events; compare original source-derived expected trace/Lua trace then assert real ECS/GUI/audio effects after commit barrier. Body command vocabulary: Create_Conversation, Enable_Hibernation, Join_Conversation, Monitor_Conversation, Set_Background_Music, Start_Conversation, Start_Timer. Resume mutable state/pending callbacks via save fixtures. Existing shared Lua integer/string emission is a starting mechanism; full types/dispatch/state remain unfinished. Required future validation: proposed: renegade_campaign_tests::callback_M06_Objective_Controller_Created; required runtime receipt: campaign/callback.M06_Objective_Controller.Created.json. Planned implementation (not evidence): games/renegade/content/scripts/M06_Objective_Controller.lua."
behavior:campaign.callback.M06_Objective_Controller.Custom,behavior,campaign.callback.M06_Objective_Controller.Custom,Code/Scripts/Mission06.cpp:209,games/renegade/scripting,,,not_started,,2,"Acceptance: Port M06_Objective_Controller.Custom to game-local Lua preserving source guards/parameters/mutable state/ordered typed command args. Exercise every guard plus adjacent/nonmatching event IDs, absent/stale targets and repeated events; compare original source-derived expected trace/Lua trace then assert real ECS/GUI/audio effects after commit barrier. Body command vocabulary: Clear_Radar_Marker, Mission_Complete, Set_Objective_Status, Start_Timer. Resume mutable state/pending callbacks via save fixtures. Existing shared Lua integer/string emission is a starting mechanism; full types/dispatch/state remain unfinished. Required future validation: proposed: renegade_campaign_tests::callback_M06_Objective_Controller_Custom; required runtime receipt: campaign/callback.M06_Objective_Controller.Custom.json. Planned implementation (not evidence): games/renegade/content/scripts/M06_Objective_Controller.lua."
behavior:campaign.callback.M06_Objective_Controller.Timer_Expired,behavior,campaign.callback.M06_Objective_Controller.Timer_Expired,Code/Scripts/Mission06.cpp:278,games/renegade/scripting,,,not_started,,2,"Acceptance: Port M06_Objective_Controller.Timer_Expired to game-local Lua preserving source guards/parameters/mutable state/ordered typed command args. Exercise every guard plus adjacent/nonmatching event IDs, absent/stale targets and repeated events; compare original source-derived expected trace/Lua trace then assert real ECS/GUI/audio effects after commit barrier. Body command vocabulary: Attach_Script, Create_Object. Resume mutable state/pending callbacks via save fixtures. Existing shared Lua integer/string emission is a starting mechanism; full types/dispatch/state remain unfinished. Required future validation: proposed: renegade_campaign_tests::callback_M06_Objective_Controller_Timer_Expired; required runtime receipt: campaign/callback.M06_Objective_Controller.Timer_Expired.json. Planned implementation (not evidence): games/renegade/content/scripts/M06_Objective_Controller.lua."
behavior:campaign.callback.M07_Havoc_DLS.Killed,behavior,campaign.callback.M07_Havoc_DLS.Killed,Code/Scripts/Mission07.cpp:397,games/renegade/scripting,,,not_started,,2,"Acceptance: Port M07_Havoc_DLS.Killed to game-local Lua preserving source guards/parameters/mutable state/ordered typed command args. Exercise every guard plus adjacent/nonmatching event IDs, absent/stale targets and repeated events; compare original source-derived expected trace/Lua trace then assert real ECS/GUI/audio effects after commit barrier. Body command vocabulary: Mission_Complete. Resume mutable state/pending callbacks via save fixtures. Existing shared Lua integer/string emission is a starting mechanism; full types/dispatch/state remain unfinished. Required future validation: proposed: renegade_campaign_tests::callback_M07_Havoc_DLS_Killed; required runtime receipt: campaign/callback.M07_Havoc_DLS.Killed.json. Planned implementation (not evidence): games/renegade/content/scripts/M07_Havoc_DLS.lua."
behavior:campaign.callback.M07_Objective_Controller.Action_Complete,behavior,campaign.callback.M07_Objective_Controller.Action_Complete,Code/Scripts/Mission07.cpp:304,games/renegade/scripting,,,not_started,,2,"Acceptance: Port M07_Objective_Controller.Action_Complete to game-local Lua preserving source guards/parameters/mutable state/ordered typed command args. Exercise every guard plus adjacent/nonmatching event IDs, absent/stale targets and repeated events; compare original source-derived expected trace/Lua trace then assert real ECS/GUI/audio effects after commit barrier. Body command vocabulary: Find_Object, Send_Custom_Event, Start_Timer. Resume mutable state/pending callbacks via save fixtures. Existing shared Lua integer/string emission is a starting mechanism; full types/dispatch/state remain unfinished. Required future validation: proposed: renegade_campaign_tests::callback_M07_Objective_Controller_Action_Complete; required runtime receipt: campaign/callback.M07_Objective_Controller.Action_Complete.json. Planned implementation (not evidence): games/renegade/content/scripts/M07_Objective_Controller.lua."
behavior:campaign.callback.M07_Objective_Controller.Created,behavior,campaign.callback.M07_Objective_Controller.Created,Code/Scripts/Mission07.cpp:59,games/renegade/scripting,,,not_started,,2,"Acceptance: Port M07_Objective_Controller.Created to game-local Lua preserving source guards/parameters/mutable state/ordered typed command args. Exercise every guard plus adjacent/nonmatching event IDs, absent/stale targets and repeated events; compare original source-derived expected trace/Lua trace then assert real ECS/GUI/audio effects after commit barrier. Body command vocabulary: Set_Background_Music, Start_Timer. Resume mutable state/pending callbacks via save fixtures. Existing shared Lua integer/string emission is a starting mechanism; full types/dispatch/state remain unfinished. Required future validation: proposed: renegade_campaign_tests::callback_M07_Objective_Controller_Created; required runtime receipt: campaign/callback.M07_Objective_Controller.Created.json. Planned implementation (not evidence): games/renegade/content/scripts/M07_Objective_Controller.lua."
behavior:campaign.callback.M07_Objective_Controller.Custom,behavior,campaign.callback.M07_Objective_Controller.Custom,Code/Scripts/Mission07.cpp:216,games/renegade/scripting,,,not_started,,2,"Acceptance: Port M07_Objective_Controller.Custom to game-local Lua preserving source guards/parameters/mutable state/ordered typed command args. Exercise every guard plus adjacent/nonmatching event IDs, absent/stale targets and repeated events; compare original source-derived expected trace/Lua trace then assert real ECS/GUI/audio effects after commit barrier. Body command vocabulary: Clear_Radar_Marker, Mission_Complete, Set_Objective_Status. Resume mutable state/pending callbacks via save fixtures. Existing shared Lua integer/string emission is a starting mechanism; full types/dispatch/state remain unfinished. Required future validation: proposed: renegade_campaign_tests::callback_M07_Objective_Controller_Custom; required runtime receipt: campaign/callback.M07_Objective_Controller.Custom.json. Planned implementation (not evidence): games/renegade/content/scripts/M07_Objective_Controller.lua."
behavior:campaign.callback.M07_Objective_Controller.Timer_Expired,behavior,campaign.callback.M07_Objective_Controller.Timer_Expired,Code/Scripts/Mission07.cpp:284,games/renegade/scripting,,,not_started,,2,"Acceptance: Port M07_Objective_Controller.Timer_Expired to game-local Lua preserving source guards/parameters/mutable state/ordered typed command args. Exercise every guard plus adjacent/nonmatching event IDs, absent/stale targets and repeated events; compare original source-derived expected trace/Lua trace then assert real ECS/GUI/audio effects after commit barrier. Body command vocabulary: Create_Conversation, Join_Conversation, Monitor_Conversation, Start_Conversation. Resume mutable state/pending callbacks via save fixtures. Existing shared Lua integer/string emission is a starting mechanism; full types/dispatch/state remain unfinished. Required future validation: proposed: renegade_campaign_tests::callback_M07_Objective_Controller_Timer_Expired; required runtime receipt: campaign/callback.M07_Objective_Controller.Timer_Expired.json. Planned implementation (not evidence): games/renegade/content/scripts/M07_Objective_Controller.lua."
behavior:campaign.callback.M08_Objective_Controller.Created,behavior,campaign.callback.M08_Objective_Controller.Created,Code/Scripts/mission08.cpp:58,games/renegade/scripting,,,not_started,,2,"Acceptance: Port M08_Objective_Controller.Created to game-local Lua preserving source guards/parameters/mutable state/ordered typed command args. Exercise every guard plus adjacent/nonmatching event IDs, absent/stale targets and repeated events; compare original source-derived expected trace/Lua trace then assert real ECS/GUI/audio effects after commit barrier. Body command vocabulary: Enable_Hibernation, Set_Background_Music, Start_Timer. Resume mutable state/pending callbacks via save fixtures. Existing shared Lua integer/string emission is a starting mechanism; full types/dispatch/state remain unfinished. Required future validation: proposed: renegade_campaign_tests::callback_M08_Objective_Controller_Created; required runtime receipt: campaign/callback.M08_Objective_Controller.Created.json. Planned implementation (not evidence): games/renegade/content/scripts/M08_Objective_Controller.lua."
behavior:campaign.callback.M08_Objective_Controller.Custom,behavior,campaign.callback.M08_Objective_Controller.Custom,Code/Scripts/mission08.cpp:225,games/renegade/scripting,,,not_started,,2,"Acceptance: Port M08_Objective_Controller.Custom to game-local Lua preserving source guards/parameters/mutable state/ordered typed command args. Exercise every guard plus adjacent/nonmatching event IDs, absent/stale targets and repeated events; compare original source-derived expected trace/Lua trace then assert real ECS/GUI/audio effects after commit barrier. Body command vocabulary: Clear_Radar_Marker, Find_Object, Mission_Complete, Send_Custom_Event, Set_Objective_Status, Start_Timer. Resume mutable state/pending callbacks via save fixtures. Existing shared Lua integer/string emission is a starting mechanism; full types/dispatch/state remain unfinished. Required future validation: proposed: renegade_campaign_tests::callback_M08_Objective_Controller_Custom; required runtime receipt: campaign/callback.M08_Objective_Controller.Custom.json. Planned implementation (not evidence): games/renegade/content/scripts/M08_Objective_Controller.lua."
behavior:campaign.callback.M09_Evac_Helicopter.Killed,behavior,campaign.callback.M09_Evac_Helicopter.Killed,Code/Scripts/Mission09.cpp:3978,games/renegade/scripting,,,not_started,,2,"Acceptance: Port M09_Evac_Helicopter.Killed to game-local Lua preserving source guards/parameters/mutable state/ordered typed command args. Exercise every guard plus adjacent/nonmatching event IDs, absent/stale targets and repeated events; compare original source-derived expected trace/Lua trace then assert real ECS/GUI/audio effects after commit barrier. Body command vocabulary: Mission_Complete. Resume mutable state/pending callbacks via save fixtures. Existing shared Lua integer/string emission is a starting mechanism; full types/dispatch/state remain unfinished. Required future validation: proposed: renegade_campaign_tests::callback_M09_Evac_Helicopter_Killed; required runtime receipt: campaign/callback.M09_Evac_Helicopter.Killed.json. Planned implementation (not evidence): games/renegade/content/scripts/M09_Evac_Helicopter.lua."
behavior:campaign.callback.M09_Evac_Point_Objective.Timer_Expired,behavior,campaign.callback.M09_Evac_Point_Objective.Timer_Expired,Code/Scripts/Mission09.cpp:608,games/renegade/scripting,,,not_started,,2,"Acceptance: Port M09_Evac_Point_Objective.Timer_Expired to game-local Lua preserving source guards/parameters/mutable state/ordered typed command args. Exercise every guard plus adjacent/nonmatching event IDs, absent/stale targets and repeated events; compare original source-derived expected trace/Lua trace then assert real ECS/GUI/audio effects after commit barrier. Body command vocabulary: Action_Goto, Attach_Script, Create_Object, Find_Object, Get_Distance, Get_Facing, Get_Position, Mission_Complete, Set_Facing, Start_Timer. Resume mutable state/pending callbacks via save fixtures. Existing shared Lua integer/string emission is a starting mechanism; full types/dispatch/state remain unfinished. Required future validation: proposed: renegade_campaign_tests::callback_M09_Evac_Point_Objective_Timer_Expired; required runtime receipt: campaign/callback.M09_Evac_Point_Objective.Timer_Expired.json. Planned implementation (not evidence): games/renegade/content/scripts/M09_Evac_Point_Objective.lua."
behavior:campaign.callback.M09_Mobius_Follow.Killed,behavior,campaign.callback.M09_Mobius_Follow.Killed,Code/Scripts/Mission09.cpp:974,games/renegade/scripting,,,not_started,,2,"Acceptance: Port M09_Mobius_Follow.Killed to game-local Lua preserving source guards/parameters/mutable state/ordered typed command args. Exercise every guard plus adjacent/nonmatching event IDs, absent/stale targets and repeated events; compare original source-derived expected trace/Lua trace then assert real ECS/GUI/audio effects after commit barrier. Body command vocabulary: Find_Object, Mission_Complete, Send_Custom_Event. Resume mutable state/pending callbacks via save fixtures. Existing shared Lua integer/string emission is a starting mechanism; full types/dispatch/state remain unfinished. Required future validation: proposed: renegade_campaign_tests::callback_M09_Mobius_Follow_Killed; required runtime receipt: campaign/callback.M09_Mobius_Follow.Killed.json. Planned implementation (not evidence): games/renegade/content/scripts/M09_Mobius_Follow.lua."
behavior:campaign.callback.M09_Objective_Controller.Created,behavior,campaign.callback.M09_Objective_Controller.Created,Code/Scripts/Mission09.cpp:65,games/renegade/scripting,,,not_started,,2,"Acceptance: Port M09_Objective_Controller.Created to game-local Lua preserving source guards/parameters/mutable state/ordered typed command args. Exercise every guard plus adjacent/nonmatching event IDs, absent/stale targets and repeated events; compare original source-derived expected trace/Lua trace then assert real ECS/GUI/audio effects after commit barrier. Body command vocabulary: Enable_Hibernation, Set_Num_Tertiary_Objectives, Start_Timer. Resume mutable state/pending callbacks via save fixtures. Existing shared Lua integer/string emission is a starting mechanism; full types/dispatch/state remain unfinished. Required future validation: proposed: renegade_campaign_tests::callback_M09_Objective_Controller_Created; required runtime receipt: campaign/callback.M09_Objective_Controller.Created.json. Planned implementation (not evidence): games/renegade/content/scripts/M09_Objective_Controller.lua."
behavior:campaign.callback.M09_Objective_Controller.Custom,behavior,campaign.callback.M09_Objective_Controller.Custom,Code/Scripts/Mission09.cpp:197,games/renegade/scripting,,,not_started,,2,"Acceptance: Port M09_Objective_Controller.Custom to game-local Lua preserving source guards/parameters/mutable state/ordered typed command args. Exercise every guard plus adjacent/nonmatching event IDs, absent/stale targets and repeated events; compare original source-derived expected trace/Lua trace then assert real ECS/GUI/audio effects after commit barrier. Body command vocabulary: Create_Object, Destroy_Object, Find_Object, Get_ID, Send_Custom_Event, Set_Facing, Set_HUD_Help_Text, Set_Is_Rendered, Set_Objective_Status, Start_Timer. Resume mutable state/pending callbacks via save fixtures. Existing shared Lua integer/string emission is a starting mechanism; full types/dispatch/state remain unfinished. Required future validation: proposed: renegade_campaign_tests::callback_M09_Objective_Controller_Custom; required runtime receipt: campaign/callback.M09_Objective_Controller.Custom.json. Planned implementation (not evidence): games/renegade/content/scripts/M09_Objective_Controller.lua."
behavior:campaign.callback.M09_Objective_Controller.Timer_Expired,behavior,campaign.callback.M09_Objective_Controller.Timer_Expired,Code/Scripts/Mission09.cpp:300,games/renegade/scripting,,,not_started,,2,"Acceptance: Port M09_Objective_Controller.Timer_Expired to game-local Lua preserving source guards/parameters/mutable state/ordered typed command args. Exercise every guard plus adjacent/nonmatching event IDs, absent/stale targets and repeated events; compare original source-derived expected trace/Lua trace then assert real ECS/GUI/audio effects after commit barrier. Body command vocabulary: Destroy_Object, Find_Object, Mission_Complete. Resume mutable state/pending callbacks via save fixtures. Existing shared Lua integer/string emission is a starting mechanism; full types/dispatch/state remain unfinished. Required future validation: proposed: renegade_campaign_tests::callback_M09_Objective_Controller_Timer_Expired; required runtime receipt: campaign/callback.M09_Objective_Controller.Timer_Expired.json. Planned implementation (not evidence): games/renegade/content/scripts/M09_Objective_Controller.lua."
behavior:campaign.callback.M10_Objective_Controller.Action_Complete,behavior,campaign.callback.M10_Objective_Controller.Action_Complete,Code/Scripts/Mission10.cpp:429,games/renegade/scripting,,,not_started,,2,"Acceptance: Port M10_Objective_Controller.Action_Complete to game-local Lua preserving source guards/parameters/mutable state/ordered typed command args. Exercise every guard plus adjacent/nonmatching event IDs, absent/stale targets and repeated events; compare original source-derived expected trace/Lua trace then assert real ECS/GUI/audio effects after commit barrier. Body command vocabulary: Add_Objective, Set_Objective_Status. Resume mutable state/pending callbacks via save fixtures. Existing shared Lua integer/string emission is a starting mechanism; full types/dispatch/state remain unfinished. Required future validation: proposed: renegade_campaign_tests::callback_M10_Objective_Controller_Action_Complete; required runtime receipt: campaign/callback.M10_Objective_Controller.Action_Complete.json. Planned implementation (not evidence): games/renegade/content/scripts/M10_Objective_Controller.lua."
behavior:campaign.callback.M10_Objective_Controller.Created,behavior,campaign.callback.M10_Objective_Controller.Created,Code/Scripts/Mission10.cpp:57,games/renegade/scripting,,,not_started,,2,"Acceptance: Port M10_Objective_Controller.Created to game-local Lua preserving source guards/parameters/mutable state/ordered typed command args. Exercise every guard plus adjacent/nonmatching event IDs, absent/stale targets and repeated events; compare original source-derived expected trace/Lua trace then assert real ECS/GUI/audio effects after commit barrier. Body command vocabulary: Add_Objective, Set_Num_Tertiary_Objectives, Start_Timer. Resume mutable state/pending callbacks via save fixtures. Existing shared Lua integer/string emission is a starting mechanism; full types/dispatch/state remain unfinished. Required future validation: proposed: renegade_campaign_tests::callback_M10_Objective_Controller_Created; required runtime receipt: campaign/callback.M10_Objective_Controller.Created.json. Planned implementation (not evidence): games/renegade/content/scripts/M10_Objective_Controller.lua."
behavior:campaign.callback.M10_Objective_Controller.Custom,behavior,campaign.callback.M10_Objective_Controller.Custom,Code/Scripts/Mission10.cpp:443,games/renegade/scripting,,,not_started,,2,"Acceptance: Port M10_Objective_Controller.Custom to game-local Lua preserving source guards/parameters/mutable state/ordered typed command args. Exercise every guard plus adjacent/nonmatching event IDs, absent/stale targets and repeated events; compare original source-derived expected trace/Lua trace then assert real ECS/GUI/audio effects after commit barrier. Body command vocabulary: Add_Objective, Attach_Script, Create_Conversation, Create_Object, Find_Object, Get_Facing, Get_Position, Join_Conversation, Monitor_Conversation, Set_Facing, Set_Objective_Status, Start_Conversation, Start_Timer. Resume mutable state/pending callbacks via save fixtures. Existing shared Lua integer/string emission is a starting mechanism; full types/dispatch/state remain unfinished. Required future validation: proposed: renegade_campaign_tests::callback_M10_Objective_Controller_Custom; required runtime receipt: campaign/callback.M10_Objective_Controller.Custom.json. Planned implementation (not evidence): games/renegade/content/scripts/M10_Objective_Controller.lua."
behavior:campaign.callback.M10_Objective_Controller.Timer_Expired,behavior,campaign.callback.M10_Objective_Controller.Timer_Expired,Code/Scripts/Mission10.cpp:566,games/renegade/scripting,,,not_started,,2,"Acceptance: Port M10_Objective_Controller.Timer_Expired to game-local Lua preserving source guards/parameters/mutable state/ordered typed command args. Exercise every guard plus adjacent/nonmatching event IDs, absent/stale targets and repeated events; compare original source-derived expected trace/Lua trace then assert real ECS/GUI/audio effects after commit barrier. Body command vocabulary: Attach_Script, Create_Conversation, Find_Object, Join_Conversation, Mission_Complete, Monitor_Conversation, Send_Custom_Event, Start_Conversation, Start_Timer. Resume mutable state/pending callbacks via save fixtures. Existing shared Lua integer/string emission is a starting mechanism; full types/dispatch/state remain unfinished. Required future validation: proposed: renegade_campaign_tests::callback_M10_Objective_Controller_Timer_Expired; required runtime receipt: campaign/callback.M10_Objective_Controller.Timer_Expired.json. Planned implementation (not evidence): games/renegade/content/scripts/M10_Objective_Controller.lua."
behavior:campaign.callback.M11_End_Mission_Switch_JDG.Killed,behavior,campaign.callback.M11_End_Mission_Switch_JDG.Killed,Code/Scripts/Mission11.cpp:4902,games/renegade/scripting,,,not_started,,2,"Acceptance: Port M11_End_Mission_Switch_JDG.Killed to game-local Lua preserving source guards/parameters/mutable state/ordered typed command args. Exercise every guard plus adjacent/nonmatching event IDs, absent/stale targets and repeated events; compare original source-derived expected trace/Lua trace then assert real ECS/GUI/audio effects after commit barrier. Body command vocabulary: Mission_Complete. Resume mutable state/pending callbacks via save fixtures. Existing shared Lua integer/string emission is a starting mechanism; full types/dispatch/state remain unfinished. Required future validation: proposed: renegade_campaign_tests::callback_M11_End_Mission_Switch_JDG_Killed; required runtime receipt: campaign/callback.M11_End_Mission_Switch_JDG.Killed.json. Planned implementation (not evidence): games/renegade/content/scripts/M11_End_Mission_Switch_JDG.lua."
behavior:campaign.callback.M11_Mission_Controller_JDG.Action_Complete,behavior,campaign.callback.M11_Mission_Controller_JDG.Action_Complete,Code/Scripts/Mission11.cpp:223,games/renegade/scripting,,,not_started,,2,"Acceptance: Port M11_Mission_Controller_JDG.Action_Complete to game-local Lua preserving source guards/parameters/mutable state/ordered typed command args. Exercise every guard plus adjacent/nonmatching event IDs, absent/stale targets and repeated events; compare original source-derived expected trace/Lua trace then assert real ECS/GUI/audio effects after commit barrier. Body command vocabulary: Add_Objective, Debug_Message, Find_Object, Send_Custom_Event, Set_Objective_HUD_Info, Set_Objective_Radar_Blip_Object. Resume mutable state/pending callbacks via save fixtures. Existing shared Lua integer/string emission is a starting mechanism; full types/dispatch/state remain unfinished. Required future validation: proposed: renegade_campaign_tests::callback_M11_Mission_Controller_JDG_Action_Complete; required runtime receipt: campaign/callback.M11_Mission_Controller_JDG.Action_Complete.json. Planned implementation (not evidence): games/renegade/content/scripts/M11_Mission_Controller_JDG.lua."
behavior:campaign.callback.M11_Mission_Controller_JDG.Created,behavior,campaign.callback.M11_Mission_Controller_JDG.Created,Code/Scripts/Mission11.cpp:214,games/renegade/scripting,,,not_started,,2,"Acceptance: Port M11_Mission_Controller_JDG.Created to game-local Lua preserving source guards/parameters/mutable state/ordered typed command args. Exercise every guard plus adjacent/nonmatching event IDs, absent/stale targets and repeated events; compare original source-derived expected trace/Lua trace then assert real ECS/GUI/audio effects after commit barrier. Body command vocabulary: Enable_Hibernation, Reveal_Map, Send_Custom_Event, Show_Player_Map_Marker. Resume mutable state/pending callbacks via save fixtures. Existing shared Lua integer/string emission is a starting mechanism; full types/dispatch/state remain unfinished. Required future validation: proposed: renegade_campaign_tests::callback_M11_Mission_Controller_JDG_Created; required runtime receipt: campaign/callback.M11_Mission_Controller_JDG.Created.json. Planned implementation (not evidence): games/renegade/content/scripts/M11_Mission_Controller_JDG.lua."
behavior:campaign.callback.M11_Mission_Controller_JDG.Custom,behavior,campaign.callback.M11_Mission_Controller_JDG.Custom,Code/Scripts/Mission11.cpp:266,games/renegade/scripting,,,not_started,,2,"Acceptance: Port M11_Mission_Controller_JDG.Custom to game-local Lua preserving source guards/parameters/mutable state/ordered typed command args. Exercise every guard plus adjacent/nonmatching event IDs, absent/stale targets and repeated events; compare original source-derived expected trace/Lua trace then assert real ECS/GUI/audio effects after commit barrier. Body command vocabulary: Add_Objective, Create_Conversation, Debug_Message, Destroy_Object, Find_Object, Get_Position, Join_Conversation, Mission_Complete, Monitor_Conversation, Send_Custom_Event, Set_Objective_HUD_Info, Set_Objective_HUD_Info_Position, Set_Objective_Radar_Blip_Object, Set_Objective_Status, Start_Conversation. Resume mutable state/pending callbacks via save fixtures. Existing shared Lua integer/string emission is a starting mechanism; full types/dispatch/state remain unfinished. Required future validation: proposed: renegade_campaign_tests::callback_M11_Mission_Controller_JDG_Custom; required runtime receipt: campaign/callback.M11_Mission_Controller_JDG.Custom.json. Planned implementation (not evidence): games/renegade/content/scripts/M11_Mission_Controller_JDG.lua."
behavior:campaign.callback.MTU_GDI_Vehicle.Created,behavior,campaign.callback.MTU_GDI_Vehicle.Created,Code/Scripts/Mission00.cpp:3649,games/renegade/scripting,,,not_started,,2,"Acceptance: Port MTU_GDI_Vehicle.Created to game-local Lua preserving source guards/parameters/mutable state/ordered typed command args. Exercise every guard plus adjacent/nonmatching event IDs, absent/stale targets and repeated events; compare original source-derived expected trace/Lua trace then assert real ECS/GUI/audio effects after commit barrier. Body command vocabulary: Set_Player_Type. Resume mutable state/pending callbacks via save fixtures. Existing shared Lua integer/string emission is a starting mechanism; full types/dispatch/state remain unfinished. Required future validation: proposed: renegade_campaign_tests::callback_MTU_GDI_Vehicle_Created; required runtime receipt: campaign/callback.MTU_GDI_Vehicle.Created.json. Planned implementation (not evidence): games/renegade/content/scripts/MTU_GDI_Vehicle.lua."
behavior:campaign.callback.MTU_GDI_Vehicle.Custom,behavior,campaign.callback.MTU_GDI_Vehicle.Custom,Code/Scripts/Mission00.cpp:3673,games/renegade/scripting,,,not_started,,2,"Acceptance: Port MTU_GDI_Vehicle.Custom to game-local Lua preserving source guards/parameters/mutable state/ordered typed command args. Exercise every guard plus adjacent/nonmatching event IDs, absent/stale targets and repeated events; compare original source-derived expected trace/Lua trace then assert real ECS/GUI/audio effects after commit barrier. Body command vocabulary: Find_Object, Send_Custom_Event, Set_HUD_Help_Text. Resume mutable state/pending callbacks via save fixtures. Existing shared Lua integer/string emission is a starting mechanism; full types/dispatch/state remain unfinished. Required future validation: proposed: renegade_campaign_tests::callback_MTU_GDI_Vehicle_Custom; required runtime receipt: campaign/callback.MTU_GDI_Vehicle.Custom.json. Planned implementation (not evidence): games/renegade/content/scripts/MTU_GDI_Vehicle.lua."
behavior:campaign.callback.MTU_GDI_Vehicle.Killed,behavior,campaign.callback.MTU_GDI_Vehicle.Killed,Code/Scripts/Mission00.cpp:3655,games/renegade/scripting,,,not_started,,2,"Acceptance: Port MTU_GDI_Vehicle.Killed to game-local Lua preserving source guards/parameters/mutable state/ordered typed command args. Exercise every guard plus adjacent/nonmatching event IDs, absent/stale targets and repeated events; compare original source-derived expected trace/Lua trace then assert real ECS/GUI/audio effects after commit barrier. Body command vocabulary: Find_Object, Send_Custom_Event. Resume mutable state/pending callbacks via save fixtures. Existing shared Lua integer/string emission is a starting mechanism; full types/dispatch/state remain unfinished. Required future validation: proposed: renegade_campaign_tests::callback_MTU_GDI_Vehicle_Killed; required runtime receipt: campaign/callback.MTU_GDI_Vehicle.Killed.json. Planned implementation (not evidence): games/renegade/content/scripts/MTU_GDI_Vehicle.lua."
behavior:campaign.callback.MTU_Range_Target.Created,behavior,campaign.callback.MTU_Range_Target.Created,Code/Scripts/Mission00.cpp:3545,games/renegade/scripting,,,not_started,,2,"Acceptance: Port MTU_Range_Target.Created to game-local Lua preserving source guards/parameters/mutable state/ordered typed command args. Exercise every guard plus adjacent/nonmatching event IDs, absent/stale targets and repeated events; compare original source-derived expected trace/Lua trace then assert real ECS/GUI/audio effects after commit barrier. Body command vocabulary: Attach_Script, Innate_Disable. Resume mutable state/pending callbacks via save fixtures. Existing shared Lua integer/string emission is a starting mechanism; full types/dispatch/state remain unfinished. Required future validation: proposed: renegade_campaign_tests::callback_MTU_Range_Target_Created; required runtime receipt: campaign/callback.MTU_Range_Target.Created.json. Planned implementation (not evidence): games/renegade/content/scripts/MTU_Range_Target.lua."
behavior:campaign.callback.MTU_Range_Target.Killed,behavior,campaign.callback.MTU_Range_Target.Killed,Code/Scripts/Mission00.cpp:3551,games/renegade/scripting,,,not_started,,2,"Acceptance: Port MTU_Range_Target.Killed to game-local Lua preserving source guards/parameters/mutable state/ordered typed command args. Exercise every guard plus adjacent/nonmatching event IDs, absent/stale targets and repeated events; compare original source-derived expected trace/Lua trace then assert real ECS/GUI/audio effects after commit barrier. Body command vocabulary: Find_Object, Get_Position, Send_Custom_Event. Resume mutable state/pending callbacks via save fixtures. Existing shared Lua integer/string emission is a starting mechanism; full types/dispatch/state remain unfinished. Required future validation: proposed: renegade_campaign_tests::callback_MTU_Range_Target_Killed; required runtime receipt: campaign/callback.MTU_Range_Target.Killed.json. Planned implementation (not evidence): games/renegade/content/scripts/MTU_Range_Target.lua."
behavior:campaign.callback.MTU_Trigger_Zone.Created,behavior,campaign.callback.MTU_Trigger_Zone.Created,Code/Scripts/Mission00.cpp:2768,games/renegade/scripting,,,not_started,,2,"Acceptance: Port MTU_Trigger_Zone.Created to game-local Lua preserving source guards/parameters/mutable state/ordered typed command args. Exercise every guard plus adjacent/nonmatching event IDs, absent/stale targets and repeated events; compare original source-derived expected trace/Lua trace then assert real ECS/GUI/audio effects after commit barrier. Body command vocabulary: (none; state/register/save operations still require parity). Resume mutable state/pending callbacks via save fixtures. Existing shared Lua integer/string emission is a starting mechanism; full types/dispatch/state remain unfinished. Required future validation: proposed: renegade_campaign_tests::callback_MTU_Trigger_Zone_Created; required runtime receipt: campaign/callback.MTU_Trigger_Zone.Created.json. Planned implementation (not evidence): games/renegade/content/scripts/MTU_Trigger_Zone.lua."
behavior:campaign.callback.MTU_Trigger_Zone.Custom,behavior,campaign.callback.MTU_Trigger_Zone.Custom,Code/Scripts/Mission00.cpp:3203,games/renegade/scripting,,,not_started,,2,"Acceptance: Port MTU_Trigger_Zone.Custom to game-local Lua preserving source guards/parameters/mutable state/ordered typed command args. Exercise every guard plus adjacent/nonmatching event IDs, absent/stale targets and repeated events; compare original source-derived expected trace/Lua trace then assert real ECS/GUI/audio effects after commit barrier. Body command vocabulary: Find_Object, Get_Max_Health, Send_Custom_Event, Set_Health, Set_Shield_Strength. Resume mutable state/pending callbacks via save fixtures. Existing shared Lua integer/string emission is a starting mechanism; full types/dispatch/state remain unfinished. Required future validation: proposed: renegade_campaign_tests::callback_MTU_Trigger_Zone_Custom; required runtime receipt: campaign/callback.MTU_Trigger_Zone.Custom.json. Planned implementation (not evidence): games/renegade/content/scripts/MTU_Trigger_Zone.lua."
behavior:campaign.callback.MTU_Trigger_Zone.Entered,behavior,campaign.callback.MTU_Trigger_Zone.Entered,Code/Scripts/Mission00.cpp:2774,games/renegade/scripting,,,not_started,,2,"Acceptance: Port MTU_Trigger_Zone.Entered to game-local Lua preserving source guards/parameters/mutable state/ordered typed command args. Exercise every guard plus adjacent/nonmatching event IDs, absent/stale targets and repeated events; compare original source-derived expected trace/Lua trace then assert real ECS/GUI/audio effects after commit barrier. Body command vocabulary: Clear_Radar_Marker, Destroy_Object, Find_Object, Get_ID, Has_Key, Send_Custom_Event, Set_HUD_Help_Text. Resume mutable state/pending callbacks via save fixtures. Existing shared Lua integer/string emission is a starting mechanism; full types/dispatch/state remain unfinished. Required future validation: proposed: renegade_campaign_tests::callback_MTU_Trigger_Zone_Entered; required runtime receipt: campaign/callback.MTU_Trigger_Zone.Entered.json. Planned implementation (not evidence): games/renegade/content/scripts/MTU_Trigger_Zone.lua."
behavior:campaign.callback.MTU_Tutorial_Controller.Created,behavior,campaign.callback.MTU_Tutorial_Controller.Created,Code/Scripts/Mission00.cpp:95,games/renegade/scripting,,,not_started,,2,"Acceptance: Port MTU_Tutorial_Controller.Created to game-local Lua preserving source guards/parameters/mutable state/ordered typed command args. Exercise every guard plus adjacent/nonmatching event IDs, absent/stale targets and repeated events; compare original source-derived expected trace/Lua trace then assert real ECS/GUI/audio effects after commit barrier. Body command vocabulary: Add_Objective, Add_Radar_Marker, Find_Object, Reveal_Map, Set_Animation_Frame, Start_Timer. Resume mutable state/pending callbacks via save fixtures. Existing shared Lua integer/string emission is a starting mechanism; full types/dispatch/state remain unfinished. Required future validation: proposed: renegade_campaign_tests::callback_MTU_Tutorial_Controller_Created; required runtime receipt: campaign/callback.MTU_Tutorial_Controller.Created.json. Planned implementation (not evidence): games/renegade/content/scripts/MTU_Tutorial_Controller.lua."
behavior:campaign.callback.MTU_Tutorial_Controller.Custom,behavior,campaign.callback.MTU_Tutorial_Controller.Custom,Code/Scripts/Mission00.cpp:312,games/renegade/scripting,,,not_started,,2,"Acceptance: Port MTU_Tutorial_Controller.Custom to game-local Lua preserving source guards/parameters/mutable state/ordered typed command args. Exercise every guard plus adjacent/nonmatching event IDs, absent/stale targets and repeated events; compare original source-derived expected trace/Lua trace then assert real ECS/GUI/audio effects after commit barrier. Body command vocabulary: Apply_Damage, Attach_Script, Clear_Radar_Marker, Create_Object, Destroy_Object, Find_Object, Get_ID, Innate_Disable, Send_Custom_Event, Set_Facing, Set_HUD_Help_Text, Set_Obj_Radar_Blip_Color, Set_Obj_Radar_Blip_Shape, Set_Objective_Status, Start_Timer, Trigger_Spawner. Resume mutable state/pending callbacks via save fixtures. Existing shared Lua integer/string emission is a starting mechanism; full types/dispatch/state remain unfinished. Required future validation: proposed: renegade_campaign_tests::callback_MTU_Tutorial_Controller_Custom; required runtime receipt: campaign/callback.MTU_Tutorial_Controller.Custom.json. Planned implementation (not evidence): games/renegade/content/scripts/MTU_Tutorial_Controller.lua."
behavior:campaign.callback.MTU_Tutorial_Controller.Timer_Expired,behavior,campaign.callback.MTU_Tutorial_Controller.Timer_Expired,Code/Scripts/Mission00.cpp:168,games/renegade/scripting,,,not_started,,2,"Acceptance: Port MTU_Tutorial_Controller.Timer_Expired to game-local Lua preserving source guards/parameters/mutable state/ordered typed command args. Exercise every guard plus adjacent/nonmatching event IDs, absent/stale targets and repeated events; compare original source-derived expected trace/Lua trace then assert real ECS/GUI/audio effects after commit barrier. Body command vocabulary: Attach_Script, Create_Object, Find_Object, Get_ID, Mission_Complete, Send_Custom_Event, Start_Timer. Resume mutable state/pending callbacks via save fixtures. Existing shared Lua integer/string emission is a starting mechanism; full types/dispatch/state remain unfinished. Required future validation: proposed: renegade_campaign_tests::callback_MTU_Tutorial_Controller_Timer_Expired; required runtime receipt: campaign/callback.MTU_Tutorial_Controller.Timer_Expired.json. Planned implementation (not evidence): games/renegade/content/scripts/MTU_Tutorial_Controller.lua."
behavior:campaign.callback.MTU_Tutorial_Instructor.Action_Complete,behavior,campaign.callback.MTU_Tutorial_Instructor.Action_Complete,Code/Scripts/Mission00.cpp:2312,games/renegade/scripting,,,not_started,,2,"Acceptance: Port MTU_Tutorial_Instructor.Action_Complete to game-local Lua preserving source guards/parameters/mutable state/ordered typed command args. Exercise every guard plus adjacent/nonmatching event IDs, absent/stale targets and repeated events; compare original source-derived expected trace/Lua trace then assert real ECS/GUI/audio effects after commit barrier. Body command vocabulary: Action_Attack, Action_Goto, Attach_Script, Create_Object, Destroy_Object, Find_Object, Get_ID, Innate_Disable, Select_Weapon, Send_Custom_Event, Set_Animation, Set_Facing, Set_HUD_Help_Text, Set_Objective_HUD_Info, Set_Objective_HUD_Info_Position, Set_Objective_Radar_Blip, Set_Objective_Status, Set_Position, Start_Timer. Resume mutable state/pending callbacks via save fixtures. Existing shared Lua integer/string emission is a starting mechanism; full types/dispatch/state remain unfinished. Required future validation: proposed: renegade_campaign_tests::callback_MTU_Tutorial_Instructor_Action_Complete; required runtime receipt: campaign/callback.MTU_Tutorial_Instructor.Action_Complete.json. Planned implementation (not evidence): games/renegade/content/scripts/MTU_Tutorial_Instructor.lua."
behavior:campaign.callback.MTU_Tutorial_Instructor.Created,behavior,campaign.callback.MTU_Tutorial_Instructor.Created,Code/Scripts/Mission00.cpp:1262,games/renegade/scripting,,,not_started,,2,"Acceptance: Port MTU_Tutorial_Instructor.Created to game-local Lua preserving source guards/parameters/mutable state/ordered typed command args. Exercise every guard plus adjacent/nonmatching event IDs, absent/stale targets and repeated events; compare original source-derived expected trace/Lua trace then assert real ECS/GUI/audio effects after commit barrier. Body command vocabulary: Enable_Hibernation, Innate_Disable, Set_Loiters_Allowed, Set_Shield_Type. Resume mutable state/pending callbacks via save fixtures. Existing shared Lua integer/string emission is a starting mechanism; full types/dispatch/state remain unfinished. Required future validation: proposed: renegade_campaign_tests::callback_MTU_Tutorial_Instructor_Created; required runtime receipt: campaign/callback.MTU_Tutorial_Instructor.Created.json. Planned implementation (not evidence): games/renegade/content/scripts/MTU_Tutorial_Instructor.lua."
behavior:campaign.callback.MTU_Tutorial_Instructor.Custom,behavior,campaign.callback.MTU_Tutorial_Instructor.Custom,Code/Scripts/Mission00.cpp:1289,games/renegade/scripting,,,not_started,,2,"Acceptance: Port MTU_Tutorial_Instructor.Custom to game-local Lua preserving source guards/parameters/mutable state/ordered typed command args. Exercise every guard plus adjacent/nonmatching event IDs, absent/stale targets and repeated events; compare original source-derived expected trace/Lua trace then assert real ECS/GUI/audio effects after commit barrier. Body command vocabulary: Action_Reset, Create_Object, Find_Object, Give_PowerUp, Send_Custom_Event, Set_HUD_Help_Text, Start_Timer. Resume mutable state/pending callbacks via save fixtures. Existing shared Lua integer/string emission is a starting mechanism; full types/dispatch/state remain unfinished. Required future validation: proposed: renegade_campaign_tests::callback_MTU_Tutorial_Instructor_Custom; required runtime receipt: campaign/callback.MTU_Tutorial_Instructor.Custom.json. Planned implementation (not evidence): games/renegade/content/scripts/MTU_Tutorial_Instructor.lua."
behavior:campaign.callback.MTU_Tutorial_Instructor.Damaged,behavior,campaign.callback.MTU_Tutorial_Instructor.Damaged,Code/Scripts/Mission00.cpp:2747,games/renegade/scripting,,,not_started,,2,"Acceptance: Port MTU_Tutorial_Instructor.Damaged to game-local Lua preserving source guards/parameters/mutable state/ordered typed command args. Exercise every guard plus adjacent/nonmatching event IDs, absent/stale targets and repeated events; compare original source-derived expected trace/Lua trace then assert real ECS/GUI/audio effects after commit barrier. Body command vocabulary: Get_Max_Health, Set_Health. Resume mutable state/pending callbacks via save fixtures. Existing shared Lua integer/string emission is a starting mechanism; full types/dispatch/state remain unfinished. Required future validation: proposed: renegade_campaign_tests::callback_MTU_Tutorial_Instructor_Damaged; required runtime receipt: campaign/callback.MTU_Tutorial_Instructor.Damaged.json. Planned implementation (not evidence): games/renegade/content/scripts/MTU_Tutorial_Instructor.lua."
behavior:campaign.callback.MTU_Tutorial_Instructor.Sound_Heard,behavior,campaign.callback.MTU_Tutorial_Instructor.Sound_Heard,Code/Scripts/Mission00.cpp:2732,games/renegade/scripting,,,not_started,,2,"Acceptance: Port MTU_Tutorial_Instructor.Sound_Heard to game-local Lua preserving source guards/parameters/mutable state/ordered typed command args. Exercise every guard plus adjacent/nonmatching event IDs, absent/stale targets and repeated events; compare original source-derived expected trace/Lua trace then assert real ECS/GUI/audio effects after commit barrier. Body command vocabulary: Get_ID. Resume mutable state/pending callbacks via save fixtures. Existing shared Lua integer/string emission is a starting mechanism; full types/dispatch/state remain unfinished. Required future validation: proposed: renegade_campaign_tests::callback_MTU_Tutorial_Instructor_Sound_Heard; required runtime receipt: campaign/callback.MTU_Tutorial_Instructor.Sound_Heard.json. Planned implementation (not evidence): games/renegade/content/scripts/MTU_Tutorial_Instructor.lua."
behavior:campaign.callback.MTU_Tutorial_Instructor.Timer_Expired,behavior,campaign.callback.MTU_Tutorial_Instructor.Timer_Expired,Code/Scripts/Mission00.cpp:1695,games/renegade/scripting,,,not_started,,2,"Acceptance: Port MTU_Tutorial_Instructor.Timer_Expired to game-local Lua preserving source guards/parameters/mutable state/ordered typed command args. Exercise every guard plus adjacent/nonmatching event IDs, absent/stale targets and repeated events; compare original source-derived expected trace/Lua trace then assert real ECS/GUI/audio effects after commit barrier. Body command vocabulary: Attach_Script, Create_Object, Find_Object, Send_Custom_Event, Set_HUD_Help_Text, Set_Position, Start_Timer. Resume mutable state/pending callbacks via save fixtures. Existing shared Lua integer/string emission is a starting mechanism; full types/dispatch/state remain unfinished. Required future validation: proposed: renegade_campaign_tests::callback_MTU_Tutorial_Instructor_Timer_Expired; required runtime receipt: campaign/callback.MTU_Tutorial_Instructor.Timer_Expired.json. Planned implementation (not evidence): games/renegade/content/scripts/MTU_Tutorial_Instructor.lua."
behavior:campaign.callback.MX0_A03_CONTROLLER_DAK.Created,behavior,campaign.callback.MX0_A03_CONTROLLER_DAK.Created,Code/Scripts/MissionX0.cpp:1816,games/renegade/scripting,,,not_started,,2,"Acceptance: Port MX0_A03_CONTROLLER_DAK.Created to game-local Lua preserving source guards/parameters/mutable state/ordered typed command args. Exercise every guard plus adjacent/nonmatching event IDs, absent/stale targets and repeated events; compare original source-derived expected trace/Lua trace then assert real ECS/GUI/audio effects after commit barrier. Body command vocabulary: (none; state/register/save operations still require parity). Resume mutable state/pending callbacks via save fixtures. Existing shared Lua integer/string emission is a starting mechanism; full types/dispatch/state remain unfinished. Required future validation: proposed: renegade_campaign_tests::callback_MX0_A03_CONTROLLER_DAK_Created; required runtime receipt: campaign/callback.MX0_A03_CONTROLLER_DAK.Created.json. Planned implementation (not evidence): games/renegade/content/scripts/MX0_A03_CONTROLLER_DAK.lua."
behavior:campaign.callback.MX0_A03_CONTROLLER_DAK.Custom,behavior,campaign.callback.MX0_A03_CONTROLLER_DAK.Custom,Code/Scripts/MissionX0.cpp:1826,games/renegade/scripting,,,not_started,,2,"Acceptance: Port MX0_A03_CONTROLLER_DAK.Custom to game-local Lua preserving source guards/parameters/mutable state/ordered typed command args. Exercise every guard plus adjacent/nonmatching event IDs, absent/stale targets and repeated events; compare original source-derived expected trace/Lua trace then assert real ECS/GUI/audio effects after commit barrier. Body command vocabulary: Action_Goto, Action_Reset, Attach_Script, Create_Conversation, Create_Object, Debug_Message, Find_Object, Get_ID, Get_Position, Join_Conversation, Scale_AI_Awareness, Send_Custom_Event, Set_Facing, Start_Conversation. Resume mutable state/pending callbacks via save fixtures. Existing shared Lua integer/string emission is a starting mechanism; full types/dispatch/state remain unfinished. Required future validation: proposed: renegade_campaign_tests::callback_MX0_A03_CONTROLLER_DAK_Custom; required runtime receipt: campaign/callback.MX0_A03_CONTROLLER_DAK.Custom.json. Planned implementation (not evidence): games/renegade/content/scripts/MX0_A03_CONTROLLER_DAK.lua."
behavior:campaign.callback.MX0_A03_END_ZONE.Created,behavior,campaign.callback.MX0_A03_END_ZONE.Created,Code/Scripts/MissionX0.cpp:2635,games/renegade/scripting,,,not_started,,2,"Acceptance: Port MX0_A03_END_ZONE.Created to game-local Lua preserving source guards/parameters/mutable state/ordered typed command args. Exercise every guard plus adjacent/nonmatching event IDs, absent/stale targets and repeated events; compare original source-derived expected trace/Lua trace then assert real ECS/GUI/audio effects after commit barrier. Body command vocabulary: (none; state/register/save operations still require parity). Resume mutable state/pending callbacks via save fixtures. Existing shared Lua integer/string emission is a starting mechanism; full types/dispatch/state remain unfinished. Required future validation: proposed: renegade_campaign_tests::callback_MX0_A03_END_ZONE_Created; required runtime receipt: campaign/callback.MX0_A03_END_ZONE.Created.json. Planned implementation (not evidence): games/renegade/content/scripts/MX0_A03_END_ZONE.lua."
behavior:campaign.callback.MX0_A03_END_ZONE.Custom,behavior,campaign.callback.MX0_A03_END_ZONE.Custom,Code/Scripts/MissionX0.cpp:2666,games/renegade/scripting,,,not_started,,2,"Acceptance: Port MX0_A03_END_ZONE.Custom to game-local Lua preserving source guards/parameters/mutable state/ordered typed command args. Exercise every guard plus adjacent/nonmatching event IDs, absent/stale targets and repeated events; compare original source-derived expected trace/Lua trace then assert real ECS/GUI/audio effects after commit barrier. Body command vocabulary: (none; state/register/save operations still require parity). Resume mutable state/pending callbacks via save fixtures. Existing shared Lua integer/string emission is a starting mechanism; full types/dispatch/state remain unfinished. Required future validation: proposed: renegade_campaign_tests::callback_MX0_A03_END_ZONE_Custom; required runtime receipt: campaign/callback.MX0_A03_END_ZONE.Custom.json. Planned implementation (not evidence): games/renegade/content/scripts/MX0_A03_END_ZONE.lua."
behavior:campaign.callback.MX0_A03_END_ZONE.Entered,behavior,campaign.callback.MX0_A03_END_ZONE.Entered,Code/Scripts/MissionX0.cpp:2639,games/renegade/scripting,,,not_started,,2,"Acceptance: Port MX0_A03_END_ZONE.Entered to game-local Lua preserving source guards/parameters/mutable state/ordered typed command args. Exercise every guard plus adjacent/nonmatching event IDs, absent/stale targets and repeated events; compare original source-derived expected trace/Lua trace then assert real ECS/GUI/audio effects after commit barrier. Body command vocabulary: Find_Object, Send_Custom_Event. Resume mutable state/pending callbacks via save fixtures. Existing shared Lua integer/string emission is a starting mechanism; full types/dispatch/state remain unfinished. Required future validation: proposed: renegade_campaign_tests::callback_MX0_A03_END_ZONE_Entered; required runtime receipt: campaign/callback.MX0_A03_END_ZONE.Entered.json. Planned implementation (not evidence): games/renegade/content/scripts/MX0_A03_END_ZONE.lua."
behavior:campaign.callback.MX0_Engineer1.Action_Complete,behavior,campaign.callback.MX0_Engineer1.Action_Complete,Code/Scripts/MissionX0.cpp:535,games/renegade/scripting,,,not_started,,2,"Acceptance: Port MX0_Engineer1.Action_Complete to game-local Lua preserving source guards/parameters/mutable state/ordered typed command args. Exercise every guard plus adjacent/nonmatching event IDs, absent/stale targets and repeated events; compare original source-derived expected trace/Lua trace then assert real ECS/GUI/audio effects after commit barrier. Body command vocabulary: Action_Goto, Find_Object, Get_Action_ID, Get_Position, Is_Performing_Pathfind_Action, Send_Custom_Event, Start_Timer. Resume mutable state/pending callbacks via save fixtures. Existing shared Lua integer/string emission is a starting mechanism; full types/dispatch/state remain unfinished. Required future validation: proposed: renegade_campaign_tests::callback_MX0_Engineer1_Action_Complete; required runtime receipt: campaign/callback.MX0_Engineer1.Action_Complete.json. Planned implementation (not evidence): games/renegade/content/scripts/MX0_Engineer1.lua."
behavior:campaign.callback.MX0_Engineer1.Animation_Complete,behavior,campaign.callback.MX0_Engineer1.Animation_Complete,Code/Scripts/MissionX0.cpp:612,games/renegade/scripting,,,not_started,,2,"Acceptance: Port MX0_Engineer1.Animation_Complete to game-local Lua preserving source guards/parameters/mutable state/ordered typed command args. Exercise every guard plus adjacent/nonmatching event IDs, absent/stale targets and repeated events; compare original source-derived expected trace/Lua trace then assert real ECS/GUI/audio effects after commit barrier. Body command vocabulary: (none; state/register/save operations still require parity). Resume mutable state/pending callbacks via save fixtures. Existing shared Lua integer/string emission is a starting mechanism; full types/dispatch/state remain unfinished. Required future validation: proposed: renegade_campaign_tests::callback_MX0_Engineer1_Animation_Complete; required runtime receipt: campaign/callback.MX0_Engineer1.Animation_Complete.json. Planned implementation (not evidence): games/renegade/content/scripts/MX0_Engineer1.lua."
behavior:campaign.callback.MX0_Engineer1.Created,behavior,campaign.callback.MX0_Engineer1.Created,Code/Scripts/MissionX0.cpp:485,games/renegade/scripting,,,not_started,,2,"Acceptance: Port MX0_Engineer1.Created to game-local Lua preserving source guards/parameters/mutable state/ordered typed command args. Exercise every guard plus adjacent/nonmatching event IDs, absent/stale targets and repeated events; compare original source-derived expected trace/Lua trace then assert real ECS/GUI/audio effects after commit barrier. Body command vocabulary: Find_Object, Get_Health, Get_ID, Send_Custom_Event, Start_Timer. Resume mutable state/pending callbacks via save fixtures. Existing shared Lua integer/string emission is a starting mechanism; full types/dispatch/state remain unfinished. Required future validation: proposed: renegade_campaign_tests::callback_MX0_Engineer1_Created; required runtime receipt: campaign/callback.MX0_Engineer1.Created.json. Planned implementation (not evidence): games/renegade/content/scripts/MX0_Engineer1.lua."
behavior:campaign.callback.MX0_Engineer1.Custom,behavior,campaign.callback.MX0_Engineer1.Custom,Code/Scripts/MissionX0.cpp:620,games/renegade/scripting,,,not_started,,2,"Acceptance: Port MX0_Engineer1.Custom to game-local Lua preserving source guards/parameters/mutable state/ordered typed command args. Exercise every guard plus adjacent/nonmatching event IDs, absent/stale targets and repeated events; compare original source-derived expected trace/Lua trace then assert real ECS/GUI/audio effects after commit barrier. Body command vocabulary: Action_Attack, Action_Goto, Action_Play_Animation, Action_Reset, Find_Object, Get_Position, Get_Random_Int, Lock_Soldier_Facing, Unlock_Soldier_Facing. Resume mutable state/pending callbacks via save fixtures. Existing shared Lua integer/string emission is a starting mechanism; full types/dispatch/state remain unfinished. Required future validation: proposed: renegade_campaign_tests::callback_MX0_Engineer1_Custom; required runtime receipt: campaign/callback.MX0_Engineer1.Custom.json. Planned implementation (not evidence): games/renegade/content/scripts/MX0_Engineer1.lua."
behavior:campaign.callback.MX0_Engineer1.Damaged,behavior,campaign.callback.MX0_Engineer1.Damaged,Code/Scripts/MissionX0.cpp:563,games/renegade/scripting,,,not_started,,2,"Acceptance: Port MX0_Engineer1.Damaged to game-local Lua preserving source guards/parameters/mutable state/ordered typed command args. Exercise every guard plus adjacent/nonmatching event IDs, absent/stale targets and repeated events; compare original source-derived expected trace/Lua trace then assert real ECS/GUI/audio effects after commit barrier. Body command vocabulary: Action_Play_Animation, Create_Conversation, Get_Health, Get_Random_Int, Join_Conversation, Monitor_Conversation, Set_Health, Start_Conversation. Resume mutable state/pending callbacks via save fixtures. Existing shared Lua integer/string emission is a starting mechanism; full types/dispatch/state remain unfinished. Required future validation: proposed: renegade_campaign_tests::callback_MX0_Engineer1_Damaged; required runtime receipt: campaign/callback.MX0_Engineer1.Damaged.json. Planned implementation (not evidence): games/renegade/content/scripts/MX0_Engineer1.lua."
behavior:campaign.callback.MX0_Engineer1.Timer_Expired,behavior,campaign.callback.MX0_Engineer1.Timer_Expired,Code/Scripts/MissionX0.cpp:498,games/renegade/scripting,,,not_started,,2,"Acceptance: Port MX0_Engineer1.Timer_Expired to game-local Lua preserving source guards/parameters/mutable state/ordered typed command args. Exercise every guard plus adjacent/nonmatching event IDs, absent/stale targets and repeated events; compare original source-derived expected trace/Lua trace then assert real ECS/GUI/audio effects after commit barrier. Body command vocabulary: Action_Goto, Find_Object, Get_Position, Set_Innate_Is_Stationary. Resume mutable state/pending callbacks via save fixtures. Existing shared Lua integer/string emission is a starting mechanism; full types/dispatch/state remain unfinished. Required future validation: proposed: renegade_campaign_tests::callback_MX0_Engineer1_Timer_Expired; required runtime receipt: campaign/callback.MX0_Engineer1.Timer_Expired.json. Planned implementation (not evidence): games/renegade/content/scripts/MX0_Engineer1.lua."
behavior:campaign.callback.MX0_MissionStart_DME.Action_Complete,behavior,campaign.callback.MX0_MissionStart_DME.Action_Complete,Code/Scripts/MissionX0.cpp:74,games/renegade/scripting,,,not_started,,2,"Acceptance: Port MX0_MissionStart_DME.Action_Complete to game-local Lua preserving source guards/parameters/mutable state/ordered typed command args. Exercise every guard plus adjacent/nonmatching event IDs, absent/stale targets and repeated events; compare original source-derived expected trace/Lua trace then assert real ECS/GUI/audio effects after commit barrier. Body command vocabulary: Find_Object, Send_Custom_Event, Start_Timer. Resume mutable state/pending callbacks via save fixtures. Existing shared Lua integer/string emission is a starting mechanism; full types/dispatch/state remain unfinished. Required future validation: proposed: renegade_campaign_tests::callback_MX0_MissionStart_DME_Action_Complete; required runtime receipt: campaign/callback.MX0_MissionStart_DME.Action_Complete.json. Planned implementation (not evidence): games/renegade/content/scripts/MX0_MissionStart_DME.lua."
behavior:campaign.callback.MX0_MissionStart_DME.Created,behavior,campaign.callback.MX0_MissionStart_DME.Created,Code/Scripts/MissionX0.cpp:59,games/renegade/scripting,,,not_started,,2,"Acceptance: Port MX0_MissionStart_DME.Created to game-local Lua preserving source guards/parameters/mutable state/ordered typed command args. Exercise every guard plus adjacent/nonmatching event IDs, absent/stale targets and repeated events; compare original source-derived expected trace/Lua trace then assert real ECS/GUI/audio effects after commit barrier. Body command vocabulary: Attach_Script, Create_Object, Fade_Background_Music, Find_Object, Get_Position, Select_Weapon. Resume mutable state/pending callbacks via save fixtures. Existing shared Lua integer/string emission is a starting mechanism; full types/dispatch/state remain unfinished. Required future validation: proposed: renegade_campaign_tests::callback_MX0_MissionStart_DME_Created; required runtime receipt: campaign/callback.MX0_MissionStart_DME.Created.json. Planned implementation (not evidence): games/renegade/content/scripts/MX0_MissionStart_DME.lua."
behavior:campaign.callback.MX0_MissionStart_DME.Custom,behavior,campaign.callback.MX0_MissionStart_DME.Custom,Code/Scripts/MissionX0.cpp:179,games/renegade/scripting,,,not_started,,2,"Acceptance: Port MX0_MissionStart_DME.Custom to game-local Lua preserving source guards/parameters/mutable state/ordered typed command args. Exercise every guard plus adjacent/nonmatching event IDs, absent/stale targets and repeated events; compare original source-derived expected trace/Lua trace then assert real ECS/GUI/audio effects after commit barrier. Body command vocabulary: Create_Conversation, Create_Object, Find_Object, Get_ID, Get_Random_Int, Innate_Disable, Join_Conversation, Join_Conversation_Facing, Monitor_Conversation, Send_Custom_Event, Set_Facing, Set_Is_Rendered, Start_Conversation, Start_Timer. Resume mutable state/pending callbacks via save fixtures. Existing shared Lua integer/string emission is a starting mechanism; full types/dispatch/state remain unfinished. Required future validation: proposed: renegade_campaign_tests::callback_MX0_MissionStart_DME_Custom; required runtime receipt: campaign/callback.MX0_MissionStart_DME.Custom.json. Planned implementation (not evidence): games/renegade/content/scripts/MX0_MissionStart_DME.lua."
behavior:campaign.callback.MX0_MissionStart_DME.Timer_Expired,behavior,campaign.callback.MX0_MissionStart_DME.Timer_Expired,Code/Scripts/MissionX0.cpp:93,games/renegade/scripting,,,not_started,,2,"Acceptance: Port MX0_MissionStart_DME.Timer_Expired to game-local Lua preserving source guards/parameters/mutable state/ordered typed command args. Exercise every guard plus adjacent/nonmatching event IDs, absent/stale targets and repeated events; compare original source-derived expected trace/Lua trace then assert real ECS/GUI/audio effects after commit barrier. Body command vocabulary: Attach_Script, Create_Conversation, Create_Object, Find_Object, Get_ID, Get_Position, Give_PowerUp, Join_Conversation, Monitor_Conversation, Select_Weapon, Send_Custom_Event, Set_Background_Music, Set_HUD_Help_Text, Start_Conversation, Start_Timer. Resume mutable state/pending callbacks via save fixtures. Existing shared Lua integer/string emission is a starting mechanism; full types/dispatch/state remain unfinished. Required future validation: proposed: renegade_campaign_tests::callback_MX0_MissionStart_DME_Timer_Expired; required runtime receipt: campaign/callback.MX0_MissionStart_DME.Timer_Expired.json. Planned implementation (not evidence): games/renegade/content/scripts/MX0_MissionStart_DME.lua."
