id,kind,feature,legacy_source,placement,target_paths,tests,status,verification,milestone,notes
module:ActiveBody,module,ActiveBody,GeneralsMD/Code/GameEngine/Source/Common/Thing/ModuleFactory.cpp,engine/gameplay;games/generalszh/gameplay,engine/gameplay/common/health/systems/health_system.cppm;games/generalszh/gameplay/objects/algorithms/object_factory.cppm;engine/gameplay/common/health/resources/armor_catalog.cppm;games/generalszh/gameplay/combat/systems/pilot_kill_system.cppm;games/generalszh/gameplay/combat/algorithms/unmanned_vehicles.cppm;games/generalszh/presentation/objects/systems/disable_presentation_systems.cppm;engine/gameplay/common/health/components/subdual.cppm;engine/gameplay/common/health/systems/subdual_system.cppm;games/generalszh/gameplay/combat/algorithms/subdual_changes.cppm;engine/gameplay/rts/containment/systems/garrison_kill_damage_system.cppm;engine/gameplay/common/health/systems/status_damage_system.cppm,engine/gameplay/rts/combat/combat.test;games/generalszh/session/session.test;games/generalszh/presentation/objects/vehicle_motion.test;games/generalszh/session/unmanned_vehicles.test;games/generalszh/session/attacks.test;games/generalszh/presentation/objects/emp_look.test;games/generalszh/session/special_abilities.test,in_progress,,shellmap,"max and initial health, armor, death with overkill; damage states (DAMAGED/REALLYDAMAGED/RUBBLE by the GameData UnitDamagedThreshold/UnitReallyDamagedThreshold ratios, calcDamageState) set as model conditions by the appearance system and drive TransitionDamageFX. Still missing: subdual damage (SUBDUAL_* types go to health instead of a subdual pool), STATUS/KILL_GARRISONED/HEALING routing in attemptDamage, no legacy_parity test for the damage state thresholds.; 2026-09-26: doDamageFX is ported: engine Hits plus the presentation HitFxSystem with the throttle. 2026-09-27: DAMAGE_KILLPILOT: a handled damage type (no health lost; the hit still told for FX); a VEHICLE hit loses its pilot (PilotKillSystem in the step: DISABLED_UNMANNED, a CARBOMB-set template killed outright; after it: experience to none, aiIdle, neutral team; splatter sound). Not yet: combat bike (RiderChangeContain) case, the car bomb sniper kill credit, academy recordVehicleSniped, AutoHeal undoUpgrade (upgrade AutoHeal not ported); STATUS damage ported (StatusDamageSystem: the object status for the damage after armor in ms, rounded up to frames, healed then; another held status from such damage cleared first); KILL_GARRISONED ported (GarrisonKillDamageSystem: floor(amount) of those inside a garrisonable, non-immune structure killed in held order, the structure unhurt; legacy_parity_a_microwave_tank_kills_those_inside_one_a_shot). Subdual damage ported (2026-09-29): IsSubdualDamage types never touch health; a body with SubdualDamageCap > 0 (Subdual) adds them after armor (0..cap), a hit waking its SubdualDamageHelper (SubdualSystem sheds SubdualDamageHealAmount every SubdualDamageHealRate from the tick after the last hit); reaching max health sets DISABLED_SUBDUED (forever, cleared with clearDisabled's rider/spawn propagation once below), passengers go idle; TINT_STATUS_GAINING_SUBDUAL_DAMAGE tints it blue; handled hits no longer set off FireWeaponWhenDamaged (onDamage needs lost health). Projectiles jam (MissileAIUpdate). Pending: the FS_INTERNET_CENTER re-hack order. The building/vehicle re-enabled sounds play (DisabledSoundSystem). 2026-09-30: onSubdualChange on an FS_INTERNET_CENTER no longer subdued orders its riders to hack again (orderAllPassengersToHackInternet); orderAllPassengersToIdle now packs hackers up (aiIdle through HackInternetAIUpdate::aiDoCommand): legacy_parity_an_internet_centers_hackers_resume_once_it_recovers. 2026-09-30: DAMAGE_KILLPILOT on a Combat Bike: a moving bike is killed, a standing one has its rider thrown off and killed, the damager scoring the kill (scoreTheKill): legacy_parity_a_pilot_kill_on_a_combat_bike."
module:ActiveShroudUpgrade,module,ActiveShroudUpgrade,GeneralsMD/Code/GameEngine/Source/Common/Thing/ModuleFactory.cpp,,,,not_applicable,,,2026-09-30: no shipped Zero Hour object uses it; checked every Data/INI object and every map.ini. Port it if a mod or map ever needs it.
module:AIUpdateInterface,module,AIUpdateInterface,GeneralsMD/Code/GameEngine/Source/Common/Thing/ModuleFactory.cpp,engine/gameplay;games/generalszh/gameplay,engine/gameplay/rts/combat/systems/targeting_system.cppm;engine/gameplay/rts/combat/systems/weapon_system.cppm;engine/gameplay/rts/combat/systems/impact_system.cppm;games/generalszh/gameplay/objects/algorithms/object_factory.cppm;engine/gameplay/rts/combat/systems/turret_system.cppm;engine/gameplay/rts/combat/components/turret.cppm;engine/gameplay/rts/combat/components/aggression.cppm;engine/gameplay/rts/combat/resources/mood_ranges.cppm;games/generalszh/gameplay/teams/algorithms/team_actions.cppm;games/generalszh/gameplay/world/algorithms/level_setup.cppm;games/generalszh/gameplay/ai/algorithms/retaliation.cppm;games/generalszh/gameplay/ai/resources/retaliation_modes.cppm;games/generalszh/gameplay/ai/systems/guard_system.cppm;engine/gameplay/rts/containment/systems/container_classes_system.cppm;engine/gameplay/rts/movement/components/move_ended.cppm,engine/gameplay/rts/combat/combat.test;games/generalszh/session/session.test;games/generalszh/session/retaliation.test;games/generalszh/session/create_modules.test,in_progress,,shellmap,"auto acquire, scan interval, guard and hunt; turret (TurretAI turn/pitch rates, rest, recenter, scan); AltTurret: a second TurretAI with its own rates, rest and fire pitch, linked (TurretsLinked, the battleship) aiming at the attack target with the first, else holding/recentering/scanning, drawn on its AltTurret/AltTurretPitch bones; per-slot weapons: each slot aimed by the turret whose ControlledWeaponSlots name it (SECONDARY fires from the AltTurret on the battleship). Still missing: the rest of the AI state machine (retaliation against lastAttacker, which is recorded but unused; idle wander, dock/enter states). PreAttackDelay applied (weapon wind-up, see WeaponTemplate.PreAttackDelay). 2026-09-27: attitude (m_attitude) and getNextMoodTarget's range: vision x GuardOuterModifier (human/AI) x mood (sleep none, alert, aggressive), carried: longest weapon + carrier radius; passive AI units strike back at their last attacker only; a human's unit only within attack range; candidates ranked by bounding-circle gap (FROM_BOUNDINGSPHERE_2D). Attitude from teamAggressiveness (creation, setTeam), objectAggressiveness, scripts. Not yet: the rest of the mood matrix (sleep ignoring commands, alert/aggressive moves as attack-moves), the stealthed-no-autoacquire rule, team common target, mood check random offset, LOS (CAN_SEE) and insignificant-building filters. 2026-09-28: retaliation (ActiveBody::attemptDamage's call for help after the tick's hits: a human player with retaliation mode on (RetaliationModes, set by commands::EnableRetaliation, which the host posts each whole second while the Retaliation option differs); shouldRetaliateAgainstAggressor and shouldRetaliate; aiGuardRetaliate, CMD_FROM_AI) and AIGuardRetaliateMachine as GuardMode::Retaliate in GuardSystem (retail conditions: struck back from return and idle; attack-aggressor, inner 1.5x, outer 0.67x ranges; never beyond its inner range of where it stood; buildings passed over but base defences and attack-able containers for a player's look; idle's empty look ends it: AI_IDLE). 2026-09-30: PartitionFilterRejectBuildings in the idle / guard / hold mood scans: enemy buildings passed over unless FS_BASE_DEFENSE (target_class::BaseDefense) or a container able to attack (ArmedContainer, ContainerClassesSystem); a computer player's units take any enemy building (m_acquireEnemies): create_modules/legacy_parity_idle_units_pass_over_buildings_unless_they_fight. Pending: the random half-rate mood check offset (m_randomlyOffsetMoodCheck). 2026-09-30: AIIdleState::onEnter resetNextMoodCheckTime / wakeUpAndAttemptToTarget / m_randomlyOffsetMoodCheck ported (combat.test legacy_parity_an_idle_unit_first_looks_force_idle_frames_on_then_randomly_offset)."
module:AnimatedParticleSysBoneClientUpdate,module,AnimatedParticleSysBoneClientUpdate,GeneralsMD/Code/GameEngine/Source/Common/Thing/ModuleFactory.cpp,games/generalszh/presentation;games/generalszh/hosts,games/generalszh/presentation/objects/algorithms/look_setup.cppm;games/generalszh/presentation/objects/resources/look_catalog.cppm;games/generalszh/presentation/objects/resources/presentation_resources.cppm;games/generalszh/presentation/objects/systems/effect_attachment_systems.cppm;games/generalszh/presentation/rendering/object_rendering.cpp;games/generalszh/hosts/game/game_client.cpp;games/generalszh/hosts/game/world_scene.cpp,games/generalszh/presentation/objects/vehicle_motion.test,ported,,skirmish,"updateBonesForClientParticleSystems: a condition state's bone particle systems follow the model's current animated pose each frame (the renderer's ModelAssetPose at the instance's animation time via BonePoses.animated), else stay at the rest pose. Turret/barrel controls on the bone are not applied (animation only)."
module:AnimationSteeringUpdate,module,AnimationSteeringUpdate,GeneralsMD/Code/GameEngine/Source/Common/Thing/ModuleFactory.cpp,engine/gameplay;games/generalszh/content;games/generalszh/gameplay,engine/gameplay/rts/movement/components/locomotion.cppm;engine/gameplay/rts/movement/algorithms/steering.cppm;games/generalszh/content/locomotors/animation_steering.cppm;games/generalszh/gameplay/appearance/components/steering_look.cppm;games/generalszh/gameplay/appearance/systems/steering_look_system.cppm,games/generalszh/session/object_looks.test;engine/gameplay/rts/movement/movement.test,ported,,shellmap,"Locomotion.turning (PhysicsBehavior::getTurning: set by Steer when the wanted turn exceeds the rate) drives CENTER_TO_LEFT/RIGHT and LEFT/RIGHT_TO_CENTER with MinTransitionTime in ticks, rounded up. Chunk-parallel, PostSimulation, before the snapshot."
module:ArmorUpgrade,module,ArmorUpgrade,GeneralsMD/Code/GameEngine/Source/Common/Thing/ModuleFactory.cpp,engine/gameplay;games/generalszh/gameplay;games/generalszh/content,engine/gameplay/rts/upgrades/systems/upgrade_system.cppm;games/generalszh/gameplay/upgrades/systems/upgrade_effect_system.cppm;games/generalszh/content/upgrades/upgrade_content.cppm,engine/gameplay/rts/upgrades/upgrades.test;games/generalszh/content/upgrades/upgrade_content.test;games/generalszh/session/session.test,in_progress,,skirmish,UpgradeMux trigger sets the PLAYER_UPGRADE armor set (exact-condition set); chem-suit terrain decal and multi-flag armor set matching pending
module:AssaultTransportAIUpdate,module,AssaultTransportAIUpdate,GeneralsMD/Code/GameEngine/Source/Common/Thing/ModuleFactory.cpp,games/generalszh/gameplay;games/generalszh/session,games/generalszh/gameplay/containment/components/assault_transport.cppm;games/generalszh/gameplay/containment/systems/assault_transport_system.cppm;games/generalszh/gameplay/containment/algorithms/assault_transports.cppm;games/generalszh/gameplay/orders/algorithms/unit_orders.cppm;games/generalszh/gameplay/objects/algorithms/object_factory.cppm;games/generalszh/session/session.cppm,games/generalszh/session/special_abilities.test,ported,,skirmish,"2026-09-29: a chunked AssaultTransportSystem keeps the member list (dead or taken-over members out, the last moved into the gap; riders join, wounded ones noted, later ones new), idles a pointless attack, sends healthy members out at the DEPLOY weapon's designated enemy, wounded ones back, standing ones at it, or keeps attack-moving / calls them back; gives the members its order on death. Orders go out as AssaultOrders applied after the step (CMD_FROM_AI); aiDoCommand is the Commanded funnel (any outside order resets; attack-move / attack set their flags; stop calls the members back first); beginAssault from the tick's FiredShots of a DEPLOY weapon. setAllowedToChase: the AI attack is an ordered attack. Checkpointed component."
module:AssistedTargetingUpdate,module,AssistedTargetingUpdate,GeneralsMD/Code/GameEngine/Source/Common/Thing/ModuleFactory.cpp,engine/gameplay;games/generalszh/content;games/generalszh/gameplay;games/generalszh/presentation;games/generalszh/session;games/generalszh/hosts,engine/gameplay/rts/combat/components/assisted_targeting.cppm;engine/gameplay/rts/combat/resources/assists.cppm;engine/gameplay/rts/combat/systems/assist_system.cppm;games/generalszh/content/combat/combat_catalog.cppm;games/generalszh/gameplay/objects/algorithms/object_factory.cppm;games/generalszh/session/session.cppm;games/generalszh/presentation/objects/algorithms/tick_effects.cppm;games/generalszh/presentation/objects/resources/presentation_resources.cppm;games/generalszh/hosts/game/game_client.cpp,games/generalszh/session/research.test,ported,,shellmap,"a shot of a RequestAssistRange weapon at a victim asks the firer's player's same-kind objects within range (centres, 2D) that are free (able to attack, weapon in hand ready): each locks its AssistingWeaponSlot for the attack (LOCKED_TEMPORARILY, the old lock put back), attacks the victim for AssistingClipSize shots, and the data streams (LaserFromAssisted, LaserToTarget) are drawn requester->helper and helper->target"
module:AutoDepositUpdate,module,AutoDepositUpdate,GeneralsMD/Code/GameEngine/Source/Common/Thing/ModuleFactory.cpp,engine/gameplay;games/generalszh/content;games/generalszh/gameplay;games/generalszh/session;games/generalszh/presentation;games/generalszh/hosts,engine/gameplay/rts/economy/components/auto_deposit.cppm;engine/gameplay/rts/economy/systems/auto_deposit_system.cppm;games/generalszh/content/economy/auto_deposit_content.cppm;games/generalszh/gameplay/objects/algorithms/object_factory.cppm;games/generalszh/session/session.cppm;games/generalszh/presentation/objects/systems/cash_presentation_systems.cppm;games/generalszh/presentation/objects/algorithms/presentation_schedule.cppm;games/generalszh/hosts/game/game_client.cpp,engine/gameplay/rts/economy/auto_deposit.test;games/generalszh/session/create_modules.test,ported,,skirmish,"Every DepositTiming a finished object of a playable player pays DepositAmount, plus the UpgradedBoost while its player has that upgrade (ActualMoney No: display only); its first payday arms InitialCaptureBonus, paid once to a playable player taking it over (Player::becomingTeamMember -> awardInitialCaptureBonus, seen as an owner change, which also restarts its period). Payments float ""+$"" (GUI:AddCash) in the player colour 10 above it, scattered over a structure by 0.3 of its radii, unless stealthed and undetected from a non-ally. Quirk fixed: the original looked UpgradedBoost up through one function-static template shared by every object; each object's own (first) pair is used. Not yet: ScoreKeeper::addMoneyEarned (no score keeper ported)."
module:AutoFindHealingUpdate,module,AutoFindHealingUpdate,GeneralsMD/Code/GameEngine/Source/Common/Thing/ModuleFactory.cpp,games/generalszh/content;games/generalszh/gameplay;games/generalszh/session,games/generalszh/gameplay/containment/components/heal_seeker.cppm;games/generalszh/gameplay/containment/systems/heal_seek_system.cppm;games/generalszh/content/containment/transport_content.cppm;games/generalszh/gameplay/objects/algorithms/object_factory.cppm;games/generalszh/session/session.cppm,games/generalszh/session/research.test,ported,,shellmap,"HealSeekSystem: computer players only (HarvestCatalog::Computer); m_nextScanFrames countdown from 0 (scans every ScanRate+1 frames); skips units above NeverHeal (default 0.95) of max or not idle (moving, attacking, boarding); nearest HEAL_PAD within ScanRange from centres, any player (ties by entity order); canGetHealedAt (allies, pad alive, neither under construction, pad not sold, infantry, not whole; shroud is human-only) then aiEnter via Boarding. AlwaysHeal is read but never used (update returns first)."
module:AutoHealBehavior,module,AutoHealBehavior,GeneralsMD/Code/GameEngine/Source/Common/Thing/ModuleFactory.cpp,engine/gameplay;games/generalszh/content;games/generalszh/gameplay,engine/gameplay/common/healing/systems/self_healing_system.cppm;engine/gameplay/common/healing/systems/area_healing_system.cppm;engine/gameplay/common/healing/systems/healing_system.cppm;games/generalszh/content/healing/healing_content.cppm;games/generalszh/content/upgrades/upgrade_content.cppm;games/generalszh/gameplay/upgrades/systems/upgrade_effect_system.cppm,engine/gameplay/common/healing/healing.test;games/generalszh/content/healing/healing_content.test;games/generalszh/session/attacks.test,in_progress,,shellmap,"self, area (several programs, sole-benefactor lock), whole-player and single-burst healing; upgrade-triggered modules (junk repair) wait for upgrades; heal particle systems pending 2026-09-29: no shipped AutoHealBehavior sets UnitHealPulseParticleSystem or RadiusParticleSystemName (GeneralsMD/run INI searched), so the pending heal particle systems draw nothing in stock data. 2026-09-30: the upgrade-triggered modules (UpgradeMux: GLA Junk Repair on 74 vehicles) are read dormant (SelfHealing.dormant / area_healing::Dormant: the constructor sleeps forever, no random phase drawn) and wake on their upgrade (UpgradeEffectKind::AutoHeal: upgradeImplementation, healing from the next update): attacks/legacy_parity_junk_repair_wakes_a_gla_vehicles_self_repair. 2026-09-30: SelfHealing holds up to four programs, one per self-heal module (AutoHealBehavior modules in module order, then BaseRegenerateUpdate), so the veterancy AutoHeal every object inherits (DefaultThing ModuleTag_DefaultAutoHealBehavior, dormant until Upgrade_Veterancy_ELITE/HEROIC) no longer replaces a structure's base regeneration or a vehicle's own heal; an AutoHeal upgrade wakes its own program (UpgradeEffectContent::SelfHeal | ordinal). Still to do: undoUpgrade when a pilot is killed."
module:BaikonurLaunchPower,module,BaikonurLaunchPower,GeneralsMD/Code/GameEngine/Source/Common/Thing/ModuleFactory.cpp,games/generalszh/content;games/generalszh/gameplay,games/generalszh/content/powers/special_powers.cppm;games/generalszh/gameplay/powers/algorithms/special_power_launch.cppm;games/generalszh/gameplay/orders/algorithms/command_buttons.cppm,games/generalszh/session/attacks.test,ported,,campaign,BaikonurLaunchPower: not while disabled; triggered; doSpecialPower (a command button with no target) sets DOOR_1_OPENING; doSpecialPowerAtLocation makes its DetonationObject at the spot on its team.
module:BaseRegenerateUpdate,module,BaseRegenerateUpdate,GeneralsMD/Code/GameEngine/Source/Common/Thing/ModuleFactory.cpp,engine/gameplay;games/generalszh/content;games/generalszh/gameplay,engine/gameplay/common/healing/systems/self_healing_system.cppm;games/generalszh/content/global/game_data.cppm;games/generalszh/gameplay/objects/algorithms/object_factory.cppm;engine/gameplay/common/healing/components/healing.cppm,games/generalszh/session/create_modules.test;engine/gameplay/common/healing/healing.test,ported,,shellmap,"Generic SelfHealing: 3 * max * BaseRegenHealthPercentPerSecond / 30 every 3 ticks, starting BaseRegenDelay after the last damage, with no random phase. Differences: the amount is fixed from max health at creation (the original reads max health each time). It runs while underpowered and not while held (SelfHealing.runsWhileDisabled, as getDisabledTypesToProcess). Construction and sold status arrive with construction (Milestone 2). It waits while the structure is under construction or being sold (SelfHealing.waiting, set by the build and sale and cleared when it stands). 2026-09-30: its own SelfHealing program beside any AutoHealBehavior ones (every object inherits a dormant veterancy AutoHeal, which had dropped base regeneration: create_modules/legacy_parity_a_damaged_building_regenerates_after_a_quiet_spell, legacy_parity_dozers_repair_and_resume); only programs with onlyWhenStanding wait."
module:BattleBusSlowDeathBehavior,module,BattleBusSlowDeathBehavior,GeneralsMD/Code/GameEngine/Source/Common/Thing/ModuleFactory.cpp,engine/gameplay;games/generalszh/content;games/generalszh/gameplay;games/generalszh/session;games/generalszh/presentation,engine/gameplay/common/health/components/second_life.cppm;engine/gameplay/common/health/systems/health_system.cppm;engine/gameplay/rts/lifecycle/resources/kill_requests.cppm;engine/gameplay/rts/death/systems/death_system.cppm;games/generalszh/gameplay/combat/components/battle_bus.cppm;games/generalszh/gameplay/combat/systems/battle_bus_system.cppm;games/generalszh/gameplay/combat/algorithms/battle_bus.cppm;games/generalszh/gameplay/objects/resources/object_templates.cppm;games/generalszh/content/combat/combat_catalog.cppm;games/generalszh/presentation/objects/algorithms/tick_effects.cppm,games/generalszh/session/special_abilities.test,ported,,skirmish,"2026-09-29: first death (not really dead): FXStartUndeath/OCLStartUndeath, AI idle, physics cleared, thrown by ThrowForce less shock resistance, random spin, riders take PercentDamageToPassengers of their maximum (unresistable, with the next tick's damage); lands the first update past GROUND_CHECK_DELAY on the ground: FXHitGround/OCLHitGround, SECOND_LIFE, idle, stilled, HELD; an empty hulk checked the update after and every 15 ticks, killed PENALTY/EXTRA_4 past EmptyHulkDestructionDelay (a typed kill request, this tick's deaths); a real death runs its slow death as any other."
module:BattlePlanUpdate,module,BattlePlanUpdate,GeneralsMD/Code/GameEngine/Source/Common/Thing/ModuleFactory.cpp,engine/gameplay;games/generalszh/gameplay;games/generalszh/session;games/generalszh/presentation,games/generalszh/gameplay/battleplans/components/battle_plan.cppm;games/generalszh/gameplay/battleplans/systems/battle_plan_system.cppm;games/generalszh/gameplay/battleplans/algorithms/battle_plan_bonuses.cppm;games/generalszh/gameplay/battleplans/algorithms/battle_plan_events.cppm;games/generalszh/gameplay/battleplans/resources/battle_plan_players.cppm;games/generalszh/gameplay/battleplans/resources/battle_plan_cues.cppm;games/generalszh/gameplay/objects/resources/object_templates.cppm;games/generalszh/gameplay/powers/algorithms/special_power_launch.cppm;engine/gameplay/common/health/components/damage_scalar.cppm;engine/gameplay/common/health/systems/health_system.cppm;engine/gameplay/common/status/algorithms/disable_now.cppm;games/generalszh/presentation/audio/algorithms/audio_schedule.cppm;games/generalszh/presentation/hud/systems/radar_event_system.cppm,games/generalszh/session/special_abilities.test;games/generalszh/commands/game_commands.test,ported,,skirmish,"2026-09-29: the Strategy Center as a chunked BattlePlanSystem (not while disabled): the special power's OPTION_ONE/TWO/THREE (now carried by the UseSpecialPower command and the button) choose bombardment, hold the line or search and destroy; idle -> unpacking (DOOR_n_OPENING, the plan's animation time) -> active (DOOR_n_WAITING_TO_CLOSE, setBattlePlan; bombardment turns its turret on) -> another plan chosen: packing (DOOR_n_CLOSING, the plan taken back, the player's valid troops DISABLED_PARALYZED for BattlePlanChangeParalyzeTime) -> idle for TransitionIdleTime; bombardment first idles its AI, turns the turret off (the fork's fix) and recenters it, packing the update after it is at rest. Player counts per plan (checkpointed BattlePlanPlayers): the first of a plan applies its bonuses to every object of the player, the last gone inverts them; ActiveBody's damage scalar (new engine DamageScalar, not for handled/subdual/UNRESISTABLE damage), vision and shroud range, BATTLEPLAN_* weapon bonuses; projectiles judged by their producer; new objects and ones changing sides get/lose them (becomingTeamMember); the center's own max health x2 PRESERVE_RATIO and sight x2 with its stealth detector on; onCapture moves the plan (the fork's fix); onDelete (any removal: casualties recounted against standing centers). Presentation: unpack/pack sounds, announcement, the message (to everyone, as the original) and the owner's battle plan radar event. Not yet: the search and destroy idle loop sound, the plan icons over troops (Drawable), the CHECK_LIKE button state, shots in flight when a plan changes (the port's shots take bonuses at firing), setAnimationLoopDuration, academy stats."
module:BeaconClientUpdate,module,BeaconClientUpdate,GeneralsMD/Code/GameEngine/Source/Common/Thing/ModuleFactory.cpp,games/generalszh/content;games/generalszh/gameplay;games/generalszh/commands;games/generalszh/presentation;games/generalszh/session;games/generalszh/hosts;engine/platform,games/generalszh/gameplay/beacons/resources/beacons.cppm;games/generalszh/gameplay/beacons/algorithms/beacons.cppm;games/generalszh/commands/game_commands.cppm;games/generalszh/gameplay/orders/algorithms/command_application.cppm;games/generalszh/session/session.cppm;games/generalszh/content/global/player_templates.cppm;games/generalszh/content/loading/game_content.cppm;games/generalszh/presentation/objects/components/beacon_look.cppm;games/generalszh/presentation/hud/systems/beacon_system.cppm;games/generalszh/presentation/objects/algorithms/look_setup.cppm;games/generalszh/presentation/objects/resources/look_catalog.cppm;games/generalszh/presentation/objects/systems/object_presentation_systems.cppm;games/generalszh/presentation/interaction/systems/interaction_systems.cppm;games/generalszh/hosts/game/game_client.cpp;games/generalszh/hosts/game/main.cpp;engine/platform/events/PlatformEvent.cppm;engine/platform/adapters/sdl3/events/SDL3EventService.cppm,games/generalszh/presentation/hud/beacon_system.test;games/generalszh/commands/game_commands.test,ported,,lan,"Sim: PlaceBeacon/RemoveBeacon/SetBeaconText commands (GameLogic::onPlaceBeacon: edge clamp, BeaconName per side, defeated/none Failed, MaxBeaconsPerPlayer TooMany, default team; onRemoveBeacon: own destroyed, another's hidden for the asker; onSetBeaconText) with BeaconCues. Client: BeaconSystem (placed feedback for allies/observers: GUI:BeaconPlaced, BeaconPlaced sound, information radar event, EVA BeaconDetected; hideBeacon for others; BeaconSmoke%06X smoke; radar pulses every RadarPulseFrequency for RadarPulseDuration). Host: Ctrl+B (PLACE_BEACON -> Command_PlaceBeacon target) and Del (DELETE_BEACON) in network matches only. Fixed quirk: Failed feedback only to the placer (original told every client). Not yet: BeaconSmokeFFFFFF tinted fallback (unreachable with shipped colours), caption drawing and the beacon text entry (in-game chat)."
module:BoneFXDamage,module,BoneFXDamage,GeneralsMD/Code/GameEngine/Source/Common/Thing/ModuleFactory.cpp,games/generalszh/gameplay,games/generalszh/gameplay/effects/systems/bone_fx_system.cppm,games/generalszh/session/create_modules.test,ported,,skirmish,2026-09-29: onBodyDamageStateChange -> changeBodyDamageState: the BoneFxSystem notices the body damage state change the tick it happens and re-times the new state's slots (the presentation destroys the running particle systems).
module:BoneFXUpdate,module,BoneFXUpdate,GeneralsMD/Code/GameEngine/Source/Common/Thing/ModuleFactory.cpp,games/generalszh/content;games/generalszh/gameplay;games/generalszh/session;games/generalszh/presentation;games/generalszh/hosts,games/generalszh/content/effects/bone_fx_content.cppm;games/generalszh/content/loading/game_content.cppm;games/generalszh/gameplay/effects/components/bone_fx.cppm;games/generalszh/gameplay/effects/systems/bone_fx_system.cppm;games/generalszh/gameplay/effects/algorithms/bone_fx_effects.cppm;games/generalszh/gameplay/objects/resources/object_templates.cppm;games/generalszh/gameplay/objects/algorithms/object_factory.cppm;games/generalszh/session/session.cppm;games/generalszh/presentation/objects/systems/bone_fx_presentation_systems.cppm;games/generalszh/presentation/objects/components/effect_attachments.cppm;games/generalszh/presentation/objects/resources/look_catalog.cppm;games/generalszh/presentation/objects/algorithms/look_setup.cppm;games/generalszh/presentation/objects/algorithms/presentation_schedule.cppm;games/generalszh/hosts/game/game_client.cpp,games/generalszh/session/create_modules.test;games/generalszh/presentation/objects/vehicle_motion.test;games/generalszh/content/effects/bone_fx_content.test,ported,,skirmish,"2026-09-29: content: <State>FXList/OCL/ParticleSystem1-8 (Bone:, OnlyOnce:, min/max ms as real ticks, name) and DamageFX/OCL/ParticleTypes; bones at rest in the model each damage state's condition picks (findBestInfo with that condition alone: night/snow/garrisoned variants share their skeletons), at the object's scale; a missing bone (NULL): the origin. Simulation: a chunked BoneFxSystem (PostSimulation, after the damage, topples and collapses): body damage state by health (calcDamageState), initTimes on the first update and each change, FX list then creation list per slot when due (the damage-type filter skips but re-times; OnlyOnce), at the bone turned and moved with the object; stopAllBoneFX when a topple or collapse finishes; BoneFxEvents -> ApplyBoneFx (EffectCues at the spot; RunCreationList with the object as primary). Presentation: BoneParticleSystem (tick, presentation RNG as GameClientRandomVariable) follows the simulation's timings/stops, starts systems riding on the object (hidden: stopped), destroys them on new timings or a stop; BoneFxRideSystem moves them each frame; an object no longer presented loses them. legacy_parity_a_tower_plays_its_rubble_bone_fx_once_before_it_lies_flat, legacy_parity_bone_fx_particle_systems_follow_the_simulations_timings. The last-damage filter reads Health.lastDamageType, which healing does not yet set to HEALING as attemptHealing does. 2026-10-01: all 99 fields proven (bone_fx_content.test); DamageTypeFlags now restart from ALL on each read as INI::parseDamageTypeFlags does."
module:BridgeBehavior,module,BridgeBehavior,GeneralsMD/Code/GameEngine/Source/Common/Thing/ModuleFactory.cpp,games/generalszh/gameplay;games/generalszh/session;games/generalszh/presentation,games/generalszh/gameplay/bridges/components/bridge.cppm;games/generalszh/gameplay/bridges/systems/bridge_damage_system.cppm;games/generalszh/gameplay/bridges/algorithms/bridges.cppm;games/generalszh/gameplay/bridges/resources/bridge_cues.cppm;games/generalszh/session/session.cppm;engine/gameplay/rts/navigation/algorithms/decks.cppm;engine/gameplay/rts/navigation/algorithms/clearance.cppm;engine/gameplay/rts/navigation/algorithms/route_search.cppm;engine/gameplay/rts/movement/systems/movement_system.cppm;engine/gameplay/rts/movement/systems/route_request_system.cppm;engine/gameplay/common/spatial/resources/deck_surfaces.cppm;engine/gameplay/common/spatial/components/surface_layer.cppm;engine/gameplay/common/physics/systems/physics_system.cppm;engine/gameplay/rts/death/systems/slow_death_system.cppm,games/generalszh/session/bridges.test;engine/gameplay/rts/navigation/navigation.test;engine/gameplay/common/physics/physics.test,in_progress,,skirmish,"2026-09-29: map-drawn bridges (W3DBridgeBuffer::loadBridges / getBridgeInfo / Bridge::Bridge(BridgeInfo): a GenericBridge per BRIDGE_POINT1/2 pair, ends 0.25 above the height map, corners by the model's BRIDGE_LEFT extent times BridgeScale, its map properties, no towers) and landmark bridges (Bridge::Bridge(Object*): the box's corners, four Roads.ini towers pushed out by their major radius, on its team, indestructible with it). BridgeDamageSystem (chunked): the body state from health (calcDamageState; dying is rubble) and its changes (onBodyDamageStateChange: sound to DAMAGED, area effects, updateBridgeDamageStates: damageStateChanged only into or out of rubble), the timed BridgeDieFX/OCL; onDie: towers killed, death noted. GenericBridge's ImmortalBody never reaches rubble (as the original: map bridges are not destructible). Decks (Pathfinder::addBridge / PathfindLayer::classifyCells / classifyLayerMapCell with isCellOnEnd, isCellOnSide, isCellEntryPoint, LineInRegion): each bridge a deck layer of its own in the engine NavigationGrid (at most 13), its cells clear / bridge impassable / off it, entry cells linked to the ground, the ground under a low deck bridge impassable; routes search ground and decks together (layers joined at entries; points carry their layer); movers take a reached point's layer (SurfaceLayer, with the decks' surfaces in the spatial DeckSurfaces) and stand at the deck's height (getLayerHeight); physics bodies come to rest on their deck and a flung corpse lands on it; zones join across decks (QuickPathExists); map objects take the nearest layer by height (getLayerForDestination); a checkpoint re-registers the decks before the obstacles. Into rubble: the deck broken (changeBridgeState) and everything on its layer over it takes HUGE falling damage (DAMAGE_FALLING, DEATH_SPLATTED); out of rubble: mended. Modern choice: blocked ground under a deck (and a deck's off cells) takes no room from its neighbours, so big movers reach the entries. Not yet: handleObjectsOnBridgeOnDie's falling physics (landmark deaths), layer heights for projectiles and parachutes, onDamage/onHealing sharing with towers, scaffolding and repair (BridgeScaffoldBehavior, dozers via towers), healing back from rubble."
module:BridgeScaffoldBehavior,module,BridgeScaffoldBehavior,GeneralsMD/Code/GameEngine/Source/Common/Thing/ModuleFactory.cpp,,,,not_applicable,,,"Unreachable in the original: bridge repair was cut (ActionManager::canRepairObject refuses BRIDGE and BRIDGE_TOWER whatever the command source, so DozerAIUpdate / WorkerAIUpdate::privateRepair never start a tower repair and BridgeBehavior::createScaffolding never runs; the AI's repairStructure of a bridge sends a dozer that does nothing, as here)."
module:BridgeTowerBehavior,module,BridgeTowerBehavior,GeneralsMD/Code/GameEngine/Source/Common/Thing/ModuleFactory.cpp,games/generalszh/gameplay;games/generalszh/session;games/generalszh/presentation,games/generalszh/gameplay/bridges/components/bridge.cppm;games/generalszh/gameplay/bridges/systems/bridge_damage_system.cppm;games/generalszh/gameplay/bridges/algorithms/bridges.cppm;games/generalszh/gameplay/bridges/resources/bridge_cues.cppm;games/generalszh/session/session.cppm,games/generalszh/session/bridges.test,in_progress,,skirmish,"2026-09-29: towers made and linked (BridgeTower: its bridge and corner type); killed when the bridge dies (GenericBridgeTower's ImmortalBody keeps them). Not yet: onDamage/onHealing sharing, onDie killing the bridge."
module:BunkerBusterBehavior,module,BunkerBusterBehavior,GeneralsMD/Code/GameEngine/Source/Common/Thing/ModuleFactory.cpp,games/generalszh/gameplay;games/generalszh/session;games/generalszh/presentation,games/generalszh/gameplay/combat/algorithms/bunker_busters.cppm;games/generalszh/gameplay/effects/resources/effect_cues.cppm;games/generalszh/gameplay/objects/resources/object_templates.cppm;games/generalszh/session/session.cppm;games/generalszh/presentation/objects/algorithms/tick_effects.cppm,games/generalszh/session/special_abilities.test,in_progress,,skirmish,"2026-09-29: bustTheBunker for guided missiles that went off (MissileDetonations; the fork fix: only detonating ones): with UpgradeRequired, a garrison/tunnel/cave target puts its occupants out and hurts each 100 of the occupant weapon's types (or kills them), DetonationFX on it (EffectCues), the shockwave weapon fired there. Missing: CrashThroughBunkerFX (no MISSILE_KILLING_SELF dive yet); an end-to-end test with a flown King Raptor."
module:CashBountyPower,module,CashBountyPower,GeneralsMD/Code/GameEngine/Source/Common/Thing/ModuleFactory.cpp,engine/gameplay;games/generalszh/content;games/generalszh/gameplay;games/generalszh/session;games/generalszh/presentation,engine/gameplay/rts/economy/resources/player_bounties.cppm;engine/gameplay/rts/veterancy/resources/skill_point_awards.cppm;engine/gameplay/rts/veterancy/systems/veterancy_system.cppm;games/generalszh/content/powers/special_powers.cppm;games/generalszh/gameplay/powers/algorithms/special_power_state.cppm;games/generalszh/gameplay/powers/algorithms/cash_bounty.cppm;games/generalszh/session/session.cppm;games/generalszh/session/session_checkpoint.cpp,games/generalszh/session/cash_powers.test;engine/gameplay/rts/economy/economy.test;engine/gameplay/rts/veterancy/veterancy.test,ported,,skirmish,"onObjectCreated (player knows the power's science) and onSpecialPowerCreation (SpecialPowerCreate build complete; Player::addScience) raise the player's cash bounty to Bounty (kept if larger; findBounty's upgrades are NOT_IN_USE). Player::doBountyForKill with the kill's skill points (same guards: enemy of a playable side, not under construction): ceil(BuildCost x share) deposited, yellow +cash 10 over the killer. Share kept in hundredths of a percent: exact for the shipped 5/10/20%. Checkpointed. Not yet: calcCostToBuild's cost modifiers and handicap (none ported anywhere), score keeper money earned."
module:CashHackSpecialPower,module,CashHackSpecialPower,GeneralsMD/Code/GameEngine/Source/Common/Thing/ModuleFactory.cpp,games/generalszh/content;games/generalszh/gameplay;games/generalszh/commands;games/generalszh/session;games/generalszh/presentation,games/generalszh/content/powers/special_powers.cppm;games/generalszh/gameplay/powers/algorithms/special_power_launch.cppm;games/generalszh/gameplay/powers/resources/cash_notices.cppm;games/generalszh/commands/game_commands.cppm;games/generalszh/gameplay/orders/algorithms/command_application.cppm;games/generalszh/presentation/objects/systems/cash_presentation_systems.cppm,games/generalszh/session/cash_powers.test;games/generalszh/commands/game_commands.test;games/generalszh/presentation/objects/vehicle_motion.test,ported,,skirmish,"doSpecialPowerAtObject: nothing while the hacker is disabled; the base module fires first (paused: no trigger, no recharge) and the steal follows regardless: the first UpgradeMoneyAmount whose science the player knows, else MoneyAmount, at most the target player's cash, withdrawn and deposited; +cash green 20 over the hacker, GUI:LoseCash red 30 over the target. A player's order (UseSpecialPowerAtObject, groupDoSpecialPowerAtObject) needs the science, the power ready and canDoSpecialPowerAtObject's SPECIAL_CASH_HACK target (enemy CAPTURABLE CASH_GENERATOR structure, not a rebuild hole, not under construction, not dead); a script's (NAMED_FIRE_SPECIAL_POWER_AT_NAMED) none of these. Not yet: the shroud check for a human's order (no shroud ported), score keeper money earned, InitiateAtLocationSound.; 2026-09-27: a human player's order at a target fogged or shrouded to it is refused (isObjectShroudedForAction, as for every object power)."
module:CaveContain,module,CaveContain,GeneralsMD/Code/GameEngine/Source/Common/Thing/ModuleFactory.cpp,,,,not_applicable,,,2026-09-30: no shipped Zero Hour object uses it (GLA tunnels are TunnelContain); checked every Data/INI object and every map.ini. Port it if a mod or map ever needs it.
module:CheckpointUpdate,module,CheckpointUpdate,GeneralsMD/Code/GameEngine/Source/Common/Thing/ModuleFactory.cpp,games/generalszh/gameplay;games/generalszh/session,games/generalszh/gameplay/combat/components/checkpoint.cppm;games/generalszh/gameplay/combat/systems/checkpoint_system.cppm;games/generalszh/gameplay/objects/resources/object_templates.cppm;games/generalszh/gameplay/objects/algorithms/object_factory.cppm;games/generalszh/gameplay/appearance/systems/appearance_system.cppm,games/generalszh/session/checkpoints.test,ported,legacy_parity_a_checkpoint_opens_for_allies_and_shuts_for_enemies,campaign,"AmericaCheckpoint (MD_CHI01, MD_GLA05). Every tick, geometry at its widest: closest living enemy (not hidden; buildings only for a computer owner, base defences or attack-capable containers) and closest living non-building ally within vision range, bounding circle to bounding circle; open while an ally and no enemy is near. A change turns the model to DOOR_1_OPENING / DOOR_1_CLOSING; the minor radius steps 0.333 a tick down while above zero (open) or up while below its widest (79 ticks each way on AmericaCheckpoint) and the bounding circle (Targetable.radius) follows; the pathfinding stamp is unchanged as in the original. The constructor random scan delay is unused in retail (the scan runs every frame)."
module:ChinookAIUpdate,module,ChinookAIUpdate,GeneralsMD/Code/GameEngine/Source/Common/Thing/ModuleFactory.cpp,engine/gameplay;games/generalszh/content;games/generalszh/gameplay,engine/gameplay/rts/containment/systems/boarding_system.cppm;engine/gameplay/rts/containment/systems/unloading_system.cppm;engine/gameplay/rts/containment/resources/cargo_manifest.cppm;engine/gameplay/rts/movement/components/locomotion.cppm;engine/gameplay/rts/movement/systems/movement_system.cppm;engine/gameplay/rts/containment/components/transport.cppm;games/generalszh/content/harvesting/harvest_content.cppm;engine/gameplay/rts/harvesting/components/harvester.cppm;engine/gameplay/rts/harvesting/systems/harvest_system.cppm;games/generalszh/gameplay/objects/algorithms/object_factory.cppm;games/generalszh/gameplay/containment/components/scripted_evacuation.cppm;games/generalszh/gameplay/containment/systems/scripted_evacuation_system.cppm;games/generalszh/gameplay/combat_drop/components/combat_drop.cppm;games/generalszh/gameplay/combat_drop/algorithms/combat_drop_orders.cppm;games/generalszh/gameplay/combat_drop/algorithms/rappel_landings.cppm;games/generalszh/gameplay/combat_drop/systems/combat_drop_systems.cppm;games/generalszh/content/containment/combat_drop_content.cppm;engine/gameplay/rts/containment/systems/cargo_transfer_system.cppm;engine/gameplay/common/physics/systems/physics_system.cppm;games/generalszh/gameplay/combat_drop/resources/deferred_orders.cppm;games/generalszh/gameplay/orders/algorithms/command_application.cppm;games/generalszh/session/session_checkpoint.cpp;games/generalszh/presentation/interaction/systems/interaction_systems.cppm,engine/gameplay/rts/containment/containment.test;games/generalszh/session/skirmish_start.test;engine/gameplay/rts/harvesting/harvesting.test;games/generalszh/session/reinforcements.test;games/generalszh/session/combat_drop.test;games/generalszh/presentation/interaction/interaction.test,in_progress,,shellmap,"Generic transport landing: an idle airborne transport awaited by boarders (BoardRequest.arrived false) comes down for them, and one unloading comes down unless UnloadInAir. Boarders get in only within BoardingHeight (15) of it; it climbs back to cruise once nobody waits. Landing and taking off it moves straight down or up (Locomotion.vertical: its orders wait), taking off until within LandedHeight of cruise. Landing flies to the nearest clear spot (findPositionAround out to 100x its radius: a clear pathfinding cell, no other footprint reaching it) while coming down, then drops straight. Still to do: adjustToLandingDestination and precise Z, losing supply boxes on landing, combat drop and rappel ropes, rotor wash.; Supply ferrying ported through the generic Harvester, with UpgradedSupplyBoost after Upgrade_AmericaSupplyLines.; Landing on transport duty loses its boxes (the harvest system empties a Harvester whose Transport is landing). 2026-09-28: scripted AICMD_MOVE_TO_POSITION_AND_EVACUATE(_AND_EXIT) (retail: MOVE_TO_AND_EVAC, LAND_AND_EVAC, ChinookEvacuateState removeAllContained + setActive, TAKING_OFF; ChinookRecordCreationState + TAKEOFF_AND_EXIT + ChinookHeadOffMapState: 20 s temporary move to its original position, removed outside the extent incl. border) via ScriptedEvacuation and Transport.landRequested. Its landing speed is the kinematic height damping, not the original's lift physics (precise-Z locomotor) yet.; 2026-09-30: combat drop (MOVE_TO_COMBAT_DROP / DO_COMBAT_DROP / AIRappelState): COMBATDROP command (at object / location with findPositionAround from a random angle), canEnterObject COMBATDROP_INTO, hover max(height, bldg top + MinDropHeight), arrival within 3, HELD + frozen, boxes lost, ropes from RopeStart/RopeEnd bones with RopeFinalHeight, WaitForRopesToDrop, PerRopeDelay draws, rappellers out through the door at the rope end (PlacedExit, physics-driven), rappel rate clamp before gravity, roof landings kill up to 2 enemies inside (kill credit, CombatDropKillFX, trading itself at 2) else garrison else beside the building; RAPPELLING; the button restricted without CAN_RAPPEL riders; GUI targeting. Orders given mid-drop are kept (DeferredOrders: the last per transport, forgotten by an order reaching it directly) and carried out the tick after the drop. Still to do: rotor wash, the drop voice (order voices not ported), non-Chinook transports ignore the drop (retail debug-assert quirk that dumps riders, left out), bridge layers for rope/rappel heights. 2026-09-30: isAvailableForSupplying for the DOCK_AT context command (a contain, nobody inside, none getting out; boarders still on their way not yet counted)."
module:CleanupAreaPower,module,CleanupAreaPower,GeneralsMD/Code/GameEngine/Source/Common/Thing/ModuleFactory.cpp,games/generalszh/content;games/generalszh/gameplay;games/generalszh/session,games/generalszh/gameplay/combat/components/cleanup_hazard.cppm;games/generalszh/gameplay/combat/systems/cleanup_hazard_system.cppm;games/generalszh/content/powers/special_powers.cppm;games/generalszh/gameplay/objects/algorithms/object_factory.cppm;games/generalszh/gameplay/powers/algorithms/special_power_launch.cppm;games/generalszh/session/session.cppm,games/generalszh/session/attacks.test,ported,,skirmish,CleanupAreaPower::doSpecialPowerAtLocation (no trigger of its own): its CleanupHazardUpdate's area job (MaxMoveDistanceFromLocation around the spot) and a move there from its AI.
module:CleanupHazardUpdate,module,CleanupHazardUpdate,GeneralsMD/Code/GameEngine/Source/Common/Thing/ModuleFactory.cpp,games/generalszh/content;games/generalszh/gameplay;games/generalszh/session,games/generalszh/gameplay/combat/components/cleanup_hazard.cppm;games/generalszh/gameplay/combat/systems/cleanup_hazard_system.cppm;games/generalszh/content/powers/special_powers.cppm;games/generalszh/gameplay/objects/algorithms/object_factory.cppm;games/generalszh/gameplay/powers/algorithms/special_power_launch.cppm;games/generalszh/session/session.cppm,games/generalszh/session/attacks.test,ported,,skirmish,"CleanupHazardUpdate: VETERAN weapon set flag at creation; every ScanRate the nearest CLEANUP_HAZARD within ScanRange (around its area spot plus the area's reach on an area job), attacked from its AI while idle or busy; out of reach after being in reach, re-look in 0-3 ticks; an area job keeps its AI busy, ends on an order from outside its AI or within 25 of the spot, else it heads there. Not yet: the weapon slot's temporary lock (the clean-up weapon is its only one)."
module:CommandButtonHuntUpdate,module,CommandButtonHuntUpdate,GeneralsMD/Code/GameEngine/Source/Common/Thing/ModuleFactory.cpp,games/generalszh/content;games/generalszh/gameplay;games/generalszh/session,games/generalszh/gameplay/abilities/components/command_button_hunt.cppm;games/generalszh/gameplay/abilities/algorithms/command_button_hunts.cppm;games/generalszh/content/powers/special_ability_content.cppm;games/generalszh/gameplay/objects/algorithms/object_factory.cppm;games/generalszh/session/session.cppm;games/generalszh/gameplay/abilities/systems/command_button_hunt_system.cppm,games/generalszh/session/special_abilities.test;games/generalszh/session/unmanned_vehicles.test,in_progress,,skirmish,"2026-09-27: setCommandButton (the first button of its command set so named; idles, updates at once, again next tick) and update: stops on an order from outside its AI (AiActivity.commanded); a special power at objects: while idle and its special ability not under way, every ScanRate it uses the button (CMD_FROM_AI: canUseSpecialPower) on scanClosestTarget's pick (alive, same map status, not hidden, enemies (captures: anyone not its own or allied), within ScanRange, canDoSpecialPowerAtObject from its AI, attack priority less distance / attackPriorityDistanceModifier). Weapon hunts aiHunt when idle but lack the temporary weapon lock (LOCKED_TEMPORARILY not ported); Parity test: a Ranger captures a derrick, then the barracks on the first scan after its power recharges; an order ends the hunt.; 2026-09-27 (later): now a chunk-parallel SoA system (CommandButtonHuntSystem: candidates from the spatial index, scored as scanClosestTarget) whose scans are applied once the systems have run (ApplyHuntScans: the best candidate the power may be used on); setCommandButton updates that tick and the next.; 2026-09-28: huntEnter for CONVERT_TO_CARBOMB: idle, every ScanRate it scans the neutral (ALLOW_NEUTRAL) living, not hidden, within ScanRange near to far, and uses the button on the first canConvertObjectToCarBomb allows (CMD_FROM_AI).; 2026-09-29: HIJACK_VEHICLE and SABOTAGE_BUILDING hunts scan enemies near to far for the first canHijackVehicle / canSabotageBuilding (legacy_parity_a_hunting_saboteur_goes_for_the_nearest_building_it_can_sabotage). Missing: the weapon hunt's temporary weapon lock. 2026-09-30: huntWeapon's setWeaponLock(LOCKED_TEMPORARILY) on its button's slot every update: legacy_parity_a_weapon_hunt_locks_its_buttons_weapon."
module:CommandSetUpgrade,module,CommandSetUpgrade,GeneralsMD/Code/GameEngine/Source/Common/Thing/ModuleFactory.cpp,games/generalszh/content;games/generalszh/gameplay;games/generalszh/session,games/generalszh/content/upgrades/upgrade_content.cppm;games/generalszh/gameplay/upgrades/resources/upgrade_effects.cppm;games/generalszh/gameplay/upgrades/components/command_set_override.cppm;games/generalszh/gameplay/upgrades/systems/upgrade_effect_system.cppm;games/generalszh/gameplay/objects/resources/object_templates.cppm;games/generalszh/gameplay/construction/algorithms/building.cppm;games/generalszh/session/session.cppm,games/generalszh/session/create_modules.test,ported,,skirmish,"upgradeImplementation: the object command set becomes CommandSet, or CommandSetAlt when its player or it has completed TriggerAlt (CommandSetOverride, an id of the templates command sets). CanMakeUnit reads the override (getCommandSetString). The control bar showing it waits on the in-game GUI.; 2026-09-27: the command set ids it swaps in are now part of the templates' checkpoint history (a restored game resolved none before)."
module:ConvertToCarBombCrateCollide,module,ConvertToCarBombCrateCollide,GeneralsMD/Code/GameEngine/Source/Common/Thing/ModuleFactory.cpp,games/generalszh/content;games/generalszh/gameplay;games/generalszh/commands;games/generalszh/session,games/generalszh/gameplay/crates/algorithms/car_bombs.cppm;games/generalszh/content/crates/crate_content.cppm;games/generalszh/gameplay/crates/algorithms/crate_rules.cppm;games/generalszh/gameplay/objects/resources/object_templates.cppm;games/generalszh/gameplay/objects/algorithms/object_factory.cppm;games/generalszh/gameplay/orders/algorithms/command_buttons.cppm;games/generalszh/gameplay/orders/algorithms/command_application.cppm;games/generalszh/commands/game_commands.cppm;games/generalszh/session/session.cppm,games/generalszh/session/unmanned_vehicles.test;games/generalszh/commands/game_commands.test;games/generalszh/presentation/interaction/interaction.test;games/generalszh/presentation/objects/object_icons.test,in_progress,,shellmap,"2026-09-28: isValidToExecute (CrateCollide's checks shared as CrateCollideAllows: not neutral, AI, kinds, alive, crate on the ground, forbid owner, human only, science, not parachute; then not AIRCRAFT/BOAT, not IS_CARBOMB, a CARBOMB weapon set not in use), canConvertObjectToCarBomb (+ isObjectShroudedForAction) and canEnterObject's checks; aiEnter from the CONVERT_TO_CARBOMB button (CMD_FROM_AI or not), CommandButtonHuntUpdate::huntEnter and a player's commands::Enter (MSG_ENTER: groupEnter; unmanned take-over first, then car bomb, else board); AIEnterState re-checks each tick (fails: an enemy it can shoot is attacked, else it idles). On arrival (the boarding's reach standing in for PhysicsBehavior::onCollide with its goal object): CARBOMB weapon set flag (an object made weaponless is armed from the set: ArmFromLoadout), FXList and ExecuteFX on the car (CratePickups), defect to the terrorist's default team at once, name transfer, vision and shroud clearing range, IS_CARBOMB, veterancy (setVeterancyLevel, untrainable too), terrorist destroyed. Not yet: booby traps (none planted), the radar refresh. 2026-09-28 (later): the player's context click (evaluateContextCommand ACTIONTYPE_CONVERT_OBJECT_TO_CARBOMB, before attack; the selection catalog's car bomber kinds and convertible vehicles) sends commands::Enter; the car bomb icon (drawBombed) shows to its own player."
module:ConvertToHijackedVehicleCrateCollide,module,ConvertToHijackedVehicleCrateCollide,GeneralsMD/Code/GameEngine/Source/Common/Thing/ModuleFactory.cpp,engine/gameplay;games/generalszh/content;games/generalszh/gameplay;games/generalszh/session;games/generalszh/presentation,games/generalszh/gameplay/crates/components/hijacker.cppm;games/generalszh/gameplay/crates/systems/hijacker_system.cppm;games/generalszh/gameplay/crates/algorithms/hijacking.cppm;games/generalszh/gameplay/objects/resources/object_templates.cppm;games/generalszh/content/crates/crate_content.cppm;engine/gameplay/rts/containment/components/transport.cppm;engine/gameplay/rts/containment/systems/boarding_system.cppm;engine/gameplay/rts/containment/systems/cargo_transfer_system.cppm;games/generalszh/presentation/interaction/systems/interaction_systems.cppm;games/generalszh/presentation/hud/systems/eva_system.cppm;games/generalszh/presentation/objects/systems/ability_presentation_systems.cppm,games/generalszh/session/unmanned_vehicles.test;games/generalszh/presentation/interaction/interaction.test,ported,,skirmish,"2026-09-29: isValidToExecute (CrateCollide's checks, then alive, not IMMUNE_TO_CAPTURE/AIRCRAFT/BOAT/DRONE, not HIJACKED, an enemy, not a transport with passengers), ActionManager::canHijackVehicle and canEnterObject; aiEnter (HIJACK_VEHICLE button, a player's enter, the right-click context command before car bombs) walks it to the vehicle (a touch-only boarding, never cargo); executeCrateBehavior on touching: infiltration radar event, EVA VehicleStolen to the owner, setTeam to the hijacker's default team, HIJACKED, the vehicle stopped and idle, HijackDriver, script name, the higher veterancy for both; no EjectPilotDie: the hijacker is gone; else it rides hidden (NO_COLLISIONS MASKED UNSELECTABLE, off the map, idle) and the vehicle takes its vision and shroud range. Not yet: leaveGroup (AI groups), a dozer's cancelAllTasks beyond its idle, the AI's HijackGuard guard state."
module:CostModifierUpgrade,module,CostModifierUpgrade,GeneralsMD/Code/GameEngine/Source/Common/Thing/ModuleFactory.cpp,engine/gameplay;games/generalszh/content;games/generalszh/gameplay;games/generalszh/session,games/generalszh/content/upgrades/upgrade_content.cppm;games/generalszh/gameplay/upgrades/resources/upgrade_effects.cppm;games/generalszh/gameplay/objects/resources/object_templates.cppm;games/generalszh/gameplay/production/components/cost_modifying.cppm;games/generalszh/gameplay/production/algorithms/build_cost.cppm;games/generalszh/gameplay/objects/algorithms/object_factory.cppm;games/generalszh/gameplay/production/algorithms/unit_queue.cppm;games/generalszh/gameplay/construction/algorithms/building.cppm;games/generalszh/gameplay/construction/algorithms/selling.cppm;games/generalszh/gameplay/ai/algorithms/ai_base_building.cppm;games/generalszh/gameplay/ai/algorithms/ai_team_building.cppm;games/generalszh/gameplay/ai/algorithms/ai_superweapon.cppm;games/generalszh/gameplay/powers/algorithms/cash_bounty.cppm;games/generalszh/gameplay/score/algorithms/scoring.cppm;engine/gameplay/rts/veterancy/resources/skill_point_awards.cppm;engine/gameplay/rts/veterancy/systems/veterancy_system.cppm;games/generalszh/session/session.cppm,games/generalszh/session/research.test,ported,,skirmish,"CostModifierUpgrade with Player::add/removeKindOfProductionCostChange (reference counted) and ThingTemplate::calcCostToBuild (CostToBuild: BuildCost times 1+Percentage for each distinct change whose EffectKindOf the thing has all of): derived each time from the player's objects whose module has gone, so capture (onCapture), TechBuildingBehavior's death to neutral and deletion (onDelete) follow by themselves. Used wherever the original calls calcCostToBuild: unit production, dozer builds and their affordability, selling, the AI's building, team and superweapon valuations, cash bounties (the victim's cost to its own player) and the structure money-spent score. The faction ProductionCostChange by name and the map BUILDCOST handicap are 1 in all shipped data (not read). Exact product floored (the original truncates a float: same whole numbers for -10%). Retail quirk fixed: a cancelled or refunded unit returns what was paid, not calcCostToBuild at cancel time (which let a lost discount refund more than was paid)."
module:CountermeasuresBehavior,module,CountermeasuresBehavior,GeneralsMD/Code/GameEngine/Source/Common/Thing/ModuleFactory.cpp,engine/gameplay;games/generalszh/content;games/generalszh/gameplay;games/generalszh/session,engine/gameplay/rts/combat/components/countermeasures.cppm;engine/gameplay/rts/combat/algorithms/countermeasure_decoys.cppm;engine/gameplay/rts/combat/systems/countermeasures_system.cppm;engine/gameplay/rts/combat/components/missile.cppm;engine/gameplay/rts/combat/systems/missile_flight_system.cppm;engine/gameplay/rts/combat/systems/projectile_launch_system.cppm;engine/gameplay/rts/aircraft/systems/jet_system.cppm;games/generalszh/content/powers/special_powers.cppm;games/generalszh/content/upgrades/upgrade_content.cppm;games/generalszh/gameplay/combat/algorithms/flares.cppm;games/generalszh/gameplay/objects/algorithms/object_factory.cppm;games/generalszh/gameplay/upgrades/systems/upgrade_effect_system.cppm;games/generalszh/session/session.cppm,engine/gameplay/rts/combat/combat.test;games/generalszh/session/attacks.test,ported,,skirmish,"CountermeasuresBehavior: upgrade mux (StartsActive or its upgrade); Weapon::fireWeaponTemplate reports each small missile fired at an airborne target with it (reportMissileForCountermeasures): the evasion roll picks decoyed missiles (MissileAIUpdate diverts at MissileDecoyDelay and does no damage), the reaction volley after ReactionLaunchLatency, then one per DelayBetweenVolleys until NumberOfVolleys are spent; launchVolley's flares (VolleySize across VolleyArcAngle at speed times VolleyVelocityFactor) made on the default team moving with the jet; ReloadTime reload or at the airfield (MustReloadAtAirfield, JetAIUpdate parking). Retail quirk fixed: calculateCountermeasureToDivertTo weighs the whole newest volley and takes the flare nearest the jet (retail stopped at the newest flare still there; the community fix)."
module:CreateCrateDie,module,CreateCrateDie,GeneralsMD/Code/GameEngine/Source/Common/Thing/ModuleFactory.cpp,engine/gameplay;games/generalszh/content;games/generalszh/gameplay;games/generalszh/session,engine/gameplay/rts/death/definitions/death_definition.cppm;games/generalszh/content/death/death_content.cppm;games/generalszh/gameplay/crates/algorithms/crate_rules.cppm;games/generalszh/session/session.cppm,games/generalszh/session/crates.test,ported,,skirmish,"Each CrateData is a Loot death effect, tried in turn with the session random stream. No crate for an ally kill. Checks CreationChance, VeterancyLevel of the dead, KilledByType kinds and KillerScience of the killer. The crate object is the first whose running chance passes the roll. It is placed a random way round on open ground within 5 of the death (else 125) at a random facing, owned by the maker when OwnedByMaker, else neutral."
module:CreateObjectDie,module,CreateObjectDie,GeneralsMD/Code/GameEngine/Source/Common/Thing/ModuleFactory.cpp,games/generalszh/content;games/generalszh/gameplay,games/generalszh/content/creation/creation_lists.cppm;games/generalszh/gameplay/creation/algorithms/creation_list_runner.cppm,games/generalszh/session/session.test,in_progress,,shellmap,"CreationList run at death between ticks by the session (CarryOutDeaths through RunCreationList: CreateObject, CreateDebris, dispositions); DeathTypes/VeterancyLevels filters. TransferPreviousHealth ported (subdual damage first, then the damage from its last attacker, attackers moved: legacy_parity_a_sneak_attack_tunnel_keeps_the_damage_it_took_digging). Still missing: the damage dealer as the OCL's secondary (Not an UpgradeMux in the original: no TriggeredBy to honour.) 2026-09-29: the damage dealer as secondary only reaches the FireWeapon, Attack and DeliverPayload nuggets (ObjectCreationNugget::create(primary, secondary)); none of the 51 shipped CreateObjectDie lists has one."
module:CrushDie,module,CrushDie,GeneralsMD/Code/GameEngine/Source/Common/Thing/ModuleFactory.cpp,engine/gameplay;games/generalszh/content;games/generalszh/gameplay;games/generalszh/presentation,engine/gameplay/rts/death/systems/death_system.cppm;engine/gameplay/rts/death/definitions/death_definition.cppm;games/generalszh/content/death/death_content.cppm;games/generalszh/gameplay/appearance/systems/appearance_system.cppm;games/generalszh/presentation/audio/algorithms/audio_schedule.cppm,engine/gameplay/rts/death/death.test,ported,,shellmap,"On a crush-damage death: crushLocationCheck (the centre, then the front and back crush points at half the major radius along the facing, nearest to the crusher) sets FRONTCRUSHED and BACKCRUSHED. The crush sound plays at its percent (logic random) as a Sound death event. A body is only crushed once, because dead objects take no more damage."
module:DamDie,module,DamDie,GeneralsMD/Code/GameEngine/Source/Common/Thing/ModuleFactory.cpp,games/generalszh/gameplay;games/generalszh/content,games/generalszh/gameplay/waveguide/algorithms/wave_guides.cppm;games/generalszh/content/water/wave_guide_content.cppm,games/generalszh/session/dam_break.test,ported,,campaign,"2026-10-03: ApplyDamDie (DamDie::onDie): an applicable death clears DISABLED_DEFAULT from every WAVEGUIDE object, after the death creation lists: legacy_parity_a_dam_break_sets_the_wave_off."
module:DefaultProductionExitUpdate,module,DefaultProductionExitUpdate,GeneralsMD/Code/GameEngine/Source/Common/Thing/ModuleFactory.cpp,engine/gameplay;games/generalszh/content;games/generalszh/gameplay;games/generalszh/session;games/generalszh/scripting,engine/gameplay/rts/production/systems/production_system.cppm;engine/gameplay/rts/economy/resources/player_money.cppm;games/generalszh/content/production/production_content.cppm;games/generalszh/gameplay/production/algorithms/team_building.cppm;games/generalszh/session/session.cppm;games/generalszh/scripting/unit_vocabulary.cppm,engine/gameplay/rts/production/production.test;games/generalszh/session/session.test;games/generalszh/session/special_abilities.test;games/generalszh/session/create_modules.test,ported,,shellmap,"units come out at UnitCreatePoint and head for NaturalRallyPoint (factory frame); player rally points pending; 2026-09-27: aiFollowExitProductionPath ignores the factory as an obstacle (IgnoredObstacle: its cells open to the unit's route search) until it reaches where it goes or takes an order — trained units no longer stay stuck inside (legacy_parity_a_trained_unit_walks_out_of_its_factory). 2026-09-29: setRallyPoint / m_rallyPointExists (RallyPoint component, MSG_SET_RALLY_POINT: commands::SetRallyPoint -> SetRallyPoint with the BasicHumanLocomotor path check from the factory, terrain zones: QuickTerrainPathExists): the exit path goes natural rally point then the set one (MovePath); legacy_parity_a_factorys_rally_point_takes_its_units_on_there. Not ported: adjustDestination of the rally point for ground movers."
module:DefectorSpecialPower,module,DefectorSpecialPower,GeneralsMD/Code/GameEngine/Source/Common/Thing/ModuleFactory.cpp,games/generalszh/content;games/generalszh/gameplay,games/generalszh/gameplay/powers/algorithms/special_power_launch.cppm;games/generalszh/gameplay/teams/algorithms/defection.cppm;games/generalszh/content/powers/special_powers.cppm,games/generalszh/session/attacks.test,ported,,skirmish,"DefectorSpecialPower::doSpecialPowerAtObject: not while disabled; triggered, then Object::defect to the user's player's default team, hidden for the template's DetectionTime (default 10 s); at a location nothing. No shipped object or template uses it (tested on a module added in the test)."
module:DeletionUpdate,module,DeletionUpdate,GeneralsMD/Code/GameEngine/Source/Common/Thing/ModuleFactory.cpp,engine/gameplay;games/generalszh/content,engine/gameplay/common/lifetime/systems/lifetime_system.cppm;engine/gameplay/rts/lifecycle/systems/removal_system.cppm;games/generalszh/content/lifetime/lifetime_content.cppm,engine/gameplay/common/lifetime/lifetime.test,ported,,shellmap,"removed (not killed) at a random tick in [MinLifetime, MaxLifetime]"
module:DeliverPayloadAIUpdate,module,DeliverPayloadAIUpdate,GeneralsMD/Code/GameEngine/Source/Common/Thing/ModuleFactory.cpp,engine/gameplay;games/generalszh/content;games/generalszh/gameplay,engine/gameplay/rts/delivery/components/delivery.cppm;engine/gameplay/rts/delivery/systems/delivery_system.cppm;engine/gameplay/rts/containment/resources/cargo_manifest.cppm;engine/gameplay/rts/containment/systems/cargo_transfer_system.cppm;engine/gameplay/common/spatial/resources/ground_height.cppm;games/generalszh/content/powers/special_powers.cppm;games/generalszh/gameplay/powers/algorithms/special_power_launch.cppm;games/generalszh/gameplay/teams/algorithms/reinforcements.cppm,engine/gameplay/rts/delivery/delivery.test;games/generalszh/session/session.test;games/generalszh/session/reinforcements.test,in_progress,,shellmap,"DeliverPayloadStateMachine ported: Approach (isCloseEnoughToTarget with inbound PreOpenDistance), Delivering (DOOR_1_OPENING/CLOSING, DoorDelay then a drop every DropDelay+1 ticks at DropOffset + random DropVariance, parachutes directly on the target or moving to moveTo), ConsiderNewApproach (MaxAttempts, 2.2 turn radii on), RecoverFromOffMap (edge re-entry from a stop), HeadOffMap (1.2 map diagonals, SelfDestructObject), CleanUp; DeliverPayloadNugget formation/convergence/error radius/SLOP pull-back and OCLSpecialPower create locations. Pending: dive/strafe, visible payloads and FireWeapon, delivery decal, DelayDeliveryMax, hiding while recovering, the HeadOffMap turn kill, scripted reinforcement delivery via module data 2026-09-28: deliverPayloadViaModuleData for scripted reinforcements (DeliverPayloadAIUpdateModuleData DoorDelay/PutInContainer/DeliveryDistance/MaxAttempts (default 0)/DropDelay/DropOffset/DropVariance: ReadDeliverPayloadModule)."
module:DemoralizeSpecialPower,module,DemoralizeSpecialPower,GeneralsMD/Code/GameEngine/Source/Common/Thing/ModuleFactory.cpp,,,,not_applicable,,,"Compiled out of the original (DemoralizeSpecialPower.cpp is inside #ifdef ALLOW_DEMORALIZE, which nothing defines) and used by no Zero Hour object."
module:DemoTrapUpdate,module,DemoTrapUpdate,GeneralsMD/Code/GameEngine/Source/Common/Thing/ModuleFactory.cpp,engine/gameplay;games/generalszh/content;games/generalszh/commands;games/generalszh/gameplay;games/generalszh/hud;games/generalszh/session,engine/gameplay/rts/mines/components/demo_trap.cppm;engine/gameplay/rts/mines/systems/demo_trap_system.cppm;games/generalszh/content/mines/mine_content.cppm;games/generalszh/gameplay/objects/algorithms/object_factory.cppm;games/generalszh/commands/game_commands.cppm;games/generalszh/gameplay/orders/algorithms/command_application.cppm;games/generalszh/gameplay/orders/algorithms/command_availability.cppm;games/generalszh/content/control_bar/command_catalog.cppm;games/generalszh/hud/control_bar_view_model.cppm;games/generalszh/session/session.cppm,engine/gameplay/rts/mines/demo_trap.test;games/generalszh/session/create_modules.test;games/generalszh/commands/game_commands.test,ported,,skirmish,"Mode = its locked weapon slot (SWITCH_WEAPON buttons: the SwitchWeapon command, MSG_SWITCH_WEAPONS; the button active while locked to its slot): detonation slot goes off at once; proximity scans every ScanRate within TriggerDetonationRange for enemies on the ground not of IgnoreTargetTypes (friends stop it unless AutoDetonationWithFriendsInvolved); manual waits; nothing while under construction or sold; killed, it goes off with DetonateWhenKilled. Going off: DetonationWeapon (queued shot) and a kill (its death weapon does the blast). Differences: its default lock is (re)applied whenever it is found unlocked (the port equips its loadout after the factory); its scan leaves itself out (the original finds the trap too, which only a trap refusing friendly detonation would notice: none shipped); the dozer disarm exemption waits for mine clearing."
module:DeployStyleAIUpdate,module,DeployStyleAIUpdate,GeneralsMD/Code/GameEngine/Source/Common/Thing/ModuleFactory.cpp,engine/gameplay;games/generalszh/content;games/generalszh/gameplay;games/generalszh/session,engine/gameplay/rts/combat/components/deploy.cppm;engine/gameplay/rts/combat/algorithms/deploy_states.cppm;engine/gameplay/rts/combat/components/turret.cppm;engine/gameplay/rts/combat/systems/turret_system.cppm;engine/gameplay/rts/movement/components/move_order.cppm;engine/gameplay/rts/movement/systems/movement_system.cppm;games/generalszh/content/combat/combat_catalog.cppm;games/generalszh/content/objects/model_conditions.cppm;games/generalszh/gameplay/combat/systems/deploy_system.cppm;games/generalszh/gameplay/appearance/systems/appearance_system.cppm;games/generalszh/gameplay/objects/algorithms/object_factory.cppm;games/generalszh/session/session.cppm,games/generalszh/session/attacks.test,in_progress,,skirmish,"Ported: update() and setMyState() - READY_TO_MOVE / DEPLOY / READY_TO_ATTACK / UNDEPLOY / ALIGNING_TURRETS with m_frameToWaitForDeploy (UnpackTime, PackTime; reversals from the part done, from UnpackTime both ways as the original), in range or guard-idle and not moving it unpacks, moving it recenters its turret (TurretsMustCenterBeforePacking, TurretAI::isTurretInNaturalPosition) then packs; busy states hold it (setLocomotorGoalNone: MoveOrder.held, its move kept); TurretsFunctionOnlyWhenDeployed turns the current weapon's turret off packing and on deployed (TurretAI setTurretEnabled; InitiallyDisabled turrets start off and freeze unless recentering); UNPACKING / PACKING / DEPLOYED looks. Retail quirk fixed: the SuperHackers' non-retail branch (no deploying while moving). Pending (presentation): the Deploy/Undeploy unit sounds and ManualDeployAnimations' explicit animation frames. OBJECT_STATUS_DEPLOYED has no effect in the original (its uses are commented out): not modelled."
module:DestroyDie,module,DestroyDie,GeneralsMD/Code/GameEngine/Source/Common/Thing/ModuleFactory.cpp,engine/gameplay;games/generalszh/content,engine/gameplay/rts/death/systems/death_system.cppm;engine/gameplay/rts/death/systems/slow_death_system.cppm;engine/gameplay/rts/death/definitions/death_definition.cppm;games/generalszh/content/death/death_content.cppm,engine/gameplay/rts/death/death.test;games/generalszh/session/session.test,ported,,shellmap,removed at once when its DeathTypes/VeterancyLevels apply; Exempt/RequiredStatus pending with object status
module:DozerAIUpdate,module,DozerAIUpdate,GeneralsMD/Code/GameEngine/Source/Common/Thing/ModuleFactory.cpp,engine/gameplay;games/generalszh/gameplay;games/generalszh/commands;games/generalszh/session;games/generalszh/hud;games/generalszh/presentation;games/generalszh/hosts,engine/gameplay/rts/construction/components/builder.cppm;engine/gameplay/rts/construction/components/under_construction.cppm;engine/gameplay/rts/construction/components/construction_progress.cppm;engine/gameplay/rts/construction/systems/construction_system.cppm;engine/gameplay/rts/construction/resources/sales.cppm;engine/gameplay/rts/economy/systems/energy_system.cppm;engine/gameplay/rts/combat/systems/targeting_system.cppm;engine/gameplay/rts/combat/systems/weapon_system.cppm;games/generalszh/gameplay/construction/algorithms/building.cppm;games/generalszh/commands/game_commands.cppm;games/generalszh/gameplay/orders/algorithms/command_application.cppm;games/generalszh/gameplay/appearance/systems/appearance_system.cppm;games/generalszh/session/session.cppm;engine/gameplay/common/healing/resources/heal_pulses.cppm;games/generalszh/gameplay/orders/algorithms/unit_orders.cppm;engine/gameplay/rts/navigation/algorithms/route_search.cppm;games/generalszh/gameplay/orders/algorithms/repair_orders.cppm;games/generalszh/gameplay/construction/components/builder_boredom.cppm;games/generalszh/gameplay/construction/systems/builder_boredom_system.cppm;games/generalszh/hud/idle_workers.cppm;games/generalszh/hud/control_bar_state.cppm;games/generalszh/hud/control_bar_view_model.cppm;games/generalszh/hud/control_bar_view.cppm;games/generalszh/presentation/hud/algorithms/control_bar_timers.cppm;games/generalszh/hosts/game/control_bar_layer.cppm;games/generalszh/presentation/hud/systems/construction_notice_system.cppm;games/generalszh/presentation/audio/systems/audio_systems.cppm;games/generalszh/presentation/audio/components/sound_loops.cppm,engine/gameplay/rts/construction/construction_work.test;games/generalszh/session/create_modules.test;games/generalszh/commands/game_commands.test;engine/gameplay/rts/navigation/navigation.test;games/generalszh/session/special_abilities.test;games/generalszh/session/unmanned_vehicles.test;games/generalszh/session/movement.test;games/generalszh/hud/idle_workers.test;games/generalszh/presentation/hud/eva_system.test;games/generalszh/presentation/audio/audio_systems.test,in_progress,,skirmish,"Build task ported: the BuildStructure command (owner only; a DozerAIUpdate/WorkerAIUpdate builder; a STRUCTURE; the cost withdrawn) places it at 0% with one hit point, AWAITING_CONSTRUCTION, outside its player power; the builder goes to its dock (findGoodBuildOrRepairPosition: findPositionAround within 100 of the point half the structure major radius towards it, from a random angle, tryPosition: within 10 in height, no cliff/impassable/water cell, clear of every object but the builder within 5, reachable by it) and, stopped within max(70, bounding sphere + 15) + bounding sphere of it, builds: 100/framesToBuild % and max/framesToBuild health a tick, framesToBuild = BuildTime*30 over the power-short speed (calcTimeToBuild), PARTIALLY_CONSTRUCTED and ACTIVELY_BEING_CONSTRUCTED on it, ACTIVELY_CONSTRUCTING on the builder; at 100% it stands (power counts, base regeneration resumes, it may fire). Unbuilt or sold structures neither target nor fire (isAbleToAttack). Placement legality: see subsystem:TheBuildAssistant. Repair (DOZER_TASK_REPAIR) and resuming (canResumeConstructionOf) ported through the WorkOn command: repair heals max * RepairHealthPercentPerSecond / 30 a tick as sole healer (a 2-tick locking heal pulse; another holding it makes the dozer give up) until whole, only a DOZER, not an enemy's, not bridges or rebuild holes, not under construction; resuming takes its player's unfinished structure no other builder is at. A player's move or stop ends a builder's task (the structure waits). canMakeUnit ported (CanMakeUnit: script-disabled builder, MaxSimultaneousOfType with MaxSimultaneousLinkKey, a UNIT_BUILD or DOZER_CONSTRUCT button of the builder command set, Buildable, prerequisite objects and sciences, money), checked before placing. A finished build sends its builder to the end dock point (5 cells further out). Still to do: command sets swapped by upgrades (CommandSetUpgrade), the superweapon restriction option, Only_By_AI for computer players, bored dozers repairing nearby and clearing mines (BoredTime / BoredRange), construction sounds and the complete message, onBuildComplete create modules and upgrade modules waiting for completion, disarming mines. 2026-09-30: mine clearing ported: the MINE_CLEARING_DETAIL weapon set flag while not at work on a structure (MineClearingDetailSystem), armed from its loadout when the flag picks a set (LoadoutArmings), DAMAGE_DISARM (ApplyDisarms: minefield disarmed or mine/trap removed, fire FX at it, no shot): legacy_parity_a_dozer_disarms_a_mine_and_goes_on_to_the_next. The bored idle search (BoredTime, BoredRange: repair, then mines with CMD_FROM_DOZER) ported: legacy_parity_a_bored_dozer_repairs_what_is_near_else_clears_a_mine. 2026-09-30: privateResumeConstruction (canResumeConstructionOf, then newTask(BUILD): setBuilder, to its dock) and privateRepair (canAcceptNewRepair, canRepairObject with the shroud and contained tests, the sole healer's lock, newTask(REPAIR)) through the ResumeConstruction and Repair commands. 2026-09-30: Construction resume fixed to legacy (ActionManager::canResumeConstructionOf: no resume while the structure's builder has its build task on it; DozerAIUpdate::newTask sets the builder at once): the AI's every-pass aiResumeConstruction had re-sent its worker with a new random spot each pass, so AI workers circled their build sites and never built (the user's ""donuts""). Tests: create_modules legacy_parity_resuming_a_build_already_under_way_does_nothing; movement.test ai_skirmish_units_do_not_drive_in_circles (hard AI vs hard AI on Twilight Flame, 5 min, no ground unit circles). 2026-10-01: DozerPrimaryIdleState m_isMarkedAsIdle / InGameUI idle worker list: BuilderBoredom.idleMarked set the tick it is found idle, cleared doing anything or on a task (onExit); the list in mark order, the dying off it (Object removeIdleWorker); ButtonIdleWorker enabled while the list has one (updateIdleWorker), pressed selectNextIdleWorker (outermost containers, getUniqueIdleWorkers, wrap) and userLookAt. legacy_parity_idle_workers_line_up_and_the_button_walks_them (marks on ticks 0, 2, 171; 1 vs 4 workers; checkpoint). 2026-10-01: DozerActionDoActionState's feedback: a build finished by a builder of the watcher's (isLocallyControlled) tells DOZER:ConstructionComplete with the structure's name (INI:MissingDisplayName otherwise), plays the builder's VoiceTaskComplete at it and puts RADAR_EVENT_CONSTRUCTION where the structure stands; a repair found whole by the builder at work tells DOZER:RepairComplete (ConstructionsDone.repairs; retail broadcast it to every screen: fixed, only the builder's player). ConstructionNoticeSystem. startBuildingSound / finishBuildingSound: the site's UnitSpecificSounds UnderConstruction loops on it while a builder works on it (ACTIVELY_BEING_CONSTRUCTED and UNDER_CONSTRUCTION) until it stands (SoundLoops.construction; retail leaked the loop when the builder was called away: fixed). Tests: eva_system legacy_parity_a_dozer_tells_its_player_of_a_finished_build_and_repair, audio_systems legacy_parity_a_site_hammers_while_a_builder_works_on_it."
module:DumbProjectileBehavior,module,DumbProjectileBehavior,GeneralsMD/Code/GameEngine/Source/Common/Thing/ModuleFactory.cpp,engine/gameplay/rts/combat;games/generalszh/content;games/generalszh/gameplay/objects,engine/gameplay/rts/combat/algorithms/projectile_arc.cppm;engine/gameplay/rts/combat/components/projectile.cppm;engine/gameplay/rts/combat/systems/projectile_flight_system.cppm;games/generalszh/content/loading/game_content.cppm;games/generalszh/gameplay/objects/algorithms/object_factory.cppm,engine/gameplay/rts/combat/combat.test;games/generalszh/session/session.test;games/generalszh/session/attacks.test,in_progress,,shellmap,"calcFlightPath (control points over the highest partition-cell terrain along the line, getApproximateLength, ceil(length/speed) points, getSegmentPoints) and update (a point a tick from the tick after launch, OrientToFlightPath facing/pitch, gone once out of points; its shot lands that tick) in fixed point, legacy_parity tested against the original float numbers; FlightPathAdjustDistPerSecond follows the victim (the end moves up to the rate a tick, path recalculated over the same points); MaxLifespan (default 10 s: goes off where it is) and TumbleRandomly (random pitch/yaw/roll rates within 1/PI rad a frame) with parity tests; collision detonation (projectileHandleCollision with shouldProjectileCollideWith: its victim always, else by ProjectileCollidesWith; projectile_collision.cppm); its shot lands where it detonates (radius damage at the projectile, no victim). Still missing: DetonateCallsKill, bridge layers, the victim geometry centre as aim. 2026-09-29: GarrisonHitKill (projectileHandleCollision: running into a structure, GarrisonClearSystem kills up to GarrisonHitKillCount of the kinds inside a garrisonable, not ImmuneToClearBuildingAttacks structure, in held order, the launcher credited (unresistable damage of their health, a normal death); any killed: no detonation and GarrisonHitKillFX on the building; none: it detonates as usual). The academy stat (recordClearedGarrisonedBuilding) waits on the academy."
module:DynamicGeometryInfoUpdate,module,DynamicGeometryInfoUpdate,GeneralsMD/Code/GameEngine/Source/Common/Thing/ModuleFactory.cpp,engine/gameplay;games/generalszh/gameplay;games/generalszh/session,engine/gameplay/common/spatial/components/dynamic_geometry.cppm;engine/gameplay/common/spatial/systems/dynamic_geometry_system.cppm;games/generalszh/gameplay/objects/algorithms/object_factory.cppm;games/generalszh/session/session.cppm,games/generalszh/session/special_abilities.test,ported,,skirmish,"2026-09-29: an engine DynamicGeometry component and chunked system: InitialDelay (at least a tick), then the lerp of height and radii over TransitionTime set each tick (its BoundingVolume follows: setGeometryInfo), reversing once when asked, else finished."
module:DynamicShroudClearingRangeUpdate,module,DynamicShroudClearingRangeUpdate,GeneralsMD/Code/GameEngine/Source/Common/Thing/ModuleFactory.cpp,engine/gameplay;games/generalszh/content;games/generalszh/gameplay;games/generalszh/session;games/generalszh/presentation,engine/gameplay/rts/vision/definitions/dynamic_clearing.cppm;engine/gameplay/rts/vision/components/dynamic_clearing.cppm;engine/gameplay/rts/vision/systems/dynamic_clearing_system.cppm;games/generalszh/content/vision/dynamic_clearing_content.cppm;games/generalszh/gameplay/objects/resources/object_templates.cppm;games/generalszh/gameplay/objects/algorithms/object_factory.cppm;games/generalszh/session/session.cppm;games/generalszh/presentation/objects/systems/radius_decal_view_system.cppm,games/generalszh/session/special_abilities.test;games/generalszh/presentation/objects/radius_cursor.test,ported,,skirmish,"2026-09-29: the simulation is ported: a chunked engine DynamicClearingSystem steps the constructor's countdown and phases (not started, growing by native/GrowTime, holding, shrinking to FinalVision over ShrinkTime, done forever) and sets Vision.clearingRange on the first update and every ChangeInterval+1 (GrowInterval+1 while growing) ticks; per-definition data in the engine DynamicClearingCatalog filled by ObjectTemplates. Its grid (GridDecalTemplate) is made, animated and killed as the original (DynamicClearing.grid) and drawn by GridDecalViewSystem."
module:EjectPilotDie,module,EjectPilotDie,GeneralsMD/Code/GameEngine/Source/Common/Thing/ModuleFactory.cpp,engine/gameplay;games/generalszh/content;games/generalszh/gameplay;games/generalszh/presentation,engine/gameplay/rts/death/definitions/death_definition.cppm;engine/gameplay/rts/death/systems/death_system.cppm;games/generalszh/content/death/death_content.cppm;games/generalszh/gameplay/creation/algorithms/creation_list_runner.cppm;games/generalszh/presentation/audio/algorithms/audio_schedule.cppm,games/generalszh/content/death/death_content.test,ported,,shellmap,"Uses the air or the ground creation list, by whether the object is significantly above the terrain (DieAltitude), with the unit VoiceEject and SoundEject as Sound death events. DeathTypes and VeterancyLevels filter it. InheritsVeterancy gives the pilot the vehicle rank. Still missing: ExemptStatus (HIJACKED; hijacking is not ported), InvulnerableTime, and the pilot-only player index on VoiceEject."
module:EMPUpdate,module,EMPUpdate,GeneralsMD/Code/GameEngine/Source/Common/Thing/ModuleFactory.cpp,engine/gameplay;engine/effects;games/generalszh/content;games/generalszh/gameplay;games/generalszh/session;games/generalszh/presentation;games/generalszh/hosts,engine/gameplay/rts/emp/components/emp_pulse.cppm;engine/gameplay/rts/emp/systems/emp_pulse_system.cppm;engine/gameplay/rts/emp/resources/emp_strikes.cppm;engine/gameplay/common/status/components/disabled_until.cppm;engine/gameplay/common/status/systems/disable_systems.cppm;engine/gameplay/rts/slaves/systems/disable_follow_system.cppm;engine/effects/particles/simulation/particle_world.cppm;games/generalszh/content/combat/emp_content.cppm;games/generalszh/gameplay/objects/algorithms/object_factory.cppm;games/generalszh/gameplay/creation/algorithms/creation_list_runner.cppm;games/generalszh/session/session.cppm;games/generalszh/presentation/objects/algorithms/emp_look.cppm;games/generalszh/presentation/objects/algorithms/emp_sparks.cppm;games/generalszh/presentation/objects/algorithms/tint_envelope.cppm;games/generalszh/presentation/objects/algorithms/look_setup.cppm;games/generalszh/presentation/objects/systems/disable_presentation_systems.cppm;games/generalszh/presentation/objects/systems/object_presentation_systems.cppm;games/generalszh/hosts/game/game_client.cpp,engine/gameplay/rts/emp/emp.test;engine/gameplay/common/status/status.test;engine/gameplay/rts/slaves/disable_follow.test;games/generalszh/session/create_modules.test;games/generalszh/presentation/objects/emp_look.test,ported,,skirmish,"On StartFadeTime it disables (DISABLED_EMP for DisabledDuration: timed disables, Object::setDisabledUntil / checkDisabledStatus as DisabledUntil + DisableRequests, passed on to a mounted rider and to SPAWNS_ARE_THE_WEAPONS spawns, which go idle: DisableFollowSystem) the vehicles, faction structures (KINDOFMASK_FS, not FS_POWER) and SPAWNS_ARE_THE_WEAPONS things its EffectRadius reaches (bounding spheres, 3D), sparing its own buildings (DoesNotAffectMyOwnBuildings) and allies (DoesNotAffect ALLIES); kills airborne aircraft unless EMP_HARDENED (painted black: TINT_STATUS_DISABLED); only airborne things when its producer aims at an airborne victim, and that victim if near enough (radius * 2 / 40 test kept); dies at Lifetime. When made it rolls its target scale and then a random facing (game random stream). Look: instance scale closes 5% of the gap from StartScale each tick; tinted saturateRGB(StartColor, 2) until the pulse, then a linear attack to saturateRGB(EndColor, 5) until it dies. Victims its sphere disabled crackle with DisableFXParticleSystem: MAX(15, ceil(SparksPerCubicFoot * footprint * MIN(height, 10))) emitters riding on them in the footprint dome, initial delay 1..100, lifetime the disable less 30 (clamped at 0: the original's unsigned subtraction would wrap; a quirk fixed). Disabled things are tinted dark grey (TintEnvelope 30/30) and a structure or vehicle losing power plays MiscAudio BuildingDisabled / VehicleDisabled. The RETAIL_COMPATIBLE_CRC logic-random draws per spark are not reproduced (our random stream is not the original's). The renderer draws only positive tint channels (rendering owned elsewhere). VictimRequiredKindOf / VictimForbiddenKindOf are parsed and unused by the original."
module:EnemyNearUpdate,module,EnemyNearUpdate,GeneralsMD/Code/GameEngine/Source/Common/Thing/ModuleFactory.cpp,games/generalszh/gameplay;games/generalszh/session,games/generalszh/gameplay/combat/components/enemy_near.cppm;games/generalszh/gameplay/combat/systems/enemy_near_system.cppm;games/generalszh/gameplay/objects/resources/object_templates.cppm;games/generalszh/gameplay/objects/algorithms/object_factory.cppm;games/generalszh/gameplay/appearance/systems/appearance_system.cppm;games/generalszh/session/session.cppm,games/generalszh/session/special_abilities.test,ported,,skirmish,"2026-09-29: a chunked EnemyNearSystem: a random first delay, then every ScanDelayTime+1 ticks it looks for a living, visible, non-building enemy within its vision range (bounding circles) in terrain line of sight; ENEMYNEAR shows from the appearance. Missing: Pathfinder::isViewBlockedByObstacle (structures blocking view)."
module:ExperienceScalarUpgrade,module,ExperienceScalarUpgrade,GeneralsMD/Code/GameEngine/Source/Common/Thing/ModuleFactory.cpp,games/generalszh/content;games/generalszh/gameplay,games/generalszh/content/upgrades/upgrade_content.cppm;games/generalszh/gameplay/upgrades/systems/upgrade_effect_system.cppm,games/generalszh/session/research.test,ported,,skirmish,adds AddXPScalar to its experience scalar (repeated triggers in a tick add up)
module:FireOCLAfterWeaponCooldownUpdate,module,FireOCLAfterWeaponCooldownUpdate,GeneralsMD/Code/GameEngine/Source/Common/Thing/ModuleFactory.cpp,engine/gameplay;games/generalszh/content;games/generalszh/gameplay;games/generalszh/session,games/generalszh/content/combat/cooldown_creation_content.cppm;games/generalszh/gameplay/combat/resources/cooldown_creation_catalog.cppm;games/generalszh/gameplay/combat/components/cooldown_creation.cppm;games/generalszh/gameplay/combat/systems/cooldown_creation_system.cppm;games/generalszh/gameplay/objects/resources/object_templates.cppm;games/generalszh/gameplay/objects/algorithms/object_factory.cppm;games/generalszh/gameplay/creation/algorithms/creation_list_runner.cppm;engine/gameplay/common/weapons/components/weapon_slots.cppm;engine/gameplay/rts/combat/systems/targeting_system.cppm;games/generalszh/gameplay/orders/algorithms/command_application.cppm;games/generalszh/gameplay/orders/algorithms/command_buttons.cppm;games/generalszh/session/session.cppm,games/generalszh/session/attacks.test,ported,,skirmish,"update() per module each tick before the tick's shots: watching its WeaponSlot while current and its upgrade mux conditions hold (UpgradeMux::testUpgradeConditions: player's and object's upgrades); a shot last tick counts (the first marks the start), a weapon able to fire that did not after MinShotsToCreateOCL shots fires the list, as does leaving the slot after enough shots (not when the upgrade conditions ended it); a validity change resets. fireOCL: ObjectCreationList::create(ocl, obj, obj, frames) with frames = firing ticks x OCLLifetimePerSecond / 1000 capped at OCLLifetimeMaxCap (setLifetimeRange(frames, frames): each piece's exact lifetime; 0 keeps the list's own). Found with it: WeaponSet::setWeaponLock now switches the current weapon at once (LockSlot), and a locked weapon's range is the reach the chase closes to."
module:FireSpreadUpdate,module,FireSpreadUpdate,GeneralsMD/Code/GameEngine/Source/Common/Thing/ModuleFactory.cpp,engine/gameplay;games/generalszh/content;games/generalszh/gameplay;games/generalszh/session,engine/gameplay/common/fire/components/fire_spread.cppm;engine/gameplay/common/fire/resources/ignitions.cppm;engine/gameplay/common/fire/systems/fire_spread_system.cppm;engine/gameplay/common/fire/systems/flammability_system.cppm;games/generalszh/content/fire/fire_content.cppm;games/generalszh/gameplay/objects/algorithms/object_factory.cppm;games/generalszh/session/session.cppm,engine/gameplay/common/fire/fire.test;games/generalszh/content/fire/fire_content.test;games/generalszh/session/session.test,ported,,shellmap,"while aflame, first try a random Min..MaxSpreadDelay after igniting, then every Min..Max: embers OCL where it burns and the closest thing within SpreadTryRange (3D) that would ignite (normal, never burned) is set alight at once (tryToIgnite); offers gathered per chunk, applied by the flammability pass"
module:FirestormDynamicGeometryInfoUpdate,module,FirestormDynamicGeometryInfoUpdate,GeneralsMD/Code/GameEngine/Source/Common/Thing/ModuleFactory.cpp,engine/gameplay;engine/effects;games/generalszh/gameplay;games/generalszh/presentation;games/generalszh/session;games/generalszh/hosts,engine/gameplay/common/spatial/components/dynamic_geometry.cppm;engine/gameplay/common/spatial/systems/dynamic_geometry_system.cppm;games/generalszh/gameplay/objects/algorithms/object_factory.cppm;games/generalszh/session/session.cppm;games/generalszh/gameplay/combat/components/firestorm.cppm;games/generalszh/gameplay/combat/systems/firestorm_system.cppm;games/generalszh/gameplay/combat/algorithms/firestorms.cppm;games/generalszh/gameplay/objects/resources/object_templates.cppm;games/generalszh/gameplay/effects/resources/effect_cues.cppm;games/generalszh/presentation/objects/systems/firestorm_presentation_systems.cppm;games/generalszh/presentation/objects/algorithms/look_setup.cppm;engine/effects/particles/simulation/particle_world.cppm;games/generalszh/hosts/game/game_client.cpp,games/generalszh/session/special_abilities.test,ported,,skirmish,"2026-09-29: a chunked FirestormSystem after its geometry: once started, its FXList (EffectCues) and, in the presentation, its particle systems at ParticleOffsetZ over the ground with their emission radius following its radius each frame; its scorch once it turns; a damage scan every DelayBetweenDamageFrames (from frame 0) within its bounding circle, no higher than MaxHeightForDamage over it, of DamageAmount FLAME/BURNED (next tick's damage). Not ported: the academy stats record (recordFirestormCreated)."
module:FireWeaponCollide,module,FireWeaponCollide,GeneralsMD/Code/GameEngine/Source/Common/Thing/ModuleFactory.cpp,engine/gameplay;games/generalszh/content;games/generalszh/gameplay;games/generalszh/session,engine/gameplay/rts/collision/components/collide_weapon.cppm;engine/gameplay/rts/collision/systems/collide_weapon_system.cppm;games/generalszh/content/combat/combat_catalog.cppm;games/generalszh/gameplay/objects/algorithms/object_factory.cppm;games/generalszh/session/session.cppm,games/generalszh/session/create_modules.test,ported,,shellmap,"a moving body overlapping one with a collide weapon that may fire (burning when it requires AFLAME; not yet when FireOnce) is fired at by it once a tick (loadAmmoNow + fireWeapon), shots landing with the tick's impacts"
module:FireWeaponPower,module,FireWeaponPower,GeneralsMD/Code/GameEngine/Source/Common/Thing/ModuleFactory.cpp,engine/gameplay;games/generalszh/content;games/generalszh/gameplay,games/generalszh/gameplay/powers/algorithms/special_power_launch.cppm;games/generalszh/content/powers/special_powers.cppm;games/generalszh/gameplay/orders/algorithms/unit_orders.cppm;engine/gameplay/common/weapons/components/armament.cppm;engine/gameplay/rts/combat/algorithms/attack_goal.cppm;engine/gameplay/rts/combat/systems/weapon_system.cppm;engine/gameplay/rts/combat/systems/turret_system.cppm;engine/gameplay/rts/combat/systems/targeting_system.cppm,games/generalszh/session/attacks.test,ported,,skirmish,"FireWeaponPower::doSpecialPowerAtLocation / AtObject: not while disabled or paused; the power triggered, every weapon reloaded at once (reloadAllAmmo(TRUE)), then an attack of MaxShotsToFire shots on the spot (aiAttackPosition: AttackTarget.atPosition, turrets aim there too) or the object (aiAttackObject), CMD_FROM_AI. Attacks on a spot and shot limits are generic: AttackGoal (a point target for the targeting, turret and weapon systems), each shot counted, the last ending the attack. Not yet: doSpecialPower with no target."
module:FireWeaponUpdate,module,FireWeaponUpdate,GeneralsMD/Code/GameEngine/Source/Common/Thing/ModuleFactory.cpp,engine/gameplay;games/generalszh/content;games/generalszh/gameplay,engine/gameplay/rts/combat/systems/auto_fire_system.cppm;games/generalszh/content/combat/combat_catalog.cppm;games/generalszh/gameplay/objects/algorithms/object_factory.cppm,engine/gameplay/rts/combat/combat.test;games/generalszh/session/session.test;games/generalszh/session/create_modules.test,ported,,shellmap,"fires its weapon at its own position whenever ready (delay, clip), InitialDelay and ExclusiveWeaponDelay 2026-10-03: FireFieldSmall fires on its first update and every DelayBetweenShots after: legacy_parity_a_fire_field_sets_a_technical_alight."
module:FireWeaponWhenDamagedBehavior,module,FireWeaponWhenDamagedBehavior,GeneralsMD/Code/GameEngine/Source/Common/Thing/ModuleFactory.cpp,engine/gameplay;games/generalszh/content;games/generalszh/gameplay;games/generalszh/session,engine/gameplay/rts/combat/components/damage_reaction.cppm;engine/gameplay/rts/combat/systems/damage_reaction_system.cppm;games/generalszh/content/combat/combat_catalog.cppm;games/generalszh/gameplay/objects/algorithms/object_factory.cppm;games/generalszh/session/session.cppm,engine/gameplay/rts/combat/combat.test;games/generalszh/session/create_modules.test,in_progress,,shellmap,"reaction weapons by damage state on each qualifying hit (DamageTypes, DamageAmount), continuous weapons each ready tick, each with its own delay and clip, fired at its own position; StartsActive. Differences: its shots land with the next tick impacts (the original deals them inside the damage), a zero DamageAmount does not see zero-damage hits, upgrade activation (TriggeredBy) pending"
module:FireWeaponWhenDeadBehavior,module,FireWeaponWhenDeadBehavior,GeneralsMD/Code/GameEngine/Source/Common/Thing/ModuleFactory.cpp,engine/gameplay;games/generalszh/content,engine/gameplay/rts/death/definitions/death_definition.cppm;engine/gameplay/rts/death/systems/death_system.cppm;games/generalszh/content/death/death_content.cppm,games/generalszh/content/death/death_content.test,ported,,shellmap,"The DeathWeapon fires at death as a Weapon death effect, fired by the session (CarryOutDeaths). DeathTypes and VeterancyLevels filter it. The UpgradeMux (StartsActive, TriggeredBy with RequiresAllTriggers, ConflictsWith) is checked against the object and player upgrades at death (DieGate), which is the same as the original executed flag while upgrades are only ever added. The UNDER_CONSTRUCTION check waits for construction."
module:FlammableUpdate,module,FlammableUpdate,GeneralsMD/Code/GameEngine/Source/Common/Thing/ModuleFactory.cpp,engine/gameplay;games/generalszh/content;games/generalszh/gameplay,engine/gameplay/common/fire/systems/flammability_system.cppm;games/generalszh/content/fire/fire_content.cppm;games/generalszh/gameplay/appearance/systems/appearance_system.cppm;games/generalszh/presentation/audio/systems/audio_systems.cppm;engine/gameplay/common/fire/systems/fire_spread_system.cppm,engine/gameplay/common/fire/fire.test;games/generalszh/session/session.test;games/generalszh/presentation/audio/audio_systems.test;games/generalszh/session/create_modules.test,in_progress,,shellmap,"flame damage limit and expiry, ignition, AFLAME burn damage, burned/smoldering, AFLAME/SMOLDERING/BURNED conditions; FireSpreadUpdate: first try a random delay after catching fire, embers (OCLEmbers), the closest thing in range that would catch is set alight; burning sound (BurningSoundName) loops while AFLAME. Still missing: legacy_parity frame tests (fire.test pins behaviour, not the original's frame numbers) 2026-10-03: A napalm FireFieldSmall (SmallFireFieldWeapon 5 FLAME every 8 frames) sets a GLA Technical (FlameDamageLimit 20, TruckArmor FLAME 100%) alight with its fourth shot, frames 1/9/17/25 after it is made: legacy_parity_a_fire_field_sets_a_technical_alight."
module:FlightDeckBehavior,module,FlightDeckBehavior,GeneralsMD/Code/GameEngine/Source/Common/Thing/ModuleFactory.cpp,engine/gameplay;games/generalszh/content;games/generalszh/gameplay;games/generalszh/session,games/generalszh/content/aircraft/aircraft_content.cppm;games/generalszh/content/loading/game_content.cppm;games/generalszh/gameplay/objects/resources/object_templates.cppm;games/generalszh/gameplay/objects/algorithms/object_factory.cppm;games/generalszh/gameplay/flight_deck/components/flight_deck.cppm;games/generalszh/gameplay/flight_deck/systems/flight_deck_systems.cppm;games/generalszh/gameplay/flight_deck/algorithms/flight_decks.cppm;games/generalszh/gameplay/production/algorithms/team_building.cppm;games/generalszh/gameplay/orders/algorithms/unit_orders.cppm;games/generalszh/gameplay/ai/algorithms/guards.cppm;games/generalszh/session/session.cppm;engine/gameplay/rts/aircraft/components/airfield.cppm;engine/gameplay/rts/aircraft/components/jet.cppm;engine/gameplay/rts/aircraft/systems/jet_system.cppm;engine/gameplay/rts/movement/components/floor_lift.cppm;engine/gameplay/rts/movement/systems/movement_system.cppm,games/generalszh/session/flight_deck.test,in_progress,,campaign,"AmericaAircraftCarrier (ZH MD_GLA03): 2 runways x NumSpacesPerRunway spaces from the PSAirCarrier bones (space row*runways+runway, front row at RunwayStartN), separate landing strips, taxi and creation points, deck at LandingDeckHeightOffset (FloorLift); 20 payload jets made on its first update; heals parked/reloading jets 6*HealAmountPerSecond/30 every 6 frames (a new healee resets the timer); the queue moves up every ParkingCleanupPeriod (HumanFollowPeriod after a move, one per runway a pass); replacements queued free every ReplacementDelay+DockAnimationDelay; launches: script/player guard/attack-position/attack-move/attack/idle orders designate (AI orders ignored; the carrier takes no aim itself), the ramp (DOOR_2/DOOR_3 opening/closing) up LaunchRampDelay then the front jet gets the order, catapult steam CatapultFireDelay on (also at the first update, retail quirk), ramp down LowerRampDelay on, next wave LaunchWaveDelay; idle recalls airborne jets. Deviations/pending: a jet answers a passed order on its next tick (the original switches state at once); the NO_ATTACK status with no jets; pending-command purging side effects of isAbleToGiveUpParkingSpace; attack-move after takeoff is overridden by the takeoff exit; destroyed carrier killing parked jets and capture defection of deck jets not specifically handled; takeoff/landing paths use the ECS jet cycle (no approach height). 2026-09-30: a destroyed carrier kills its parked jets (KillParkedJets from the parking layout by definition name)."
module:FloatUpdate,module,FloatUpdate,GeneralsMD/Code/GameEngine/Source/Common/Thing/ModuleFactory.cpp,games/generalszh/presentation,games/generalszh/presentation/objects/algorithms/look_setup.cppm;games/generalszh/presentation/objects/systems/object_presentation_systems.cppm,games/generalszh/presentation/objects/vehicle_motion.test,in_progress,,shellmap,"The buoy sway is ported, on the game clock (continuous frames, delta time). Enabled = Yes (snapping to the water surface each tick) is not ported: every shipped object has Enabled = No."
module:FXListDie,module,FXListDie,GeneralsMD/Code/GameEngine/Source/Common/Thing/ModuleFactory.cpp,engine/gameplay;games/generalszh/content,engine/gameplay/rts/death/systems/death_system.cppm;engine/gameplay/rts/death/systems/slow_death_system.cppm;engine/gameplay/rts/death/definitions/death_definition.cppm;games/generalszh/content/death/death_content.cppm,engine/gameplay/rts/death/death.test;games/generalszh/session/session.test;games/generalszh/content/death/death_content.test,in_progress,,shellmap,"DeathFX played at death via death events (tick_effects), at the object's position and facing. OrientToObject: DieEffect/DeathEvent orient (No: played unrotated where it was, on no object; legacy_parity_death_fx_orient_to_the_object_unless_told_not_to). Still missing: the damage dealer as the FX's secondary object, (upgrade switching ported: an UpgradeMux, StartsActive/TriggeredBy/ConflictsWith/RequiresAllTriggers over the object and player upgrades; the Anthrax Bomb test) 2026-09-29: the damage dealer as secondary (OrientToObject) only reaches Tracer, RayEffect and Ricochet particle nuggets; none of the shipped DeathFX lists has one."
module:GarrisonContain,module,GarrisonContain,GeneralsMD/Code/GameEngine/Source/Common/Thing/ModuleFactory.cpp,engine/gameplay;games/generalszh/content;games/generalszh/gameplay;games/generalszh/session,engine/gameplay/rts/containment/components/garrison.cppm;engine/gameplay/rts/containment/components/transport.cppm;engine/gameplay/rts/containment/systems/cargo_transfer_system.cppm;engine/gameplay/rts/containment/systems/boarding_system.cppm;games/generalszh/content/containment/transport_content.cppm;games/generalszh/gameplay/containment/algorithms/garrisons.cppm;games/generalszh/gameplay/objects/algorithms/object_factory.cppm;games/generalszh/session/session.cppm;engine/gameplay/rts/containment/components/garrison_points.cppm;engine/gameplay/rts/containment/systems/passenger_ride_system.cppm;games/generalszh/content/containment/garrison_points.cppm;games/generalszh/presentation/objects/systems/object_presentation_systems.cppm;games/generalszh/presentation/objects/resources/presentation_resources.cppm;games/generalszh/hosts/game/game_client.cpp;games/generalszh/gameplay/containment/algorithms/player_evacuation.cppm;engine/gameplay/rts/containment/definitions/transport.cppm;games/generalszh/content/loading/game_content.cppm,games/generalszh/session/create_modules.test;engine/gameplay/rts/containment/containment.test;games/generalszh/session/object_looks.test;games/generalszh/session/garrison_exits.test,in_progress,,skirmish,"Built on the generic transport (ContainMax slots; occupants always fire out). Between ticks (TendGarrisons): no health, or really damaged unless GARRISONABLE_UNTIL_DESTROYED, closes it and evacuates; occupied it takes its first occupant player default team (ChangeTeam), empty its original team; GARRISONED model condition; occupants get WEAPONBONUSCONDITION_GARRISONED (range 133%, damage 125%); HealObjects over TimeForFullHeal. Boarding reach widened to the bounding radius plus 20 (the grid footprint margin). Fire points: FIREPOINT01.. bones (up to 40) of the GARRISONED model while pristine, DAMAGED and REALLYDAMAGED; the set in use follows the building's damage state (findConditionIndex, set between ticks); an occupant with a victim stands at the free place of that set nearest it in 3D over all 40 places (those past the bones in the middle, as the original), in entity order; without a victim, at the middle. InitialRoster occupants are made on its team and put inside at the first tending (also run once after level placement). A subdued garrison holds fire. Held only by undetected stealthy garrisoners (KINDOF_STEALTH_GARRISON, the first not detected), it looks empty and its original player's to players its side is not allied with (hiddenFrom, set between ticks; the presentation shows the viewer that: getApparentControllingPlayer). Still to do: non-enclosing stations (IsEnclosingContainer No), ImmuneToClearBuildingAttacks, and MobileGarrison upkeep beyond riding along. 2026-09-29: ImmuneToClearBuildingAttacks read (Garrison.immuneToClear): garrison-clearing projectiles pass over it. 2026-09-30: setEvacDisposition (NAMED_SET_EVAC_LEFT_OR_RIGHT): left/right evacuation spots (Garrison.evac, halfLength, halfWidth). 2026-09-30: its structure inventory on the control bar (isGarrisonable, getContainMax; own or NEUTRAL) and a rider's button letting that one out: legacy_parity_a_garrisoned_building_shows_its_structure_inventory. 2026-10-02: exitObjectViaDoor bursting from its centre (EVAC_BURST_FROM_CENTER: from its position, on the ground when IsEnclosingContainer, facing its way, to a free spot there); the cliff bunkers' front/back fallback pending."
module:GenerateMinefieldBehavior,module,GenerateMinefieldBehavior,GeneralsMD/Code/GameEngine/Source/Common/Thing/ModuleFactory.cpp,engine/gameplay;games/generalszh/content;games/generalszh/gameplay;games/generalszh/session;games/generalszh/presentation,games/generalszh/gameplay/mines/components/minefield_generator.cppm;games/generalszh/gameplay/mines/algorithms/minefields.cppm;games/generalszh/content/mines/mine_content.cppm;games/generalszh/content/upgrades/upgrade_content.cppm;games/generalszh/gameplay/upgrades/systems/upgrade_effect_system.cppm;games/generalszh/session/session.cppm;games/generalszh/presentation/objects/algorithms/tick_effects.cppm;games/generalszh/gameplay/construction/algorithms/selling.cppm,engine/gameplay/rts/mines/mines.test;games/generalszh/session/create_modules.test,in_progress,,skirmish,"Laid once on its upgrade (UpgradeMux) or as it dies (GenerateOnlyOnDeath): SmartBorder rings (with the interior mine unless SmartBorderSkipInterior), BorderOnly ring, or MinesPerSquareFoot random fill; each mine skips water, cliffs and structures covering SkipIfThisMuchUnderStructure of it, is its player's default team's, knows its producer and scoots from it; GenerationFX played. Upgradable: Upgrade_ChinaEMPMines swaps its mines for UpgradedMineName. Pending: rectangle borders for boxes that are not AlwaysCircular (ringed as circles; no shipped object), setMinefieldTarget (special powers), structure cover judged by bounding circles. 2026-10-01: BuildAssistant::sellObject's remaining effects: an airfield sold kills its jets parked or taking off or landing (ParkingPlaceBehavior::killAllParkedUnits: KillJetsParkedAt, dead the tick of the sale; jets in the air fly on); every KINDOF_MINE the building made (minefield maker or producer) is destroyed at once (destroyObject, no death); it leaves every selection (deselectObject: Deselections) and is unselectable from then on (OBJECT_STATUS_UNSELECTABLE: the interaction's Pickable/Selectable). The faster scaffold animation (setAnimationLoopDuration 45 frames) was already ported (ShownLook.stretched). Tests: create_modules legacy_parity_selling_kills_parked_jets_and_takes_away_the_mines (1 vs 4 workers, checkpoint), interaction legacy_parity_a_structure_being_sold_is_deselected_and_unselectable."
module:GrantScienceUpgrade,module,GrantScienceUpgrade,GeneralsMD/Code/GameEngine/Source/Common/Thing/ModuleFactory.cpp,games/generalszh/content;games/generalszh/gameplay;games/generalszh/session,games/generalszh/content/upgrades/upgrade_content.cppm;games/generalszh/gameplay/upgrades/resources/upgrade_effects.cppm;games/generalszh/gameplay/objects/resources/object_templates.cppm;games/generalszh/gameplay/upgrades/systems/upgrade_effect_system.cppm;games/generalszh/session/session.cppm,games/generalszh/session/create_modules.test,ported,,shellmap,"upgradeImplementation: its controlling player is granted GrantScience (after the tick, through Player::grantScience)"
module:GrantStealthBehavior,module,GrantStealthBehavior,GeneralsMD/Code/GameEngine/Source/Common/Thing/ModuleFactory.cpp,engine/gameplay;games/generalszh/content;games/generalszh/gameplay;games/generalszh/session,engine/gameplay/rts/stealth/components/grant_stealth.cppm;engine/gameplay/rts/stealth/resources/detections.cppm;engine/gameplay/rts/stealth/systems/stealth_detector_system.cppm;games/generalszh/content/stealth/stealth_content.cppm;games/generalszh/gameplay/objects/algorithms/object_factory.cppm;games/generalszh/session/session.cppm,engine/gameplay/rts/stealth/stealth.test;games/generalszh/content/stealth/stealth_content.test;games/generalszh/session/session.test;games/generalszh/presentation/objects/uplink_effects.test,ported,,shellmap,"radius grows each frame from StartRadius to FinalRadius, allied things of KindOf with stealth may stealth at once; removed after the final scan (stealth.test legacy_parity_a_scrambler_grants_stealth_to_allies_as_its_radius_grows_then_is_removed); 2026-10-02: its radius particle system and the granted things' selection flash (uplink_effects.test)."
module:GrantUpgradeCreate,module,GrantUpgradeCreate,GeneralsMD/Code/GameEngine/Source/Common/Thing/ModuleFactory.cpp,games/generalszh/content;games/generalszh/gameplay,games/generalszh/content/veterancy/create_modules.cppm;games/generalszh/gameplay/objects/algorithms/object_factory.cppm,games/generalszh/session/create_modules.test,ported,,shellmap,"Objects are made complete, so the upgrade is granted at creation: player upgrades to the player, object upgrades to the object (its triggers run on the next upgrade pass). ExemptStatus matters only once construction is ported (Milestone 2). 2026-09-30: CreateModule::onBuildComplete only where the original calls it (map and starting objects, produced units, dozer-finished structures, ReplaceObjectUpgrade; never creation lists or scripts): CreateModulesBuildComplete; GrantUpgradeCreate also on creation with ExemptStatus UNDER_CONSTRUCTION when not being built: legacy_parity_a_command_center_grants_its_radar_once_built."
module:HackInternetAIUpdate,module,HackInternetAIUpdate,GeneralsMD/Code/GameEngine/Source/Common/Thing/ModuleFactory.cpp,games/generalszh/gameplay;games/generalszh/session;games/generalszh/presentation,games/generalszh/gameplay/hacking/components/internet_hack.cppm;games/generalszh/gameplay/hacking/systems/internet_hack_system.cppm;games/generalszh/gameplay/hacking/algorithms/hack_orders.cppm;games/generalszh/gameplay/hacking/algorithms/hack_events.cppm;games/generalszh/gameplay/hacking/resources/hack_cues.cppm;games/generalszh/gameplay/objects/resources/object_templates.cppm;games/generalszh/gameplay/orders/algorithms/unit_orders.cppm;games/generalszh/gameplay/orders/algorithms/command_buttons.cppm;games/generalszh/presentation/audio/algorithms/audio_schedule.cppm,games/generalszh/session/special_abilities.test,ported,,skirmish,"2026-09-29: HackInternetStateMachine as a chunked system: aiHackInternet (the HACK_INTERNET button, scripts, an Internet Center) stops it and unpacks it (UNPACKING, UnitUnpack, UnpackTime times 1 +- PackUnpackVariationFactor, drawn from the game's stream); the tick after its frames run out it hacks (FIRING_A): every CashUpdateDelay (CashUpdateDelayFast inside a container) counted down, its veterancy level's cash (a missing level falls to the one below, none at all 1) to its player as money earned, XpPerCashUpdate to it, the cash shown over it and UnitCashPing; DISABLED_HACKED holds its count. Any other order while it hacks (aiDoCommand) packs it (PACKING, UnitPack, PackTime varied, none inside a building) and the order waits (its move held) till packed; while it packs, orders wait; a hack order while packing hacks again once packed. Retail quirk fixed: a hack order while hacking or unpacking does nothing (retail packed and started over). Not yet: the cash text's random jitter inside an Internet Center (client random), isIdle for the AI's own idle checks beyond AiActivity.busy."
module:HealContain,module,HealContain,GeneralsMD/Code/GameEngine/Source/Common/Thing/ModuleFactory.cpp,engine/gameplay;games/generalszh/content;games/generalszh/gameplay;games/generalszh/session,engine/gameplay/rts/containment/components/heal_pad.cppm;engine/gameplay/rts/containment/systems/heal_pad_system.cppm;engine/gameplay/rts/containment/resources/cargo_manifest.cppm;engine/gameplay/rts/containment/systems/cargo_transfer_system.cppm;games/generalszh/content/containment/transport_content.cppm;games/generalszh/gameplay/objects/algorithms/object_factory.cppm;games/generalszh/session/session.cppm;games/generalszh/gameplay/orders/algorithms/repair_orders.cppm;games/generalszh/gameplay/orders/algorithms/command_application.cppm,games/generalszh/session/research.test;games/generalszh/session/unmanned_vehicles.test;games/generalszh/presentation/interaction/interaction.test,in_progress,,shellmap,"The container (ContainMax via the transport path) gets a HealPad (TimeForFullHeal ms in frames, rounded up). HealPadSystem (chunk-parallel over riders, after the other healing): a rider inside fullHealTicks since it got in (Passenger.since = containedByFrame) is made whole and let out by name (RiderExits, taken from the manifest by CargoTransferSystem); others heal max/fullHealTicks a tick up to max (doHeal). Parity: a Ranger comes out whole exactly 60 frames after it got into AmericaBarracks. Still to do: AllowAlliesInside/AllowNeutralInside/AllowEnemiesInside and AllowInsideKindOf on entering (OpenContain::isValidContainerFor), exit through the door position (exitObjectViaDoor) rather than the generic step-clear. 2026-09-30: a player's GET_HEALED_AT / ENTER_OBJECT context command: canGetHealedAt then aiEnter (GetHealed command); a HealContain pad is entered only when hurt (canEnterObject)."
module:HealCrateCollide,module,HealCrateCollide,GeneralsMD/Code/GameEngine/Source/Common/Thing/ModuleFactory.cpp,games/generalszh/content;games/generalszh/gameplay;games/generalszh/presentation,games/generalszh/content/crates/crate_content.cppm;games/generalszh/gameplay/crates/algorithms/crate_rules.cppm;games/generalszh/gameplay/crates/resources/crates.cppm;games/generalszh/presentation/objects/systems/crate_presentation_systems.cppm;games/generalszh/presentation/objects/algorithms/look_setup.cppm;games/generalszh/presentation/objects/resources/look_catalog.cppm,games/generalszh/session/crates.test,ported,,skirmish,"2026-09-29: CrateKind::Heal: the collector's player's every living object healed completely (Player::healAllObjects -> healCompletely: HUGE_DAMAGE_AMOUNT of HEALING through its armor), a chunked Health+Owner pass (order-free); MiscAudio CrateHeal where the collector is. Retail ships no user (Crate.ini comments only): the parity test mounts a SupplyDropZoneCrate copy with the module (legacy_parity_a_heal_crate_heals_everything_its_player_has). Not ported: the bridge/bridge-tower exception for healing the effectively dead."
module:HeightDieUpdate,module,HeightDieUpdate,GeneralsMD/Code/GameEngine/Source/Common/Thing/ModuleFactory.cpp,engine/gameplay;games/generalszh/gameplay;games/generalszh/session,engine/gameplay/rts/death/components/height_die.cppm;engine/gameplay/rts/death/systems/height_die_system.cppm;games/generalszh/gameplay/objects/algorithms/object_factory.cppm;engine/gameplay/common/spatial/components/body_extent.cppm;games/generalszh/presentation/objects/systems/effect_attachment_systems.cppm,engine/gameplay/rts/death/death.test;games/generalszh/session/team_states.test;games/generalszh/session/attacks.test,in_progress,,shellmap,"update: after InitialDelay from its first look, not while carried, killed once below TargetHeight above the ground (OnlyWhenMovingDown: only while falling), snapped to the ground when asked or below it; its kill joins the tick's deaths (after cargo is let go). TargetHeightIncludesStructures (the tallest structure within its bounding circle, FROM_BOUNDINGSPHERE_3D) and DestroyAttachedParticlesAtHeight (ParticleClears: AttachedParticleClearSystem destroys its riding systems) ported: legacy_parity_a_moab_dies_above_the_building_under_it. Not yet: bridge layers (no bridges in the port yet)."
module:HelicopterSlowDeathBehavior,module,HelicopterSlowDeathBehavior,GeneralsMD/Code/GameEngine/Source/Common/Thing/ModuleFactory.cpp,engine/gameplay;games/generalszh/content;games/generalszh/session,engine/gameplay/rts/death/definitions/death_definition.cppm;engine/gameplay/rts/death/components/crash.cppm;engine/gameplay/rts/death/systems/death_system.cppm;engine/gameplay/rts/death/systems/slow_death_system.cppm;games/generalszh/content/death/death_content.cppm;games/generalszh/session/session.cppm;engine/gameplay/common/spatial/components/bounding_volume.cppm;engine/gameplay/rts/death/systems/crash_collision_system.cppm;games/generalszh/gameplay/objects/algorithms/object_factory.cppm;engine/gameplay/rts/movement/algorithms/hover_motion.cppm;games/generalszh/content/containment/parachute_content.cppm;games/generalszh/content/loading/game_content.cppm;games/generalszh/gameplay/objects/resources/object_templates.cppm,engine/gameplay/rts/death/death.test;games/generalszh/content/death/death_content.test;games/generalszh/session/session.test;games/generalszh/session/create_modules.test,in_progress,,shellmap,"spirals down on its NORMAL locomotor working while dead (the spiral a motive force on its physics body, braked by maintainCurrentPositionHover at most MaxBraking, lifted by handleBehaviorZ on its damaged lift capped at -gravity x (1 - FallHowFast), airborne friction; AI, physics, then the behaviour each frame; its flight velocity kept; first spin change on its first update); self spin between min and max (stepped every delay), orbit heading turning at the spiral rate with damped forward speed, falls at FallHowFast x gravity; blades FX/OCL after a random delay; hit-ground FX/OCL within 1 of the ground, held, SPECIAL_DAMAGED look; final blow-up FX/OCL and FinalRubbleObject spawn after the delay; AttachParticle smoke trail on its bone; SoundDeathLoop while falling. Blade FX/OCL at BladeBoneName (the rest-pose bone turned with it; legacy_parity_helicopter_blades_come_off_at_their_bone; its pitch/roll not applied). Still missing: bodies without a locomotor fly it kinematically, bridge layers, legacy_parity test OCLEjectPilot ported. 2026-09-26: crashing into a tree ported (hitATree): CrashCollisionSystem records a spiralling wreck's last collidee among what stands firm (IMMOBILE; BoundingVolume from GeometryInfo, footprint and height overlap then onCollide's bounding-sphere test), and a SHRUBBERY one brings it down where it is on its next tick (legacy_parity_a_crashing_helicopter_comes_down_in_a_tree). AttachParticleLoc: unused by the shipped helicopters (all set AttachParticleBone)."
module:HelixContain,module,HelixContain,GeneralsMD/Code/GameEngine/Source/Common/Thing/ModuleFactory.cpp,engine/gameplay;games/generalszh/content;games/generalszh/gameplay;games/generalszh/session,engine/gameplay/rts/containment/definitions/transport.cppm;engine/gameplay/rts/containment/systems/passenger_ride_system.cppm;games/generalszh/gameplay/containment/components/held_aboard.cppm;engine/gameplay/rts/containment/components/mount.cppm;engine/gameplay/rts/death/systems/mount_system.cppm;engine/gameplay/rts/combat/systems/turret_system.cppm;games/generalszh/gameplay/containment/algorithms/garrisons.cppm;games/generalszh/gameplay/creation/algorithms/creation_list_runner.cppm;games/generalszh/content/containment/transport_content.cppm;games/generalszh/gameplay/appearance/systems/appearance_system.cppm,engine/gameplay/rts/death/death.test;games/generalszh/session/create_modules.test,in_progress,,shellmap,"A TransportContain whose riders ride 8 above it (redeployOccupants), held (DISABLED_HELD, tracked by HeldAboard) and GARRISONED while aboard; its portable structure (ContainInsideSourceObject) mounts on it outside its slots, always armed, riding at its position and facing, killed as it dies and removed with it (Mount/Mounted, MountSystem). Pending: the stealth grant, nested containment voiding fire. PayloadTemplateName is used by no shipped HelixContain. Done: the rider takes its damage state (onBodyDamageStateChange, never rubble) and goes over with it when it changes sides (onCapture)."
module:HighlanderBody,module,HighlanderBody,GeneralsMD/Code/GameEngine/Source/Common/Thing/ModuleFactory.cpp,engine/gameplay;games/generalszh/content;games/generalszh/gameplay,engine/gameplay/common/health/components/health_floor.cppm;engine/gameplay/common/health/systems/health_system.cppm;engine/gameplay/rts/death/systems/death_system.cppm;games/generalszh/content/combat/combat_catalog.cppm;games/generalszh/gameplay/objects/algorithms/object_factory.cppm,engine/gameplay/rts/death/death.test;games/generalszh/content/combat/combat_catalog.test,ported,,shellmap,Generic HealthFloor with exempt = UNRESISTABLE. Each hit is cut to health - 1 before armor weighs it; unresistable damage still kills. Otherwise an ActiveBody.
module:HijackerUpdate,module,HijackerUpdate,GeneralsMD/Code/GameEngine/Source/Common/Thing/ModuleFactory.cpp,engine/gameplay;games/generalszh/content;games/generalszh/gameplay;games/generalszh/session;games/generalszh/presentation,games/generalszh/gameplay/crates/components/hijacker.cppm;games/generalszh/gameplay/crates/systems/hijacker_system.cppm;games/generalszh/gameplay/crates/algorithms/hijacking.cppm;games/generalszh/gameplay/objects/resources/object_templates.cppm;games/generalszh/content/crates/crate_content.cppm;engine/gameplay/rts/containment/components/transport.cppm;engine/gameplay/rts/containment/systems/boarding_system.cppm;engine/gameplay/rts/containment/systems/cargo_transfer_system.cppm;games/generalszh/presentation/interaction/systems/interaction_systems.cppm;games/generalszh/presentation/hud/systems/eva_system.cppm;games/generalszh/presentation/objects/systems/ability_presentation_systems.cppm,games/generalszh/session/unmanned_vehicles.test;games/generalszh/presentation/interaction/interaction.test,ported,,skirmish,"2026-09-29: a chunked HijackerSystem: riding, it goes where the vehicle is, notes whether it is significantly above the ground and both take the higher veterancy; the vehicle gone (destroyed after its slow death), the tick after it is back on the map where the vehicle last was, idle, by its ParachuteName parachute when the vehicle was aloft. Checkpointed component."
module:HiveStructureBody,module,HiveStructureBody,GeneralsMD/Code/GameEngine/Source/Common/Thing/ModuleFactory.cpp,engine/gameplay;games/generalszh/content;games/generalszh/gameplay;games/generalszh/session,engine/gameplay/rts/slaves/components/hive_body.cppm;engine/gameplay/rts/slaves/systems/hive_damage_system.cppm;engine/gameplay/common/health/resources/incoming_damage.cppm;games/generalszh/content/combat/combat_catalog.cppm;games/generalszh/gameplay/objects/algorithms/object_factory.cppm;games/generalszh/session/session.cppm,engine/gameplay/rts/slaves/slaves.test,ported,,skirmish,"A StructureBody (its body as any structure's) whose attemptDamage passes PropagateDamageTypesToSlavesWhenExisting damage to its spawn nearest the dealer (getClosestSlave: 2D centres, first of equals), taken there as the spawn's own; with no spawns SwallowDamageTypesIfSlavesNotExisting damage has no effect; a dealer gone, the hive takes it. A pass over the tick's damage after it is all dealt, before bodies take it. The contain branch (a hive with no SpawnBehavior passing damage to its closest rider) is not ported: no shipped HiveStructureBody without a spawner propagates any type (the Fire Bases' lists are empty)."
module:HordeUpdate,module,HordeUpdate,GeneralsMD/Code/GameEngine/Source/Common/Thing/ModuleFactory.cpp,engine/gameplay/rts/horde;games/generalszh/content;games/generalszh/gameplay;games/generalszh/session,engine/gameplay/rts/horde/systems/horde_system.cppm;engine/gameplay/rts/horde/resources/horde_catalog.cppm;games/generalszh/content/horde/horde_content.cppm;games/generalszh/gameplay/objects/algorithms/object_factory.cppm,engine/gameplay/rts/horde/horde.test,in_progress,,skirmish,"horde membership (Count - 1 fellows within Radius, bounding spheres 3D; kinds, allies, exact match; rub-off within RubOffRadius of a true member as it was before the tick; retail counts dead fellows), infantry every UpdateRate from a random first wake, others every UpdateRate + 1; evaluateMoraleBonus classic: HORDE, NATIONALISM (Upgrade_Nationalism), FANATICISM (Upgrade_Fanaticism; kept without nationalism); legacy_parity tested. Pending: the horde terrain decals (drawn only with icon UI on) and FlagSubObjectNames (hidden in the original)"
module:ImmortalBody,module,ImmortalBody,GeneralsMD/Code/GameEngine/Source/Common/Thing/ModuleFactory.cpp,engine/gameplay;games/generalszh/content;games/generalszh/gameplay,engine/gameplay/common/health/components/health_floor.cppm;engine/gameplay/common/health/systems/health_system.cppm;engine/gameplay/rts/death/systems/death_system.cppm;games/generalszh/content/combat/combat_catalog.cppm;games/generalszh/gameplay/objects/algorithms/object_factory.cppm,engine/gameplay/rts/death/death.test;games/generalszh/content/combat/combat_catalog.test,ported,,shellmap,"HealthFloor with no exempt type. The loss is clamped after armor (internalChangeHealth), and kill requests and expirations are ignored, since legacy kill() goes through the same clamp."
module:InactiveBody,module,InactiveBody,GeneralsMD/Code/GameEngine/Source/Common/Thing/ModuleFactory.cpp,engine/gameplay;games/generalszh/content;games/generalszh/gameplay;games/generalszh/session,engine/gameplay/common/health/components/inactive_body.cppm;engine/gameplay/rts/match/systems/victory_system.cppm;games/generalszh/content/combat/combat_catalog.cppm;games/generalszh/gameplay/objects/algorithms/object_factory.cppm;games/generalszh/gameplay/ai/algorithms/ai_players.cppm;games/generalszh/gameplay/scripts/algorithms/object_counting.cppm;games/generalszh/session/script_bridge.cppm,engine/gameplay/rts/match/match.test;games/generalszh/session/create_modules.test,ported,,shellmap,"no health (never hurt, not targetable: area damage skips the effectively dead), effectively dead from the start (victory, AI object counts, NamedAlive, team units, object counting skip it), dies once when killed outright (kill requests); healing has no effect"
module:InstantDeathBehavior,module,InstantDeathBehavior,GeneralsMD/Code/GameEngine/Source/Common/Thing/ModuleFactory.cpp,engine/gameplay;games/generalszh/content,engine/gameplay/rts/death/systems/death_system.cppm;engine/gameplay/rts/death/systems/slow_death_system.cppm;engine/gameplay/rts/death/definitions/death_definition.cppm;games/generalszh/content/death/death_content.cppm,engine/gameplay/rts/death/death.test;games/generalszh/session/session.test,in_progress,,shellmap,"one pick per FX/OCL/Weapon list at death with DeathTypes/VeterancyLevels filters; FX presented, OCLs run and weapons fired where it died the next tick (session CarryOutDeaths) (Not an UpgradeMux in the original: no TriggeredBy to honour.)"
module:InternetHackContain,module,InternetHackContain,GeneralsMD/Code/GameEngine/Source/Common/Thing/ModuleFactory.cpp,games/generalszh/gameplay;games/generalszh/session;games/generalszh/presentation,games/generalszh/gameplay/hacking/components/internet_hack.cppm;games/generalszh/gameplay/hacking/systems/internet_hack_system.cppm;games/generalszh/gameplay/hacking/algorithms/hack_orders.cppm;games/generalszh/gameplay/hacking/algorithms/hack_events.cppm;games/generalszh/gameplay/hacking/resources/hack_cues.cppm;games/generalszh/gameplay/objects/resources/object_templates.cppm;games/generalszh/gameplay/orders/algorithms/unit_orders.cppm;games/generalszh/gameplay/orders/algorithms/command_buttons.cppm;games/generalszh/presentation/audio/algorithms/audio_schedule.cppm,games/generalszh/session/special_abilities.test,ported,,skirmish,"2026-09-29: a TransportContain (the port's transport) whose onContaining sets each rider hacking (aiHackInternet from its AI); a hacker let out stops hacking (its exit an order: packed, no time inside a building)."
module:JetAIUpdate,module,JetAIUpdate,GeneralsMD/Code/GameEngine/Source/Common/Thing/ModuleFactory.cpp,engine/gameplay;games/generalszh/content;games/generalszh/gameplay;games/generalszh/session,engine/gameplay/rts/aircraft/systems/jet_system.cppm;engine/gameplay/rts/aircraft/components/jet.cppm;games/generalszh/content/aircraft/aircraft_content.cppm;games/generalszh/gameplay/aircraft/algorithms/airfields.cppm;games/generalszh/gameplay/objects/algorithms/object_factory.cppm;games/generalszh/session/session.cppm;games/generalszh/presentation/audio/systems/audio_systems.cppm;engine/gameplay/rts/movement/components/floor_lift.cppm;games/generalszh/gameplay/orders/algorithms/command_application.cppm;engine/gameplay/rts/aircraft/algorithms/helicopter_flight.cppm;engine/gameplay/rts/aircraft/components/airfield.cppm;games/generalszh/gameplay/production/algorithms/team_building.cppm;games/generalszh/gameplay/production/algorithms/unit_queue.cppm;games/generalszh/gameplay/orders/algorithms/repair_orders.cppm;games/generalszh/gameplay/aircraft/systems/airfield_heal_system.cppm;engine/gameplay/rts/aircraft/algorithms/jet_runway_cycle.cppm;engine/gameplay/rts/combat/components/sneaky_target.cppm;engine/gameplay/rts/combat/systems/weapon_system.cppm;engine/gameplay/rts/combat/algorithms/projectile_collision.cppm;engine/gameplay/rts/combat/systems/targeting_system.cppm,engine/gameplay/rts/aircraft/aircraft.test;games/generalszh/session/session.test;games/generalszh/presentation/audio/audio_systems.test;games/generalszh/session/flight_deck.test;games/generalszh/session/unmanned_vehicles.test;games/generalszh/presentation/interaction/interaction.test;games/generalszh/session/helicopters.test;games/generalszh/session/jets.test;engine/gameplay/rts/combat/combat.test,in_progress,,shellmap,"parked -> taxi to prep -> await runway -> taxi to start -> takeoff roll (lift at TakeoffDistForMaxLift) -> flying; out of ammo or idle past ReturnToBaseIdleTime -> return, await runway, land, taxi in, reload (clip reload), parked; runways shared one jet at a time; no shots on the ground; jets without an airfield (map placed) adopt the nearest allied one with a free space when out of ammo (findSuitableAirfield); lockon cursor, sneaky offset, out-of-ammo damage, attack/return locomotors, takeoff pause pending 2026-09-26: JetPauseBeforeTakeoffState (retail): lined up at the runway start it waits while another jet of its airfield taxies to take off, then lights its afterburners (JETAFTERBURNER; the Afterburner unit sound once, stopped as they go out) and rolls TakeoffPause ticks later; afterburners out once flying (legacy_parity_a_jet_pauses_with_afterburners_before_takeoff, legacy_parity_afterburners_sound_as_they_light). Deviations: it faces down the runway at once (the original turns there at its turn rate); the runway is released when it lifts off, not two frames into the pause. Dead airfield (JetOrHeliReturningToDeadAirfieldState, JetOrHeliCirclingDeadAirfieldState): ReturnToDeadAirfield/CirclingDeadAirfield states, OutOfAmmoDamagePerSecond while circling; a new airfield is looked for every tick between ticks (AssignAirfields) rather than every 30 frames; under-construction and sold airfields are passed over (legacy_parity_a_homeless_jet_takes_the_nearest_finished_airfield); VoiceLowFuel as it starts circling (legacy_parity_a_jet_circling_a_dead_airfield_calls_low_fuel, a player voice: its own player hears it).; 2026-09-30: flight deck paths (DECK_HEIGHT_OFFSET): on the deck floor (FloorLift), front row only takes off, lands on the landing strip at deck height, taxies in through the runway taxi points, new ones out by the creation points; Jet.order Scramble/Recall passed by the deck. 2026-09-30: privateEnter / doLandingCommand for a player's enter at its player's airfield (ignored while landing or taxiing in; canEnterObject's aircraft case: airborne, its own space there or a free one): the space reserved there (the old one let go) and back to land (the airfield recall), through the Enter command. 2026-10-01: NeedsRunway No (HeliAIStateMachine) ported for the PRODUCED_AT_HELIPAD helicopters (the Comanches): helicopter_flight.cppm, helicopters.test. 2026-10-01: airfield jets' cycle redone as the original (jet_runway_cycle.cppm, StepRunwayJet): the runway queue (reserveRunway / transferRunwayReservationToNextInLineForTakeoff / releaseRunway, m_wasInLine: roll from the prep point), awaiting the runway in its space, taxi paths with the intersectInfiniteLine2D turn point, the pause facing the runway end at its turn rate (retail findWaiter, transfer at +1/+2), takeoff to the end at ApproachHeight and on to the exit with the lift ramp (1 - distance to end / runway length)^2 (on the port's height control, not the original's lift physics), return to runwayApproach, landing approach -> end -> start at min speed, taxi-in, JetOrHeliParkOrientState, clip-scaled reload, pending orders (any order to a grounded jet sends it out). aircraft.test legacy_parity_jets_queue_for_the_runway, legacy_parity_a_jet_lands_the_way_it_took_off_in_reverse. Flight decks keep their branch. 2026-10-01: the Aurora's attack run ported (attack / return locomotor sets, persist times, sneaky offset with its weapon aim and projectile rules): jets.test, combat.test. Remaining: the lock-on cursor (no shipped object sets it). 2026-10-03: A path just given (the deck landing over runwayApproach, the takeoff roll) sets its first point as the goal on entry (AIFollowPathState::onEnter); whether it is there is asked from the next frame, so a jet already over its approach comes in at its approach height first: legacy_parity_a_carrier_jet_climbs_out_and_comes_in_at_its_approach_height. 2026-10-03: AIAttackAimAtTargetState for one that cannot turn in place (m_canTurnInPlace: locomotor MinSpeed 0): a jet with its victim in reach but off its nose flies straight at it (setLocomotorGoalPositionExplicit) at its turn rate and fires once within AcceptableAimDelta; it never turns in place to aim. The goal it leaves (onExit keeps a wings goal) counts as idle (AIUpdateInterface::isIdle) so out of ammo it heads home. Restores the shell map MiGs napalming GLA vehicles (things catch fire again): legacy_parity_a_jet_flies_at_its_victim_to_aim."
module:JetSlowDeathBehavior,module,JetSlowDeathBehavior,GeneralsMD/Code/GameEngine/Source/Common/Thing/ModuleFactory.cpp,engine/gameplay;games/generalszh/content;games/generalszh/session,engine/gameplay/rts/death/definitions/death_definition.cppm;engine/gameplay/rts/death/components/crash.cppm;engine/gameplay/rts/death/systems/death_system.cppm;engine/gameplay/rts/death/systems/slow_death_system.cppm;games/generalszh/content/death/death_content.cppm;games/generalszh/session/session.cppm;engine/gameplay/rts/death/systems/crash_collision_system.cppm;engine/gameplay/common/spatial/components/bounding_volume.cppm,engine/gameplay/rts/death/death.test;games/generalszh/content/death/death_content.test;games/generalszh/session/session.test;games/generalszh/session/create_modules.test,in_progress,,shellmap,"on the ground (not significantly above it): on-ground FX/OCL, removed at once; in the air: flies straight on at its speed, no turning, falls at FallHowFast x gravity, rolls (rate x delta per frame); secondary FX/OCL after its delay, hit-ground FX/OCL on landing, pitches and slides to a halt, final blow-up after its delay then removed; DeathLoopSound while falling. Still missing: bridge layers, legacy_parity test 2026-09-26: crashing into a tree ported (hitATree, as the helicopters: CrashCollisionSystem's last collidee): down where it is on its next update, then falling on to the ground as it slides (legacy_parity_a_crashing_jet_comes_down_in_a_tree)."
module:KeepObjectDie,module,KeepObjectDie,GeneralsMD/Code/GameEngine/Source/Common/Thing/ModuleFactory.cpp,engine/gameplay;games/generalszh/content,engine/gameplay/rts/death/systems/death_system.cppm;engine/gameplay/rts/death/systems/slow_death_system.cppm;engine/gameplay/rts/death/definitions/death_definition.cppm;games/generalszh/content/death/death_content.cppm,engine/gameplay/rts/death/death.test;games/generalszh/session/session.test,ported,,shellmap,"bodies no die module removes linger dead (Dying::Lingering), as the original"
module:LaserUpdate,module,LaserUpdate,GeneralsMD/Code/GameEngine/Source/Common/Thing/ModuleFactory.cpp,games/generalszh/presentation/effects;games/generalszh/presentation/objects;games/generalszh/presentation/rendering,games/generalszh/presentation/objects/systems/effect_attachment_systems.cppm;games/generalszh/presentation/objects/algorithms/tick_effects.cppm,games/generalszh/presentation/objects/uplink_effects.test,in_progress,,shellmap,"A laser weapon shot (Weapon::createLaser, LaserName) puts its beam out: start at the shooter LaserBoneName (turned with the turret), end at the target, both followed each frame, muzzle and target particle systems, gone after its LifetimeUpdate lifetime (drawn at least once). Widening/decay (sizeDeltaFrames, setDecayFrames) only serve the Particle Uplink Cannon and AssistedTargetingUpdate lasers and port with them. Still missing: PunchThroughScalar (the end pierces past a dead target; Avenger/laser-general beams only); the lifetime is the mean of MinLifetime..MaxLifetime instead of the original's random pick; no tests. 2026-10-02: corrected to the original: the end does not follow the target (initLaser is always given an end, so updateEndPos never tracks one; PunchThroughScalar is therefore dead): a weapon laser ends at its aim, 10 higher over a ground target (createLaser), an assisted stream where its target was as it started: uplink_effects.test legacy_parity_a_laser_ends_where_it_was_aimed."
module:LeafletDropBehavior,module,LeafletDropBehavior,GeneralsMD/Code/GameEngine/Source/Common/Thing/ModuleFactory.cpp,games/generalszh/gameplay;games/generalszh/presentation;games/generalszh/session,games/generalszh/gameplay/powers/components/leaflet_drop.cppm;games/generalszh/gameplay/powers/algorithms/leaflet_drops.cppm;games/generalszh/gameplay/objects/resources/object_templates.cppm;games/generalszh/gameplay/objects/algorithms/object_factory.cppm;games/generalszh/gameplay/effects/resources/effect_cues.cppm;games/generalszh/presentation/effects/fx_playback.cppm;games/generalszh/presentation/objects/algorithms/tick_effects.cppm;games/generalszh/session/session.cppm,games/generalszh/session/special_abilities.test,ported,,skirmish,"2026-09-29: first update: LeafletFXParticleSystem riding on it (EffectCues particle system); onDie: enemy infantry and vehicles within AffectRadius (point to bounding sphere, 3D) DISABLED_EMP for DisabledDuration. Retail quirk kept: before Delay its update sleeps for good and is never woken, so the delayed disabling never runs (Delay is parsed, unused)."
module:LifetimeUpdate,module,LifetimeUpdate,GeneralsMD/Code/GameEngine/Source/Common/Thing/ModuleFactory.cpp,engine/gameplay;games/generalszh/content,engine/gameplay/common/lifetime/systems/lifetime_system.cppm;games/generalszh/content/lifetime/lifetime_content.cppm,engine/gameplay/common/lifetime/lifetime.test;games/generalszh/session/session.test,ported,,shellmap,"dies (killed) at a random tick in [MinLifetime, MaxLifetime]; OCL lifetimes override it"
module:LockWeaponCreate,module,LockWeaponCreate,GeneralsMD/Code/GameEngine/Source/Common/Thing/ModuleFactory.cpp,engine/gameplay;games/generalszh/content;games/generalszh/gameplay,engine/gameplay/common/weapons/components/weapon_slots.cppm;engine/gameplay/rts/combat/systems/weapon_system.cppm;engine/gameplay/rts/loadout/algorithms/equip.cppm;games/generalszh/content/veterancy/create_modules.cppm;games/generalszh/gameplay/objects/algorithms/object_factory.cppm,games/generalszh/session/create_modules.test,ported,,shellmap,"WeaponSlots.locked (LOCKED_PERMANENTLY): ChooseSlot keeps a locked slot. A new weapon set releases the lock unless it has WeaponLockSharedAcrossSets. A locked single-weapon object gets WeaponSlots so the lock survives its upgrades. Temporary locks (special abilities and commands) are not ported yet. 2026-09-30: CreateModule::onBuildComplete only where the original calls it (map and starting objects, produced units, dozer-finished structures, ReplaceObjectUpgrade; never creation lists or scripts): CreateModulesBuildComplete; GrantUpgradeCreate also on creation with ExemptStatus UNDER_CONSTRUCTION when not being built: legacy_parity_a_command_center_grants_its_radar_once_built."
module:LocomotorSetUpgrade,module,LocomotorSetUpgrade,GeneralsMD/Code/GameEngine/Source/Common/Thing/ModuleFactory.cpp,games/generalszh/content;games/generalszh/gameplay;games/generalszh/session,games/generalszh/content/upgrades/upgrade_content.cppm;games/generalszh/gameplay/upgrades/resources/upgrade_effects.cppm;games/generalszh/gameplay/objects/resources/object_templates.cppm;games/generalszh/gameplay/upgrades/systems/upgrade_effect_system.cppm;games/generalszh/session/session.cppm,games/generalszh/session/create_modules.test,ported,,shellmap,setLocomotorUpgrade: it moves on its SET_NORMAL_UPGRADED locomotor from then on
module:MaxHealthUpgrade,module,MaxHealthUpgrade,GeneralsMD/Code/GameEngine/Source/Common/Thing/ModuleFactory.cpp,engine/gameplay;games/generalszh/gameplay;games/generalszh/content,engine/gameplay/rts/upgrades/systems/upgrade_system.cppm;games/generalszh/gameplay/upgrades/systems/upgrade_effect_system.cppm;games/generalszh/content/upgrades/upgrade_content.cppm,engine/gameplay/rts/upgrades/upgrades.test;games/generalszh/content/upgrades/upgrade_content.test;games/generalszh/session/session.test;engine/gameplay/common/healing/healing.test;games/generalszh/session/create_modules.test,ported,,skirmish,"AddMaxHealth with ChangeType (SAME_CURRENTHEALTH, PRESERVE_RATIO, ADD_CURRENT_HEALTH_TOO, FULLY_HEAL) via SetMaxHealth (ActiveBody::setMaxHealth) 2026-10-02: MaxHealthUpgrade::upgradeImplementation (setMaxHealth(max + AddMaxHealth, ChangeType)) through UpgradeEffectSystem and SetMaxHealth (ActiveBody::setMaxHealth): healing.test legacy_parity_max_health_changes_as_active_body_set_max_health (the original's own examples for each change type, the clip to a lower maximum and to zero); create_modules.test legacy_parity_composite_armor_adds_to_an_avengers_health (the shipped AirF_AmericaTankAvenger: 150/300 becomes 250/400 the tick after Composite Armor; one made afterwards 400/400)."
module:MinefieldBehavior,module,MinefieldBehavior,GeneralsMD/Code/GameEngine/Source/Common/Thing/ModuleFactory.cpp,engine/gameplay;games/generalszh/content;games/generalszh/gameplay;games/generalszh/session;games/generalszh/presentation,engine/gameplay/rts/mines/components/minefield.cppm;engine/gameplay/rts/mines/systems/minefield_system.cppm;engine/gameplay/common/health/components/health_floor.cppm;games/generalszh/content/mines/mine_content.cppm;games/generalszh/gameplay/objects/algorithms/object_factory.cppm;games/generalszh/gameplay/appearance/systems/appearance_system.cppm;games/generalszh/session/session.cppm,engine/gameplay/rts/mines/mines.test;games/generalszh/session/create_modules.test;engine/gameplay/rts/combat/combat.test,in_progress,,skirmish,"Virtual mines held in its health (onDamage / onHealing: ceil after damage, floor after healing, detonating at the mine as they go), set off by what stands in it (onCollide: DetonatedBy, WorkersDetonate via MineSafe, RepeatDetonateMoveThresh with its last 8 detonators, clipped to its footprint) firing DetonationWeapon; spent: RUBBLE and unattackable (MASKED), removed if it does not regenerate; a regenerating one keeps MIN_HEALTH 0.1 (HealthFloor least), stops when its producer dies (CreatorDeathCheckRate) and drains DegenPercentPerSecondAfterCreatorDies (UNRESISTABLE, its drained mines spent quietly); scoot from its maker. Differences: detonation weapons land the next tick (queued shots); a spent non-regenerating mine is removed the next tick (Lifetime deletion). Pending: CreationList, mine clearing immunity (isClearingMines), disarm. OBJECT_STATUS_NO_ATTACK_FROM_AI: target_class NoAttackFromAi, never picked by a scan (an order still may). 2026-09-30: onCollide / update immunity (MAX_IMMUNITY 3): one clearing mines (attacking with a WEAPON_ANTI_MINE weapon, a goal object) that touches a mine is immune to it while it keeps touching it, lapsing 2 frames after: mines.test legacy_parity_a_mine_clearer_is_immune_while_it_touches_the_mine."
module:MissileAIUpdate,module,MissileAIUpdate,GeneralsMD/Code/GameEngine/Source/Common/Thing/ModuleFactory.cpp,engine/gameplay/rts/combat;games/generalszh/content;games/generalszh/presentation/objects;engine/gameplay,engine/gameplay/rts/combat/components/missile.cppm;engine/gameplay/rts/combat/algorithms/thrust.cppm;engine/gameplay/rts/combat/systems/missile_flight_system.cppm;engine/gameplay/rts/combat/systems/projectile_launch_system.cppm;games/generalszh/content/loading/game_content.cppm;games/generalszh/presentation/objects/systems/effect_attachment_systems.cppm;engine/gameplay/rts/combat/systems/missile_jam_system.cppm;games/generalszh/gameplay/combat/systems/projectile_body_system.cppm;engine/gameplay/rts/containment/systems/garrison_clear_system.cppm,engine/gameplay/rts/combat/combat.test;games/generalszh/session/session.test;games/generalszh/presentation/objects/vehicle_motion.test;games/generalszh/session/attacks.test;games/generalszh/session/garrison_exits.test,in_progress,,shellmap,"State machine (LAUNCH/IGNITION/ATTACK_NOTURN/ATTACK/KILL/KILL_SELF, fuel, lock distance halved for spots, dive distance, airborneTargetGone), projectileFireAtObjectOrPosition launch (barrel direction, 2x climb tilt, InitialVelocity, APPROACH_HEIGHT), the THRUST locomotor (moveTowardsPositionThrust with calcDirectionToApplyThrust, tryToRotateVector3D, tryToOrientInThisDirection3D, getForwardSpeed3D, preferred height) and physics (gravity, motive force, braking cheat, ground hold); running armed into its victim or anything its weapon's ProjectileCollidesWith allows detonates (projectile_collision.cppm); fixed point, legacy_parity tested tick by tick against a float replica of the original code (lock tick 21, hit tick 30); exhaust (ProjectileExhaust) lit at ignition, tossed on fuel out / burn out; point defense lasers can shoot missiles down (they have bodies). Still missing: garrison hit kills, countermeasures/jamming (CountermeasuresBehavior diverting), bridges, DetonateCallsKill deaths, the victim geometry height (touch uses twice its radius).; IgnitionFX plays on the ignition tick (MissileIgnitionSystem). Jamming ported (2026-09-29): a missile subdued (ActiveBody subdual on its projectile body) is jammed for good (MissileJamSystem: goal scattered by DistanceScatterWhenJammed about its victim or goal, on the ground, no longer tracking, no victim; JAMMED model condition), legacy_parity_an_ecm_tank_jams_a_missile; it turns for the new spot from its next update (the original within the damage). 2026-09-30: GarrisonHitKillCount / RequiredKindOf / ForbiddenKindOf (projectileHandleCollision): a missile running into a garrison kills up to that many riders instead and is gone without detonating (MissileGarrisonHits -> GarrisonClearSystem): garrison_exits/legacy_parity_a_dragon_tanks_flame_clears_a_garrison_two_at_a_time. Pending: the no-kill fall-through keeps no KILL_SELF hold."
module:MissileLauncherBuildingUpdate,module,MissileLauncherBuildingUpdate,GeneralsMD/Code/GameEngine/Source/Common/Thing/ModuleFactory.cpp,games/generalszh/content;games/generalszh/gameplay;games/generalszh/presentation;games/generalszh/session,games/generalszh/content/powers/special_powers.cppm;games/generalszh/gameplay/powers/components/launcher_door.cppm;games/generalszh/gameplay/powers/algorithms/launcher_doors.cppm;games/generalszh/gameplay/powers/systems/launcher_door_system.cppm;games/generalszh/gameplay/powers/algorithms/power_trigger.cppm;games/generalszh/gameplay/objects/resources/object_templates.cppm;games/generalszh/gameplay/objects/algorithms/object_factory.cppm;games/generalszh/gameplay/appearance/systems/appearance_system.cppm;games/generalszh/presentation/objects/algorithms/tick_effects.cppm;games/generalszh/session/session.cppm,games/generalszh/session/attacks.test,in_progress,,skirmish,"The door state machine (switchToState, update): opening DoorOpenTime before its power's getReadyFrame (paused or disabled: pushed back), open (popped open when ready), waiting to close from initiateIntentToDoSpecialPower (the power's trigger) for DoorWaitOpenTime, closing DoorCloseTime or half the time until ready again, closed; DOOR_1_* looks; each state's FX where it stands. ProductionUpdate's door looks now only cover its door animations (NumDoorAnimations), as the original. Pending (presentation): DoorOpenIdleAudio's loop while open and the animation loop durations (setAnimationLoopDuration)."
module:MobMemberSlavedUpdate,module,MobMemberSlavedUpdate,GeneralsMD/Code/GameEngine/Source/Common/Thing/ModuleFactory.cpp,engine/gameplay;games/generalszh/content;games/generalszh/gameplay;games/generalszh/session,games/generalszh/gameplay/ai/components/mob_member.cppm;games/generalszh/gameplay/ai/systems/mob_member_system.cppm;games/generalszh/gameplay/ai/algorithms/mobs.cppm;games/generalszh/gameplay/objects/resources/object_templates.cppm;games/generalszh/gameplay/objects/algorithms/object_factory.cppm;games/generalszh/gameplay/production/algorithms/team_building.cppm;games/generalszh/session/session.cppm,games/generalszh/session/research.test,in_progress,,skirmish,"Ported: onEnslave (its nexus, as the spawner makes it), the 16-tick looks (first a random 0..20 off), dying with its nexus, remembering the nexus's victim, catching up beyond MustCatchUpRadius (to the nexus's goal on its wander or panic set; to the nexus if it stands; crisis looks beyond three times it: CatchUpCrisisBailTime of them and it dies, a third and it rushes back), the random set changes on the move, idling with an idle nexus, attacking the remembered victim. Pending: self-tasking (maySpawnSelfTaskAI / getNextMoodTarget), going prone as the nexus is hurt (ProneUpdate), the personal tint (presentation); distances to goals compared straight (the original: path lengths)."
module:MobNexusContain,module,MobNexusContain,GeneralsMD/Code/GameEngine/Source/Common/Thing/ModuleFactory.cpp,,,,not_applicable,,,2026-09-30: no shipped Zero Hour object uses it (GLAInfantryAngryMobNexus uses SpawnBehavior; CHI02 map.ini only overrides its buildability); checked every Data/INI object and every map.ini. Port it if a mod or map ever needs it.
module:ModelConditionUpgrade,module,ModelConditionUpgrade,GeneralsMD/Code/GameEngine/Source/Common/Thing/ModuleFactory.cpp,games/generalszh/content;games/generalszh/gameplay,games/generalszh/content/upgrades/upgrade_content.cppm;games/generalszh/gameplay/upgrades/resources/upgrade_effects.cppm;games/generalszh/gameplay/objects/resources/object_templates.cppm;games/generalszh/gameplay/upgrades/systems/upgrade_effect_system.cppm,games/generalszh/session/create_modules.test,ported,,shellmap,"upgradeImplementation: setModelConditionState(ConditionFlag), kept"
module:MoneyCrateCollide,module,MoneyCrateCollide,GeneralsMD/Code/GameEngine/Source/Common/Thing/ModuleFactory.cpp,games/generalszh/content;games/generalszh/gameplay;games/generalszh/presentation,games/generalszh/content/crates/crate_content.cppm;games/generalszh/gameplay/crates/components/crate.cppm;games/generalszh/gameplay/crates/resources/crates.cppm;games/generalszh/gameplay/crates/systems/crate_touch_system.cppm;games/generalszh/gameplay/crates/algorithms/crate_rules.cppm;games/generalszh/presentation/objects/systems/crate_presentation_systems.cppm,games/generalszh/session/crates.test;games/generalszh/presentation/objects/vehicle_motion.test,ported,,skirmish,"Pays MoneyProvided plus the Boost of the first UpgradedBoost upgrade the player has completed; with one pair in the data, the original function-static template cache is unobservable. Plays MiscAudio CrateMoney on the picker; no floating text. Score keeping is not ported."
module:NeutronBlastBehavior,module,NeutronBlastBehavior,GeneralsMD/Code/GameEngine/Source/Common/Thing/ModuleFactory.cpp,games/generalszh/gameplay;games/generalszh/session,games/generalszh/gameplay/combat/algorithms/neutron_blasts.cppm;games/generalszh/gameplay/objects/resources/object_templates.cppm;games/generalszh/session/session.cppm,games/generalszh/session/special_abilities.test,ported,,skirmish,"2026-09-29: onDie after the step for the tick's deaths of its carriers and its projectiles that died detonating (DetonateCallsKill, where they went off): infantry killed, riders killed, vehicles (not drones) unmanned (car bombs blow, veterancy dropped), idle, deselected, neutral; cliff jumpers killed; allies and airborne as configured. The kills land with the next frame's dead."
module:NeutronMissileSlowDeathBehavior,module,NeutronMissileSlowDeathBehavior,GeneralsMD/Code/GameEngine/Source/Common/Thing/ModuleFactory.cpp,engine/gameplay;games/generalszh/content;games/generalszh/gameplay;games/generalszh/session;games/generalszh/presentation,engine/gameplay/rts/death/definitions/death_definition.cppm;engine/gameplay/rts/death/systems/blast_wave_system.cppm;engine/gameplay/rts/death/systems/death_system.cppm;engine/gameplay/rts/topple/systems/topple_system.cppm;games/generalszh/content/death/death_content.cppm;games/generalszh/gameplay/appearance/systems/appearance_system.cppm;games/generalszh/session/session.cppm;games/generalszh/presentation/objects/algorithms/tick_effects.cppm;games/generalszh/presentation/objects/systems/object_presentation_systems.cppm,games/generalszh/content/death/death_content.test;engine/gameplay/rts/death/death.test;engine/gameplay/rts/topple/topple.test;games/generalszh/session/create_modules.test,ported,,shellmap,"a slow death (SlowDeathBehavior timing, effects) with blast waves: BlastWave progress added by DeathSystem, which plays FXList on the ground under it on the death tick (its SinkDelay 0 wakes its update at once); BlastWaveSystem (before toppling) fires each enabled blast on the first tick more than its Delay after death: pushes (ToppleSystem, NO_BOUNCE|NO_FX, nothing dead), EXPLOSION/EXPLODED damage from the missile via BlastDamageSystem after the impacts, the scorch mark on its first hurting blast; scorch waves mark everything in reach Scorched (BURNED look; burned shrubbery casts no shadow; a felled tree passes it to its stump). FlammableUpdate ignition is commented out in the original and not done."
module:NeutronMissileUpdate,module,NeutronMissileUpdate,GeneralsMD/Code/GameEngine/Source/Common/Thing/ModuleFactory.cpp,engine/gameplay;games/generalszh/content;games/generalszh/gameplay;games/generalszh/presentation;games/generalszh/session,engine/gameplay/rts/combat/components/neutron_flight.cppm;engine/gameplay/rts/combat/systems/neutron_flight_system.cppm;engine/gameplay/common/weapons/definitions/weapon.cppm;engine/gameplay/rts/combat/systems/weapon_system.cppm;engine/gameplay/rts/combat/systems/projectile_launch_system.cppm;games/generalszh/content/combat/combat_catalog.cppm;games/generalszh/gameplay/objects/resources/object_templates.cppm;games/generalszh/gameplay/combat/algorithms/object_flown_launches.cppm;games/generalszh/gameplay/creation/algorithms/creation_list_runner.cppm;games/generalszh/presentation/objects/algorithms/tick_effects.cppm;games/generalszh/session/session.cppm;games/generalszh/presentation/objects/algorithms/neutron_jitter.cppm;games/generalszh/presentation/objects/systems/object_presentation_systems.cppm;games/generalszh/presentation/objects/algorithms/look_setup.cppm;games/generalszh/presentation/objects/resources/look_catalog.cppm,games/generalszh/session/attacks.test;games/generalszh/presentation/objects/uplink_effects.test,ported,,skirmish,"The flight ported (NeutronFlight, flown by NeutronFlightSystem): the projectile made as a full object (its death is the neutron blast) where its firer stands, launching on its first tick (LaunchFX, IgnitionFX), the SpecialSpeedTime climb (SpecialSpeedHeight, SpecialAccelFactor), straight on for DistanceToTravelBeforeTurning, then turning by MaxTurnRate for TargetFromDirectlyAbove over the target, reached: straight down at half speed; RelativeSpeed pushed along its heading less ForwardDamping of its velocity. Its update's ground check (onCollide) does nothing for an object with no collide modules: HeightDieUpdate ends it. Its DeliveryDecal is laid on the target until it dies (RadiusDecal). 2026-10-02: SpecialJitterDistance's drawing shake ported (presentation, uplink_effects.test)."
module:ObjectCreationUpgrade,module,ObjectCreationUpgrade,GeneralsMD/Code/GameEngine/Source/Common/Thing/ModuleFactory.cpp,games/generalszh/content;games/generalszh/gameplay,games/generalszh/content/upgrades/upgrade_content.cppm;games/generalszh/gameplay/upgrades/systems/upgrade_effect_system.cppm;games/generalszh/session/session.cppm,games/generalszh/session/session.test;games/generalszh/session/research.test,in_progress,,skirmish,UpgradeObject creation list runs from the upgraded object (the Humvee Battle Drone research spawns its drone); in the tick the research completes (research.test)
module:OCLSpecialPower,module,OCLSpecialPower,GeneralsMD/Code/GameEngine/Source/Common/Thing/ModuleFactory.cpp,games/generalszh/gameplay,games/generalszh/gameplay/powers/algorithms/special_power_launch.cppm;games/generalszh/content/creation/creation_lists.cppm;games/generalszh/gameplay/creation/algorithms/creation_list_runner.cppm;engine/gameplay/rts/combat/resources/shots.cppm;engine/gameplay/rts/combat/systems/weapon_system.cppm;games/generalszh/session/session_checkpoint.cpp;games/generalszh/content/powers/special_powers.cppm,games/generalszh/session/session.test;games/generalszh/session/attacks.test;games/generalszh/session/create_modules.test,in_progress,,shellmap,"CREATE_AT_EDGE_NEAR_SOURCE creation lists whose DeliverPayload runs fly from the map edge nearest the source over the target and away; other CreateLocation modes, UpgradeOCL, non-DeliverPayload OCLs and ScriptedSpecialPowerOnly pending. 2026-09-28: a list that is not a delivery run is made as ObjectCreationList::create(ocl, source, primary, target) - its AttackNugget (the SCUD Storm: setWeaponLock + aiAttackPosition(target, NumberOfShots)) and FireWeaponNugget (createAndFireTempWeapon, fired by the weapon system next tick through TemporaryWeaponFires, checkpointed); the Nuclear Missile's NeutronMissileUpdate flight is still to port. 2026-09-30: OCLAdjustPositionToPassable: the target moved first to a clear spot within 500 (findPositionAround FPF_CLEAR_CELLS_ONLY, random start angle; off-map targets untouched): create_modules/legacy_parity_a_rebel_ambush_lands_on_clear_ground. 2026-10-01: ReferenceObject parsed (OclPower.referenceObject; getReferenceThingTemplate) for the skirmish AI's sneak attack placement (SKIRMISH_FIRE_SPECIAL_POWER_AT_MOST_COST). A human's aim keeps the retail rule (not in the shroud); the fork's non-retail ActionManager::canDoSpecialPowerAtLocation build-legality check with it is not ported."
module:OCLUpdate,module,OCLUpdate,GeneralsMD/Code/GameEngine/Source/Common/Thing/ModuleFactory.cpp,games/generalszh/gameplay;games/generalszh/session;games/generalszh/hud;games/generalszh/presentation;games/generalszh/hosts,games/generalszh/gameplay/creation/components/ocl_timer.cppm;games/generalszh/gameplay/creation/systems/ocl_timer_system.cppm;games/generalszh/gameplay/creation/algorithms/ocl_timers.cppm;games/generalszh/gameplay/objects/resources/object_templates.cppm;games/generalszh/gameplay/objects/algorithms/object_factory.cppm;games/generalszh/session/session.cppm;games/generalszh/hud/control_bar_state.cppm;games/generalszh/hud/control_bar_view_model.cppm;games/generalszh/hud/control_bar_view.cppm;games/generalszh/presentation/hud/algorithms/control_bar_timers.cppm;games/generalszh/hosts/game/control_bar_layer.cppm,games/generalszh/session/special_abilities.test;games/generalszh/hud/control_bar_view_model.test,ported,,skirmish,"2026-09-29: a chunked OclTimerSystem (OCLUpdate::update): held while disabled once started (the fork fix), faction-triggered timers wait for a playable owner and restart with a new one, the first due tick only starts the timer, then each run restarts it; ApplyOclTimers makes the list from the nearest edge (CreateAtEdge) toward it, delivery runs through the special-power Deliver (transport on the default team). Checkpointed component. Missing: resetTimer from SabotageSupplyDropzoneCrateCollide (not ported) and the control bar countdown (getCountdownPercent / getRemainingFrames) in the GUI. 2026-10-01: ControlBar CB_CONTEXT_OCL_TIMER (evaluateContextUI: after under construction and the structure inventory, before the command set; populateOCLTimer / updateOCLTimerTextDisplay): OCLTimerSellButton with Command_Sell (Command_SetRallyPoint for an AUTO_RALLYPOINT tech building, else hidden), CONTROLBAR:OCLTimerDesc / OCLTimerDescWithPadding m:ss from getRemainingFrames / 30, the bar at (Int)(getCountdownPercent * 100) in floats: the Supply Drop Zone can be sold. legacy_parity_the_construction_and_drop_timer_panels."
module:OpenContain,module,OpenContain,GeneralsMD/Code/GameEngine/Source/Common/Thing/ModuleFactory.cpp,engine/gameplay;games/generalszh/content,engine/gameplay/rts/containment/systems/passenger_ride_system.cppm;games/generalszh/content/containment/transport_content.cppm;engine/gameplay/rts/containment/systems/cargo_transfer_system.cppm;engine/gameplay/rts/containment/definitions/transport.cppm;engine/gameplay/rts/containment/components/transport.cppm;games/generalszh/content/loading/game_content.cppm;games/generalszh/gameplay/objects/algorithms/object_factory.cppm,engine/gameplay/rts/containment/containment.test;engine/gameplay/rts/combat/combat.test;games/generalszh/session/garrison_exits.test,in_progress,,shellmap,"PassengersAllowedToFire read for every contain; riders kept at the container position (redeployOccupants without fire points); FIREPOINT bones, garrisons, door states pending 2026-10-02: exit paths (NumberOfExitPaths, ExitStart/ExitEnd bones in turn) and its enter/exit sounds ported: garrison_exits.test, audio_systems.test."
module:OverchargeBehavior,module,OverchargeBehavior,GeneralsMD/Code/GameEngine/Source/Common/Thing/ModuleFactory.cpp,engine/gameplay;games/generalszh/content;games/generalszh/commands;games/generalszh/gameplay;games/generalszh/hud;games/generalszh/session;games/generalszh/presentation;games/generalszh/hosts,engine/gameplay/rts/economy/components/overcharge.cppm;engine/gameplay/rts/economy/algorithms/overcharge_switch.cppm;engine/gameplay/rts/economy/systems/overcharge_system.cppm;engine/gameplay/rts/economy/resources/overcharge_events.cppm;games/generalszh/content/upgrades/building_extensions.cppm;games/generalszh/commands/game_commands.cppm;games/generalszh/gameplay/orders/algorithms/command_application.cppm;games/generalszh/gameplay/orders/algorithms/command_availability.cppm;games/generalszh/gameplay/appearance/systems/extension_look_system.cppm;games/generalszh/hud/control_bar_view_model.cppm;games/generalszh/presentation/hud/systems/overcharge_notice_system.cppm;games/generalszh/session/session.cppm,engine/gameplay/rts/economy/economy.test;games/generalszh/session/create_modules.test;games/generalszh/commands/game_commands.test,ported,,skirmish,"ToggleOvercharge command (MSG_TOGGLE_OVERCHARGE, the TOGGLE_OVERCHARGE button: COMMAND_ACTIVE shown checked for CHECK_LIKE) switches it: on counts its EnergyBonus (EnergySource bonus source) and extends its rods; OverchargeDrainSystem deals max health * HealthPercentToDrainPerSecond / 30 as PENALTY from itself each tick from the next; OverchargeLimitSystem switches it off below NotAllowedWhenHealthBelowPercent (GUI:OverchargeExhausted and an information radar event for its player); off takes the bonus away and draws the rods in at once. The tooltip on/off line is not shown (no tooltips yet)."
module:OverlordContain,module,OverlordContain,GeneralsMD/Code/GameEngine/Source/Common/Thing/ModuleFactory.cpp,engine/gameplay;games/generalszh/content;games/generalszh/gameplay;games/generalszh/session,engine/gameplay/rts/containment/components/mount.cppm;engine/gameplay/rts/death/systems/mount_system.cppm;engine/gameplay/rts/combat/systems/turret_system.cppm;games/generalszh/gameplay/containment/algorithms/garrisons.cppm;games/generalszh/gameplay/creation/algorithms/creation_list_runner.cppm;games/generalszh/content/containment/transport_content.cppm;games/generalszh/gameplay/appearance/systems/appearance_system.cppm;games/generalszh/gameplay/containment/algorithms/initial_payloads.cppm,engine/gameplay/rts/death/death.test;games/generalszh/session/create_modules.test,in_progress,,skirmish,"A TransportContain (Slots, infantry/portable firing, rider deaths) whose portable structure (its upgrade creation list, ContainInsideSourceObject) mounts on it: Mount/Mounted, riding at its position and facing (MountSystem), armed as PassengersAllowedToFire says with its turret turning, killed as it dies and removed with it. Pending: stealth grant, PayloadTemplateName (Avenger turret). Done: the rider takes its damage state (onBodyDamageStateChange, never rubble) and goes over with it when it changes sides (onCapture), and its experience goes to it (ExperienceSinkForRider). The redirected contain: carrying a Battle Bunker it takes passengers as the bunker would (its TransportContain definition: room, firing, 50% damage to riders as it dies), riding at the Overlord. Its entry rules are the bunker's while it carries one (MayContain), its own (PORTABLE_STRUCTURE only) before. 2026-09-30: PayloadTemplateName (onObjectCreated -> createPayload): the Avenger carries its AmericaTankAvengerLaserTurret mounted from the start, on its own team (InitialPayload.ownTeam, before anything acts on it): create_modules/legacy_parity_an_avenger_is_made_with_its_laser_turret."
module:ParachuteContain,module,ParachuteContain,GeneralsMD/Code/GameEngine/Source/Common/Thing/ModuleFactory.cpp,engine/gameplay;games/generalszh/content;games/generalszh/gameplay;games/generalszh/presentation;games/generalszh/session;games/generalszh/hosts,engine/gameplay/rts/parachute/definitions/parachute_definition.cppm;engine/gameplay/rts/parachute/components/parachute.cppm;engine/gameplay/rts/parachute/algorithms/parachute_rigging.cppm;engine/gameplay/rts/parachute/systems/parachute_systems.cppm;engine/gameplay/rts/parachute/resources/parachute_openings.cppm;games/generalszh/content/containment/parachute_content.cppm;games/generalszh/content/loading/game_content.cppm;games/generalszh/gameplay/containment/algorithms/parachuting.cppm;games/generalszh/gameplay/objects/algorithms/object_factory.cppm;games/generalszh/gameplay/objects/resources/object_templates.cppm;games/generalszh/session/session.cppm;games/generalszh/gameplay/appearance/systems/appearance_system.cppm;games/generalszh/presentation/objects/systems/object_presentation_systems.cppm;games/generalszh/presentation/audio/algorithms/audio_schedule.cppm;engine/gameplay/rts/parachute/algorithms/parachute_release.cppm;engine/gameplay/common/spatial/components/carried.cppm;engine/gameplay/common/health/components/pending_damage.cppm;engine/gameplay/common/health/systems/pending_damage_system.cppm;engine/gameplay/rts/movement/systems/movement_system.cppm;games/generalszh/gameplay/containment/algorithms/parachute_landings.cppm;engine/gameplay/rts/parachute/resources/parachute_landings.cppm;games/generalszh/content/production/production_content.cppm;games/generalszh/gameplay/production/algorithms/team_building.cppm,engine/gameplay/rts/parachute/parachute.test;games/generalszh/session/create_modules.test;games/generalszh/session/research.test;games/generalszh/session/jets.test,in_progress,,shellmap,"Falls closed on its FREEFALL locomotor, opens after ParachuteOpenDist, glides on its NORMAL (HOVER) locomotor for its landing spot (set: ultra-accurate, 10 across; else 3D close-enough), sways on its spring (instance transform in presentation). The rider is held and Carried (placed by the chute each tick, its own locomotor neither steering nor grounding it) at PARA_ATTCH - PARA_MAN (FREEFALL/PARACHUTING). onRemoving (ReleaseRider, shared by landing and onDie): no longer held or carried, allowed to fall; drowned at or below water + KillWhenLandingInWaterSlop (PendingDamage: HUGE_DAMAGE_AMOUNT, DAMAGE_WATER, DEATH_FLOODED), killed off the map or over cliff/water/impassable cells. onDie (ParachuteLossSystem, from the tick's casualties): released where it hangs; significantly above the ground it is in free fall (InFreeFall, DISABLED_FREEFALL, FREEFALL model condition until down) and takes FreeFallDamagePercent of its maximum from the chute's killer (DAMAGE_FALLING, DEATH_SPLATTED). Queued damage lands with the next tick's damage pass (the original: the same frame). Parity: open 27, landing 515 (514), paradrop 614, a rider let go 202 up is down 75 frames later; a veteran pilot whose chute is killed takes 60 then 17.94 landing damage, down 84 frames after. Not yet: bridges (layers). 2026-10-02: landing aftermath ported (ParachuteLandings -> ApplyParachuteLandings: skirmish computer riders hunt; a UseSpawnRallyPoint producer's exit; else idle): jets.test legacy_parity_a_reinforcement_pads_drop_goes_out_by_the_pad."
module:ParkingPlaceBehavior,module,ParkingPlaceBehavior,GeneralsMD/Code/GameEngine/Source/Common/Thing/ModuleFactory.cpp,engine/gameplay;games/generalszh/content;games/generalszh/gameplay;games/generalszh/session,engine/gameplay/rts/aircraft/components/airfield.cppm;games/generalszh/content/aircraft/aircraft_content.cppm;games/generalszh/content/models/model_rigs.cppm;games/generalszh/gameplay/production/algorithms/team_building.cppm;games/generalszh/gameplay/aircraft/components/airfield_healing.cppm;games/generalszh/gameplay/aircraft/systems/airfield_heal_system.cppm;games/generalszh/gameplay/objects/algorithms/object_factory.cppm;games/generalszh/session/session.cppm;games/generalszh/gameplay/construction/algorithms/selling.cppm;games/generalszh/gameplay/aircraft/algorithms/airfields.cppm;engine/gameplay/rts/aircraft/algorithms/helicopter_flight.cppm;engine/gameplay/rts/aircraft/systems/jet_system.cppm;engine/gameplay/rts/aircraft/components/jet.cppm;games/generalszh/gameplay/production/algorithms/unit_queue.cppm;games/generalszh/gameplay/orders/algorithms/repair_orders.cppm;engine/gameplay/rts/aircraft/algorithms/jet_runway_cycle.cppm,games/generalszh/content/models/model_rigs.test;engine/gameplay/rts/aircraft/aircraft.test;games/generalszh/session/session.test;games/generalszh/session/unmanned_vehicles.test;games/generalszh/session/create_modules.test;games/generalszh/session/helicopters.test;games/generalszh/content/aircraft/aircraft_content.test,in_progress,,shellmap,"NumRows x NumCols spaces from the model bones (RunwayNParkMHan / RunwayNParkingM / RunwayNPrepM, RunwayStartN / RunwayEndN) in world space; a space is held by the jet that owns it; an airfield builds only what it can park, jets come out of the hangar and taxi to their space; healing, approach height, deck offset and hangars pending 2026-09-30: ParkingPlaceBehavior::onDie/killAllParkedUnits: the airfield or carrier dying kills the jets parked on it (KillParkedJets, games/generalszh/gameplay/aircraft/algorithms/airfields.cppm). 2026-09-30: parked jets repaired (HealAmountPerSecond, AirfieldHealSystem): legacy_parity_an_airfield_repairs_its_parked_jets. 2026-10-01: BuildAssistant::sellObject's remaining effects: an airfield sold kills its jets parked or taking off or landing (ParkingPlaceBehavior::killAllParkedUnits: KillJetsParkedAt, dead the tick of the sale; jets in the air fly on); every KINDOF_MINE the building made (minefield maker or producer) is destroyed at once (destroyObject, no death); it leaves every selection (deselectObject: Deselections) and is unselectable from then on (OBJECT_STATUS_UNSELECTABLE: the interaction's Pickable/Selectable). The faster scaffold animation (setAnimationLoopDuration 45 frames) was already ported (ShownLook.stretched). Tests: create_modules legacy_parity_selling_kills_parked_jets_and_takes_away_the_mines (1 vs 4 workers, checkpoint), interaction legacy_parity_a_structure_being_sold_is_deselected_and_unselectable. 2026-10-01: helipad (HeliPark01) production exit for PRODUCED_AT_HELIPAD (no door, no space, hasAvailableSpaceFor always, heli rally point) and helicopters landed by it as healees: helicopters.test. 2026-10-01: the runway reservations (RunwayInfo m_inUseBy / m_nextInLineForTakeoff / m_wasInLine) kept by the jets and rebuilt each tick in the jet system; calcPPInfo (approach, exit, ParkInHangars, ParkingOffset)."
module:ParticleUplinkCannonUpdate,module,ParticleUplinkCannonUpdate,GeneralsMD/Code/GameEngine/Source/Common/Thing/ModuleFactory.cpp,games/generalszh/commands;games/generalszh/content;games/generalszh/gameplay;games/generalszh/presentation;games/generalszh/session,games/generalszh/content/powers/special_powers.cppm;games/generalszh/gameplay/powers/components/particle_cannon.cppm;games/generalszh/gameplay/powers/algorithms/particle_cannons.cppm;games/generalszh/gameplay/powers/systems/particle_cannon_system.cppm;games/generalszh/gameplay/powers/algorithms/special_power_launch.cppm;games/generalszh/gameplay/objects/resources/object_templates.cppm;games/generalszh/gameplay/objects/algorithms/object_factory.cppm;games/generalszh/gameplay/appearance/systems/appearance_system.cppm;games/generalszh/gameplay/orders/algorithms/command_application.cppm;games/generalszh/commands/game_commands.cppm;games/generalszh/presentation/objects/algorithms/tick_effects.cppm;games/generalszh/session/session.cppm;games/generalszh/presentation/effects/uplink_looks.cppm;games/generalszh/presentation/objects/components/uplink_effects.cppm;games/generalszh/presentation/objects/systems/uplink_systems.cppm;games/generalszh/presentation/objects/algorithms/laser_beams.cppm;games/generalszh/presentation/audio/systems/audio_systems.cppm;games/generalszh/presentation/audio/components/sound_loops.cppm;games/generalszh/presentation/objects/algorithms/draw_bones.cppm,games/generalszh/session/attacks.test;games/generalszh/commands/game_commands.test;games/generalszh/presentation/objects/uplink_effects.test;games/generalszh/presentation/interaction/interaction.test,in_progress,,skirmish,"Simulation ported: initiateIntentToDoSpecialPower (a player's order: manual driving from the spot; a script's: ready at once and a sweep, or along a waypoint path), the status timeline off the power's ready frame (charging BeginChargeTime before the antenna, preparing RaiseAntennaTime before almost ready, ReadyDelayTime before ready; ready without an attack packs), the attack (disabled by underpower/EMP/subdual/hacking: the decay starts now; beam born BeamTravelTime in, decaying BeamTravelTime after the decay starts, gone WidthGrowTime later: idle, then packing again that same frame as the original's attack block runs on, so it stays PACKING), the beam's width (LaserRadiusUpdate), the swath of death sweep (with the original's acos-angle placement), manual driving by clicks (setSpecialPowerOverridableDestination, a SpecialPowerDestination command; double click: fast), scripted waypoint driving, scorch marks and GroundHitFX, damage pulses (DamagePerSecond over TotalDamagePulses to everything within DamageRadiusScalar x beam radius, 2D centres) with their remnants, BeamLaunchFX while firing, PACKING/UNPACKING/DEPLOYED looks, sold: idle. Non-retail kept: a manual attack clears scripted-waypoint mode. The same-frame shroud reveal/unreveal ping has no lasting effect: not modelled. Presentation ported: the simulation publishes each status change and the orbital beam's birth/end in order (ParticleCannonEvents.changes); UplinkStatusSystem (each tick) follows setLogicalStatus's four sound loops (PoweringUp, UnpackToIdle, FiringToPack, GroundAnnihilation at 500 over the beam spot), setClientStatus, and the client shroud check (not clear: every effect removed; seen again: remade as a reveal); UplinkEffectSystem (each frame) makes the outer node light/medium/intense flares at FX01..FXnn, the connector lasers and flares, the laser base flares, the ground-to-orbit laser widening/narrowing over WidthGrowTime (whole on a reveal) and the orbital beam 3500 over the spot at the drawn frame's width (logic frame after the tick); UplinkSoundSystem plays and stops the loops. Bones come from the model at rest in the look shown when first needed (the original reads the drawable's current bone transforms), flares turn with the bone yaw only. Clicks drive the beam (evaluateContextCommand: canSelectedObjectsOverrideSpecialPowerDestination before every other context command, not onto black ground: legacy_parity_a_firing_particle_cannon_is_driven_by_clicks); the PARTICLE_UPLINK_CANNON cursor shape waits on the mouse cursors (not ported for any command yet). Pending: an orbital beam still showing when a new attack restarts it early (the original keeps the old drawable until the new birth). 2026-10-01: its bones as the drawable finds them (Drawable::getPristineBoneData for the outer nodes (getMultiLogicalBonePosition), getCurrentClientBoneTransforms for the connector and fire bones): each draw module in turn, the own model first, then the other W3DModelDraws (the dish ABSDILink_A1, ExtraPublicBone FXConnector / FXMain), current ones as animated; before, only the own model was searched and the connector and fire lasers started from the ground. draw_bones.cppm FindDrawBone; legacy_parity_a_bone_is_found_in_any_of_an_objects_draws."
module:PassengersFireUpgrade,module,PassengersFireUpgrade,GeneralsMD/Code/GameEngine/Source/Common/Thing/ModuleFactory.cpp,engine/gameplay;games/generalszh/gameplay;games/generalszh/content,engine/gameplay/rts/upgrades/systems/upgrade_system.cppm;games/generalszh/gameplay/upgrades/systems/upgrade_effect_system.cppm;games/generalszh/content/upgrades/upgrade_content.cppm,engine/gameplay/rts/upgrades/upgrades.test;games/generalszh/content/upgrades/upgrade_content.test;games/generalszh/session/session.test,in_progress,,skirmish,its contain lets passengers fire; infantry already aboard are armed at once
module:PhysicsBehavior,module,PhysicsBehavior,GeneralsMD/Code/GameEngine/Source/Common/Thing/ModuleFactory.cpp,engine/gameplay;games/generalszh/content,engine/gameplay/common/physics/systems/physics_system.cppm;engine/gameplay/common/physics/algorithms/forces.cppm;games/generalszh/content/physics/physics_content.cppm;engine/gameplay/common/physics/resources/fall_damage.cppm;engine/gameplay/rts/parachute/systems/parachute_systems.cppm;engine/gameplay/rts/collision/components/body_collision.cppm;engine/gameplay/rts/collision/systems/body_collision_system.cppm;engine/gameplay/rts/collision/resources/collision_settings.cppm;engine/gameplay/common/spatial/components/bounding_volume.cppm;games/generalszh/gameplay/objects/algorithms/object_factory.cppm;engine/gameplay/common/health/resources/armor_catalog.cppm;engine/gameplay/common/health/systems/health_system.cppm;games/generalszh/gameplay/combat/systems/pilot_kill_system.cppm;games/generalszh/gameplay/combat/algorithms/unmanned_vehicles.cppm;games/generalszh/presentation/objects/systems/disable_presentation_systems.cppm,engine/gameplay/common/physics/physics.test;games/generalszh/session/session.test;games/generalszh/session/unmanned_vehicles.test;engine/gameplay/common/physics/physics.test;games/generalszh/session/attacks.test,in_progress,,shellmap,"gravity, ground/air friction, bouncing with ground stiffness, tumbling, KillWhenRestingOnGround (sparing a drone at rest unless dead or unmanned), forces from creation lists (ApplyForce); falling damage on a steep hard landing (FALLING damage, SPLATTED death; projectiles immune) joins the tick's incoming damage; bodies with a locomotor are driven by it while their AI runs and by physics once disabled (unmanned drones fall and die at rest); DISABLED_HELD bodies hang (no forces, motion or ground clamp) while landing checks run; legacy_parity tested (drone, held body). Still missing: locomotor physics wobble/pitch IS_IN_FREEFALL (InFreeFall): DISABLED_FREEFALL while above the ground, cleared on landing (FreeFallSystem). A held body driven by its locomotor still has its acceleration cleared each frame (m_accel.zero()), so a push given it as it was put in a container is spent. onCollide's m_lastCollidee is kept for crashing helicopters (the only reader), with a dead body's rule (only what is IMMOBILE); the rest of onCollide ported too (BodyCollisionSystem: bodies pushed apart by overlap, bounced off what stands firm with StructureStiffness, lost falling into structures, vehicle crash weapons, IgnorePrimaryObstacle; legacy_parity_debris_bounces_off_a_building). 2026-09-27: onCollide unmanned takeover: infantry boarding an unmanned vehicle takes it over on arrival (clear UNMANNED, defect(team,0), name transferred, infantry destroyed). Not yet: setCaptured flag, custom indicator colour transfer. 2026-09-28: shock waves (Weapon::dealDamageInternal's shock riding radius damage, from the source (a detonation's point) to each thing reached; Object::attemptDamage: not airborne or a projectile, tapered by distance over ShockWaveRadius, as much again upward, less ShockResistance; applyRandomRotation within ShockMax* unless sticking to the ground, bouncing allowed; setStunned: its locomotor lets go (physics_flag::Pushed) and physics carries the hop until it lands). The STUNNED/STUNNED_FLAILING model conditions have no shipped art; testStunnedUnitForDestruction cannot fire (the stun ends in the next update before any bounce)."
module:PilotFindVehicleUpdate,module,PilotFindVehicleUpdate,GeneralsMD/Code/GameEngine/Source/Common/Thing/ModuleFactory.cpp,engine/gameplay;games/generalszh/content;games/generalszh/gameplay;games/generalszh/session,games/generalszh/content/crates/crate_content.cppm;games/generalszh/gameplay/crates/components/pilot_seeker.cppm;games/generalszh/gameplay/crates/systems/pilot_seek_system.cppm;games/generalszh/gameplay/objects/algorithms/object_factory.cppm;engine/gameplay/rts/veterancy/resources/experience_awards.cppm;engine/gameplay/rts/veterancy/systems/veterancy_system.cppm;games/generalszh/session/session.cppm;games/generalszh/gameplay/orders/algorithms/command_application.cppm,games/generalszh/session/research.test;games/generalszh/session/unmanned_vehicles.test,ported,,shellmap,"computer players only; an idle pilot scans every ScanRate within ScanRange (centres, nearest first) for its player's vehicle at least MinHealth healthy that its VeterancyCrateCollide accepts and goes for it (aiEnter: re-aimed as it moves). Moving to the AI base when none is found waits for AI base centres (skirmish AI, milestone 2) 2026-09-30: a pilot of any player sent into a vehicle (aiEnter: the Enter command, canEnterObject by its VeterancyCrateCollide) goes for it and climbs in on reaching it; only the scan is the computer's."
module:PointDefenseLaserUpdate,module,PointDefenseLaserUpdate,GeneralsMD/Code/GameEngine/Source/Common/Thing/ModuleFactory.cpp,engine/gameplay/rts/combat;games/generalszh/content/combat;games/generalszh/gameplay/combat;games/generalszh/gameplay/objects,engine/gameplay/rts/combat/components/point_defense.cppm;engine/gameplay/rts/combat/systems/point_defense_system.cppm;games/generalszh/content/combat/combat_catalog.cppm;games/generalszh/gameplay/objects/algorithms/object_factory.cppm;games/generalszh/gameplay/combat/systems/projectile_body_system.cppm,engine/gameplay/rts/combat/combat.test;games/generalszh/session/session.test,ported,,shellmap,"update/fireWhenReady/scanClosestTarget: ScanRate countdown, closest enemy of PrimaryTargetTypes else SecondaryTargetTypes within ScanRange (in firing range first; a laser without AntiGround only takes airborne ones), fires when its own reload is done and the target is in range, looks again within 0-3 ticks when a target leaves range or its shot kills it (the out-of-range quirk: it still fires that tick unless it looked); PredictTargetVelocityFactor has no effect in the original (the predicted position is computed then unused) so is not ported; its shots land this tick. Missiles in flight have bodies (ActiveBody, armor, SMALL_MISSILE/BALLISTIC_MISSILE target classes, die modules) so the laser kills them through the normal death path (LASERED disintegration FX); legacy_parity tested. Its shots are drawn as beams by the laser system (tick_effects QueueTickLasers takes DefenseShots; PointDefenseLaserBeam's W3DLaserDraw look)."
module:PoisonedBehavior,module,PoisonedBehavior,GeneralsMD/Code/GameEngine/Source/Common/Thing/ModuleFactory.cpp,engine/gameplay;games/generalszh/content;games/generalszh/gameplay;games/generalszh/presentation,engine/gameplay/common/poison/components/poison.cppm;engine/gameplay/common/poison/systems/poison_system.cppm;engine/gameplay/common/health/resources/incoming_damage.cppm;engine/gameplay/common/health/systems/health_system.cppm;games/generalszh/content/combat/poison_content.cppm;games/generalszh/gameplay/objects/algorithms/object_factory.cppm;games/generalszh/presentation/objects/systems/hit_fx_systems.cppm,engine/gameplay/common/poison/poison.test;games/generalszh/content/combat/combat_catalog.test,ported,,shellmap,"Generic Poison and a batch PoisonSystem before the health pass. A POISON hit (the damage actually taken, read from last tick Hits) starts or renews it. Each interval it deals the same amount as UNRESISTABLE with m_damageFXOverride POISON (DamageRecord and Hit fxType; hit FX use it) until its end. A rise in health (healing) ends it. No tint: the original poisoned tint is commented out. The poisoner gets the source, as in the non-retail build."
module:PowerPlantUpdate,module,PowerPlantUpdate,GeneralsMD/Code/GameEngine/Source/Common/Thing/ModuleFactory.cpp,games/generalszh/content;games/generalszh/gameplay,games/generalszh/content/upgrades/building_extensions.cppm;games/generalszh/gameplay/appearance/components/building_extensions.cppm;games/generalszh/gameplay/appearance/systems/extension_look_system.cppm;games/generalszh/gameplay/upgrades/systems/upgrade_effect_system.cppm;games/generalszh/gameplay/objects/algorithms/object_factory.cppm,games/generalszh/session/create_modules.test,in_progress,,shellmap,"ControlRods: POWER_PLANT_UPGRADING from extendRods(true) until the wake tick (RodsExtendTime rounded up), then POWER_PLANT_UPGRADED. Still to do: extendRods(false), used by China Overcharge (OverchargeBehavior not ported)."
module:PowerPlantUpgrade,module,PowerPlantUpgrade,GeneralsMD/Code/GameEngine/Source/Common/Thing/ModuleFactory.cpp,games/generalszh/content;games/generalszh/gameplay,games/generalszh/content/upgrades/upgrade_content.cppm;games/generalszh/gameplay/upgrades/systems/upgrade_effect_system.cppm;games/generalszh/gameplay/appearance/systems/extension_look_system.cppm,engine/gameplay/rts/economy/economy.test;games/generalszh/session/create_modules.test,in_progress,,skirmish,upgradeImplementation's addPowerBonus (its EnergyBonus counts while it produces); the rods' extendRods animation (PowerPlantUpdate) and onCapture/onDelete moves pending; retail adds the bonus even when upgraded while disabled (here it waits for re-enabling); Also extends the control rods (PowerPlantUpdate).
module:POWTruckAIUpdate,module,POWTruckAIUpdate,GeneralsMD/Code/GameEngine/Source/Common/Thing/ModuleFactory.cpp,,,,not_applicable,,,"2026-09-30: cut feature: no shipped Zero Hour object uses it (CHI02 map.ini only overrides ChinaVehiclePOWTruck, which has no such module); checked every Data/INI object and every map.ini. Port it if a mod or map ever needs it."
module:POWTruckBehavior,module,POWTruckBehavior,GeneralsMD/Code/GameEngine/Source/Common/Thing/ModuleFactory.cpp,,,,not_applicable,,,2026-09-30: cut feature: no shipped Zero Hour object uses it; checked every Data/INI object and every map.ini. Port it if a mod or map ever needs it.
module:PreorderCreate,module,PreorderCreate,GeneralsMD/Code/GameEngine/Source/Common/Thing/ModuleFactory.cpp,games/generalszh/session,games/generalszh/session/create_modules.test,games/generalszh/session/create_modules.test,ported,,shellmap,"PREORDER shows only for a player GameSpy marked as having preordered (GameInfo::isPlayerPreorder, set only by the online staging room). Online lobbies are out of scope, so no player ever preordered: command centers never show PREORDER, as off-line in the original."
module:PrisonBehavior,module,PrisonBehavior,GeneralsMD/Code/GameEngine/Source/Common/Thing/ModuleFactory.cpp,,,,not_applicable,,,2026-09-30: cut feature: no shipped Zero Hour object uses it; checked every Data/INI object and every map.ini. Port it if a mod or map ever needs it.
module:PrisonDockUpdate,module,PrisonDockUpdate,GeneralsMD/Code/GameEngine/Source/Common/Thing/ModuleFactory.cpp,,,,not_applicable,,,2026-09-30: cut feature: no shipped Zero Hour object uses it; checked every Data/INI object and every map.ini. Port it if a mod or map ever needs it.
module:ProductionUpdate,module,ProductionUpdate,GeneralsMD/Code/GameEngine/Source/Common/Thing/ModuleFactory.cpp,engine/gameplay;games/generalszh/content;games/generalszh/gameplay;games/generalszh/session;games/generalszh/scripting,engine/gameplay/rts/production/systems/production_system.cppm;engine/gameplay/rts/economy/resources/player_money.cppm;games/generalszh/content/production/production_content.cppm;games/generalszh/gameplay/production/algorithms/team_building.cppm;games/generalszh/session/session.cppm;games/generalszh/scripting/unit_vocabulary.cppm;engine/gameplay/rts/production/components/production_doors.cppm;games/generalszh/gameplay/appearance/systems/appearance_system.cppm;engine/gameplay/rts/economy/components/energy_source.cppm;engine/gameplay/rts/economy/resources/player_energy.cppm;engine/gameplay/rts/economy/systems/energy_system.cppm;games/generalszh/gameplay/upgrades/algorithms/research.cppm;games/generalszh/gameplay/production/systems/production_refund_system.cppm;engine/gameplay/rts/production/components/production_queue.cppm;games/generalszh/content/objects/object_definition.cppm;games/generalszh/gameplay/production/algorithms/unit_queue.cppm;games/generalszh/hud/control_bar_state.cppm;games/generalszh/gameplay/production/systems/production_allowance_system.cppm,engine/gameplay/rts/production/production.test;games/generalszh/session/session.test;games/generalszh/commands/game_commands.test;games/generalszh/presentation/hud/eva_system.test;games/generalszh/session/create_modules.test,in_progress,,shellmap,"unit queue (MaxQueueEntries), build time with the low-power penalty (ThingTemplate::calcTimeToBuild), quantity modifiers, paid when queued; door animations hold units until the door is open, wait and close; CONSTRUCTION_COMPLETE; research: PRODUCTION_UPGRADE entries (queueUpgrade pays BuildCost, one player upgrade at a time, object upgrades once per object; cancelUpgrade refunds; BuildTime frames whatever the power; done: Player::addUpgrade or Object::giveUpgrade) through the ResearchUpgrade/CancelResearch commands, canProduceUpgrade from the command set's PLAYER_UPGRADE/OBJECT_UPGRADE buttons; onDie cancelAndRefundAllProduction refunds every queued unit and upgrade and releases player upgrades (ProductionRefundSystem). Still missing: player commands to queue/cancel units (only AI team building queues them), science prerequisites, completion messages/sounds (EVA), capture and sell refunds; 2026-09-27: its feedback: the first unit of a production says VoiceCreate; a named upgrade finished tells its player, ResearchSound (else EVA) and UnitSpecificSound (ProductionPresentationSystem). The radar event is not yet. 2026-09-30: GameLogic's disabled gate: its update (doors and all) runs only while not disabled but by DisabledTypesToProcess (default DISABLED_HELD; the nuclear silos also DISABLED_UNDERPOWERED): production.test legacy_parity_a_disabled_factory_builds_nothing_unless_it_processes_that_disable. 2026-10-01: ProductionUpdate::update timing as the original: the front entry counts its updates (m_framesUnderConstruction, ProductionEntry.frames) and is done once the count reaches calcTimeToBuild as the player's power stands at that update (Int full-power frames divided by the production speed, truncated: EnergySettings::FramesAtSpeed, shared with the dozer's build); power coming back finishes a slowed unit at once, power lost mid-build stretches it. The control bar's percent is the count over that build time (m_percentComplete, ticksNow). Int(BuildTime * 30) truncates (content::BuildFrames, a 1/1024-frame tolerance for fixed-point parsing: 0.1 s is 3 frames) for units, flight-deck jets, dozer builds and upgrades (rounded up before). Tests: production.test legacy_parity_power_coming_back_finishes_a_slowed_unit_at_once and short_power_slows_production_as_the_original corrected to the original's 37 frames at 80% (Int 30 / 0.8; it pinned 38); create_modules legacy_parity_a_unit_slowed_by_low_power_finishes_once_power_returns (real data, 1 vs 4 workers, checkpoint). 2026-10-01: ProductionUpdate::update's allowedToBuild check: a front unit its player may no longer build (Player::allowedToBuild: canBuildBase for a structure, unit construction otherwise) is cancelled with its cost back unless KINDOF_DOZER, and that update does nothing more (ProductionQueue.spentTick); only where the update runs (disabled gate, not sold). ProductionAllowanceSystem. Test: create_modules legacy_parity_units_no_longer_allowed_leave_the_queue_but_dozers_stay (1 vs 4 workers, checkpoint). Refunds are what was paid (the original's cancelUnitCreate re-prices with calcCostToBuild; equal unless a cost modifier changed meanwhile)."
module:ProjectileStreamUpdate,module,ProjectileStreamUpdate,GeneralsMD/Code/GameEngine/Source/Common/Thing/ModuleFactory.cpp,games/generalszh/presentation;games/generalszh/content;games/generalszh/hosts,games/generalszh/presentation/objects/systems/projectile_stream_systems.cppm;games/generalszh/presentation/effects/laser_looks.cppm;games/generalszh/presentation/objects/resources/presentation_resources.cppm;games/generalszh/presentation/objects/algorithms/tick_effects.cppm;games/generalszh/presentation/objects/algorithms/presentation_schedule.cppm;games/generalszh/content/combat/combat_catalog.cppm;games/generalszh/hosts/game/game_client.cpp,games/generalszh/presentation/objects/projectile_streams.test,ported,,skirmish,"2026-09-29: no stream object: the stream is derived each frame by a stateless ProjectileStreamSystem from the projectiles in flight (a shooter's shots of that weapon, oldest first; a break at each change of target, as addProjectile's holes; MaxSegments newest ring points; vehicle roof skim), drawn as additive tiled, scrolling beam segments into the frame's LaserFrame (the modern renderer). Not kept: a projectile gone mid-stream no longer breaks it."
module:ProneUpdate,module,ProneUpdate,GeneralsMD/Code/GameEngine/Source/Common/Thing/ModuleFactory.cpp,,,,not_applicable,,,"2026-09-30: only commented-out lines in the shipped INI (GLAInfantry, DemoGeneral, ChemicalGeneral, StealthGeneral, GC_Chem, GLACINEUnit); checked every Data/INI object and every map.ini. Port it if a mod or map ever needs it."
module:PropagandaCenterBehavior,module,PropagandaCenterBehavior,GeneralsMD/Code/GameEngine/Source/Common/Thing/ModuleFactory.cpp,,,,not_applicable,,,2026-09-30: no shipped Zero Hour object uses it (ChinaPropagandaCenter uses other modules; CHI02 map.ini only overrides its buildability); checked every Data/INI object and every map.ini. Port it if a mod or map ever needs it.
module:PropagandaTowerBehavior,module,PropagandaTowerBehavior,GeneralsMD/Code/GameEngine/Source/Common/Thing/ModuleFactory.cpp,engine/gameplay;games/generalszh/content;games/generalszh/gameplay;games/generalszh/session;games/generalszh/presentation,engine/gameplay/rts/propaganda/components/propaganda.cppm;engine/gameplay/rts/propaganda/resources/propaganda_scans.cppm;engine/gameplay/rts/propaganda/systems/propaganda_system.cppm;games/generalszh/content/healing/healing_content.cppm;games/generalszh/gameplay/objects/algorithms/object_factory.cppm;games/generalszh/session/session.cppm;games/generalszh/presentation/objects/algorithms/tick_effects.cppm,engine/gameplay/rts/propaganda/propaganda.test;games/generalszh/session/create_modules.test,ported,,skirmish,"PropagandaScanSystem: a tower works while standing whole, alive, not disabled (but held), not carried inside something and not neutral; DelayBetweenUpdates after its last scan it takes in the allies in its radius (no structures, itself only with AffectsSelf) and plays PulseFX / UpgradedPulseFX. PropagandaInfluenceSystem: scoring kinds follow their tower, ENTHUSIASTIC (+SUBLIMINAL with its player's UpgradeRequired) while armed, healed HealPercentEachSecond (upgraded) of their most a second as its sole benefactor for the scan delay; let go (bonuses cleared) when it stops or a rescan leaves them out. Differences: a unit in two towers' reach follows the first to take it in (the original lets each tower re-set it every frame), and the pulse FX of an enemy's stealthed tower is not yet hidden from the viewer."
module:QueueProductionExitUpdate,module,QueueProductionExitUpdate,GeneralsMD/Code/GameEngine/Source/Common/Thing/ModuleFactory.cpp,engine/gameplay;games/generalszh/content;games/generalszh/gameplay;games/generalszh/session,engine/gameplay/rts/production/components/production_exit_gate.cppm;engine/gameplay/rts/production/components/production_queue.cppm;engine/gameplay/rts/production/systems/production_system.cppm;games/generalszh/content/production/production_content.cppm;games/generalszh/gameplay/objects/algorithms/object_factory.cppm;games/generalszh/gameplay/production/algorithms/team_building.cppm;games/generalszh/session/session.cppm;engine/gameplay/rts/slaves/systems/spawner_system.cppm;games/generalszh/content/production/production_content.cppm,games/generalszh/session/research.test;games/generalszh/session/create_modules.test,ported,,skirmish,"Factory exits (China barracks): the create and natural rally points as the other exits; reserveDoorForExit / isFreeToExit / update as the ProductionExitGate (ExitDelay ticks after each exit, InitialBurst exits free), with ProductionUpdate's exit loop - a finished entry's units come out one per free exit, the rest waiting done in the entry (Red Guards: the second 9 ticks after the first). Spawners exit through it too (SpawnBehavior::createSpawn -> reserveDoorForExit; exitObjectByBudding starts the delay): the Angry Mob nexus's first five at once, then one per ExitDelay. Pending: AllowAirborneCreation's airborne exit (no shipped queue exit uses it). 2026-09-29: setRallyPoint / m_rallyPointExists (RallyPoint component, MSG_SET_RALLY_POINT: commands::SetRallyPoint -> SetRallyPoint with the BasicHumanLocomotor path check from the factory, terrain zones: QuickTerrainPathExists): the exit path goes natural rally point then the set one (MovePath); legacy_parity_a_factorys_rally_point_takes_its_units_on_there. Not ported: adjustDestination of the rally point for ground movers."
module:RadarUpdate,module,RadarUpdate,GeneralsMD/Code/GameEngine/Source/Common/Thing/ModuleFactory.cpp,games/generalszh/content;games/generalszh/gameplay,games/generalszh/content/upgrades/building_extensions.cppm;games/generalszh/gameplay/appearance/components/building_extensions.cppm;games/generalszh/gameplay/appearance/systems/extension_look_system.cppm;games/generalszh/gameplay/upgrades/systems/upgrade_effect_system.cppm;games/generalszh/gameplay/objects/algorithms/object_factory.cppm,games/generalszh/session/create_modules.test;engine/gameplay/rts/radar/radar.test;games/generalszh/session/skirmish_start.test,ported,,shellmap,"RadarDish: RADAR_EXTENDING from extendRadar until getFrame() > done (RadarExtendTime as a real ms * 30 / 1000, truncated), then RADAR_UPGRADED. 2026-10-01: the player radar count is ported (RadarProvider, PlayerRadar, RadarCoverageSystem: addRadar/removeRadar with DisableProof): radar.test legacy_parity_radar_needs_power_or_a_disable_proof_provider, skirmish_start legacy_parity_command_centres_give_radar, create_modules legacy_parity_a_command_center_grants_its_radar_once_built; the extend: legacy_parity_a_command_centre_raises_its_radar."
module:RadarUpgrade,module,RadarUpgrade,GeneralsMD/Code/GameEngine/Source/Common/Thing/ModuleFactory.cpp,engine/gameplay;games/generalszh/content;games/generalszh/gameplay;games/generalszh/session,engine/gameplay/rts/radar/components/radar_provider.cppm;engine/gameplay/rts/radar/resources/player_radar.cppm;engine/gameplay/rts/radar/systems/radar_coverage_system.cppm;games/generalszh/content/upgrades/upgrade_content.cppm;games/generalszh/gameplay/upgrades/systems/upgrade_effect_system.cppm;games/generalszh/session/session.cppm,engine/gameplay/rts/radar/radar.test;games/generalszh/session/skirmish_start.test,ported,,skirmish,"upgradeImplementation: Player::addRadar (a RadarProvider; its dish extends through RadarUpdate). hasRadar counted each tick: providers not disabled (Object::setDisabled removes them), until removed (onDelete); short of power (onPowerBrownOutChange: disableRadar) only a DisableProof one counts. onCapture: the provider goes with the owner (the count is by current owner). The radar online / offline sounds are not yet played."
module:RadiusDecalUpdate,module,RadiusDecalUpdate,GeneralsMD/Code/GameEngine/Source/Common/Thing/ModuleFactory.cpp,games/generalszh/content;games/generalszh/gameplay;games/generalszh/presentation;games/generalszh/session;games/generalszh/hosts,games/generalszh/content/creation/creation_lists.cppm;games/generalszh/gameplay/creation/algorithms/creation_list_runner.cppm;games/generalszh/gameplay/objects/algorithms/object_factory.cppm;games/generalszh/content/global/radius_decal.cppm;games/generalszh/gameplay/effects/components/radius_decal.cppm;games/generalszh/gameplay/effects/resources/radius_decal_looks.cppm;games/generalszh/gameplay/effects/algorithms/radius_decals.cppm;games/generalszh/gameplay/effects/systems/radius_decal_system.cppm;games/generalszh/presentation/objects/systems/radius_decal_view_system.cppm;games/generalszh/presentation/rendering/terrain_rendering.cppm;games/generalszh/hosts/game/world_scene.cpp;games/generalszh/session/session.cppm,games/generalszh/session/attacks.test;games/generalszh/presentation/objects/radius_cursor.test,ported,,skirmish,"The RadiusDecal component (made for objects with the module) holds the decal: createRadiusDecal by the AttackNugget, killWhenNoLongerAttacking ended by RadiusDecalSystem the tick its attack ends (or it dies); the presentation throbs it (RadiusDecal::update) and the terrain draws it."
module:RailedTransportAIUpdate,module,RailedTransportAIUpdate,GeneralsMD/Code/GameEngine/Source/Common/Thing/ModuleFactory.cpp,games/generalszh/gameplay;games/generalszh/content;engine/gameplay;games/generalszh/commands;games/generalszh/hud;games/generalszh/presentation,games/generalszh/gameplay/containment/components/railed_transport.cppm;games/generalszh/gameplay/containment/systems/railed_transport_systems.cppm;games/generalszh/gameplay/containment/algorithms/railed_transports.cppm;games/generalszh/content/containment/railed_transport_content.cppm;games/generalszh/content/harvesting/harvest_content.cppm;engine/gameplay/rts/docking/components/dock.cppm;engine/gameplay/rts/docking/systems/dock_system.cppm;engine/gameplay/rts/movement/systems/movement_system.cppm;games/generalszh/commands/game_commands.cppm;games/generalszh/gameplay/orders/algorithms/command_application.cppm;games/generalszh/gameplay/orders/algorithms/unit_orders.cppm;games/generalszh/hud/control_bar_view_model.cppm;games/generalszh/presentation/interaction/systems/interaction_systems.cppm,games/generalszh/session/railed_transport.test;games/generalszh/presentation/interaction/interaction.test,ported,legacy_parity_a_ferry_pulls_in_carries_and_pushes_out_a_vehicle; legacy_parity_a_ferry_takes_only_its_own_orders_from_its_player; legacy_parity_a_vehicle_docks_with_a_ferry,campaign,"2026-09-30: paths <prefix>StartNN/EndNN (01-32, compacted), first update sets off for the nearest end (3D), arrival within 5 (3D) or idle opens the dock, ExecuteRailedTransport (next path from its start, not while loading/unloading), RailedEvacuate (not under way nor busy). Player side: ExecuteRailedTransport command (EXECUTE_RAILED_TRANSPORT button), Evacuate, the DOCK_AT context order for VEHICLE/INFANTRY (OrderDock), every other player order to it ignored (aiDoCommand)."
module:RailedTransportContain,module,RailedTransportContain,GeneralsMD/Code/GameEngine/Source/Common/Thing/ModuleFactory.cpp,games/generalszh/gameplay;games/generalszh/content;engine/gameplay,games/generalszh/gameplay/containment/components/railed_transport.cppm;games/generalszh/gameplay/containment/systems/railed_transport_systems.cppm;games/generalszh/gameplay/containment/algorithms/railed_transports.cppm;games/generalszh/content/containment/railed_transport_content.cppm;games/generalszh/content/harvesting/harvest_content.cppm;engine/gameplay/rts/docking/components/dock.cppm;engine/gameplay/rts/docking/systems/dock_system.cppm;engine/gameplay/rts/movement/systems/movement_system.cppm;games/generalszh/gameplay/containment/algorithms/player_evacuation.cppm;games/generalszh/gameplay/orders/algorithms/command_application.cppm,games/generalszh/session/railed_transport.test,in_progress,legacy_parity_a_ferry_pulls_in_carries_and_pushes_out_a_vehicle (MD_GLA04);legacy_parity_a_ferrys_rider_button_lets_one_out_through_its_dock (MD_GLA04),campaign,"2026-09-30: a TransportContain (Slots, AllowInsideKindOf) whose emptying opens the dock (onRemoving); exits go through the dock (exitObjectViaDoor -> unloadSingleObject). Command_TransportExit is routed to it (MSG_EXIT -> PlayerExit: isSpecificRiderFreeToExit false while the dock is shut in transit, the exit failing; else RailedExitOne, its first aboard). Pending: scripts exit-all to it."
module:RailedTransportDockUpdate,module,RailedTransportDockUpdate,GeneralsMD/Code/GameEngine/Source/Common/Thing/ModuleFactory.cpp,games/generalszh/gameplay;games/generalszh/content;engine/gameplay;games/generalszh/commands;games/generalszh/hud;games/generalszh/presentation,games/generalszh/gameplay/containment/components/railed_transport.cppm;games/generalszh/gameplay/containment/systems/railed_transport_systems.cppm;games/generalszh/gameplay/containment/algorithms/railed_transports.cppm;games/generalszh/content/containment/railed_transport_content.cppm;games/generalszh/content/harvesting/harvest_content.cppm;engine/gameplay/rts/docking/components/dock.cppm;engine/gameplay/rts/docking/systems/dock_system.cppm;engine/gameplay/rts/movement/systems/movement_system.cppm;games/generalszh/commands/game_commands.cppm;games/generalszh/gameplay/orders/algorithms/command_application.cppm;games/generalszh/gameplay/orders/algorithms/unit_orders.cppm;games/generalszh/hud/control_bar_view_model.cppm;games/generalszh/presentation/interaction/systems/interaction_systems.cppm,games/generalszh/session/railed_transport.test;games/generalszh/presentation/interaction/interaction.test,ported,legacy_parity_a_ferry_pulls_in_carries_and_pushes_out_a_vehicle; legacy_parity_a_ferry_takes_only_its_own_orders_from_its_player; legacy_parity_a_vehicle_docks_with_a_ferry,campaign,"2026-09-30: dock points follow the ferry (bones placed each tick); isClearToEnter room check (Dock.room); action capture within ToleranceDistance (3D) on the frame after the docker reached its business; pull distance/PullInsideDuration a frame along the flat share of the 3D direction until within 6 (2D), then idle and inside (still held, unselectable); unloadNext at its centre facing its way, pushed to DockEnd on the ground until within 3, then free and walking to DockWaiting07. Exact frame counts match the original floats on MD_GLA04. Player side: ExecuteRailedTransport command (EXECUTE_RAILED_TRANSPORT button), Evacuate, the DOCK_AT context order for VEHICLE/INFANTRY (OrderDock), every other player order to it ignored (aiDoCommand)."
module:RailroadBehavior,module,RailroadBehavior,GeneralsMD/Code/GameEngine/Source/Common/Thing/ModuleFactory.cpp,engine/level;games/generalszh/content;games/generalszh/gameplay;games/generalszh/presentation;games/generalszh/session,games/generalszh/content/railroad/railroad_content.cppm;games/generalszh/gameplay/railroad/components/railcar.cppm;games/generalszh/gameplay/railroad/resources/rail_network.cppm;games/generalszh/gameplay/railroad/algorithms/railroad_motion.cppm;games/generalszh/gameplay/railroad/algorithms/railroad_carriages.cppm;games/generalszh/gameplay/railroad/systems/railroad_system.cppm;games/generalszh/gameplay/objects/resources/object_templates.cppm;games/generalszh/gameplay/objects/algorithms/object_factory.cppm;games/generalszh/presentation/objects/systems/object_presentation_systems.cppm;games/generalszh/session/session.cppm;engine/level/model/level.cppm;engine/level/adapters/generals_map/map_reader.cppm;games/generalszh/gameplay/railroad/systems/railroad_collision_system.cppm;games/generalszh/presentation/audio/systems/audio_systems.cppm;games/generalszh/presentation/audio/algorithms/audio_schedule.cppm;games/generalszh/presentation/objects/algorithms/look_setup.cppm,games/generalszh/session/railroad.test;games/generalszh/presentation/audio/audio_systems.test,ported,,skirmish,"RailroadSystem (track from the nearest waypoint in TerrainLogic list order, ground-snapped, first links with bidirectional back-links; carriages; the conductor; stations, disembark (Evacuate down the chain), ping-pong; walls while stopped; tunnels and OVER_WATER; wings / end of line; unhitched cars leading and coasting), RailroadCollisionSystem (onCollide: train ends, faction structures, demo traps, boarding pass-through, own passengers, kill / crush / shove / lift / push; a car has no PhysicsBehavior so its own train never touches it), sounds (RailroadCues: whistle, clickety-clack every frame for carriages as the original, impacts only for what has no physics as getBounceSound gives the rest a silent event; TrainSoundSystem: RunningSound while accelerating)."
module:RebuildHoleBehavior,module,RebuildHoleBehavior,GeneralsMD/Code/GameEngine/Source/Common/Thing/ModuleFactory.cpp,engine/gameplay;games/generalszh/content;games/generalszh/gameplay;games/generalszh/session,engine/gameplay/rts/death/definitions/death_definition.cppm;engine/gameplay/rts/death/systems/death_system.cppm;engine/gameplay/common/identity/resources/name_registry.cppm;games/generalszh/content/death/death_content.cppm;games/generalszh/gameplay/construction/components/rebuild_hole.cppm;games/generalszh/gameplay/construction/algorithms/rebuild_holes.cppm;games/generalszh/gameplay/construction/algorithms/building.cppm;games/generalszh/session/session.cppm,games/generalszh/session/skirmish_start.test,ported,,skirmish,"update (holes in creation order): a lost worker or reconstruction restarts the worker wait (WorkerRespawnDelay, truncated ticks); when it runs out a WorkerObjectName comes out of the hole and constructs the structure as a rebuild (free, no checks) or resumes it, attackers move from the hole to it; the hole heals HoleHealthRegen%PerSecond of its most; once standing the structure takes the hole's name and hole and worker go; a hole's death takes its worker. Not ported: masking the hole, the worker's unselectable status, sticky bombs moved to the new structure."
module:RebuildHoleExposeDie,module,RebuildHoleExposeDie,GeneralsMD/Code/GameEngine/Source/Common/Thing/ModuleFactory.cpp,engine/gameplay;games/generalszh/content;games/generalszh/gameplay;games/generalszh/session,engine/gameplay/rts/death/definitions/death_definition.cppm;engine/gameplay/rts/death/systems/death_system.cppm;engine/gameplay/common/identity/resources/name_registry.cppm;games/generalszh/content/death/death_content.cppm;games/generalszh/gameplay/construction/components/rebuild_hole.cppm;games/generalszh/gameplay/construction/algorithms/rebuild_holes.cppm;games/generalszh/gameplay/construction/algorithms/building.cppm;games/generalszh/session/session.cppm,games/generalszh/session/skirmish_start.test,ported,,skirmish,"onDie (DieMuxData filters): a structure not under construction of a player not already dead (nor neutral) leaves HoleName at its position and facing, named as it was (transferObjectName), max health HoleMaxHealth (same current), its rebuild started, its attackers turned on the hole (TransferAttackers). The hole does not take the structure's geometry for pathing (setGeometryInfo not ported)."
module:RepairDockUpdate,module,RepairDockUpdate,GeneralsMD/Code/GameEngine/Source/Common/Thing/ModuleFactory.cpp,engine/gameplay;games/generalszh/commands;games/generalszh/content;games/generalszh/gameplay;games/generalszh/session;games/generalszh/presentation,engine/gameplay/rts/docking/components/repair_dock.cppm;engine/gameplay/rts/docking/resources/dock_repairs.cppm;engine/gameplay/rts/docking/systems/repair_dock_system.cppm;engine/gameplay/rts/harvesting/systems/harvest_system.cppm;games/generalszh/commands/game_commands.cppm;games/generalszh/content/harvesting/harvest_content.cppm;games/generalszh/gameplay/objects/algorithms/object_factory.cppm;games/generalszh/gameplay/orders/algorithms/repair_orders.cppm;games/generalszh/gameplay/orders/algorithms/command_application.cppm;games/generalszh/gameplay/production/systems/drone_repair_system.cppm;games/generalszh/session/session.cppm;games/generalszh/presentation/interaction/systems/interaction_systems.cppm;games/generalszh/presentation/interaction/algorithms/selection_setup.cppm;games/generalszh/presentation/interaction/resources/interaction_resources.cppm,games/generalszh/session/research.test;games/generalszh/presentation/interaction/interaction.test;games/generalszh/commands/game_commands.test,ported,,skirmish,"Ported: the dock (its DockUpdate bones and approach points, TimeForFullHeal as real frames), the GetRepaired command (MSG_GET_REPAIRED -> privateGetRepaired: ActionManager::canGetRepairedAt exactly, then aiDock with no action delay; vehicles now carry Docking), action(): the rate (lack / frames) worked out as a docker's repair begins, healing each tick until whole, then its business ends and it leaves; its drone (KINDOF_DRONE it produced) made whole each repaired tick. The harvest system no longer finishes a truck docked somewhere that is not a warehouse or supply centre. Retail quirk fixed: the rate was recomputed only after a docker was made whole (m_lastRepair == 0), so the one after an interrupted docker healed at the old rate. The right-click context command (evaluateContextCommand ACTIONTYPE_GET_REPAIRED_AT, SELECTION_ANY) issues GetRepaired on an own or allied repair pad with a damaged ground vehicle selected."
module:ReplaceObjectUpgrade,module,ReplaceObjectUpgrade,GeneralsMD/Code/GameEngine/Source/Common/Thing/ModuleFactory.cpp,games/generalszh/content;games/generalszh/gameplay;games/generalszh/session,games/generalszh/content/upgrades/upgrade_content.cppm;games/generalszh/gameplay/upgrades/resources/upgrade_effects.cppm;games/generalszh/gameplay/objects/resources/object_templates.cppm;games/generalszh/gameplay/upgrades/systems/upgrade_effect_system.cppm;games/generalszh/session/session.cppm,games/generalszh/session/research.test,ported,,skirmish,"upgradeImplementation (GLA fakes' Upgrade_BecomeReal...): after the step the object is deleted (destroyObject: no death) and ReplaceObject made at its position and facing on its team, then treated as just built: its create modules' onBuildComplete, onStructureConstructionComplete (not a rebuild: score built and money spent, superweapon EVA notice, the computer player's onStructureProduced). The SuperHackers selection/hotkey-squad carry-over (not retail) is presentation, not ported."
module:RiderChangeContain,module,RiderChangeContain,GeneralsMD/Code/GameEngine/Source/Common/Thing/ModuleFactory.cpp,games/generalszh/content;games/generalszh/gameplay;engine/gameplay,games/generalszh/content/combat/combat_catalog.cppm;games/generalszh/gameplay/objects/algorithms/object_factory.cppm;engine/gameplay/common/status/components/status_flags.cppm;games/generalszh/gameplay/containment/components/rider_change.cppm;games/generalszh/gameplay/containment/algorithms/rider_changes.cppm;engine/gameplay/rts/death/systems/death_system.cppm;games/generalszh/gameplay/combat/algorithms/unmanned_vehicles.cppm;engine/gameplay/rts/containment/systems/cargo_transfer_system.cppm,games/generalszh/content/combat/combat_catalog.test;games/generalszh/session/create_modules.test;games/generalszh/session/attacks.test;games/generalszh/session/unmanned_vehicles.test,in_progress,,shellmap,"Rider objects ported (2026-09-29): InitialPayload made inside on the first update; onContaining shows the rider (model condition, weapon set flag, status) and passes veterancy; onRemoving from a live bike takes them off, hands veterancy back and scuttles it (UNSELECTABLE, ScuttleStatus, IMMOBILE if standing, dies TOPPLED after ScuttleDelay); isValidContainerFor refuses a scuttled bike and unlisted riders; a dead bike deletes its rider (after its rider damage kills him: his die effects, no body); KILL_PILOT: moving, the bike dies; standing, the rider is put out and killed (legacy_parity_a_combat_bike_carries_its_rider_and_scuttles_without_him). Not yet: a new rider kicking the old one out, the command set and locomotor set overrides, selection transfer, markAsDetected. 2026-09-30: DAMAGE_KILLPILOT on a Combat Bike: a moving bike is killed, a standing one has its rider thrown off and killed, the damager scoring the kill (scoreTheKill): legacy_parity_a_pilot_kill_on_a_combat_bike. 2026-09-30: a new rider throws the old one off (isValidContainerFor without capacity, onContaining aiEvacuateInstantly, no scuttle under m_containing: legacy_parity_a_new_rider_throws_the_old_one_off_a_combat_bike); a stealthed bike taking a rider is marked detected. Remaining: selection transfer (presentation)."
module:SabotageCommandCenterCrateCollide,module,SabotageCommandCenterCrateCollide,GeneralsMD/Code/GameEngine/Source/Common/Thing/ModuleFactory.cpp,engine/gameplay;games/generalszh/content;games/generalszh/gameplay;games/generalszh/session;games/generalszh/presentation,games/generalszh/gameplay/crates/algorithms/sabotage.cppm;games/generalszh/content/crates/crate_content.cppm;games/generalszh/gameplay/objects/resources/object_templates.cppm;engine/gameplay/rts/economy/resources/player_energy.cppm;engine/gameplay/rts/economy/systems/energy_system.cppm;engine/gameplay/rts/containment/components/transport.cppm;games/generalszh/gameplay/powers/components/spy_vision.cppm;games/generalszh/gameplay/powers/systems/spy_vision_system.cppm;games/generalszh/gameplay/abilities/resources/ability_notices.cppm;games/generalszh/gameplay/eva/resources/eva_notices.cppm;games/generalszh/gameplay/orders/algorithms/command_buttons.cppm;games/generalszh/gameplay/orders/algorithms/command_application.cppm;games/generalszh/session/session.cppm;games/generalszh/presentation/objects/systems/ability_presentation_systems.cppm;games/generalszh/presentation/hud/systems/eva_system.cppm,games/generalszh/session/special_abilities.test,ported,,skirmish,"2026-09-29: every special power on the command center recharging from now. the saboteur enters (aiEnter: SABOTAGE_BUILDING or an enter order; Boarding touchOnly, re-checked each tick from its order's command source); touching its goal the first of its modules that would take it runs (isValidToExecute: CrateCollide checks, not dead, its kinds, not under construction or sold, an enemy), infiltration radar event, feedback sound and flash, ExecuteFX, the saboteur destroyed. Missing: CommandButtonHunt's huntEnter scan for SABOTAGE_BUILDING (canSabotageBuilding is ported)."
module:SabotageFakeBuildingCrateCollide,module,SabotageFakeBuildingCrateCollide,GeneralsMD/Code/GameEngine/Source/Common/Thing/ModuleFactory.cpp,engine/gameplay;games/generalszh/content;games/generalszh/gameplay;games/generalszh/session;games/generalszh/presentation,games/generalszh/gameplay/crates/algorithms/sabotage.cppm;games/generalszh/content/crates/crate_content.cppm;games/generalszh/gameplay/objects/resources/object_templates.cppm;engine/gameplay/rts/economy/resources/player_energy.cppm;engine/gameplay/rts/economy/systems/energy_system.cppm;engine/gameplay/rts/containment/components/transport.cppm;games/generalszh/gameplay/powers/components/spy_vision.cppm;games/generalszh/gameplay/powers/systems/spy_vision_system.cppm;games/generalszh/gameplay/abilities/resources/ability_notices.cppm;games/generalszh/gameplay/eva/resources/eva_notices.cppm;games/generalszh/gameplay/orders/algorithms/command_buttons.cppm;games/generalszh/gameplay/orders/algorithms/command_application.cppm;games/generalszh/session/session.cppm;games/generalszh/presentation/objects/systems/ability_presentation_systems.cppm;games/generalszh/presentation/hud/systems/eva_system.cppm,games/generalszh/session/special_abilities.test,ported,,skirmish,"2026-09-29: a fake killed (max health UNRESISTABLE, DETONATED, from the saboteur). the saboteur enters (aiEnter: SABOTAGE_BUILDING or an enter order; Boarding touchOnly, re-checked each tick from its order's command source); touching its goal the first of its modules that would take it runs (isValidToExecute: CrateCollide checks, not dead, its kinds, not under construction or sold, an enemy), infiltration radar event, feedback sound and flash, ExecuteFX, the saboteur destroyed. Missing: CommandButtonHunt's huntEnter scan for SABOTAGE_BUILDING (canSabotageBuilding is ported)."
module:SabotageInternetCenterCrateCollide,module,SabotageInternetCenterCrateCollide,GeneralsMD/Code/GameEngine/Source/Common/Thing/ModuleFactory.cpp,engine/gameplay;games/generalszh/content;games/generalszh/gameplay;games/generalszh/session;games/generalszh/presentation,games/generalszh/gameplay/crates/algorithms/sabotage.cppm;games/generalszh/content/crates/crate_content.cppm;games/generalszh/gameplay/objects/resources/object_templates.cppm;engine/gameplay/rts/economy/resources/player_energy.cppm;engine/gameplay/rts/economy/systems/energy_system.cppm;engine/gameplay/rts/containment/components/transport.cppm;games/generalszh/gameplay/powers/components/spy_vision.cppm;games/generalszh/gameplay/powers/systems/spy_vision_system.cppm;games/generalszh/gameplay/abilities/resources/ability_notices.cppm;games/generalszh/gameplay/eva/resources/eva_notices.cppm;games/generalszh/gameplay/orders/algorithms/command_buttons.cppm;games/generalszh/gameplay/orders/algorithms/command_application.cppm;games/generalszh/session/session.cppm;games/generalszh/presentation/objects/systems/ability_presentation_systems.cppm;games/generalszh/presentation/hud/systems/eva_system.cppm,games/generalszh/session/special_abilities.test,ported,,skirmish,"2026-09-29: it and its hackers DISABLED_HACKED, its player's internet centers' spy vision off, for SabotageDuration. the saboteur enters (aiEnter: SABOTAGE_BUILDING or an enter order; Boarding touchOnly, re-checked each tick from its order's command source); touching its goal the first of its modules that would take it runs (isValidToExecute: CrateCollide checks, not dead, its kinds, not under construction or sold, an enemy), infiltration radar event, feedback sound and flash, ExecuteFX, the saboteur destroyed. Missing: CommandButtonHunt's huntEnter scan for SABOTAGE_BUILDING (canSabotageBuilding is ported)."
module:SabotageMilitaryFactoryCrateCollide,module,SabotageMilitaryFactoryCrateCollide,GeneralsMD/Code/GameEngine/Source/Common/Thing/ModuleFactory.cpp,engine/gameplay;games/generalszh/content;games/generalszh/gameplay;games/generalszh/session;games/generalszh/presentation,games/generalszh/gameplay/crates/algorithms/sabotage.cppm;games/generalszh/content/crates/crate_content.cppm;games/generalszh/gameplay/objects/resources/object_templates.cppm;engine/gameplay/rts/economy/resources/player_energy.cppm;engine/gameplay/rts/economy/systems/energy_system.cppm;engine/gameplay/rts/containment/components/transport.cppm;games/generalszh/gameplay/powers/components/spy_vision.cppm;games/generalszh/gameplay/powers/systems/spy_vision_system.cppm;games/generalszh/gameplay/abilities/resources/ability_notices.cppm;games/generalszh/gameplay/eva/resources/eva_notices.cppm;games/generalszh/gameplay/orders/algorithms/command_buttons.cppm;games/generalszh/gameplay/orders/algorithms/command_application.cppm;games/generalszh/session/session.cppm;games/generalszh/presentation/objects/systems/ability_presentation_systems.cppm;games/generalszh/presentation/hud/systems/eva_system.cppm,games/generalszh/session/special_abilities.test,ported,,skirmish,"2026-09-29: barracks / war factory / airfield (no carrier) DISABLED_HACKED for SabotageDuration. the saboteur enters (aiEnter: SABOTAGE_BUILDING or an enter order; Boarding touchOnly, re-checked each tick from its order's command source); touching its goal the first of its modules that would take it runs (isValidToExecute: CrateCollide checks, not dead, its kinds, not under construction or sold, an enemy), infiltration radar event, feedback sound and flash, ExecuteFX, the saboteur destroyed. Missing: CommandButtonHunt's huntEnter scan for SABOTAGE_BUILDING (canSabotageBuilding is ported)."
module:SabotagePowerPlantCrateCollide,module,SabotagePowerPlantCrateCollide,GeneralsMD/Code/GameEngine/Source/Common/Thing/ModuleFactory.cpp,engine/gameplay;games/generalszh/content;games/generalszh/gameplay;games/generalszh/session;games/generalszh/presentation,games/generalszh/gameplay/crates/algorithms/sabotage.cppm;games/generalszh/content/crates/crate_content.cppm;games/generalszh/gameplay/objects/resources/object_templates.cppm;engine/gameplay/rts/economy/resources/player_energy.cppm;engine/gameplay/rts/economy/systems/energy_system.cppm;engine/gameplay/rts/containment/components/transport.cppm;games/generalszh/gameplay/powers/components/spy_vision.cppm;games/generalszh/gameplay/powers/systems/spy_vision_system.cppm;games/generalszh/gameplay/abilities/resources/ability_notices.cppm;games/generalszh/gameplay/eva/resources/eva_notices.cppm;games/generalszh/gameplay/orders/algorithms/command_buttons.cppm;games/generalszh/gameplay/orders/algorithms/command_application.cppm;games/generalszh/session/session.cppm;games/generalszh/presentation/objects/systems/ability_presentation_systems.cppm;games/generalszh/presentation/hud/systems/eva_system.cppm,games/generalszh/session/special_abilities.test,ported,,skirmish,"2026-09-29: its player's power sabotaged for SabotagePowerDuration (PlayerEnergy: production none before it, brown-out through it). the saboteur enters (aiEnter: SABOTAGE_BUILDING or an enter order; Boarding touchOnly, re-checked each tick from its order's command source); touching its goal the first of its modules that would take it runs (isValidToExecute: CrateCollide checks, not dead, its kinds, not under construction or sold, an enemy), infiltration radar event, feedback sound and flash, ExecuteFX, the saboteur destroyed. Missing: CommandButtonHunt's huntEnter scan for SABOTAGE_BUILDING (canSabotageBuilding is ported)."
module:SabotageSuperweaponCrateCollide,module,SabotageSuperweaponCrateCollide,GeneralsMD/Code/GameEngine/Source/Common/Thing/ModuleFactory.cpp,engine/gameplay;games/generalszh/content;games/generalszh/gameplay;games/generalszh/session;games/generalszh/presentation,games/generalszh/gameplay/crates/algorithms/sabotage.cppm;games/generalszh/content/crates/crate_content.cppm;games/generalszh/gameplay/objects/resources/object_templates.cppm;engine/gameplay/rts/economy/resources/player_energy.cppm;engine/gameplay/rts/economy/systems/energy_system.cppm;engine/gameplay/rts/containment/components/transport.cppm;games/generalszh/gameplay/powers/components/spy_vision.cppm;games/generalszh/gameplay/powers/systems/spy_vision_system.cppm;games/generalszh/gameplay/abilities/resources/ability_notices.cppm;games/generalszh/gameplay/eva/resources/eva_notices.cppm;games/generalszh/gameplay/orders/algorithms/command_buttons.cppm;games/generalszh/gameplay/orders/algorithms/command_application.cppm;games/generalszh/session/session.cppm;games/generalszh/presentation/objects/systems/ability_presentation_systems.cppm;games/generalszh/presentation/hud/systems/eva_system.cppm,games/generalszh/session/special_abilities.test,ported,,skirmish,"2026-09-29: every special power on the superweapon or strategy center recharging from now. the saboteur enters (aiEnter: SABOTAGE_BUILDING or an enter order; Boarding touchOnly, re-checked each tick from its order's command source); touching its goal the first of its modules that would take it runs (isValidToExecute: CrateCollide checks, not dead, its kinds, not under construction or sold, an enemy), infiltration radar event, feedback sound and flash, ExecuteFX, the saboteur destroyed. Missing: CommandButtonHunt's huntEnter scan for SABOTAGE_BUILDING (canSabotageBuilding is ported)."
module:SabotageSupplyCenterCrateCollide,module,SabotageSupplyCenterCrateCollide,GeneralsMD/Code/GameEngine/Source/Common/Thing/ModuleFactory.cpp,engine/gameplay;games/generalszh/content;games/generalszh/gameplay;games/generalszh/session;games/generalszh/presentation,games/generalszh/gameplay/crates/algorithms/sabotage.cppm;games/generalszh/content/crates/crate_content.cppm;games/generalszh/gameplay/objects/resources/object_templates.cppm;engine/gameplay/rts/economy/resources/player_energy.cppm;engine/gameplay/rts/economy/systems/energy_system.cppm;engine/gameplay/rts/containment/components/transport.cppm;games/generalszh/gameplay/powers/components/spy_vision.cppm;games/generalszh/gameplay/powers/systems/spy_vision_system.cppm;games/generalszh/gameplay/abilities/resources/ability_notices.cppm;games/generalszh/gameplay/eva/resources/eva_notices.cppm;games/generalszh/gameplay/orders/algorithms/command_buttons.cppm;games/generalszh/gameplay/orders/algorithms/command_application.cppm;games/generalszh/session/session.cppm;games/generalszh/presentation/objects/systems/ability_presentation_systems.cppm;games/generalszh/presentation/hud/systems/eva_system.cppm,games/generalszh/session/special_abilities.test,ported,,skirmish,"2026-09-29: StealCashAmount (or what there is) stolen, floating texts, EVA CashStolen. the saboteur enters (aiEnter: SABOTAGE_BUILDING or an enter order; Boarding touchOnly, re-checked each tick from its order's command source); touching its goal the first of its modules that would take it runs (isValidToExecute: CrateCollide checks, not dead, its kinds, not under construction or sold, an enemy), infiltration radar event, feedback sound and flash, ExecuteFX, the saboteur destroyed. Missing: CommandButtonHunt's huntEnter scan for SABOTAGE_BUILDING (canSabotageBuilding is ported)."
module:SabotageSupplyDropzoneCrateCollide,module,SabotageSupplyDropzoneCrateCollide,GeneralsMD/Code/GameEngine/Source/Common/Thing/ModuleFactory.cpp,engine/gameplay;games/generalszh/content;games/generalszh/gameplay;games/generalszh/session;games/generalszh/presentation,games/generalszh/gameplay/crates/algorithms/sabotage.cppm;games/generalszh/content/crates/crate_content.cppm;games/generalszh/gameplay/objects/resources/object_templates.cppm;engine/gameplay/rts/economy/resources/player_energy.cppm;engine/gameplay/rts/economy/systems/energy_system.cppm;engine/gameplay/rts/containment/components/transport.cppm;games/generalszh/gameplay/powers/components/spy_vision.cppm;games/generalszh/gameplay/powers/systems/spy_vision_system.cppm;games/generalszh/gameplay/abilities/resources/ability_notices.cppm;games/generalszh/gameplay/eva/resources/eva_notices.cppm;games/generalszh/gameplay/orders/algorithms/command_buttons.cppm;games/generalszh/gameplay/orders/algorithms/command_application.cppm;games/generalszh/session/session.cppm;games/generalszh/presentation/objects/systems/ability_presentation_systems.cppm;games/generalszh/presentation/hud/systems/eva_system.cppm,games/generalszh/session/special_abilities.test,ported,,skirmish,"2026-09-29: the zone's OCLUpdate timer restarted, StealCashAmount stolen (not in the shipped Saboteur). the saboteur enters (aiEnter: SABOTAGE_BUILDING or an enter order; Boarding touchOnly, re-checked each tick from its order's command source); touching its goal the first of its modules that would take it runs (isValidToExecute: CrateCollide checks, not dead, its kinds, not under construction or sold, an enemy), infiltration radar event, feedback sound and flash, ExecuteFX, the saboteur destroyed. Missing: CommandButtonHunt's huntEnter scan for SABOTAGE_BUILDING (canSabotageBuilding is ported)."
module:SalvageCrateCollide,module,SalvageCrateCollide,GeneralsMD/Code/GameEngine/Source/Common/Thing/ModuleFactory.cpp,games/generalszh/content;games/generalszh/gameplay;games/generalszh/presentation,games/generalszh/content/crates/crate_content.cppm;games/generalszh/gameplay/crates/components/crate.cppm;games/generalszh/gameplay/crates/resources/crates.cppm;games/generalszh/gameplay/crates/systems/crate_touch_system.cppm;games/generalszh/gameplay/crates/algorithms/crate_rules.cppm;games/generalszh/presentation/objects/systems/crate_presentation_systems.cppm;games/generalszh/gameplay/appearance/systems/appearance_system.cppm,games/generalszh/session/crates.test;games/generalszh/presentation/objects/vehicle_motion.test,ported,,skirmish,"SALVAGER pickers only. Order: the next armor set (ARMOR_SALVAGER, no chance roll), else the next weapon set (WEAPON_SALVAGER, WeaponChance), else a level (trainable, below HEROIC, LevelChance), else MinMoney..MaxMoney. Weapon sets go CRATEUPGRADE_ONE then TWO, shown as the WEAPONSET_ model conditions; armor goes CRATE_UPGRADE_ONE then TWO, shown as ARMORSET_CRATEUPGRADE_ONE/TWO. Plays MiscAudio CrateSalvage or CrateMoney on the picker. Money floats GUI:AddCash 10 above the crate in the picker colour. The academy stat is not ported."
module:ShroudCrateCollide,module,ShroudCrateCollide,GeneralsMD/Code/GameEngine/Source/Common/Thing/ModuleFactory.cpp,games/generalszh/content;games/generalszh/gameplay;games/generalszh/presentation,games/generalszh/content/crates/crate_content.cppm;games/generalszh/gameplay/crates/algorithms/crate_rules.cppm;games/generalszh/gameplay/crates/resources/crates.cppm;games/generalszh/presentation/objects/systems/crate_presentation_systems.cppm;games/generalszh/presentation/objects/algorithms/look_setup.cppm;games/generalszh/presentation/objects/resources/look_catalog.cppm,games/generalszh/session/crates.test,ported,,skirmish,2026-09-29: CrateKind::Shroud: revealMapForPlayer for the collector's player (ShroudMap::RevealAll: a look and an unlook on every cell); MiscAudio CrateShroud on the collector. Retail ships no user: the parity test mounts a SupplyDropZoneCrate copy with the module (legacy_parity_a_shroud_crate_reveals_the_map_to_its_player).
module:SlavedUpdate,module,SlavedUpdate,GeneralsMD/Code/GameEngine/Source/Common/Thing/ModuleFactory.cpp,engine/gameplay;games/generalszh/content;games/generalszh/gameplay;games/generalszh/presentation;engine/effects,engine/gameplay/rts/slaves/systems/slaved_system.cppm;engine/gameplay/rts/slaves/algorithms/enslave.cppm;games/generalszh/content/slaves/slaved_content.cppm;games/generalszh/gameplay/creation/algorithms/creation_list_runner.cppm;games/generalszh/presentation/objects/systems/repair_weld_system.cppm;games/generalszh/presentation/objects/algorithms/presentation_schedule.cppm;games/generalszh/presentation/objects/algorithms/look_setup.cppm;games/generalszh/presentation/objects/resources/look_catalog.cppm;engine/effects/particles/simulation/particle_world.cppm,engine/gameplay/rts/slaves/slaves.test;games/generalszh/session/session.test;engine/gameplay/common/physics/physics.test;games/generalszh/presentation/objects/uplink_effects.test;engine/effects/particles/particles.test,in_progress,,skirmish,"enslaved by the creation list that makes it; every 7 frames: master gone, dead or unmanned -> stopSlavedEffects, DISABLED_UNMANNED and idle: its AI (movement, targeting, weapons) stops, so physics takes it down at its flying speed and KillWhenRestingOnGround kills it at rest (the drone exception: only dead or unmanned); else master victim within AttackRange (+AttackWanderRange), scout the master destination within ScoutRange while over half GuardMaxRange away, else guard (idle and over 15 from the guard point, or over twice GuardMaxRange from the master: new GuardMaxRange offset with GuardWanderRange); distances FROM_BOUNDINGSPHERE_2D as the original; drone spotting: every look clears the master's DRONE_SPOTTING, heading for the victim from within DistToTargetToGrantRangeBonus sets it (each change re-times the master's weapons); repair, prone on master damage, defection and unselectable status pending 2026-10-02: the repair weld sparks and RepairSparks sound are presented (RepairWeldSystem)."
module:SlowDeathBehavior,module,SlowDeathBehavior,GeneralsMD/Code/GameEngine/Source/Common/Thing/ModuleFactory.cpp,engine/gameplay;games/generalszh/content,engine/gameplay/rts/death/systems/death_system.cppm;engine/gameplay/rts/death/systems/slow_death_system.cppm;engine/gameplay/rts/death/definitions/death_definition.cppm;games/generalszh/content/death/death_content.cppm;games/generalszh/presentation/objects/systems/object_presentation_systems.cppm;games/generalszh/presentation/objects/algorithms/look_setup.cppm,engine/gameplay/rts/death/death.test;games/generalszh/session/session.test;games/generalszh/presentation/objects/vehicle_motion.test;games/generalszh/presentation/objects/infantry_states.test,in_progress,,shellmap,"weighted choice with overkill bonus, sink after its delay, midpoint 35-65%, destruction, FX/OCL/Weapon per phase: FX presented, OCLs run and weapons fired by the session (CarryOutDeaths); DYING model condition. Still missing: LOD slow-death time scale, upgrade-triggered modules, legacy_parity tests for the plain phases; 2026-09-26: the fling is ported (calcRandomForce, the lift off the ground, physics taking over from the locomotor, extra friction, facing the throw, timers held while airborne, held once sinking, EXPLODED_FLAILING then EXPLODED_BOUNCING looks), with a legacy_parity test. SPLATTED only comes from a killing fall, as in the original. 2026-09-26: infantry dying a death that sinks it casts no shadow (beginSlowDeath: setShadowsEnabled(false)); its terrain-decal fade waits for object terrain decals. 2026-09-28: the tree snag (a flung body, not yet down, whose last collidee (CrashCollisionSystem, now also for flung bodies) is SHRUBBERY: held, PARACHUTING instead of flailing/bouncing, sinking 50x its sink rate a tick, destroyed once not above the ground). DestructionAltitude is read by the original but never used. 2026-10-01: infantry flung by EXPLODED deaths: infantry_states.test pins the Ranger flailing (ADTF1 transition, ADTF2) then landing on AIRngr_ADTF3; every infantry type's DYING EXPLODED_BOUNCING look has a shipped clip (the data's own gaps listed: mob nexus objects, Secret Police, CINFCIV01_ADTA3) and every landing clip samples to its end on its model (reported T-pose not reproduced at state, look, clip or pose level)."
module:SmartBombTargetHomingUpdate,module,SmartBombTargetHomingUpdate,GeneralsMD/Code/GameEngine/Source/Common/Thing/ModuleFactory.cpp,engine/gameplay;games/generalszh/gameplay;games/generalszh/session,engine/gameplay/rts/containment/components/drop_homing.cppm;engine/gameplay/rts/containment/systems/drop_homing_system.cppm;engine/gameplay/rts/containment/systems/cargo_transfer_system.cppm;games/generalszh/gameplay/objects/algorithms/object_factory.cppm;games/generalszh/session/session.cppm,games/generalszh/session/special_abilities.test,ported,,skirmish,"2026-09-29: an engine DropHoming component told its spot as the delivery drops it (cargo transfer: SetTargetPosition with the move-to spot); a chunked DropHomingSystem (Simulation, between physics steps as the original normal-phase update) puts it CourseCorrectionScalar of the way from the spot to where it is while significantly above the ground."
module:SpawnBehavior,module,SpawnBehavior,GeneralsMD/Code/GameEngine/Source/Common/Thing/ModuleFactory.cpp,engine/gameplay;games/generalszh/content;games/generalszh/gameplay;games/generalszh/session,engine/gameplay/rts/slaves/components/spawner.cppm;engine/gameplay/rts/slaves/resources/spawn_requests.cppm;engine/gameplay/rts/slaves/systems/spawner_system.cppm;games/generalszh/content/slaves/slaved_content.cppm;games/generalszh/gameplay/production/algorithms/team_building.cppm;games/generalszh/gameplay/objects/algorithms/object_factory.cppm;games/generalszh/session/session.cppm;engine/gameplay/rts/slaves/systems/disable_follow_system.cppm,engine/gameplay/rts/slaves/slaves.test;games/generalszh/session/create_modules.test;engine/gameplay/rts/slaves/disable_follow.test;games/generalszh/session/special_abilities.test,in_progress,,shellmap,"Generic Spawner (fixed arrays, batch system, PostSimulation after deaths). Handles SpawnNumber, SpawnTemplateName in turn, SpawnReplaceDelay after a loss, OneShot, SpawnedRequireSpawner (kills on the spawner death), a 15-tick update and slot n due after frame n (InitialBurst: all at once). Spawns come out of the spawner exit like production. Also ExitByBudding (on the spawn nearest the spawner, then off it) and AggregateHealth (its health over a whole set at their average most; it goes by destroyObject with its last spawn), up to 16 spawns. Not needed: CanReclaimOrphans (never set in the shipped data) and PropagateDamageTypesToSlavesWhenExisting (unused by the original). An aggregate spawner is MASKED (Unattackable to every weapon) and shares the highest veterancy with its spawns each tick in their order (setVeterancyLevel, trainable or not). shouldTryToSpawn: nothing while sold (Sale), under construction (ConstructionProgress under 100%) or neutral-controlled (the roster's nameless player); InitialBurst slots are all due at once (the original's runtime-produced burst is a frame later). A timed disable of a SPAWNS_ARE_THE_WEAPONS spawner passes on to its spawns, which go idle (orderSlavesDisabledUntil: DisableFollowSystem). Still to do: enslaving through SlavedUpdate::onEnslave, slave attack orders, and orderSlavesToClearDisabled. 2026-09-30: createSpawn -> SlavedUpdate::onEnslave: spawned slaves (Stinger Site soldiers) take the spawner as master (Enslave: guard point): legacy_parity_a_stinger_site_puts_its_soldiers_on_its_spawn_points."
module:SpawnPointProductionExitUpdate,module,SpawnPointProductionExitUpdate,GeneralsMD/Code/GameEngine/Source/Common/Thing/ModuleFactory.cpp,engine/gameplay;games/generalszh/content;games/generalszh/gameplay;games/generalszh/session,engine/gameplay/rts/slaves/components/spawn_points.cppm;engine/gameplay/rts/slaves/systems/spawner_system.cppm;games/generalszh/content/loading/game_content.cppm;games/generalszh/gameplay/objects/resources/object_templates.cppm;games/generalszh/gameplay/objects/algorithms/object_factory.cppm;games/generalszh/gameplay/production/algorithms/team_building.cppm;games/generalszh/session/session.cppm,games/generalszh/session/special_abilities.test,ported,,skirmish,"2026-09-29: its SpawnPointBoneName01.. bones (at most 10) read in fixed point at load; an engine SpawnPoints component holds each place's occupier; the chunked SpawnerSystem asks for a spawn only while a place is free (reserveDoorForExit, revalidateOccupiers once per attempt), and SpawnFrom puts it on the first free place in the spawner's frame, facing the bone's way, DISABLED_HELD for good. Checkpointed component."
module:SpecialAbility,module,SpecialAbility,GeneralsMD/Code/GameEngine/Source/Common/Thing/ModuleFactory.cpp,games/generalszh/content;games/generalszh/gameplay,games/generalszh/content/powers/special_powers.cppm;games/generalszh/gameplay/powers/algorithms/special_power_launch.cppm;games/generalszh/gameplay/powers/algorithms/power_trigger.cppm,games/generalszh/session/special_abilities.test;games/generalszh/session/unmanned_vehicles.test;games/generalszh/presentation/interaction/interaction.test,in_progress,,skirmish,"2026-09-27: doSpecialPowerAtObject (FireSpecialPowerAtObject): not while disabled or paused; initiateIntentToDoSpecialPower on its SpecialAbilityUpdate; the power fires at once unless UpdateModuleStartsAttack. A player's order is checked by canDoSpecialPowerAtObject: canCaptureBuilding (IMMUNE_TO_CAPTURE, STRUCTURE, not built/sold, shroud for humans, enemy or CAPTURABLE non-ally, not hidden, not garrisoned but by STEALTH_GARRISON; appearsToContainFriendlies and disguises ported 2026-09-30). 2026-09-29: doSpecialPowerAtLocation / doSpecialPower (FireSpecialPower: at the spot or with no target) initiate it likewise. canDoSpecialPowerAtObject also for remote/timed charges (structure or vehicle, no bridge, a charge left, none on it already from either module), TNT (structure or non-aircraft vehicle) and booby traps (neutral or allied structure); InitiateSound is the presentation's (not played yet). 2026-09-30: canDoSpecialPowerAtObject's Black Lotus vehicle and cash hacks (canDisableVehicleViaHacking, canStealCashViaHacking) and the hacker's building hack; appearsToContainFriendlies and the DISGUISED exception to hidden targets now ported for captures too. The context commands fire these through the first selected's command set."
module:SpecialAbilityUpdate,module,SpecialAbilityUpdate,GeneralsMD/Code/GameEngine/Source/Common/Thing/ModuleFactory.cpp,engine/gameplay;games/generalszh/content;games/generalszh/gameplay;games/generalszh/session;games/generalszh/presentation,games/generalszh/gameplay/abilities/components/special_abilities.cppm;games/generalszh/gameplay/abilities/algorithms/ability_setup.cppm;games/generalszh/gameplay/abilities/algorithms/special_ability_update.cppm;games/generalszh/content/powers/special_ability_content.cppm;games/generalszh/gameplay/teams/algorithms/defection.cppm;games/generalszh/gameplay/orders/algorithms/unit_orders.cppm;engine/gameplay/common/status/components/ai_activity.cppm;engine/gameplay/rts/movement/algorithms/steering.cppm;engine/gameplay/common/spatial/resources/ground_height.cppm;games/generalszh/session/session.cppm;games/generalszh/gameplay/abilities/systems/special_ability_system.cppm;games/generalszh/gameplay/abilities/algorithms/special_objects.cppm;games/generalszh/gameplay/abilities/components/special_object.cppm;engine/gameplay/common/spatial/algorithms/geometry_collision.cppm;engine/gameplay/rts/navigation/algorithms/route_search.cppm;games/generalszh/gameplay/hacking/algorithms/hack_effects.cppm,games/generalszh/session/special_abilities.test;engine/gameplay/rts/movement/movement.test;engine/gameplay/common/spatial/spatial.test,in_progress,,skirmish,"2026-09-27: the update's state machine is ported (TendSpecialAbilities, once a tick after the objects' systems): approach (aiMoveToObject when idle), isWithinStartAbilityRange (bounding circles, the range less a quarter cell, ApproachRequiresLOS by the terrain Bresenham), face (MoveMode::Face = AIFaceState, REL_THRESH), unpack/pack with PackUnpackVariationFactor (AI_BUSY: AiActivity.busy, not idle), preparation (IS_USING_ABILITY: AiActivity.usingAbility; no mood targets), persistent re-preparation and PersistenceRequiresRecharge, trigger, finish (flee with the own-mine dodge, else idle), onExit on death, on any player/script order (Commanded; the AI player's own orders are CMD_FROM_AI: AiMove/AiIdle), on a capture moved off, and the target aborts (dead, same team, hidden). Effects ported: SPECIAL_INFANTRY_CAPTURE_BUILDING and SPECIAL_BLACKLOTUS_CAPTURE_BUILDING (booby traps are not ported: none to detonate; a garrison is emptied instead; else Object::defect to the default team, a tick undetected; EVA BuildingBeingStolen/BuildingStolen; radar infiltration), XP (AwardExperience) and skill points. Parity test: the Ranger's capture frame by frame (unpack 90, flag, 600 prep, defect, pack 60, recharge from the last prep tick), 1 vs 4 workers, checkpoint mid-preparation; an order ends it. 2026-09-29: special objects (createSpecialObject: MaxSpecialObjects, a persistent module makes no more at its limit, another's are destroyed first; made on the unit's team where it stands, its experience to the unit; the list is the SpecialObject components naming the unit and its module, found by a chunked query: validateSpecialObjects is the world's; killSpecialObjects on exit for non-persistent modules, and as the owner dies or goes for those not SpecialObjectsPersistWhenOwnerDies). Charges: SPECIAL_TIMED_CHARGES / SPECIAL_TANKHUNTER_TNT_ATTACK / SPECIAL_BOOBY_TRAP / SPECIAL_REMOTE_CHARGES place a StickyBombUpdate charge on the target (a booby trap never on something trapped); remote with no target or position detonates every charge placed. The target's booby trap is set off first (checkAndDetonateBoobyTrap), the effect held till its blast has landed (the port's damage lands a tick later) and dropped if the unit or target is then dead; an infantry capture's startPreparation sets it off too. The contact approach: a start range under a quarter cell needs the unit to touch its target (iteratePotentialCollisions: PartitionFilterWouldCollide, ported as engine WouldCollide), the unit routing through its target's cells and the clearance it alone takes (IgnoredObstacle; the port's router would stop it a cell short). Missing: lasers and the napalm bomb (their special objects), the hacks' effects, LoseStealthOnTrigger's markAsDetected, Pathfinder::isViewBlockedByObstacle in the LOS test, the presentation's sounds (pack/unpack/prep loop/trigger/voice task complete), capture flash (DoCaptureFX) and animation completion time (animTotal is kept for it), isPowerCurrentlyInUse for command buttons, and a player UI path that sends object-targeted powers.; 2026-09-27 (later): now a chunk-parallel SoA system (SpecialAbilitySystem: the unit's own components, targets through a Lookup, keyed random streams) whose effects beyond the unit go out as AbilityEvents applied once the systems have run (ApplyAbilityEvents); the old sequential TendSpecialAbilities is gone. Same frame-by-frame timeline, 1 vs 4 workers, checkpoint. 2026-09-30: triggerAbilityEffect for SPECIAL_HACKER_DISABLE_BUILDING and SPECIAL_BLACKLOTUS_DISABLE_VEHICLE_HACK (not allied: DISABLED_HACKED until now + EffectDuration, each persistent trigger) and SPECIAL_BLACKLOTUS_STEAL_CASH_HACK (EffectValue or what there is, addMoneyEarned, CashStolen EVA, floating cash): special_abilities/legacy_parity_a_black_lotus_steals_cash, legacy_parity_a_hacker_disables_a_building (hacking/algorithms/hack_effects.cppm shared with the saboteur). 2026-09-30: SPECIAL_MISSILE_DEFENDER_LASER_GUIDED_MISSILES (SECONDARY locked LOCKED_TEMPORARILY, aiAttackObject CMD_FROM_AI: legacy_parity_a_missile_defender_laser_guides_its_missiles), SPECIAL_HELIX_NAPALM_BOMB (createSpecialObject with its CenterOfMassOffset pitch, no airborne friction: legacy_parity_a_helix_drops_its_napalm_bomb), LoseStealthOnTrigger / PreTriggerUnstealthTime (markAsDetected in the last frames of packing and at the trigger, waking idle enemies: legacy_parity_burton_is_revealed_as_he_plants_a_charge)."
module:SpecialPowerCompletionDie,module,SpecialPowerCompletionDie,GeneralsMD/Code/GameEngine/Source/Common/Thing/ModuleFactory.cpp,engine/gameplay;games/generalszh/content;games/generalszh/gameplay;games/generalszh/session,engine/gameplay/rts/death/components/death_credit.cppm;engine/gameplay/rts/death/systems/death_system.cppm;games/generalszh/content/death/death_content.cppm;games/generalszh/gameplay/powers/algorithms/special_power_launch.cppm;games/generalszh/session/session.cppm,engine/gameplay/rts/death/death.test;games/generalszh/session/team_states.test,ported,,skirmish,"setCreator from ObjectCreationList DeliverPayload (the run's carrier and the first of each payload type get the firing object, as DeathCredit); onDie (DieMuxData filters) with a creator: notifyOfCompletedSpecialPower(its player, its SpecialPowerTemplate, the creator) through a Notice death effect."
module:SpecialPowerCreate,module,SpecialPowerCreate,GeneralsMD/Code/GameEngine/Source/Common/Thing/ModuleFactory.cpp,engine/gameplay;games/generalszh/content;games/generalszh/gameplay;games/generalszh/session,games/generalszh/gameplay/powers/algorithms/special_power_state.cppm;games/generalszh/gameplay/powers/algorithms/special_power_launch.cppm;games/generalszh/content/powers/special_powers.cppm,engine/gameplay/rts/powers/powers.test;games/generalszh/content/powers/special_powers.test;games/generalszh/session/team_states.test,ported,,skirmish,"onBuildComplete: each power module onSpecialPowerCreation (countdown starts; shared timers ready now). Called where the original calls create modules onBuildComplete: map placement, starting objects, dozer construction complete, production exit, the AI buildObjectNow."
module:SpectreGunshipDeploymentUpdate,module,SpectreGunshipDeploymentUpdate,GeneralsMD/Code/GameEngine/Source/Common/Thing/ModuleFactory.cpp,games/generalszh/content;games/generalszh/gameplay;games/generalszh/session,games/generalszh/gameplay/powers/components/spectre_gunship.cppm;games/generalszh/gameplay/powers/algorithms/spectre_gunships.cppm;games/generalszh/gameplay/powers/systems/spectre_gunship_system.cppm;games/generalszh/gameplay/powers/algorithms/special_power_launch.cppm;games/generalszh/gameplay/objects/resources/object_templates.cppm;games/generalszh/gameplay/objects/algorithms/object_factory.cppm;games/generalszh/gameplay/appearance/systems/appearance_system.cppm;games/generalszh/session/session.cppm,games/generalszh/session/attacks.test,ported,,skirmish,"initiateIntentToDoSpecialPower: a new gunship on the building's team at the edge its CreateLocation names (farthest from the target: the far corner by the map's halves), at its locomotor's preferred height, facing the spot, made by the building (setProducer), its own power fired there (the gunship's attack), the building's power triggered. m_gunshipOrbitRadius is never read from INI (the offset past the edge is none). The selection of the new gunship (TheGameLogic->selectObject) is the presentation's (not done). 2026-09-30: each of an object's modules for the power in order, the first whose RequiredScience its player has (doesSpecialPowerUpdatePassScienceTest: the Airforce command centre's three levels): legacy_parity_a_spectre_comes_at_its_players_level."
module:SpectreGunshipUpdate,module,SpectreGunshipUpdate,GeneralsMD/Code/GameEngine/Source/Common/Thing/ModuleFactory.cpp,games/generalszh/content;games/generalszh/gameplay;games/generalszh/session,games/generalszh/gameplay/powers/components/spectre_gunship.cppm;games/generalszh/gameplay/powers/algorithms/spectre_gunships.cppm;games/generalszh/gameplay/powers/systems/spectre_gunship_system.cppm;games/generalszh/gameplay/powers/algorithms/special_power_launch.cppm;games/generalszh/gameplay/objects/resources/object_templates.cppm;games/generalszh/gameplay/objects/algorithms/object_factory.cppm;games/generalszh/gameplay/appearance/systems/appearance_system.cppm;games/generalszh/session/session.cppm;games/generalszh/gameplay/orders/algorithms/command_application.cppm,games/generalszh/session/attacks.test,in_progress,,skirmish,"Ported: initiateIntentToDoSpecialPower (a player's: area, reticle and fire start at the spot; a script's: only the area), coming in on its panic set with afterburners (DOOR_1_CLOSING, JETAFTERBURNER), its gattling mounted (HelixContain portable) and paralysed; the orbit point (OrbitInsertionSlope clamped 0.5..0.8, GunshipOrbitRadius) steered to every tick; the reticle clamped within AttackAreaRadius - TargetingReticleRadius; circling within the orbit radius (OrbitTime, gattling awake, normal set, DOOR_1_OPENING); every HowitzerFiringRate frame the gattling attacks the nearest live, seen, attackable enemy in the reticle not under the ship (a computer's: the whole area next) else the walked-to spot; HowitzerFollowLag steady ticks and the howitzer fires (RandomOffsetForHowitzer); the fire walks by StrafingIncrement; leaving along its heading when the orbit is up, gone off the map. Its reticle driven by the player (setSpecialPowerOverridableDestination through the SpecialPowerDestination command; the 3D clamp as the original). Its attack area and reticle decals shown (SpectreDecalViewSystem). Pending: strafe smoke (presentation), afterburner sounds. The gattling's IS_FIRING_WEAPON is read as a shot in the last 4 ticks."
module:SpyVisionSpecialPower,module,SpyVisionSpecialPower,GeneralsMD/Code/GameEngine/Source/Common/Thing/ModuleFactory.cpp,engine/gameplay;games/generalszh/content;games/generalszh/gameplay;games/generalszh/session,engine/gameplay/rts/vision/components/vision.cppm;games/generalszh/content/powers/special_powers.cppm;games/generalszh/content/upgrades/upgrade_content.cppm;games/generalszh/gameplay/powers/components/spy_vision.cppm;games/generalszh/gameplay/powers/resources/spy_vision_catalog.cppm;games/generalszh/gameplay/powers/systems/spy_vision_system.cppm;games/generalszh/gameplay/powers/algorithms/spy_visions.cppm;games/generalszh/gameplay/objects/resources/object_templates.cppm;games/generalszh/gameplay/objects/algorithms/object_factory.cppm;games/generalszh/gameplay/upgrades/systems/upgrade_effect_system.cppm;games/generalszh/gameplay/powers/algorithms/special_power_launch.cppm;games/generalszh/session/session.cppm,games/generalszh/session/attacks.test,ported,,skirmish,"SpyVisionSpecialPower::doSpecialPower: not while disabled; triggered; its first SpyVisionUpdate on for BaseDuration plus BonusDurationPerCaptured per thing it holds (capped at MaxDuration, only with a contain)."
module:SpyVisionUpdate,module,SpyVisionUpdate,GeneralsMD/Code/GameEngine/Source/Common/Thing/ModuleFactory.cpp,engine/gameplay;games/generalszh/content;games/generalszh/gameplay;games/generalszh/session,engine/gameplay/rts/vision/components/vision.cppm;games/generalszh/content/powers/special_powers.cppm;games/generalszh/content/upgrades/upgrade_content.cppm;games/generalszh/gameplay/powers/components/spy_vision.cppm;games/generalszh/gameplay/powers/resources/spy_vision_catalog.cppm;games/generalszh/gameplay/powers/systems/spy_vision_system.cppm;games/generalszh/gameplay/powers/algorithms/spy_visions.cppm;games/generalszh/gameplay/objects/resources/object_templates.cppm;games/generalszh/gameplay/objects/algorithms/object_factory.cppm;games/generalszh/gameplay/upgrades/systems/upgrade_effect_system.cppm;games/generalszh/gameplay/powers/algorithms/special_power_launch.cppm;games/generalszh/session/session.cppm,games/generalszh/session/attacks.test,ported,,skirmish,"SpyVisionUpdate: activateSpyVision (upgrade mux: SelfPoweredDuration; SpyVisionSpecialPower: its duration), the self-powered on/off timers by wake ticks, disabled edges (off while disabled, timers restart after), capture (spying moves to the new owner), deletion (here as it dies). doActivationWork -> Player::setUnitsVisionSpied for every enemy player's things of SpyOnKindof (default all) there at the time: Object::setVisionSpied reference counts per spying player (VisionSpies), the spied mask joining the look and a relook on its edges. Retail quirk fixed: a disabling's end no longer turns on a module still waiting for its upgrade."
module:SquishCollide,module,SquishCollide,GeneralsMD/Code/GameEngine/Source/Common/Thing/ModuleFactory.cpp,engine/gameplay;games/generalszh/gameplay;games/generalszh/session,engine/gameplay/rts/collision/systems/crush_system.cppm;engine/gameplay/rts/collision/systems/collision_systems.cppm;games/generalszh/gameplay/objects/algorithms/object_factory.cppm;games/generalszh/session/session.cppm,engine/gameplay/rts/collision/collision.test;games/generalszh/session/session.test,ported,,shellmap,any non-allied crusher driving onto it (centre under the crusher footprint) kills it with CRUSH/CRUSHED; the TNT-hunter and defector exceptions pending 2026-09-30: 2026-10-01 PartitionData::collidesWith z check ported: a crusher meets only what its height range overlaps (paradropped rangers under their parachutes were crushed by a Technical driving beneath). Test: engine_gameplay_collision legacy_parity_a_crusher_meets_only_what_its_height_overlaps.
module:StatusBitsUpgrade,module,StatusBitsUpgrade,GeneralsMD/Code/GameEngine/Source/Common/Thing/ModuleFactory.cpp,,,,not_applicable,,,2026-09-30: no shipped Zero Hour object uses it; checked every Data/INI object and every map.ini. Port it if a mod or map ever needs it.
module:StealthDetectorUpdate,module,StealthDetectorUpdate,GeneralsMD/Code/GameEngine/Source/Common/Thing/ModuleFactory.cpp,engine/gameplay;games/generalszh/content;games/generalszh/gameplay;games/generalszh/session,engine/gameplay/rts/stealth/components/stealth_detector.cppm;engine/gameplay/rts/stealth/resources/detections.cppm;engine/gameplay/rts/stealth/systems/stealth_detector_system.cppm;games/generalszh/content/stealth/stealth_content.cppm;games/generalszh/gameplay/objects/algorithms/object_factory.cppm;games/generalszh/session/session.cppm;games/generalszh/presentation/objects/systems/detector_ping_systems.cppm,engine/gameplay/rts/stealth/stealth.test;games/generalszh/content/stealth/stealth_content.test;games/generalszh/session/session.test;engine/gameplay/rts/stealth/stealth.test,in_progress,,shellmap,"random scan phase, every DetectionRate reveals stealthed enemies/neutrals of its classes within DetectionRange (else vision range) until just past the next scan; not while dead or contained unless allowed (CanDetectWhileGarrisoned/Contained); InitiallyDisabled read; reveals gathered per chunk; each scan shows its IR ping/beacon at the detector bone, an IR grid under revealed things and plays its ping/loud ping sound (DetectorPingSystem). Still missing: radar/EVA feedback, enabling by upgrades 2026-09-29: inside a garrisonable building it detects only with CanDetectWhileGarrisoned, inside any other container only with CanDetectWhileContained; a garrisoned building it finds (PartitionFilterStealthedOrStealthGarrisoned: the building's classes and side) gives away the stealthed occupants not its player's or allies (markAsDetected(rate + 2)), and counts as someone found."
module:StealthUpdate,module,StealthUpdate,GeneralsMD/Code/GameEngine/Source/Common/Thing/ModuleFactory.cpp,engine/gameplay;games/generalszh/content;games/generalszh/gameplay;games/generalszh/hosts;games/generalszh/presentation,engine/gameplay/rts/stealth/systems/stealth_system.cppm;engine/gameplay/rts/combat/systems/targeting_system.cppm;games/generalszh/content/stealth/stealth_content.cppm;games/generalszh/gameplay/appearance/systems/appearance_system.cppm;games/generalszh/hosts/game/game_client.cpp;games/generalszh/presentation/rendering/object_rendering.cpp;games/generalszh/presentation/objects/systems/object_presentation_systems.cppm;engine/graphics/scene/props/PropAssetBinding.cppm;engine/graphics/scene/props/PropConstants.cppm;engine/graphics/shaders/source/prop.slang,engine/gameplay/rts/stealth/stealth.test;games/generalszh/session/session.test;games/generalszh/session/special_abilities.test,in_progress,,shellmap,"innate or granted stealth (GrantStealthBehavior), forbidden conditions (attacking, firing, moving past its threshold, taking damage, riding), delay, detection by stealth detectors (detectedUntil), hidden from enemy targeting, friendly pulsing opacity. Still missing: SoundStealthOn/SoundStealthOff, disguise, NO_BLACK_MARKET/USING_ABILITY/RIDERS_ATTACKING conditions, stealth-granting upgrades and powers, EVA Drawn per the viewer (calcStealthedStatusForPlayer): stealthed and undetected, seen through by the viewer's allies (everyone for an observer) and not drawn for others; the shell map's eyes are its local player UncloakedGLA (PlayerList::newGame: the first human player). Heat vision (Drawable second material pass, W3DScene m_heatVisionMaterialPass / m_heatVisionOnlyPass): glows at 1 as a detector finds it (not mines) or its look turns detected, fading by 0.8 a logic frame to under 0.001; drawn as an additive lit pass (diffuse 0.02,0.01,0; emissive 0.5,0.2,0 times the glow) over it (depth equal), or alone to an enemy (depth less-equal, no depth write) via the prop renderer's material replacement and PropAssetBinding::Draw_Part_Pass (legacy tests: objects_are_drawn_between_ticks..., MaterialPassDrawing replacement_material_pass_adds_its_emissive_over_the_drawing). The hint flash of the viewer's own units (HintDetectableConditions IS_FIRING_WEAPON) is ported. 2026-09-30: allowedToStealth: FIRING_PRIMARY / SECONDARY / TERTIARY by their slot's last shot (all three: any), RIDERS_ATTACKING (a transport letting riders fire, one attacking), stealth kept inside a garrison (only non-garrisonable containers forbid it). Pending: the reveal frame vs the weapon update order (legacy_parity_burton_stays_hidden_with_his_knife, being fixed)."
module:StealthUpgrade,module,StealthUpgrade,GeneralsMD/Code/GameEngine/Source/Common/Thing/ModuleFactory.cpp,engine/gameplay;games/generalszh/gameplay;games/generalszh/content,engine/gameplay/rts/upgrades/systems/upgrade_system.cppm;games/generalszh/gameplay/upgrades/systems/upgrade_effect_system.cppm;games/generalszh/content/upgrades/upgrade_content.cppm,engine/gameplay/rts/upgrades/upgrades.test;games/generalszh/content/upgrades/upgrade_content.test;games/generalszh/session/session.test,in_progress,,skirmish,grants CAN_STEALTH; spawn slaves (SPAWNS_ARE_THE_WEAPONS) pending
module:StickyBombUpdate,module,StickyBombUpdate,GeneralsMD/Code/GameEngine/Source/Common/Thing/ModuleFactory.cpp,games/generalszh/gameplay;games/generalszh/session;games/generalszh/presentation;engine/gameplay,games/generalszh/gameplay/abilities/components/sticky_bomb.cppm;games/generalszh/gameplay/abilities/systems/sticky_bomb_system.cppm;games/generalszh/gameplay/abilities/algorithms/special_objects.cppm;games/generalszh/gameplay/abilities/resources/sticky_bomb_cues.cppm;games/generalszh/gameplay/objects/resources/object_templates.cppm;engine/gameplay/rts/combat/resources/shots.cppm;engine/gameplay/rts/combat/systems/impact_system.cppm;games/generalszh/presentation/audio/algorithms/audio_schedule.cppm;games/generalszh/presentation/objects/algorithms/tick_effects.cppm,games/generalszh/session/special_abilities.test,in_progress,,skirmish,"2026-09-29: initStickyBomb (target and producer; a LifetimeUpdate bomb pings on the whole seconds before it dies, a remote one every second from a second on; placed at a specific point on the ground, on an immobile target where its bomber stands on the ground, else OffsetZ above; a BOOBY_TRAP marks its victim BOOBY_TRAPPED; StickyBombCreated). StickyBombSystem (chunked): a bomb whose target is effectively dead is destroyed (a booby trap's victim unmarked), on an immobile target it stays on the ground, else it rides the target OffsetZ up; pings (UnitBombPing). detonate: GeometryBasedDamageWeapon round the trapped thing (a Shot whose radii grow by its bounding circle: radiusBonus), GeometryBasedDamageFX over the secondary reach, the victim unmarked, the bomb killed (its death modules fire). Object::checkAndDetonateBoobyTrap: the nearest live BOOBY_TRAP stuck on it within 25 + its bounding circle (an ally of the trap's player sets nothing off), from boarding (OpenContain::addToContain, after the rider is in), capture, charge placement, car bomb conversion (held a tick for the blast) and its death (Object::onDie). Retail quirk fixed: a spent trap still stuck on its victim is not set off again. Parity tests: Burton's timed charge (placed, pings, rides, dies at +600, tank dead at +602; 1 vs 4 workers; checkpoint), remote charges (detonated 3 ticks after the order; gone with Burton), booby trap (script placement on the box edge, ally no, enemy yes, 200 kills a Red Guard; set off by the victim's death). Missing: onObjectCreated (a bomb made by a weapon, stuck on its shooter's goal object), AttachToTargetBone."
module:StructureBody,module,StructureBody,GeneralsMD/Code/GameEngine/Source/Common/Thing/ModuleFactory.cpp,engine/gameplay;games/generalszh/gameplay,engine/gameplay/common/health/systems/health_system.cppm;games/generalszh/gameplay/objects/algorithms/object_factory.cppm;engine/gameplay/common/health/components/subdual.cppm;engine/gameplay/common/health/systems/subdual_system.cppm;games/generalszh/gameplay/combat/algorithms/subdual_changes.cppm,engine/gameplay/rts/combat/combat.test;games/generalszh/session/session.test;games/generalszh/session/attacks.test;games/generalszh/presentation/objects/emp_look.test;games/generalszh/session/special_abilities.test,in_progress,,shellmap,"as ActiveBody (damage states, rubble kept by bodies nothing removes); constructor tracking and the ActiveBody gaps (DamageFX) pending Subdual damage ported (2026-09-29): IsSubdualDamage types never touch health; a body with SubdualDamageCap > 0 (Subdual) adds them after armor (0..cap), a hit waking its SubdualDamageHelper (SubdualSystem sheds SubdualDamageHealAmount every SubdualDamageHealRate from the tick after the last hit); reaching max health sets DISABLED_SUBDUED (forever, cleared with clearDisabled's rider/spawn propagation once below), passengers go idle; TINT_STATUS_GAINING_SUBDUAL_DAMAGE tints it blue; handled hits no longer set off FireWeaponWhenDamaged (onDamage needs lost health). Pending: projectileNowJammed (MissileAIUpdate), the FS_INTERNET_CENTER re-hack order, the building/vehicle re-enabled sounds. 2026-09-30: onSubdualChange on an FS_INTERNET_CENTER no longer subdued orders its riders to hack again (orderAllPassengersToHackInternet); orderAllPassengersToIdle now packs hackers up (aiIdle through HackInternetAIUpdate::aiDoCommand): legacy_parity_an_internet_centers_hackers_resume_once_it_recovers."
module:StructureCollapseUpdate,module,StructureCollapseUpdate,GeneralsMD/Code/GameEngine/Source/Common/Thing/ModuleFactory.cpp,engine/gameplay;games/generalszh/content;games/generalszh/gameplay;games/generalszh/presentation;games/generalszh/session,engine/gameplay/rts/death/definitions/death_definition.cppm;engine/gameplay/rts/death/components/collapse.cppm;engine/gameplay/common/appearance/components/draw_offset.cppm;engine/gameplay/rts/death/systems/death_system.cppm;engine/gameplay/rts/death/systems/slow_death_system.cppm;games/generalszh/content/death/death_content.cppm;games/generalszh/content/objects/model_conditions.cppm;games/generalszh/gameplay/appearance/systems/appearance_system.cppm;games/generalszh/presentation/objects/systems/object_presentation_systems.cppm;games/generalszh/session/session.cppm,engine/gameplay/rts/death/death.test;games/generalszh/session/create_modules.test,in_progress,,shellmap,"Die-muxed (the first that applies). On death: collapse frame = now + random(Min,MaxCollapseDelay), one pick of each INITIAL FXList/OCL list, drawn shuddering (DrawOffset: up to MaxShudder, a new way each presented frame, as the client random). At the collapse frame: BURST phase and falling; each tick height -= velocity, velocity -= gravity*(1-CollapseDamping); every Min..MaxBurstDelay a BURST phase one time in BigBurstFrequency, else DELAY; once height + geometry max height above position (height, or radius for a sphere) <= 0: FINAL phase, drawn at its place again, POST_COLLAPSE instead of RUBBLE (the appearance system). The ruin stays. Still to do: stopping BoneFXUpdate effects once down (BoneFXUpdate not ported), deselecting, and updating the body particle systems. 2026-09-29: its done stuff now stops the object's bone effects (stopAllBoneFX: BoneFxSystem)."
module:StructureToppleUpdate,module,StructureToppleUpdate,GeneralsMD/Code/GameEngine/Source/Common/Thing/ModuleFactory.cpp,engine/gameplay;games/generalszh/content;games/generalszh/gameplay;games/generalszh/session;games/generalszh/presentation,engine/gameplay/rts/death/definitions/death_definition.cppm;engine/gameplay/rts/death/components/structure_topple.cppm;engine/gameplay/rts/death/algorithms/structure_topple.cppm;engine/gameplay/rts/death/systems/structure_topple_system.cppm;engine/gameplay/rts/death/systems/death_system.cppm;engine/gameplay/rts/death/resources/death_events.cppm;games/generalszh/content/death/death_content.cppm;games/generalszh/gameplay/appearance/systems/appearance_system.cppm;games/generalszh/session/session.cppm;games/generalszh/session/script_bridge.cppm;games/generalszh/presentation/objects/systems/object_presentation_systems.cppm,games/generalszh/session/create_modules.test,ported,,skirmish,"2026-09-29: DeathSystem begins it (beginStructureTopple: delay, direction away from the killer +-pi/8 or random, script direction via ScriptedTopple, burst point, start FX, INITIAL OCL); a chunked StructureToppleSystem steps the lean in Q32 radians (Q1.30 sine): bursts, AngleFX, crushing weapon lines within pi/6 of the ground, FINAL OCLs, done FX; flat it stands turned to its fall showing POST_COLLAPSE. Events via StructureToppleEvents (crushing shots land next tick like every death weapon). Presentation leans the model in the world frame. Not ported: BoneFXUpdate::stopAllBoneFX and updateBodyParticleSystems (BoneFXUpdate is not ported); the crushing width uses the untilted facing (identical for every shipped toppler: equal radii); a scripted direction is normalised (the original tilts by its raw length). 2026-09-29: its done stuff now stops the object's bone effects (stopAllBoneFX: BoneFxSystem)."
module:SubObjectsUpgrade,module,SubObjectsUpgrade,GeneralsMD/Code/GameEngine/Source/Common/Thing/ModuleFactory.cpp,engine/gameplay;games/generalszh/content;games/generalszh/gameplay;games/generalszh/session;games/generalszh/presentation;games/generalszh/hosts,engine/gameplay/common/appearance/components/part_overrides.cppm;games/generalszh/content/upgrades/upgrade_content.cppm;games/generalszh/gameplay/upgrades/resources/upgrade_effects.cppm;games/generalszh/gameplay/objects/resources/object_templates.cppm;games/generalszh/gameplay/upgrades/systems/upgrade_effect_system.cppm;games/generalszh/session/session.cppm;games/generalszh/presentation/objects/resources/look_catalog.cppm;games/generalszh/presentation/objects/algorithms/look_setup.cppm;games/generalszh/presentation/objects/systems/object_presentation_systems.cppm;games/generalszh/hosts/game/game_client.cpp,games/generalszh/session/create_modules.test;games/generalszh/presentation/objects/part_looks.test,ported,,skirmish,"On its trigger (unless it or its player has an upgrade it ConflictsWith: upgradeImplementation's own check) the object takes on its override set (PartOverrides: the sets in the order taken, simulation state). Presentation draws such an object through a copy of its definition's own looks carrying the sets in order (ShowSubObjects shown, HideSubObjects hidden, over each model state's own: W3DModelDraw::showSubObject / updateSubObjects); extra draws (riders) are left as they are. Real data: the GLA bomb truck's bomb loads, the Helix napalm wing."
module:SupplyCenterCreate,module,SupplyCenterCreate,GeneralsMD/Code/GameEngine/Source/Common/Thing/ModuleFactory.cpp,engine/gameplay,engine/gameplay/rts/harvesting/systems/harvest_roster_system.cppm,games/generalszh/session/skirmish_start.test,ported,,shellmap,"addSupplyCenter for every player: the harvest roster finds every ResourceDepot each tick, so nothing is registered at creation."
module:SupplyCenterDockUpdate,module,SupplyCenterDockUpdate,GeneralsMD/Code/GameEngine/Source/Common/Thing/ModuleFactory.cpp,engine/gameplay;games/generalszh/content;games/generalszh/gameplay,engine/gameplay/rts/harvesting/components/resource_store.cppm;engine/gameplay/rts/harvesting/systems/harvest_system.cppm;engine/gameplay/rts/docking/components/dock.cppm;games/generalszh/content/harvesting/harvest_content.cppm,engine/gameplay/rts/harvesting/harvesting.test;engine/gameplay/rts/docking/docking.test;games/generalszh/session/skirmish_start.test;games/generalszh/presentation/objects/vehicle_motion.test,in_progress,,skirmish,"ResourceDepot + Dock. action() pays every box at ValuePerSupplyBox to the depot player and raises a HarvestEvents Delivered event. Still missing: GrantTemporaryStealth, the upgraded supply boost (0 for SupplyTruckAIUpdate; the Chinook and Worker have it), the ScoreKeeper money earned.; The GUI:AddCash floating text rises and fades as InGameUI::updateFloatingText and drawFloatingText do (FloatingTexts model, HarvestPresentationSystem, the host floating text view).; getUpgradedSupplyBoostValue: the harvester boost times boxes delivered over its most, once its player has the boost upgrade."
module:SupplyCenterProductionExitUpdate,module,SupplyCenterProductionExitUpdate,GeneralsMD/Code/GameEngine/Source/Common/Thing/ModuleFactory.cpp,games/generalszh/content;games/generalszh/gameplay,games/generalszh/content/production/production_content.cppm;games/generalszh/gameplay/production/algorithms/team_building.cppm,games/generalszh/session/skirmish_start.test;games/generalszh/session/create_modules.test,in_progress,,skirmish,"Exit and rally like the other production exits. Trucks built here are forced into wanting (setForceWantingState). GrantTemporaryStealth is not done yet. 2026-09-29: setRallyPoint / m_rallyPointExists (RallyPoint component, MSG_SET_RALLY_POINT: commands::SetRallyPoint -> SetRallyPoint with the BasicHumanLocomotor path check from the factory, terrain zones: QuickTerrainPathExists): the exit path goes natural rally point then the set one (MovePath); legacy_parity_a_factorys_rally_point_takes_its_units_on_there. Not ported: adjustDestination of the rally point for ground movers."
module:SupplyTruckAIUpdate,module,SupplyTruckAIUpdate,GeneralsMD/Code/GameEngine/Source/Common/Thing/ModuleFactory.cpp,engine/gameplay;games/generalszh/content;games/generalszh/gameplay;games/generalszh/presentation,engine/gameplay/rts/harvesting/components/harvester.cppm;engine/gameplay/rts/harvesting/systems/harvest_system.cppm;engine/gameplay/rts/harvesting/systems/harvest_roster_system.cppm;games/generalszh/content/harvesting/harvest_content.cppm;games/generalszh/gameplay/orders/algorithms/unit_orders.cppm;games/generalszh/presentation/objects/systems/harvest_presentation_systems.cppm,engine/gameplay/rts/harvesting/harvesting.test;engine/gameplay/rts/docking/docking.test;games/generalszh/session/skirmish_start.test;games/generalszh/presentation/objects/vehicle_motion.test,ported,,skirmish,"Generic engine harvesting (Harvester + HarvestSystem, a batch in entity order). The SupplyTruckStateMachine (Busy/Idle/Wanting/Regrouping/Docking) is ported with its transitions and success/failure chains: forced wanting/busy, a player stop keeps it idle, the player dock order sets the preferred dock. Finding a dock follows ResourceGatheringManager: the preferred dock first, the nearest store within the scan distance (doubled for computer players), the nearest own depot. Regrouping goes to a CASH_GENERATOR, else a COMMANDCENTER, else a STRUCTURE (game-given home ranks). Box gain and the depleted check (gainOneBox) are ported. Still missing: shroud legality for human players, and the ChinookAIUpdate and WorkerAIUpdate supply variants. Parity tests cover the frame-by-frame box and delivery timing, queueing, piles, enemy and far stores, regrouping and stop.; SuppliesDepletedVoice now plays (HarvestPresentationSystem). A skirmish test checks it is deterministic across worker counts and survives a checkpoint mid-round."
module:SupplyWarehouseCreate,module,SupplyWarehouseCreate,GeneralsMD/Code/GameEngine/Source/Common/Thing/ModuleFactory.cpp,engine/gameplay;games/generalszh/content,engine/gameplay/rts/harvesting/components/resource_store.cppm;engine/gameplay/rts/harvesting/resources/harvest_roster.cppm;engine/gameplay/rts/harvesting/systems/harvest_roster_system.cppm;engine/gameplay/rts/harvesting/systems/harvest_system.cppm;games/generalszh/content/harvesting/harvest_content.cppm,engine/gameplay/rts/harvesting/harvesting.test,ported,,skirmish,"onCreate: every player's ResourceGatheringManager::addSupplyWarehouse - the store is `listed`, and findBestSupplyWarehouse (BestStore) searches only listed stores (a preferred dock need not be). Removal from the lists is the entity going away."
module:SupplyWarehouseCripplingBehavior,module,SupplyWarehouseCripplingBehavior,GeneralsMD/Code/GameEngine/Source/Common/Thing/ModuleFactory.cpp,games/generalszh/gameplay,games/generalszh/gameplay/economy/components/warehouse_crippling.cppm;games/generalszh/gameplay/economy/systems/warehouse_crippling_system.cppm;games/generalszh/gameplay/economy/algorithms/warehouse_crippling.cppm;games/generalszh/gameplay/objects/resources/object_templates.cppm,games/generalszh/session/special_abilities.test,ported,,skirmish,"2026-09-29: a batch system after the tick's damage: health lost suppresses self-healing for SelfHealSupression (the next heal then); on its heal tick SelfHealAmount, the next SelfHealDelay on, asleep once whole; really damaged (UnitReallyDamagedThreshold) cripples its dock (no one granted a turn), leaving that state uncripples it; SupplyWarehouseDockUpdate::setDockCrippled: the active docker inside is killed unless on an airborne locomotor, one still on its way in idles and a supply truck is set wanting again."
module:SupplyWarehouseDockUpdate,module,SupplyWarehouseDockUpdate,GeneralsMD/Code/GameEngine/Source/Common/Thing/ModuleFactory.cpp,engine/gameplay;games/generalszh/content;games/generalszh/gameplay,engine/gameplay/rts/harvesting/components/resource_store.cppm;engine/gameplay/rts/harvesting/systems/harvest_system.cppm;engine/gameplay/rts/docking/components/dock.cppm;games/generalszh/content/harvesting/harvest_content.cppm;games/generalszh/gameplay/objects/algorithms/object_factory.cppm,engine/gameplay/rts/harvesting/harvesting.test;engine/gameplay/rts/docking/docking.test;games/generalszh/session/skirmish_start.test,ported,,skirmish,"ResourceStore + Dock. action(): one box per action, the touch check with a random nudge on failure, give-back when the truck is full, and DeleteWhenEmpty (a deleting Lifetime). StartingBoxes defaults to 1. Box changes go through commands (only the active docker takes). Still missing: setCashValue (script-set cash) and setDockCrippled (SupplyWarehouseCripplingBehavior). W3DSupplyDraw pile levels are not drawn."
module:SwayClientUpdate,module,SwayClientUpdate,GeneralsMD/Code/GameEngine/Source/Common/Thing/ModuleFactory.cpp,games/generalszh/presentation;games/generalszh/scripting;games/generalszh/hosts,games/generalszh/presentation/objects/resources/breeze.cppm;games/generalszh/presentation/objects/components/object_presentation.cppm;games/generalszh/presentation/objects/systems/object_presentation_systems.cppm;games/generalszh/scripting/presentation_vocabulary.cppm;games/generalszh/hosts/game/game_client.cpp,games/generalszh/presentation/objects/vehicle_motion.test;games/generalszh/scripting/core_vocabulary.test,ported,,shellmap,"TreeSway side table and the Breeze resource (ScriptEngine BreezeInfo defaults; SET_TREE_SWAY sets it and bumps its version, so trees roll again). Each tree rolls limit, rate and lean within randomness / 2 from presentation-own rolls and advances on real delta time (a logic frame per 1/30 s). It leans cos(value) * limit + lean along the breeze in its own frame, and stops once burned (SMOLDERING)."
module:TechBuildingBehavior,module,TechBuildingBehavior,GeneralsMD/Code/GameEngine/Source/Common/Thing/ModuleFactory.cpp,games/generalszh/content;games/generalszh/gameplay;games/generalszh/session,games/generalszh/gameplay/teams/components/tech_building.cppm;games/generalszh/gameplay/teams/systems/tech_building_system.cppm;games/generalszh/gameplay/appearance/systems/appearance_system.cppm;games/generalszh/content/objects/model_conditions.cppm;games/generalszh/gameplay/objects/algorithms/object_factory.cppm;games/generalszh/session/session.cppm,games/generalszh/session/create_modules.test,in_progress,,shellmap,"TechBuilding component; the appearance shows CAPTURED while its controlling player is a playable side (update; re-evaluated each tick, as onCapture wakes it); TechBuildingSystem after the tick's deaths moves a killed one to the neutral player's default team (onDie: setTeam; its CAPTURED clears). PulseFX/PulseFXRate: no shipped tech building sets them, so they are not read."
module:TensileFormationUpdate,module,TensileFormationUpdate,GeneralsMD/Code/GameEngine/Source/Common/Thing/ModuleFactory.cpp,,,games/generalszh/session/dam_break.test,not_applicable,,,"2026-10-03: only AvalancheChunk / AvalancheLeadChunk carry it (Enabled No) and no shipped map or object creation list makes either, so it never runs in the shipped game: legacy_parity_nothing_shipped_makes_a_tensile_formation."
module:ToppleUpdate,module,ToppleUpdate,GeneralsMD/Code/GameEngine/Source/Common/Thing/ModuleFactory.cpp,engine/gameplay;games/generalszh/content;games/generalszh/gameplay;games/generalszh/session;games/generalszh/hosts,engine/gameplay/rts/topple/systems/topple_system.cppm;engine/gameplay/rts/collision/systems/collision_systems.cppm;games/generalszh/content/topple/topple_content.cppm;games/generalszh/gameplay/objects/algorithms/object_factory.cppm;games/generalszh/session/session.cppm;games/generalszh/hosts/game/game_client.cpp;games/generalszh/gameplay/appearance/systems/appearance_system.cppm;games/generalszh/presentation/objects/systems/object_presentation_systems.cppm,engine/gameplay/rts/topple/topple.test;games/generalszh/session/session.test;games/generalszh/session/create_modules.test,in_progress,,shellmap,"crusher contacts (level above 1) fell it away from the crusher: facing turns along the fall, angular velocity/acceleration from the crusher speed, bounces, KillWhenStartToppling/KillWhenFinishedToppling, ToppleLeftOrRightOnly, killed as TOPPLED, FX, stump spawned; script topple direction (adjustToppleDirection), neutron blast pushes (TOPPLE_OPTIONS_NO_BOUNCE / NO_FX; nothing effectively dead topples), TOPPLED model condition from the start of the fall and no shadow once toppling done; tensile formations pending"
module:TransitionDamageFX,module,TransitionDamageFX,GeneralsMD/Code/GameEngine/Source/Common/Thing/ModuleFactory.cpp,games/generalszh/presentation;games/generalszh/hosts;games/generalszh/content;games/generalszh/gameplay;games/generalszh/session,games/generalszh/presentation/effects/damage_effects.cppm;games/generalszh/presentation/rendering/model_bones.cppm;games/generalszh/hosts/game/game_client.cpp;games/generalszh/content/effects/transition_damage_content.cppm;games/generalszh/gameplay/effects/systems/transition_creation_system.cppm;games/generalszh/gameplay/effects/algorithms/transition_creations.cppm,games/generalszh/presentation/effects/effects_content.test;games/generalszh/content/effects/transition_damage_content.test;games/generalszh/session/transition_damage.test,in_progress,,shellmap,"presentation (DamageEffectSystem, DamageEmission side table): getting worse into a state plays its FX lists and attaches its particle systems on bones (random bone families) or offsets, following the object until the state changes; getting better only stops them.  2026-09-29: no shipped object has a <State>OCL<n> slot (GeneralsMD/run INI searched); the particle and FX filters by the last damage type are applied by the presentation (DamageEffectSystem). 2026-10-01: the OCL slots and DamageOCLTypes are ported in the simulation (TransitionCreationSystem, per hit as attemptDamage tells onBodyDamageStateChange; engine Hit now carries health before/after and the last damage type): transition_damage_content.test, transition_damage.test."
module:TransportAIUpdate,module,TransportAIUpdate,GeneralsMD/Code/GameEngine/Source/Common/Thing/ModuleFactory.cpp,games/generalszh/gameplay,games/generalszh/gameplay/orders/algorithms/unit_orders.cppm,games/generalszh/session/create_modules.test;games/generalszh/session/garrison_exits.test,in_progress,,shellmap,"Its AI is the ordinary unit AI; a player's or script's attack order (OrderAttack) is passed on to its passengers when they may fire (privateAttackObject), in boarding order, skipping a hacked/EMPed/subdued/paralyzed portable structure. getAiFreeToExit: FREE_TO_EXIT, as every exit in the port. Still to do: force-attack and attack-position orders (privateForceAttackObject / privateAttackPosition), which have no port command yet. 2026-09-30: privateAttackPosition: a player's or script's attack-position order goes on to its riders first when they may fire (portable structures not while hacked, EMPed, subdued or paralyzed): garrison_exits/legacy_parity_a_transport_passes_an_attack_position_order_to_its_riders. Still to do: privateForceAttackObject (no force-attack command yet)."
module:TransportContain,module,TransportContain,GeneralsMD/Code/GameEngine/Source/Common/Thing/ModuleFactory.cpp,engine/gameplay;games/generalszh/gameplay,engine/gameplay/rts/containment/systems/boarding_system.cppm;engine/gameplay/rts/containment/systems/unloading_system.cppm;engine/gameplay/rts/containment/systems/cargo_transfer_system.cppm;games/generalszh/gameplay/objects/algorithms/object_factory.cppm;engine/gameplay/rts/containment/systems/passenger_ride_system.cppm;games/generalszh/content/containment/transport_content.cppm;engine/gameplay/rts/containment/definitions/transport.cppm;engine/gameplay/rts/death/systems/death_system.cppm;engine/gameplay/rts/lifecycle/algorithms/retirement.cppm;engine/gameplay/rts/containment/systems/rider_regen_system.cppm;games/generalszh/gameplay/containment/algorithms/player_evacuation.cppm,engine/gameplay/rts/containment/containment.test;games/generalszh/session/session.test;engine/gameplay/rts/combat/combat.test;games/generalszh/content/objects/object_catalog.test;games/generalszh/session/attacks.test;games/generalszh/session/attacks.test;games/generalszh/session/garrison_exits.test,in_progress,,shellmap,"slots, boarding, unloading (ExitDelay between passengers), unload in the air; passengers ride at the transport (redeployOccupants, no fire points) and fire out of it with PassengersAllowedToFire, infantry only (isPassengerAllowedToFire, isAbleToAttack), launching from their own position, their shots never colliding with the transport. Still missing: nested containers, ; Boarding an airborne transport waits for it to come down (ChinookAIUpdate / AIEnterState). 2026-09-26: riders on its death ported end to end (DamagePercentToUnits unresistable with BurnedDeathToUnits, killRidersWhoAreNotFreeToExit / DestroyRidersWhoAreNotFreeToExit, survivors let out where it was: legacy_parity_riders_burn_with_their_humvee, legacy_parity_an_ambulance_heals_its_rider_and_lets_it_out_when_killed) and HealthRegen%PerSec (RiderRegenSystem). 2026-09-29: WeaponBonusPassedToPassengers (Weapon::computeBonus's container part: PassedBonusSystem keeps each rider's WeaponBonusConditions::passed as its container's conditions; every bonus computation uses flags | passed). 2026-09-29: door states (OpenContain::exitObjectViaDoor / update's m_doorCloseCountdown: Transport.doorOpenedTick, DoorOpenTime). 2026-09-29: fire points (OpenContain::redeployOccupants / putObjAtNextFirePoint: the FIREPOINT01.. bones (up to 32) of its model at rest; riders take them in turn from the first in, wrapping, turned with the carrier, and with its turret about the turret bone for PassengersInTurret; Garrison and Helix contains keep their own). 2026-09-29: InitialPayload (createPayload on its first update, on its player's default team, without load sounds): legacy_parity_a_troop_crawler_comes_full. 2026-09-30: a player's single-rider exit (MSG_EXIT from the control bar's inventory: PlayerExit -> ExitIntent, AIExitState; the Chinook lands first) and its inventory on the control bar (riders in order, getExtraSlotsInUse hiding windows): legacy_parity_a_riders_button_lets_exactly_that_rider_out. Not ported: isSpecificRiderFreeToExit's terrain check for a grounded carrier."
module:TunnelContain,module,TunnelContain,GeneralsMD/Code/GameEngine/Source/Common/Thing/ModuleFactory.cpp,engine/gameplay;games/generalszh/content;games/generalszh/gameplay;games/generalszh/session,engine/gameplay/rts/containment/components/tunnel.cppm;engine/gameplay/rts/containment/resources/cargo_manifest.cppm;engine/gameplay/rts/containment/components/transport.cppm;engine/gameplay/rts/containment/systems/cargo_transfer_system.cppm;games/generalszh/content/containment/transport_content.cppm;games/generalszh/content/global/game_data.cppm;games/generalszh/gameplay/containment/algorithms/tunnels.cppm;games/generalszh/gameplay/objects/algorithms/object_factory.cppm;games/generalszh/session/session.cppm;games/generalszh/gameplay/ai/components/tunnel_guard.cppm;games/generalszh/gameplay/ai/systems/tunnel_guard_system.cppm;games/generalszh/gameplay/ai/algorithms/tunnel_guards.cppm;games/generalszh/gameplay/containment/algorithms/player_evacuation.cppm;games/generalszh/gameplay/orders/algorithms/unit_orders.cppm,games/generalszh/session/create_modules.test;engine/gameplay/rts/containment/containment.test;games/generalszh/session/tunnel_guards.test;games/generalszh/session/garrison_exits.test,in_progress,,shellmap,"A player's tunnels are linked into one network in the cargo manifest (TunnelTracker), holding GameData MaxTunnelCapacity (10) heads, no aircraft (isValidContainerFor). A lost tunnel hands its riders to the first tunnel left (onTunnelDestroyed: their time inside restarts); with the last they go down with it. Between ticks (TendTunnels): every tunnel shows the network count, a tunnel unloading lets out the whole network, and each standing tunnel heals everyone by max/TimeForFullHeal a frame, or wholly once inside that long (retail PRESERVE_TUNNEL_HEAL_STACKING). Passenger records the tick it got in. Still to do: nemesis tracking, the enter/exit sounds and the academy stats. onSelling ported: selling one tunnel hands its riders to the network; selling the last puts them all out at once. 2026-09-27: TunnelContain::update: a tunnel hit by an enemy within the last second makes the attacker the network's nemesis (TunnelTracker::updateNemesis / getCurNemesis, 4 s). 2026-09-30: isContained / iterateContained over the network's one list: any tunnel's inventory shows every rider of the network (by when they went in) and a rider's button lets it out of the tunnel selected (CargoManifest::Move): legacy_parity_a_tunnel_lets_a_rider_out_where_it_is_selected. 2026-10-02: isValidContainerFor -> TunnelTracker::isValidContainerFor: anything but aircraft, no kind or standing test (MayContain): a player ordering units into a built tunnel (MSG_ENTER) now gets them in and out: legacy_parity_built_tunnels_take_rebels_in_and_out_by_orders."
module:UndeadBody,module,UndeadBody,GeneralsMD/Code/GameEngine/Source/Common/Thing/ModuleFactory.cpp,engine/gameplay;games/generalszh/content;games/generalszh/gameplay;games/generalszh/session;games/generalszh/presentation,engine/gameplay/common/health/components/second_life.cppm;engine/gameplay/common/health/systems/health_system.cppm;engine/gameplay/rts/lifecycle/resources/kill_requests.cppm;engine/gameplay/rts/death/systems/death_system.cppm;games/generalszh/gameplay/combat/components/battle_bus.cppm;games/generalszh/gameplay/combat/systems/battle_bus_system.cppm;games/generalszh/gameplay/combat/algorithms/battle_bus.cppm;games/generalszh/gameplay/objects/resources/object_templates.cppm;games/generalszh/content/combat/combat_catalog.cppm;games/generalszh/presentation/objects/algorithms/tick_effects.cppm,games/generalszh/session/special_abilities.test,ported,,skirmish,"2026-09-29: the engine's SecondLife in the HealthSystem: before its second life a health-damaging, resistable hit the armor would let through for all its health (the fork's estimateDamage) is cut to health-1, then startSecondLife: SecondLifeMaxHealth, fully healed (SecondLives out); the game sets ARMORSET_SECOND_LIFE and begins one applicable slow death by probability (a battle bus's first death)."
module:UnitCrateCollide,module,UnitCrateCollide,GeneralsMD/Code/GameEngine/Source/Common/Thing/ModuleFactory.cpp,games/generalszh/content;games/generalszh/gameplay;games/generalszh/presentation,games/generalszh/content/crates/crate_content.cppm;games/generalszh/gameplay/crates/algorithms/crate_rules.cppm;games/generalszh/gameplay/crates/resources/crates.cppm;games/generalszh/presentation/objects/systems/crate_presentation_systems.cppm,games/generalszh/session/crates.test,ported,,shellmap,UnitCount of UnitName on the collector player default team within 20 of it facing its way (open ground; none: where it is); CrateFreeUnit sound; unknown unit: not taken
module:UnpauseSpecialPowerUpgrade,module,UnpauseSpecialPowerUpgrade,GeneralsMD/Code/GameEngine/Source/Common/Thing/ModuleFactory.cpp,games/generalszh/content;games/generalszh/gameplay;engine/gameplay,games/generalszh/content/upgrades/upgrade_content.cppm;games/generalszh/gameplay/upgrades/systems/upgrade_effect_system.cppm;engine/gameplay/rts/powers/algorithms/special_power_timing.cppm,engine/gameplay/rts/powers/powers.test,ported,,skirmish,"upgradeImplementation: its object's module for SpecialPowerTemplate unpauses once (pauseCountdown(FALSE)); retail startsReady is always false, so no ready-now."
module:UpgradeDie,module,UpgradeDie,GeneralsMD/Code/GameEngine/Source/Common/Thing/ModuleFactory.cpp,engine/gameplay;games/generalszh/content;games/generalszh/gameplay;games/generalszh/session,engine/gameplay/common/identity/components/producer.cppm;engine/gameplay/rts/death/definitions/death_definition.cppm;engine/gameplay/rts/death/resources/death_events.cppm;engine/gameplay/rts/death/systems/death_system.cppm;engine/gameplay/rts/upgrades/systems/upgrade_system.cppm;games/generalszh/content/death/death_content.cppm;games/generalszh/gameplay/upgrades/algorithms/grant_upgrade.cppm;games/generalszh/gameplay/objects/algorithms/object_factory.cppm;games/generalszh/gameplay/creation/algorithms/creation_list_runner.cppm;games/generalszh/gameplay/production/algorithms/team_building.cppm;games/generalszh/session/session.cppm,games/generalszh/session/research.test;engine/gameplay/rts/death/death.test,ported,,skirmish,"UpgradeDie::onDie (DieMux filters): its producer (Object::m_producerID, now the Producer component: set by creation lists' objects, containers and debris, factory production and spawner spawns) gives up UpgradeToRemove if it has it (Object::removeUpgrade: off its own upgrades, and the triggers it activates reset, UpgradeMux::resetUpgrade, effects not undone) - a lost drone frees its Humvee to make another. A death effect (DeathEffectKind::Release) carried out by the session after the tick. Other setProducer callers (dozer builds, jets, rebuild holes, trains, sticky bombs, gunships) set their own links as those ports need them."
module:VeterancyCrateCollide,module,VeterancyCrateCollide,GeneralsMD/Code/GameEngine/Source/Common/Thing/ModuleFactory.cpp,engine/gameplay;games/generalszh/content;games/generalszh/gameplay;games/generalszh/session,games/generalszh/content/crates/crate_content.cppm;games/generalszh/gameplay/crates/components/pilot_seeker.cppm;games/generalszh/gameplay/crates/systems/pilot_seek_system.cppm;games/generalszh/gameplay/objects/algorithms/object_factory.cppm;engine/gameplay/rts/veterancy/resources/experience_awards.cppm;engine/gameplay/rts/veterancy/systems/veterancy_system.cppm;games/generalszh/session/session.cppm;games/generalszh/presentation/interaction/systems/interaction_systems.cppm,games/generalszh/session/research.test;games/generalszh/session/unmanned_vehicles.test;games/generalszh/presentation/interaction/interaction.test,in_progress,,shellmap,"the pilot form (IsPilot, AddsOwnerVeterancy): meeting the vehicle it goes for (footprints overlapping, on the ground) gives it the pilot's levels (gainExpForLevel unscaled, through the sink, promoting with feedback) and removes the pilot (destroyObject). Veterancy crates (a crate object, EffectRange > 0) not yet 2026-09-30: its isValidToExecute shared as PilotMayJoin (the seek system and a player's enter order); the interaction's ENTER_OBJECT asks it the same way (ContextScene::PilotJoins)."
module:VeterancyGainCreate,module,VeterancyGainCreate,GeneralsMD/Code/GameEngine/Source/Common/Thing/ModuleFactory.cpp,games/generalszh/content;games/generalszh/gameplay,games/generalszh/content/veterancy/create_modules.cppm;games/generalszh/gameplay/veterancy/algorithms/veterancy_placement.cppm;games/generalszh/gameplay/objects/algorithms/object_factory.cppm,games/generalszh/session/create_modules.test,ported,,skirmish,"At creation, raises to StartingLevel (never lowers) when the player has ScienceRequired, through PlaceAtVeterancy (now in gameplay/veterancy)."
module:W3DDebrisDraw,module,W3DDebrisDraw,Core/GameEngineDevice/Source/W3DDevice/Common/Thing/W3DModuleFactory.cpp,engine/gameplay;games/generalszh/content;games/generalszh/gameplay;games/generalszh/presentation;games/generalszh/hosts,games/generalszh/content/creation/creation_lists.cppm;games/generalszh/gameplay/creation/algorithms/creation_list_runner.cppm;engine/gameplay/common/appearance/components/debris_look.cppm;games/generalszh/presentation/objects/algorithms/debris_animation.cppm;games/generalszh/presentation/objects/systems/debris_systems.cppm;games/generalszh/presentation/objects/algorithms/look_setup.cppm;games/generalszh/hosts/game/game_client.cpp,games/generalszh/content/death/death_content.test;games/generalszh/session/create_modules.test;games/generalszh/presentation/objects/vehicle_motion.test;games/generalszh/presentation/objects/construction_scaffold.test,ported,,shellmap,"model override with animation sets, final FX, player colour (DebrisLook side data; DebrisMotion side table stepped per frame). Shadow type: setModelName adds a shadow only for an OCL Shadow other than SHADOW_NONE, and no shipped ObjectCreationList sets Shadow, so debris casts none (as the port) 2026-10-01: a debris piece's looks now name their own animation (lookAnimations kept alongside the looks; before, it fell out of step with the definitions' looks and pieces played none): legacy_parity_debris_and_move_hint_looks_keep_their_animations."
module:W3DDefaultDraw,module,W3DDefaultDraw,Core/GameEngineDevice/Source/W3DDevice/Common/Thing/W3DModuleFactory.cpp,games/generalszh/content,games/generalszh/content/objects/model_draw.cppm,games/generalszh/content/objects/object_catalog.test,ported,,shellmap,Retail W3DDefaultDraw renders nothing (its test-asset render object exists only under LOAD_TEST_ASSETS): the ambient sound objects that use it (Amb_*) have no model and are not drawn.
module:W3DDependencyModelDraw,module,W3DDependencyModelDraw,Core/GameEngineDevice/Source/W3DDevice/Common/Thing/W3DModuleFactory.cpp,games/generalszh/presentation,games/generalszh/presentation/objects/systems/object_presentation_systems.cppm;games/generalszh/presentation/objects/algorithms/barrel_placement.cppm;games/generalszh/presentation/objects/algorithms/look_setup.cppm;games/generalszh/presentation/objects/resources/object_frame.cppm;games/generalszh/presentation/objects/algorithms/presentation_schedule.cppm,games/generalszh/presentation/objects/vehicle_motion.test,in_progress,,skirmish,"A W3DModelDraw (its condition states, turret, fire FX) whose object, mounted on a carrier (a portable structure), is drawn on the carrier's AttachToBoneInContainer bone as the carrier's model poses it (turned and pitched with its turret: PlaceOnBarrel), facing the bone's way. Drawn only in a frame its carrier is (doDrawModule: MountedDrawSystem, hidden, stealthed away, shrouded or gone with it). Pending: the bone's full rotation (only its turn about z is kept)."
module:W3DLaserDraw,module,W3DLaserDraw,Core/GameEngineDevice/Source/W3DDevice/Common/Thing/W3DModuleFactory.cpp,games/generalszh/presentation/effects;games/generalszh/presentation/objects;games/generalszh/presentation/rendering,games/generalszh/presentation/effects/laser_looks.cppm;games/generalszh/presentation/objects/systems/effect_attachment_systems.cppm;games/generalszh/presentation/rendering/particle_rendering.cpp;games/generalszh/presentation/objects/algorithms/laser_beams.cppm,engine/graphics/scene/beams/Laser.test.cppm;games/generalszh/presentation/objects/uplink_effects.test,in_progress,,shellmap,"NumBeams from inner to outer width/colour (the original colour ramp scaled by inner alpha), Segments with ArcHeight cosine arc kept 2 over the ground, SegmentOverlapRatio, tiling by length/width*TilingScalar, ScrollRate; drawn by the engine BeamRenderer (laser vertex layout tested in Laser.test). Particle STREAK systems (missile contrails) draw as ribbons through their particles the same way. MaxIntensityLifetime/FadeLifetime are parsed but unused by the original too. The width scale from LaserUpdate widening/decay (LaserRadiusUpdate) scales every beam (the uplink cannon's lasers; their widths pinned in uplink_effects.test). Still missing: the texture aspect ratio in the tiling factor (taken as 1).; Each beam now lives a random whole number of frames between MinLifetime and MaxLifetime (LifetimeUpdate), not the midpoint."
module:W3DModelDraw,module,W3DModelDraw,Core/GameEngineDevice/Source/W3DDevice/Common/Thing/W3DModuleFactory.cpp,games/generalszh/content/objects;games/generalszh/presentation;engine/assets;engine/graphics,games/generalszh/content/objects/model_draw.cppm;games/generalszh/presentation/rendering/object_rendering.cpp;games/generalszh/content/objects/model_states.cppm;games/generalszh/presentation/objects/algorithms/model_state_changes.cppm;games/generalszh/presentation/objects/systems/object_presentation_systems.cppm;engine/assets/adapters/w3d/materials/W3DMaterialParser.cppm;engine/assets/adapters/w3d/model/W3DModelBuilder.cppm;engine/assets/model/ModelAsset.cppm;games/generalszh/presentation/models/model_entry.cppm;games/generalszh/presentation/models/model_library.cppm;games/generalszh/presentation/models/model_library_system.cppm;games/generalszh/presentation/objects/algorithms/look_models.cppm;engine/graphics/resources/loading/MipChain.cppm;engine/graphics/scene/props/PropAssetBinding.cppm;games/generalszh/presentation/rendering/terrain_rendering.cppm,games/generalszh/content/objects/object_catalog.test;games/generalszh/presentation/objects/vehicle_motion.test;games/generalszh/content/objects/model_states.test;engine/assets/adapters/w3d/model/W3DModelBuilder.test.cppm;games/generalszh/presentation/models/model_entry.test;games/generalszh/presentation/objects/construction_scaffold.test;games/generalszh/presentation/objects/infantry_states.test,in_progress,,shellmap,"Condition states: ConditionState/AliasConditionState copies of the DefaultConditionState chosen as SparseMatchFinder (most current conditions, then fewest extra), IgnoreConditionStates; Model, Animation/IdleAnimation with AnimationMode (ONCE, LOOP, ONCE/LOOP_BACKWARDS, LOOP_PINGPONG, MANUAL), several Animation/IdleAnimation lines (one picked per entry, idle ones taking turns, timesToRepeat weighting), Flags (RANDOMSTART, START_FRAME_FIRST/LAST, MAINTAIN_FRAME_ACROSS_STATES(2-4), RESTART_ANIM_WHEN_COMPLETE, ADJUST_HEIGHT_BY_CONSTRUCTION_PERCENT), AnimationSpeedFactorRange, TransitionKey/TransitionState, WaitForStateToFinishIfPossible, Hide/ShowSubObject, ParticleSysBone systems; Turret/TurretPitch and AltTurret/AltTurretPitch bones; per-slot barrel bones (FireFX, recoil, muzzle flash, launch bones); ProjectileBoneFeedbackEnabledSlots; TrackMarks; extra draw modules (riders) each in its own state; setPauseAnimation while disabled; distanceCovered move-speed matching; legacy_parity tested. 2026-09-29: setAnimationLoopDuration (StretchToFrames, in the original's float ms) for a weapon winding up (PREATTACK: the frames left of it) and a sale (sellObject and SOLD: 45 frames): legacy_parity_a_wind_up_or_a_sale_stretches_the_animation_to_its_time; OkToChangeModelColor (the made colour kept); setAnimationCompletionTime has no caller in the original; ExtraPublicBone is not needed (any bone found by name). Still to do: the hacker's and battle plan's durations (HackInternetAIUpdate / BattlePlanUpdate not ported), PRISTINE_BONE_POS_IN_FINAL_FRAME. 2026-09-30: W3D import fidelity: the material parser kept only the first entry of each pass's SHADER_IDS, VERTEX_MATERIAL_IDS and TEXTURE_IDS (and a detail stage overwrote stage 0's texture and UVs), so 1304 meshes with per-polygon shaders, 2395 with per-vertex materials and 3400 with per-polygon textures (of 70569 in Art/W3D) drew every face with the first. Fixed: whole id arrays parsed; a pass splits into submeshes where the reference mesh drawing starts a batch (ModelMeshDrawing::Draw_Base: shader per polygon, stage 0 texture per polygon, vertex material of the first vertex). Submeshes keep their own mesh attribute bits (hidden, camera aligned/oriented). Test: generals_assets_w3d_model_test legacy_parity_a_pass_splits_where_its_polygons_shader_texture_or_first_vertex_material_changes. Asset/video/graphics test suites now on in build/modern. 2026-09-30: Model presentation moved to ECS data: the looks' models are a world resource (ModelLibrary, presentation/models) of plain ModelEntry data (parts in drawing order, hidden/muzzle/headlight/tread/projectile rules, turned bones, clip, collision shape) filled by the stateless ModelLibrarySystem; the renderer (ObjectRendering, 919 -> 283 lines) keeps only GPU bindings; the host's ModelFor/KnowClips/KnowAnimatedBones callbacks are gone (LookModelOf, ClipOfLook, AnimatedBoneOf, BoneTransformOf free functions). Part rules pinned by generalszh_presentation_models_tests legacy_parity_a_units_parts_show_by_its_state / legacy_parity_muzzle_flashes_cast_no_shadow. Still open (user report): flashes always shown, harvester/movement animations; see task list. 2026-09-30: 2026-10-01: mesh textures upload with every mip level, box filtered (W3DMeshLoading MIP_LEVELS_ALL; the texture info's NO_LOD / MIP_LEVELS_n not carried by the asset yet); the terrain atlas with 3 (TerrainTextureClass MIP_LEVELS_3, D3DXFilterTexture BOX): Graphics::Create_Mipped_Texture. 2026-10-01: each condition state keeps its own AnimationMode (ModelConditionInfo::m_mode): looks sharing a model and clip but not how it plays (the strategy centre doors: closed ONCE_BACKWARDS, opening ONCE, closing ONCE_BACKWARDS from the last frame) no longer share one model library entry (ModelKey has the mode and idle repeat), so one plays as the other no more (the search and destroy door showing open, plans replaying their reveal). legacy_parity_looks_sharing_a_clip_keep_their_own_animation_mode, legacy_parity_a_strategy_centre_shows_only_the_plan_it_has (the shipped centre, each plan door and the radar array by condition). 2026-10-01: infantry flung by EXPLODED deaths: infantry_states.test pins the Ranger flailing (ADTF1 transition, ADTF2) then landing on AIRngr_ADTF3; every infantry type's DYING EXPLODED_BOUNCING look has a shipped clip (the data's own gaps listed: mob nexus objects, Secret Police, CINFCIV01_ADTA3) and every landing clip samples to its end on its model (reported T-pose not reproduced at state, look, clip or pose level)."
module:W3DOverlordAircraftDraw,module,W3DOverlordAircraftDraw,Core/GameEngineDevice/Source/W3DDevice/Common/Thing/W3DModuleFactory.cpp,games/generalszh/content;games/generalszh/presentation,games/generalszh/content/objects/model_draw.cppm;games/generalszh/presentation/objects/systems/disable_presentation_systems.cppm;games/generalszh/presentation/objects/systems/object_presentation_systems.cppm;games/generalszh/presentation/objects/algorithms/look_setup.cppm,games/generalszh/presentation/objects/vehicle_motion.test,ported,,shellmap,"Its W3DModelDraw part drawn as any model draw; doDrawModule: its mounted portable structure drawn only in frames it is (MountedDrawSystem, W3DDependencyModelDraw) and with its colour tint (RiderTintSystem: setColorTintEnvelope, whole, only onto a rider with a tint of its own): legacy_parity_an_overlord_riders_tint_follows_its_carrier; setHidden hides the rider with it (drawn only with its carrier)"
module:W3DOverlordTankDraw,module,W3DOverlordTankDraw,Core/GameEngineDevice/Source/W3DDevice/Common/Thing/W3DModuleFactory.cpp,games/generalszh/content;games/generalszh/presentation,games/generalszh/content/objects/model_draw.cppm;games/generalszh/presentation/objects/systems/disable_presentation_systems.cppm;games/generalszh/presentation/objects/systems/object_presentation_systems.cppm;games/generalszh/presentation/objects/algorithms/look_setup.cppm,games/generalszh/presentation/objects/vehicle_motion.test,ported,,skirmish,"Its W3DTankDraw treads and debris part drawn as any model draw; doDrawModule: its mounted portable structure drawn only in frames it is (MountedDrawSystem, W3DDependencyModelDraw) and with its colour tint (RiderTintSystem: setColorTintEnvelope, whole, only onto a rider with a tint of its own): legacy_parity_an_overlord_riders_tint_follows_its_carrier; setHidden hides the rider with it (drawn only with its carrier)"
module:W3DOverlordTruckDraw,module,W3DOverlordTruckDraw,Core/GameEngineDevice/Source/W3DDevice/Common/Thing/W3DModuleFactory.cpp,games/generalszh/content;games/generalszh/presentation,games/generalszh/content/objects/model_draw.cppm;games/generalszh/presentation/objects/systems/disable_presentation_systems.cppm;games/generalszh/presentation/objects/systems/object_presentation_systems.cppm;games/generalszh/presentation/objects/algorithms/look_setup.cppm,games/generalszh/presentation/objects/vehicle_motion.test,ported,,skirmish,"Its W3DTruckDraw tires and dust part drawn as any model draw; doDrawModule: its mounted portable structure drawn only in frames it is (MountedDrawSystem, W3DDependencyModelDraw) and with its colour tint (RiderTintSystem: setColorTintEnvelope, whole, only onto a rider with a tint of its own): legacy_parity_an_overlord_riders_tint_follows_its_carrier; setHidden hides the rider with it (drawn only with its carrier)"
module:W3DPoliceCarDraw,module,W3DPoliceCarDraw,Core/GameEngineDevice/Source/W3DDevice/Common/Thing/W3DModuleFactory.cpp,games/generalszh/content;games/generalszh/presentation;games/generalszh/hosts,games/generalszh/content/objects/model_draw.cppm;games/generalszh/presentation/objects/resources/look_catalog.cppm;games/generalszh/presentation/objects/algorithms/look_setup.cppm;games/generalszh/presentation/objects/algorithms/model_state_changes.cppm;games/generalszh/presentation/effects/light_pulses.cppm;games/generalszh/presentation/effects/fx_playback.cppm;games/generalszh/presentation/objects/resources/dynamic_lights.cppm;games/generalszh/presentation/objects/systems/dynamic_light_systems.cppm;games/generalszh/presentation/objects/systems/effect_attachment_systems.cppm;games/generalszh/hosts/game/world_scene.cpp;games/generalszh/presentation/objects/systems/object_presentation_systems.cppm,games/generalszh/presentation/objects/vehicle_motion.test;games/generalszh/content/production/production_content.test;games/generalszh/presentation/effects/effects_content.test,ported,,shellmap,"A W3DTruckDraw (tires, dust, dirt spray) whose light-bar clip steps a quarter frame per 1/30 s (7.5 frames/s) from a random frame; its dynamic light 8 above the drawn car, 3..20 out, coloured by the clip frame (orange, red, fading to blue, towards white; ambient half), published each frame (DynamicLights) and handed by the host to the renderer's point lights. Objects it reaches are lit by it through their per-object light environment (object_rendering: LocalLighting with the frame's dynamic lights, ReceivesDynamicLights). 2026-09-30: 2026-10-01: a light bar shown before its clip loaded now settles on 7.5 clip frames a second once the clip is known (it ran at the clip's own rate, four times too fast): SettlePoliceLights; vehicle_motion.test legacy_parity_a_police_cars_lights_turn_a_quarter_frame_a_frame."
module:W3DProjectileStreamDraw,module,W3DProjectileStreamDraw,Core/GameEngineDevice/Source/W3DDevice/Common/Thing/W3DModuleFactory.cpp,games/generalszh/presentation;games/generalszh/content;games/generalszh/hosts,games/generalszh/presentation/objects/systems/projectile_stream_systems.cppm;games/generalszh/presentation/effects/laser_looks.cppm;games/generalszh/presentation/objects/resources/presentation_resources.cppm;games/generalszh/presentation/objects/algorithms/tick_effects.cppm;games/generalszh/presentation/objects/algorithms/presentation_schedule.cppm;games/generalszh/content/combat/combat_catalog.cppm;games/generalszh/hosts/game/game_client.cpp,games/generalszh/presentation/objects/projectile_streams.test,ported,,skirmish,"2026-09-29: no stream object: the stream is derived each frame by a stateless ProjectileStreamSystem from the projectiles in flight (a shooter's shots of that weapon, oldest first; a break at each change of target, as addProjectile's holes; MaxSegments newest ring points; vehicle roof skim), drawn as additive tiled, scrolling beam segments into the frame's LaserFrame (the modern renderer). Not kept: a projectile gone mid-stream no longer breaks it."
module:W3DPropDraw,module,W3DPropDraw,Core/GameEngineDevice/Source/W3DDevice/Common/Thing/W3DModuleFactory.cpp,games/generalszh/content/objects;games/generalszh/presentation,games/generalszh/content/objects/model_draw.cppm;games/generalszh/presentation/rendering/object_rendering.cpp,games/generalszh/content/objects/object_catalog.test,in_progress,,shellmap,ModelName drawn at placement
module:W3DRopeDraw,module,W3DRopeDraw,Core/GameEngineDevice/Source/W3DDevice/Common/Thing/W3DModuleFactory.cpp,games/generalszh/presentation;games/generalszh/hosts,games/generalszh/presentation/objects/systems/rope_view_systems.cppm;games/generalszh/presentation/rendering/particle_rendering.cpp;games/generalszh/hosts/game/game_client.cpp,games/generalszh/presentation/objects/rope_views.test,ported,,skirmish,"Combat drop ropes: segments ceil(maxLen/RopeWobbleLen), joints deflected sin(phase)*amp along per-joint random axes (hashed), core line width/2 opaque + soft line width at half opacity, alpha-blended beams; hanging from CombatDrop ropes (sim length), let go they fall at 64 u/s + 1920 u/s^2 until the rope entity expires 150 ticks on. Phase from the presentation clock (all ropes in step) rather than per-rope creation."
module:W3DScienceModelDraw,module,W3DScienceModelDraw,Core/GameEngineDevice/Source/W3DDevice/Common/Thing/W3DModuleFactory.cpp,games/generalszh/presentation,games/generalszh/presentation/objects/resources/look_catalog.cppm;games/generalszh/presentation/objects/algorithms/look_setup.cppm;games/generalszh/presentation/objects/systems/object_presentation_systems.cppm,games/generalszh/presentation/objects/vehicle_motion.test,ported,,skirmish,"ObjectPresentationSystem draws it only for a viewer with its RequiredScience (PlayerSciences), an observer, or a defeated viewer (isPlayerActive); an unknown science: never."
module:W3DSupplyDraw,module,W3DSupplyDraw,Core/GameEngineDevice/Source/W3DDevice/Common/Thing/W3DModuleFactory.cpp,games/generalszh/presentation;games/generalszh/hosts,games/generalszh/presentation/objects/resources/look_catalog.cppm;games/generalszh/presentation/objects/algorithms/look_setup.cppm;games/generalszh/presentation/objects/systems/object_presentation_systems.cppm;games/generalszh/hosts/game/game_client.cpp,games/generalszh/presentation/objects/part_looks.test,ported,,skirmish,"KnowSupplyLooks counts the model SupplyBonePrefix01.. family once loaded and makes a look copy per count shown (ceil(bones x current / (float)max), the rest hidden); ObjectPresentationSystem draws a ResourceStore through it."
module:W3DTankDraw,module,W3DTankDraw,Core/GameEngineDevice/Source/W3DDevice/Common/Thing/W3DModuleFactory.cpp,engine/graphics;games/generalszh/content;games/generalszh/presentation;games/generalszh/hosts,games/generalszh/presentation/objects/components/vehicle_motion.cppm;games/generalszh/presentation/objects/resources/presentation_resources.cppm;games/generalszh/presentation/objects/systems/vehicle_motion_systems.cppm;games/generalszh/presentation/objects/algorithms/vehicle_motion_setup.cppm;games/generalszh/content/objects/model_draw.cppm;games/generalszh/presentation/animation/tread_roll.cppm;games/generalszh/presentation/rendering/object_rendering.cpp;games/generalszh/hosts/game/game_client.cpp,games/generalszh/presentation/objects/vehicle_motion.test;games/generalszh/presentation/animation/tread_roll.test;games/generalszh/content/production/production_content.test;games/generalszh/presentation/objects/vehicle_motion.test,ported,,shellmap,"Presentation ECS: TreadRollSystem scrolls TREADS parts (both back driving, opposite pivoting, TreadDriveSpeedFraction/TreadPivotSpeedFraction); MotionEmitterSystem runs TreadDebrisLeft/Right while moving and stops them when stopped or dying. Done. TrackMarks: see W3DModelDraw TrackMarks (terrain tracks ported). Speed-scaled debris ported (ScaleMotionEmitters: velocity x/y 0.5v+0.1, z and burst count v+0.1, capped at 1, through ParticleWorld SetVelocityMultiplier/SetBurstCountMultiplier; legacy_parity_vehicle_emitters_scale_with_speed). 2026-09-29: tread debris starts only while seen: not hidden (inside something, or stealthed out of the viewer's sight: isDrawableEffectivelyHidden) nor fully obscured by the viewer's shroud (fogged or worse: setFullyObscuredByShroud), and stops when either happens (stopMoveDebris)."
module:W3DTankTruckDraw,module,W3DTankTruckDraw,Core/GameEngineDevice/Source/W3DDevice/Common/Thing/W3DModuleFactory.cpp,games/generalszh/content;games/generalszh/presentation,games/generalszh/content/objects/model_draw.cppm;games/generalszh/presentation/objects/algorithms/vehicle_motion_setup.cppm,games/generalszh/content/objects/model_states.test;games/generalszh/presentation/objects/vehicle_motion.test,ported,,skirmish,"Treads (driving only), tires, dust / dirt / powerslide / tread debris as the tank and truck draws. Pending: its mid tires never turning (none shipped). 2026-10-02: verified against W3DTankTruckDraw::doDrawModule (the truck draw's wheel emitters with the tank draw's tread debris); its mid tires are not_applicable (none shipped; the original never turns them)."
module:W3DTracerDraw,module,W3DTracerDraw,Core/GameEngineDevice/Source/W3DDevice/Common/Thing/W3DModuleFactory.cpp,games/generalszh/presentation;games/generalszh/hosts,games/generalszh/presentation/effects/effects_content.cppm;games/generalszh/presentation/effects/fx_playback.cppm;games/generalszh/presentation/effects/tracers.cppm;games/generalszh/presentation/objects/systems/tracer_systems.cppm;games/generalszh/presentation/rendering/tracer_rendering.cppm;games/generalszh/hosts/game/world_scene.cpp,games/generalszh/presentation/effects/effects_content.test,ported,,skirmish,"TracerFXNugget::doFXPos: at its Probability, from the FX spot toward its second point (a weapon fire FX: where it aims, its WeaponSpeed when Speed is 0), life ceil((distance - Length) / speed x DecayAt) frames; W3DTracerDraw: moves at its speed and fades linearly to its expiry on frame time (Tracers, TracerSystem), drawn by TracerRendering."
module:W3DTreeDraw,module,W3DTreeDraw,Core/GameEngineDevice/Source/W3DDevice/Common/Thing/W3DModuleFactory.cpp,games/generalszh/content/objects;games/generalszh/presentation;games/generalszh/content;games/generalszh/hosts;engine/graphics,games/generalszh/content/objects/model_draw.cppm;games/generalszh/presentation/rendering/object_rendering.cpp;games/generalszh/presentation/objects/resources/tree_breeze.cppm;games/generalszh/presentation/objects/algorithms/tree_breeze_sway.cppm;games/generalszh/presentation/objects/systems/tree_breeze_systems.cppm;games/generalszh/presentation/objects/systems/object_presentation_systems.cppm;games/generalszh/content/topple/topple_content.cppm;games/generalszh/presentation/objects/algorithms/look_setup.cppm;games/generalszh/presentation/objects/components/tree_bend.cppm;games/generalszh/presentation/objects/algorithms/tree_bending.cppm;games/generalszh/presentation/objects/systems/tree_bend_systems.cppm;games/generalszh/presentation/objects/resources/scenery.cppm;games/generalszh/presentation/objects/algorithms/scenery_setup.cppm;games/generalszh/presentation/objects/systems/scenery_systems.cppm;games/generalszh/presentation/models/scenery_clearing_system.cppm,games/generalszh/content/objects/object_catalog.test;games/generalszh/presentation/objects/vehicle_motion.test;games/generalszh/content/death/death_content.test;games/generalszh/presentation/objects/scenery.test,ported,,shellmap,"ModelName drawn as an ordinary object model at placement (the shellmap has 8 tree templates). Done; ToppleUpdate topples only objects with a ToppleUpdate module. 2026-09-26: map-tree sway ported (W3DTreeBuffer::updateSway/prepareFrame): TreeBreeze resource (100 offsets, 10 sway types stepping 100/period entries a logic frame with their random share), TreeBreezeSystem each frame, each W3DTreeDraw tree a sway type rolled from its entity and bent about its base (the world matrix sheared as the tree shader moves vertices; shadows follow). legacy_parity_tree_buffer_sway_steps_and_wraps / _bends_about_the_base. Toppling and push-aside ported: TreeContactSystem each tick (unitMoved: infantry/vehicles not immobile whose whole-unit position changed, within their major radius (a box: the lesser radius) + 7, 3D) topples (crushers above level 1, DoTopple) or leans (MoveOutwardTime) trees; TreeBendSystem each frame falls/bounces/sinks/leans them by the logic frames covered (the original steps push-aside per drawn frame, i.e. per logic frame at 30 fps); the bend composes into the world matrix before the breeze. Deviations: fogged trees are not frozen (no shroud on the shellmap), the push-aside lean steps by logic frames. 2026-09-29: TextureName (W3DTreeBuffer::updateTexture: each buffer tree drawn with it in place of its model's own base map, from Art/Terrain else Art/Textures: ObjectModel::texture, PropAssetBinding base_override; only the high-detail dogwoods' differ in the data), DarkeningFactor (sway.y = 1 - it x pushAside: ObjectInstance::shade scaling its lights; unused by the data), DoShadow (already: castsShadow). 2026-09-30: 2026-10-01 (EA source): map OPTIMIZED_TREEs are never logic objects (createOptimizedTree): the client's Scenery resource keeps them (addTree: place, ground height, asset scale, sway type, filed by place when they topple/lean); SceneryContactSystem (unitMoved), SceneryBendSystem (drawTrees' topple/sink/push update), SceneryDrawSystem (no shadow once falling), SceneryClearingSystem (removeTreesForConstruction, cylinder 2*TREE_RADIUS_APPROX). scenery.test legacy_parity_map_trees_topple_sink_and_clear_for_construction (320 Twilight Flame dogwoods; topple FX; sink 10 over 151 frames; clearing)."
module:W3DTruckDraw,module,W3DTruckDraw,Core/GameEngineDevice/Source/W3DDevice/Common/Thing/W3DModuleFactory.cpp,engine/graphics;games/generalszh/content;games/generalszh/presentation;games/generalszh/hosts,engine/graphics/scene/models/ModelAssetPose.cppm;games/generalszh/presentation/objects/components/vehicle_motion.cppm;games/generalszh/presentation/objects/resources/presentation_resources.cppm;games/generalszh/presentation/objects/systems/vehicle_motion_systems.cppm;games/generalszh/presentation/objects/algorithms/vehicle_motion_setup.cppm;games/generalszh/content/objects/model_draw.cppm;games/generalszh/presentation/animation/tread_roll.cppm;games/generalszh/presentation/rendering/object_rendering.cpp;games/generalszh/hosts/game/game_client.cpp,games/generalszh/presentation/objects/vehicle_motion.test;games/generalszh/presentation/animation/tread_roll.test;games/generalszh/content/production/production_content.test,ported,,shellmap,"Presentation ECS: WheelRollSystem turns tires by distance (TireRotationMultiplier) and steers the front ones toward FrontWheelTurnAngle (reversed backing up), cab and trailer swing with their damping; MotionEmitterSystem runs Dust and DirtSpray while moving. Wheel emitters as doDrawModule (ScaleTruckEmitters, legacy_parity_truck_wheel_emitters): made once, switched on and off; under way on the ground dust runs, dirt only while speeding up (the last tick's acceleration over 0.01, not against its velocity), PowerslideSpray while turning (with TruckPowerslideSound, and the rear tires turning PowerslideRotationAddition more a tick); dust sized by speed (negative reversing, as the original), and landing after more than 3 ticks up (TWheelInfo framesAirborne) a triggered burst at 1 + ticks/16 (at most 2) x 2 with TruckLandingSound. Under way is PhysicsBehavior::isMotive (its locomotor drove it within the last MOTIVE_FRAMES, 10: MotionSample.motiveTicks) and powersliding its locomotor's turning flag (getTurning): legacy_parity_a_truck_is_under_way_while_its_locomotor_pushed_it_in_the_last_ten_ticks. Suspension: each tire raised by its corner's TWheelInfo offset (calcPhysicsXformWheels: pitch and roll heights, half way down, at once up, no lower than MaximumWheelExtension; rear ones hang in the air), and the body lifted by its pitch/roll heights on the ground (legacy_parity_truck_suspension_offsets). Dust size scales with speed (capped at 2) through ParticleWorld SetSizeMultiplier (legacy_parity_vehicle_emitters_scale_with_speed)."
module:WanderAIUpdate,module,WanderAIUpdate,GeneralsMD/Code/GameEngine/Source/Common/Thing/ModuleFactory.cpp,engine/gameplay;games/generalszh/gameplay;games/generalszh/session,engine/gameplay/rts/movement/components/wanderer.cppm;engine/gameplay/rts/movement/systems/wander_system.cppm;games/generalszh/gameplay/objects/algorithms/object_factory.cppm;games/generalszh/session/session.cppm,games/generalszh/session/create_modules.test,ported,,shellmap,"WanderSystem before movement: an idle living wanderer sets off for its position plus 5..50 on each axis (whole units). The burning man (FlamingInfantry, from a BURNED infantry death's OCL_FlamingInfantry) runs about weaving until its 3000 ms lifetime ends it (legacy_parity_a_burning_man_runs_about_weaving, legacy_parity_a_ranger_burned_to_death_leaves_a_burning_man)."
module:WaveGuideUpdate,module,WaveGuideUpdate,GeneralsMD/Code/GameEngine/Source/Common/Thing/ModuleFactory.cpp,games/generalszh/gameplay;games/generalszh/content,games/generalszh/gameplay/waveguide/components/wave_guide.cppm;games/generalszh/gameplay/waveguide/systems/wave_guide_system.cppm;games/generalszh/gameplay/waveguide/algorithms/wave_shape.cppm;games/generalszh/gameplay/waveguide/algorithms/wave_guides.cppm;games/generalszh/gameplay/waveguide/resources/wave_guide_events.cppm;games/generalszh/content/water/wave_guide_content.cppm,games/generalszh/session/dam_break.test,ported,,campaign,"2026-10-03: the flood wave: path, front shape, splashes, flooding damage, bridge breaking, bad path destroys it: legacy_parity_the_shipped_wave_guides, the_wave_front_shape, the_wave_path, the_wave_floods_what_is_behind_it, a_bad_path_destroys_the_wave, the_wave_breaks_a_bridge."
module:WeaponBonusUpdate,module,WeaponBonusUpdate,GeneralsMD/Code/GameEngine/Source/Common/Thing/ModuleFactory.cpp,engine/gameplay;games/generalszh/gameplay;games/generalszh/session;games/generalszh/presentation,engine/gameplay/common/weapons/components/temp_weapon_bonus.cppm;engine/gameplay/common/weapons/systems/temp_weapon_bonus_system.cppm;games/generalszh/gameplay/combat/components/weapon_bonus_pulse.cppm;games/generalszh/gameplay/combat/systems/weapon_bonus_pulse_system.cppm;games/generalszh/gameplay/combat/algorithms/weapon_bonus_pulses.cppm;games/generalszh/gameplay/objects/resources/object_templates.cppm;games/generalszh/presentation/objects/systems/disable_presentation_systems.cppm,games/generalszh/session/special_abilities.test,ported,,skirmish,"2026-09-29: a chunked WeaponBonusPulseSystem emits a one-tick pulse (centre, definition, player, team) on its first update and every BonusDelay; ApplyWeaponBonusPulses gives allies (own included) alive within BonusRange (2D, centre to centre) of the kinds, and those kinds riding inside anything found there, BonusConditionType for BonusDuration (TempWeaponBonusHelper::doTempWeaponBonus: a different held bonus is cleared, the same one re-timed); engine TempWeaponBonusSystem clears it on its tick. FRENZY tint while held. Checkpointed components."
module:WeaponBonusUpgrade,module,WeaponBonusUpgrade,GeneralsMD/Code/GameEngine/Source/Common/Thing/ModuleFactory.cpp,games/generalszh/content;games/generalszh/gameplay,games/generalszh/content/upgrades/upgrade_content.cppm;games/generalszh/gameplay/upgrades/systems/upgrade_effect_system.cppm,games/generalszh/session/research.test,ported,,skirmish,sets PLAYER_UPGRADE on the object (a change re-times its weapons at the end of the tick)
module:WeaponSetUpgrade,module,WeaponSetUpgrade,GeneralsMD/Code/GameEngine/Source/Common/Thing/ModuleFactory.cpp,engine/gameplay;games/generalszh/gameplay;games/generalszh/content,engine/gameplay/rts/upgrades/systems/upgrade_system.cppm;games/generalszh/gameplay/upgrades/systems/upgrade_effect_system.cppm;games/generalszh/content/upgrades/upgrade_content.cppm,engine/gameplay/rts/upgrades/upgrades.test;games/generalszh/content/upgrades/upgrade_content.test;games/generalszh/session/session.test;games/generalszh/session/create_modules.test,in_progress,,skirmish,"UpgradeMux trigger swaps in the PLAYER_UPGRADE weapon set with fresh weapons (adds WeaponSlots when the set has more slots); general best-match weapon set selection with other flags pending; Fixed: the Loadout now starts on the set the factory armed it from, so an upgrade arriving before the first loadout pass re-arms it."
module:WorkerAIUpdate,module,WorkerAIUpdate,GeneralsMD/Code/GameEngine/Source/Common/Thing/ModuleFactory.cpp,engine/gameplay;games/generalszh/content;games/generalszh/gameplay;games/generalszh/hud;games/generalszh/presentation;games/generalszh/hosts,games/generalszh/content/harvesting/harvest_content.cppm;engine/gameplay/rts/harvesting/components/harvester.cppm;engine/gameplay/rts/harvesting/systems/harvest_system.cppm;games/generalszh/gameplay/objects/algorithms/object_factory.cppm;games/generalszh/gameplay/construction/components/builder_boredom.cppm;games/generalszh/gameplay/construction/systems/builder_boredom_system.cppm;games/generalszh/hud/idle_workers.cppm;games/generalszh/hud/control_bar_state.cppm;games/generalszh/hud/control_bar_view_model.cppm;games/generalszh/hud/control_bar_view.cppm;games/generalszh/presentation/hud/algorithms/control_bar_timers.cppm;games/generalszh/hosts/game/control_bar_layer.cppm;games/generalszh/presentation/hud/systems/construction_notice_system.cppm;engine/gameplay/rts/construction/systems/construction_system.cppm;engine/gameplay/rts/construction/resources/sales.cppm;games/generalszh/presentation/audio/systems/audio_systems.cppm;games/generalszh/presentation/audio/components/sound_loops.cppm,games/generalszh/session/skirmish_start.test;games/generalszh/session/special_abilities.test;games/generalszh/hud/idle_workers.test;games/generalszh/presentation/hud/eva_system.test;games/generalszh/presentation/audio/audio_systems.test,in_progress,,skirmish,"Supply half ported: carries supplies as a SupplyTruckAIUpdate (the generic Harvester) with UpgradedSupplyBoost after Upgrade_GLAWorkerShoes (scaled by boxes over max). Still to do: the dozer half (building, repairing, bored search, mine disarming), which arrives with construction (Milestone 2). Its dozer half: see module:DozerAIUpdate (the same build task). 2026-09-30: mine clearing ported: the MINE_CLEARING_DETAIL weapon set flag while not at work on a structure (MineClearingDetailSystem), armed from its loadout when the flag picks a set (LoadoutArmings), DAMAGE_DISARM (ApplyDisarms: minefield disarmed or mine/trap removed, fire FX at it, no shot): legacy_parity_a_dozer_disarms_a_mine_and_goes_on_to_the_next. The bored idle search (BoredTime, BoredRange: repair, then mines with CMD_FROM_DOZER) ported: legacy_parity_a_bored_dozer_repairs_what_is_near_else_clears_a_mine. 2026-10-01: DozerPrimaryIdleState m_isMarkedAsIdle / InGameUI idle worker list: BuilderBoredom.idleMarked set the tick it is found idle, cleared doing anything or on a task (onExit); the list in mark order, the dying off it (Object removeIdleWorker); ButtonIdleWorker enabled while the list has one (updateIdleWorker), pressed selectNextIdleWorker (outermost containers, getUniqueIdleWorkers, wrap) and userLookAt. legacy_parity_idle_workers_line_up_and_the_button_walks_them (marks on ticks 0, 2, 171; 1 vs 4 workers; checkpoint). 2026-10-01: DozerActionDoActionState's feedback: a build finished by a builder of the watcher's (isLocallyControlled) tells DOZER:ConstructionComplete with the structure's name (INI:MissingDisplayName otherwise), plays the builder's VoiceTaskComplete at it and puts RADAR_EVENT_CONSTRUCTION where the structure stands; a repair found whole by the builder at work tells DOZER:RepairComplete (ConstructionsDone.repairs; retail broadcast it to every screen: fixed, only the builder's player). ConstructionNoticeSystem. startBuildingSound / finishBuildingSound: the site's UnitSpecificSounds UnderConstruction loops on it while a builder works on it (ACTIVELY_BEING_CONSTRUCTED and UNDER_CONSTRUCTION) until it stands (SoundLoops.construction; retail leaked the loop when the builder was called away: fixed). Tests: eva_system legacy_parity_a_dozer_tells_its_player_of_a_finished_build_and_repair, audio_systems legacy_parity_a_site_hammers_while_a_builder_works_on_it."
