id,kind,feature,legacy_source,placement,target_paths,tests,status,verification,milestone,notes
script_action:ADD_TO_MSEC_TIMER,script_action,ADD_TO_MSEC_TIMER,GeneralsMD/Code/GameEngine/Include/GameLogic/Scripts.h,engine/scripting;games/generalszh/scripting,engine/scripting/runtime/script_runtime.cppm;games/generalszh/scripting/core_vocabulary.cppm,engine/scripting/runtime/script_runtime.test;games/generalszh/scripting/core_vocabulary.test,ported,,shellmap,
script_action:AI_PLAYER_BUILD_SUPPLY_CENTER,script_action,AI_PLAYER_BUILD_SUPPLY_CENTER,GeneralsMD/Code/GameEngine/Include/GameLogic/Scripts.h,games/generalszh/scripting;games/generalszh/session;games/generalszh/gameplay,games/generalszh/scripting/player_vocabulary.cppm;games/generalszh/session/script_bridge.cppm;games/generalszh/gameplay/ai/algorithms/ai_base_building.cppm;games/generalszh/gameplay/ai/resources/ai_players.cppm,games/generalszh/scripting/player_vocabulary.test;games/generalszh/session/skirmish_start.test,ported,,skirmish,"buildBySupplies: findSupplyCenter (nearest non-enemy warehouse with the cash, no own cash generator within 20 cells, not 60/40 nearer the enemy; cash halved down to 100), the spot 3 cells back to base (or the bounding circle towards the enemy for others), legal-spot rings out to 40 cells, prepended to the plan for priority, built once."
script_action:AI_PLAYER_BUILD_TYPE_NEAREST_TEAM,script_action,AI_PLAYER_BUILD_TYPE_NEAREST_TEAM,GeneralsMD/Code/GameEngine/Include/GameLogic/Scripts.h,games/generalszh/scripting;games/generalszh/session;games/generalszh/gameplay,games/generalszh/scripting/player_vocabulary.cppm;games/generalszh/session/script_bridge.cppm;games/generalszh/gameplay/ai/algorithms/ai_base_building.cppm,games/generalszh/session/skirmish_start.test,ported,,skirmish,"2026-09-27: doBuildObjectNearestTeam -> AIPlayer::buildSpecificBuildingNearestTeam: at the team's estimated position (newest member) or the first legal spot of the AI wiggle (WiggleForLegalSpot, shared with buildBySupplies), to the front of the plan for priority. Quirks fixed: the original built nothing when the team's own spot was legal, and its wiggle could overwrite a found top-row/right-column spot."
script_action:AI_PLAYER_BUILD_UPGRADE,script_action,AI_PLAYER_BUILD_UPGRADE,GeneralsMD/Code/GameEngine/Include/GameLogic/Scripts.h,games/generalszh/scripting;games/generalszh/gameplay;games/generalszh/session,games/generalszh/scripting/unit_vocabulary.cppm;games/generalszh/gameplay/upgrades/algorithms/research.cppm;games/generalszh/session/script_bridge.cppm,games/generalszh/scripting/unit_vocabulary.test;games/generalszh/session/session.test;games/generalszh/session/guards.test,ported,,skirmish,"Player::buildUpgrade -> AIPlayer::buildUpgrade (computer players only): a player upgrade not complete, not in production and affordable is queued (paid now) at the first structure of its build list, in order, that stands (not under construction, not sold), produces and whose command set researches it. The debug messages are not kept."
script_action:AUDIO_OVERRIDE_VOLUME_TYPE,script_action,AUDIO_OVERRIDE_VOLUME_TYPE,GeneralsMD/Code/GameEngine/Include/GameLogic/Scripts.h,games/generalszh/scripting;games/generalszh/presentation;games/generalszh/hosts,games/generalszh/scripting/presentation_vocabulary.cppm;games/generalszh/hosts/game/game_client.cpp;games/generalszh/presentation/audio/systems/audio_systems.cppm;games/generalszh/presentation/audio/resources/audio_resources.cppm,games/generalszh/presentation/audio/audio_systems.test,ported,,shellmap,each named sound plays at the set share (interface sounds included; the shell map lifts its GUI sounds to 600% over its 5% sound volume); a negative share restores its own
script_action:AUDIO_RESTORE_VOLUME_ALL_TYPE,script_action,AUDIO_RESTORE_VOLUME_ALL_TYPE,GeneralsMD/Code/GameEngine/Include/GameLogic/Scripts.h,games/generalszh/scripting;games/generalszh/presentation;games/generalszh/hosts;engine/audio,games/generalszh/scripting/presentation_vocabulary.cppm;games/generalszh/presentation/audio/systems/audio_systems.cppm;games/generalszh/presentation/audio/resources/audio_resources.cppm;engine/audio/playback/sound_player.cppm;games/generalszh/hosts/game/game_client.cpp,games/generalszh/scripting/core_vocabulary.test;games/generalszh/presentation/audio/audio_systems.test,ported,,campaign,"doSoundOverrideVolume("""", -100): every override taken away"
script_action:AUDIO_RESTORE_VOLUME_TYPE,script_action,AUDIO_RESTORE_VOLUME_TYPE,GeneralsMD/Code/GameEngine/Include/GameLogic/Scripts.h,games/generalszh/scripting;games/generalszh/presentation;games/generalszh/hosts;engine/audio,games/generalszh/scripting/presentation_vocabulary.cppm;games/generalszh/presentation/audio/systems/audio_systems.cppm;games/generalszh/presentation/audio/resources/audio_resources.cppm;engine/audio/playback/sound_player.cppm;games/generalszh/hosts/game/game_client.cpp,games/generalszh/scripting/core_vocabulary.test;games/generalszh/presentation/audio/audio_systems.test,ported,,campaign,doSoundOverrideVolume(-100): the event's override taken away
script_action:BUILD_TEAM,script_action,BUILD_TEAM,GeneralsMD/Code/GameEngine/Include/GameLogic/Scripts.h,engine/gameplay;games/generalszh/content;games/generalszh/gameplay;games/generalszh/session;games/generalszh/scripting,engine/gameplay/rts/production/systems/production_system.cppm;engine/gameplay/rts/economy/resources/player_money.cppm;games/generalszh/content/production/production_content.cppm;games/generalszh/gameplay/production/algorithms/team_building.cppm;games/generalszh/session/session.cppm;games/generalszh/scripting/unit_vocabulary.cppm;games/generalszh/gameplay/ai/algorithms/ai_team_building.cppm;games/generalszh/gameplay/ai/algorithms/ai_base_building.cppm;games/generalszh/gameplay/ai/resources/ai_players.cppm;games/generalszh/gameplay/teams/algorithms/team_actions.cppm;engine/gameplay/common/identity/components/object_id.cppm;engine/gameplay/common/identity/resources/object_ids.cppm,engine/gameplay/rts/production/production.test;games/generalszh/session/session.test;games/generalszh/session/skirmish_start.test,in_progress,,shellmap,"doBuildTeam -> Player::buildSpecificTeam: the team's player, if a computer player, runs buildSpecificAITeam(priority): refused while unit building is off or its singleton stands; queued first (flagged, busy factories allowed) as a new inactive instance with its work orders; units come from recruiting and training and join as produced; started by checkReadyTeams. The old simplified builder is gone."
script_action:CALL_SUBROUTINE,script_action,CALL_SUBROUTINE,GeneralsMD/Code/GameEngine/Include/GameLogic/Scripts.h,engine/scripting;games/generalszh/scripting,engine/scripting/runtime/script_runtime.cppm;games/generalszh/scripting/core_vocabulary.cppm,engine/scripting/runtime/script_runtime.test;games/generalszh/scripting/core_vocabulary.test,ported,,shellmap,
script_action:CAMEO_FLASH,script_action,CAMEO_FLASH,GeneralsMD/Code/GameEngine/Include/GameLogic/Scripts.h,games/generalszh/scripting;games/generalszh/presentation;games/generalszh/hud;games/generalszh/hosts;engine/gui,games/generalszh/scripting/presentation_vocabulary.cppm;games/generalszh/presentation/hud/resources/cameo_flashes.cppm;games/generalszh/presentation/hud/algorithms/cameo_flash_steps.cppm;games/generalszh/hud/control_bar_state.cppm;games/generalszh/hud/control_bar_view_model.cppm;games/generalszh/hud/control_bar_view.cppm;games/generalszh/hosts/game/control_bar_layer.cppm;games/generalszh/hosts/game/game_client.cpp;engine/gui/wnd/renderer/WNDRenderer.cppm;engine/gui/wnd/controls/WNDControls.cppm;engine/gui/wnd/document/WNDDocument.cppm,games/generalszh/presentation/hud/script_interface.test;games/generalszh/hud/control_bar_view_model.test;games/generalszh/scripting/core_vocabulary.test,ported,,campaign,"doCameoFlash: an unknown button (findCommandButton) does nothing; count = 30 x seconds / DRAWABLE_FRAMES_PER_FLASH (15), made even; ControlBar::update on every tenth frame (the presentation ticks) lights (even) or darkens (odd) each command window showing the button, drawn as the Cameo_push overlay (WIN_STATUS_FLASHING); the check stops as a count runs out; a pressed button stops (processCommandUI) and no selection clears the windows. Fixed quirk: the original left a window pressed while lit lit; the port clears it. The original counted client frames, which also run while paused."
script_action:CAMERA_ADD_SHAKER_AT,script_action,CAMERA_ADD_SHAKER_AT,GeneralsMD/Code/GameEngine/Include/GameLogic/Scripts.h,games/generalszh/scripting;games/generalszh/presentation;games/generalszh/hosts,games/generalszh/scripting/camera_vocabulary.cppm;games/generalszh/presentation/camera/resources/camera_shakers.cppm;games/generalszh/presentation/camera/algorithms/camera_shaking.cppm;games/generalszh/hosts/game/game_client.cpp,games/generalszh/presentation/camera/camera_effects.test;games/generalszh/scripting/core_vocabulary.test,ported,,campaign,"doC3CameraShake -> W3DView::Add_Camera_Shake / CameraShakeSystemClass: power in degrees; each axis a sinusoid (12.5-15 turns a second sliding to one, random phase) fading with distance to the radius and over the duration, plus the per-axis random fudge; summed at the camera and composed into the view (x, y, z). Stepped by the frame's real seconds (the original: 1/30 a drawn frame at 30 fps). A missing waypoint queues nothing (the original read through a null waypoint)."
script_action:CAMERA_BW_MODE_BEGIN,script_action,CAMERA_BW_MODE_BEGIN,GeneralsMD/Code/GameEngine/Include/GameLogic/Scripts.h,games/generalszh/scripting;games/generalszh/presentation;games/generalszh/hosts;games/generalszh/session;engine/graphics,games/generalszh/scripting/presentation_vocabulary.cppm;games/generalszh/hosts/game/game_client.cpp;games/generalszh/hosts/game/main.cpp,,in_progress,,campaign,"recorded (ClientSettings.blackWhite, frames); the black and white view filter is not drawn yet"
script_action:CAMERA_BW_MODE_END,script_action,CAMERA_BW_MODE_END,GeneralsMD/Code/GameEngine/Include/GameLogic/Scripts.h,games/generalszh/scripting;games/generalszh/presentation;games/generalszh/hosts;games/generalszh/session;engine/graphics,games/generalszh/scripting/presentation_vocabulary.cppm;games/generalszh/hosts/game/game_client.cpp;games/generalszh/hosts/game/main.cpp,,in_progress,,campaign,recorded; the black and white view filter is not drawn yet
script_action:CAMERA_DISABLE_SLAVE_MODE,script_action,CAMERA_DISABLE_SLAVE_MODE,GeneralsMD/Code/GameEngine/Include/GameLogic/Scripts.h,games/generalszh/scripting;games/generalszh/hosts,games/generalszh/scripting/camera_vocabulary.cppm;games/generalszh/hosts/game/game_client.cpp,games/generalszh/scripting/core_vocabulary.test,ported,,campaign,W3DView::cameraDisableSlaveMode: the camera is its own again.
script_action:CAMERA_ENABLE_SLAVE_MODE,script_action,CAMERA_ENABLE_SLAVE_MODE,GeneralsMD/Code/GameEngine/Include/GameLogic/Scripts.h,games/generalszh/scripting;games/generalszh/presentation;games/generalszh/hosts,games/generalszh/scripting/camera_vocabulary.cppm;games/generalszh/presentation/camera/algorithms/camera_slave.cppm;games/generalszh/presentation/objects/resources/object_frame.cppm;games/generalszh/presentation/rendering/object_rendering.cpp;games/generalszh/hosts/game/game_client.cpp;games/generalszh/hosts/game/world_scene.cpp;games/generalszh/hosts/game/main.cpp,games/generalszh/presentation/camera/camera_effects.test;games/generalszh/scripting/core_vocabulary.test,ported,,campaign,"W3DView::cameraEnableSlaveMode / getCameraTransform: the named unit's bone in the world (its drawn transform times the bone's animated transform in its model; the root for a bone it lacks, as Get_Bone_Index answers 0) is the whole camera transform, and the view's position moves to it (setPosition2D); the unit gone ends it. A model without an animation uses its rest pose only when the renderer keeps one (controlled bones), else the root."
script_action:CAMERA_FADE_ADD,script_action,CAMERA_FADE_ADD,GeneralsMD/Code/GameEngine/Include/GameLogic/Scripts.h,games/generalszh/scripting;games/generalszh/presentation;games/generalszh/hosts;games/generalszh/session;engine/graphics,games/generalszh/scripting/presentation_vocabulary.cppm;games/generalszh/hosts/game/game_client.cpp;games/generalszh/hosts/game/main.cpp;games/generalszh/presentation/hud/resources/screen_fade.cppm;games/generalszh/presentation/hud/algorithms/screen_fade_steps.cppm;games/generalszh/presentation/hud/systems/screen_fade_system.cppm;engine/graphics/scene/screen/FullscreenOverlay.cppm,games/generalszh/presentation/hud/screen_fade.test;games/generalszh/scripting/core_vocabulary.test,ported,,campaign,"ScriptEngine::setFade / updateFades once a logic frame (before its scripts); a map starts on a 34-frame fade in from black (newMap); drawn as W3DStatusCircle's full-screen blend over the view, under the interface. Not yet: the cursor and drawable icons hidden while fading"
script_action:CAMERA_FADE_MULTIPLY,script_action,CAMERA_FADE_MULTIPLY,GeneralsMD/Code/GameEngine/Include/GameLogic/Scripts.h,games/generalszh/scripting;games/generalszh/presentation;games/generalszh/hosts;games/generalszh/session;engine/graphics,games/generalszh/scripting/presentation_vocabulary.cppm;games/generalszh/hosts/game/game_client.cpp;games/generalszh/hosts/game/main.cpp;games/generalszh/presentation/hud/resources/screen_fade.cppm;games/generalszh/presentation/hud/algorithms/screen_fade_steps.cppm;games/generalszh/presentation/hud/systems/screen_fade_system.cppm;engine/graphics/scene/screen/FullscreenOverlay.cppm,games/generalszh/presentation/hud/screen_fade.test;games/generalszh/scripting/core_vocabulary.test,ported,,campaign,"ScriptEngine::setFade / updateFades once a logic frame (before its scripts); a map starts on a 34-frame fade in from black (newMap); drawn as W3DStatusCircle's full-screen blend over the view, under the interface. Not yet: the cursor and drawable icons hidden while fading"
script_action:CAMERA_FADE_SATURATE,script_action,CAMERA_FADE_SATURATE,GeneralsMD/Code/GameEngine/Include/GameLogic/Scripts.h,games/generalszh/scripting;games/generalszh/presentation;games/generalszh/hosts;games/generalszh/session;engine/graphics,games/generalszh/scripting/presentation_vocabulary.cppm;games/generalszh/hosts/game/game_client.cpp;games/generalszh/hosts/game/main.cpp;games/generalszh/presentation/hud/resources/screen_fade.cppm;games/generalszh/presentation/hud/algorithms/screen_fade_steps.cppm;games/generalszh/presentation/hud/systems/screen_fade_system.cppm;engine/graphics/scene/screen/FullscreenOverlay.cppm,games/generalszh/presentation/hud/screen_fade.test;games/generalszh/scripting/core_vocabulary.test,ported,,campaign,"ScriptEngine::setFade / updateFades once a logic frame (before its scripts); a map starts on a 34-frame fade in from black (newMap); drawn as W3DStatusCircle's full-screen blend over the view, under the interface. Not yet: the cursor and drawable icons hidden while fading"
script_action:CAMERA_FADE_SUBTRACT,script_action,CAMERA_FADE_SUBTRACT,GeneralsMD/Code/GameEngine/Include/GameLogic/Scripts.h,games/generalszh/scripting;games/generalszh/presentation;games/generalszh/hosts;games/generalszh/session;engine/graphics,games/generalszh/scripting/presentation_vocabulary.cppm;games/generalszh/hosts/game/game_client.cpp;games/generalszh/hosts/game/main.cpp;games/generalszh/presentation/hud/resources/screen_fade.cppm;games/generalszh/presentation/hud/algorithms/screen_fade_steps.cppm;games/generalszh/presentation/hud/systems/screen_fade_system.cppm;engine/graphics/scene/screen/FullscreenOverlay.cppm,games/generalszh/presentation/hud/screen_fade.test;games/generalszh/scripting/core_vocabulary.test,ported,,campaign,"ScriptEngine::setFade / updateFades once a logic frame (before its scripts); a map starts on a 34-frame fade in from black (newMap); drawn as W3DStatusCircle's full-screen blend over the view, under the interface. Not yet: the cursor and drawable icons hidden while fading"
script_action:CAMERA_FOLLOW_NAMED,script_action,CAMERA_FOLLOW_NAMED,GeneralsMD/Code/GameEngine/Include/GameLogic/Scripts.h,engine/camera;games/generalszh/scripting;games/generalszh/hosts,engine/camera/model/rts_camera.cppm;games/generalszh/scripting/camera_vocabulary.cppm;games/generalszh/hosts/game/game_client.cpp,games/generalszh/scripting/core_vocabulary.test;engine/camera/camera.test,ported,,campaign,"setCameraLock on the named unit (where it is drawn; turning with it while flying above the surface), snapToCameraLock when asked, LOCK_FOLLOW"
script_action:CAMERA_LETTERBOX_BEGIN,script_action,CAMERA_LETTERBOX_BEGIN,GeneralsMD/Code/GameEngine/Include/GameLogic/Scripts.h,games/generalszh/scripting;games/generalszh/presentation;games/generalszh/hosts;games/generalszh/session;engine/graphics,games/generalszh/scripting/presentation_vocabulary.cppm;games/generalszh/hosts/game/game_client.cpp;games/generalszh/hosts/game/main.cpp,games/generalszh/scripting/core_vocabulary.test,ported,,campaign,"doLetterBoxMode(true): HideControlBar(TRUE) and W3DDisplay::enableLetterBox: black bars leaving a 16:9 picture, fading in over a second of real time. Not yet: the zoom limit off"
script_action:CAMERA_LETTERBOX_END,script_action,CAMERA_LETTERBOX_END,GeneralsMD/Code/GameEngine/Include/GameLogic/Scripts.h,games/generalszh/scripting;games/generalszh/presentation;games/generalszh/hosts;games/generalszh/session;engine/graphics,games/generalszh/scripting/presentation_vocabulary.cppm;games/generalszh/hosts/game/game_client.cpp;games/generalszh/hosts/game/main.cpp,games/generalszh/scripting/core_vocabulary.test,ported,,campaign,"doLetterBoxMode(false): the control bar back (not yet: its 500 ms slide) and the top bar fading out over a second (the bottom one goes at once, as the original draws it)"
script_action:CAMERA_LOOK_TOWARD_OBJECT,script_action,CAMERA_LOOK_TOWARD_OBJECT,GeneralsMD/Code/GameEngine/Include/GameLogic/Scripts.h,engine/camera;games/generalszh/scripting;games/generalszh/hosts,engine/camera/model/rts_camera.cppm;games/generalszh/scripting/camera_vocabulary.cppm;games/generalszh/hosts/game/game_client.cpp,games/generalszh/scripting/core_vocabulary.test;engine/camera/camera.test,ported,,campaign,"rotateCameraTowardObject(unit, seconds, hold seconds, ease in, ease out)"
script_action:CAMERA_LOOK_TOWARD_WAYPOINT,script_action,CAMERA_LOOK_TOWARD_WAYPOINT,GeneralsMD/Code/GameEngine/Include/GameLogic/Scripts.h,engine/camera;games/generalszh/scripting;games/generalszh/hosts,engine/camera/model/rts_camera.cppm;games/generalszh/scripting/camera_vocabulary.cppm;games/generalszh/hosts/game/game_client.cpp,games/generalszh/scripting/core_vocabulary.test;engine/camera/camera.test,ported,,campaign,"rotateCameraTowardPosition(waypoint, seconds, ease in, ease out, reverse)"
script_action:CAMERA_MOD_FINAL_LOOK_TOWARD,script_action,CAMERA_MOD_FINAL_LOOK_TOWARD,GeneralsMD/Code/GameEngine/Include/GameLogic/Scripts.h,engine/camera;games/generalszh/scripting,engine/camera/model/rts_camera.cppm;games/generalszh/scripting/camera_vocabulary.cppm,engine/camera/camera.test;games/generalszh/scripting/core_vocabulary.test,ported,,shellmap,script queues CameraScriptCommands; host applies them to engine::camera::RtsCamera
script_action:CAMERA_MOD_FREEZE_ANGLE,script_action,CAMERA_MOD_FREEZE_ANGLE,GeneralsMD/Code/GameEngine/Include/GameLogic/Scripts.h,engine/camera;games/generalszh/scripting;games/generalszh/hosts,engine/camera/model/rts_camera.cppm;games/generalszh/scripting/camera_vocabulary.cppm;games/generalszh/hosts/game/game_client.cpp,games/generalszh/scripting/core_vocabulary.test;engine/camera/camera.test,ported,,campaign,cameraModFreezeAngle
script_action:CAMERA_MOD_FREEZE_TIME,script_action,CAMERA_MOD_FREEZE_TIME,GeneralsMD/Code/GameEngine/Include/GameLogic/Scripts.h,engine/camera;games/generalszh/scripting;games/generalszh/hosts,engine/camera/model/rts_camera.cppm;games/generalszh/scripting/camera_vocabulary.cppm;games/generalszh/hosts/game/game_client.cpp,games/generalszh/scripting/core_vocabulary.test;engine/camera/camera.test,ported,,campaign,cameraModFreezeTime
script_action:CAMERA_MOD_LOOK_TOWARD,script_action,CAMERA_MOD_LOOK_TOWARD,GeneralsMD/Code/GameEngine/Include/GameLogic/Scripts.h,engine/camera;games/generalszh/scripting,engine/camera/model/rts_camera.cppm;games/generalszh/scripting/camera_vocabulary.cppm,engine/camera/camera.test;games/generalszh/scripting/core_vocabulary.test,ported,,shellmap,script queues CameraScriptCommands; host applies them to engine::camera::RtsCamera
script_action:CAMERA_MOD_SET_FINAL_PITCH,script_action,CAMERA_MOD_SET_FINAL_PITCH,GeneralsMD/Code/GameEngine/Include/GameLogic/Scripts.h,engine/camera;games/generalszh/scripting;games/generalszh/hosts,engine/camera/model/rts_camera.cppm;games/generalszh/scripting/camera_vocabulary.cppm;games/generalszh/hosts/game/game_client.cpp,games/generalszh/scripting/core_vocabulary.test;engine/camera/camera.test,ported,,campaign,"cameraModFinalPitch(pitch, ease in, ease out) as given"
script_action:CAMERA_MOD_SET_FINAL_SPEED_MULTIPLIER,script_action,CAMERA_MOD_SET_FINAL_SPEED_MULTIPLIER,GeneralsMD/Code/GameEngine/Include/GameLogic/Scripts.h,engine/camera;games/generalszh/scripting;games/generalszh/hosts,engine/camera/model/rts_camera.cppm;games/generalszh/scripting/camera_vocabulary.cppm;games/generalszh/hosts/game/game_client.cpp,games/generalszh/scripting/core_vocabulary.test;engine/camera/camera.test,ported,,campaign,cameraModFinalTimeMultiplier
script_action:CAMERA_MOD_SET_FINAL_ZOOM,script_action,CAMERA_MOD_SET_FINAL_ZOOM,GeneralsMD/Code/GameEngine/Include/GameLogic/Scripts.h,engine/camera;games/generalszh/scripting;games/generalszh/hosts,engine/camera/model/rts_camera.cppm;games/generalszh/scripting/camera_vocabulary.cppm;games/generalszh/hosts/game/game_client.cpp,games/generalszh/scripting/core_vocabulary.test;engine/camera/camera.test,ported,,campaign,"cameraModFinalZoom(zoom, ease in, ease out) as given"
script_action:CAMERA_MOD_SET_ROLLING_AVERAGE,script_action,CAMERA_MOD_SET_ROLLING_AVERAGE,GeneralsMD/Code/GameEngine/Include/GameLogic/Scripts.h,engine/camera;games/generalszh/scripting;games/generalszh/hosts,engine/camera/model/rts_camera.cppm;games/generalszh/scripting/camera_vocabulary.cppm;games/generalszh/hosts/game/game_client.cpp,games/generalszh/scripting/core_vocabulary.test;engine/camera/camera.test,ported,,campaign,cameraModRollingAverage
script_action:CAMERA_MOTION_BLUR,script_action,CAMERA_MOTION_BLUR,GeneralsMD/Code/GameEngine/Include/GameLogic/Scripts.h,games/generalszh/scripting;games/generalszh/presentation;games/generalszh/hosts,games/generalszh/scripting/camera_vocabulary.cppm;games/generalszh/presentation/camera/resources/view_filter.cppm;games/generalszh/presentation/camera/algorithms/motion_blur_steps.cppm;games/generalszh/hosts/game/game_client.cpp,games/generalszh/presentation/camera/camera_effects.test;games/generalszh/scripting/core_vocabulary.test,in_progress,,campaign,"doCameraMotionBlur: the ScreenMotionBlurFilter state (setup per mode; the count 5 a logic frame to 60, ending on the 12th frame; isCameraMovementFinished true meanwhile) is ported; the blur itself is not drawn (the renderer has no screen filter yet)."
script_action:CAMERA_MOTION_BLUR_END_FOLLOW,script_action,CAMERA_MOTION_BLUR_END_FOLLOW,GeneralsMD/Code/GameEngine/Include/GameLogic/Scripts.h,games/generalszh/scripting;games/generalszh/presentation;games/generalszh/hosts,games/generalszh/scripting/camera_vocabulary.cppm;games/generalszh/presentation/camera/resources/view_filter.cppm;games/generalszh/presentation/camera/algorithms/motion_blur_steps.cppm;games/generalszh/hosts/game/game_client.cpp,games/generalszh/presentation/camera/camera_effects.test;games/generalszh/scripting/core_vocabulary.test,in_progress,,campaign,"recorded (ViewFilter: FM_VIEW_MB_END_PAN_ALPHA, keeping its count); its per-drawn-frame fade waits for a screen filter in the renderer."
script_action:CAMERA_MOTION_BLUR_FOLLOW,script_action,CAMERA_MOTION_BLUR_FOLLOW,GeneralsMD/Code/GameEngine/Include/GameLogic/Scripts.h,games/generalszh/scripting;games/generalszh/presentation;games/generalszh/hosts,games/generalszh/scripting/camera_vocabulary.cppm;games/generalszh/presentation/camera/resources/view_filter.cppm;games/generalszh/presentation/camera/algorithms/motion_blur_steps.cppm;games/generalszh/hosts/game/game_client.cpp,games/generalszh/presentation/camera/camera_effects.test;games/generalszh/scripting/core_vocabulary.test,in_progress,,campaign,"recorded (ViewFilter: FM_VIEW_MB_PAN_ALPHA + amount, 0 for DEFAULT_PAN_FACTOR 30); the pan blur follows the screen's scroll as it is drawn, which waits for a screen filter in the renderer."
script_action:CAMERA_MOTION_BLUR_JUMP,script_action,CAMERA_MOTION_BLUR_JUMP,GeneralsMD/Code/GameEngine/Include/GameLogic/Scripts.h,games/generalszh/scripting;games/generalszh/presentation;games/generalszh/hosts,games/generalszh/scripting/camera_vocabulary.cppm;games/generalszh/presentation/camera/resources/view_filter.cppm;games/generalszh/presentation/camera/algorithms/motion_blur_steps.cppm;games/generalszh/hosts/game/game_client.cpp,games/generalszh/presentation/camera/camera_effects.test;games/generalszh/scripting/core_vocabulary.test,in_progress,,campaign,"doCameraMotionBlurJump: the camera no longer the player's; the count rises 5 a logic frame and on its 12th frame the camera looks at the waypoint (lookAt at the peak), ending on the 24th; ported. The blur itself is not drawn yet."
script_action:CAMERA_MOVE_HOME,script_action,CAMERA_MOVE_HOME,GeneralsMD/Code/GameEngine/Include/GameLogic/Scripts.h,engine/camera;games/generalszh/scripting;games/generalszh/hosts,engine/camera/model/rts_camera.cppm;games/generalszh/scripting/camera_vocabulary.cppm;games/generalszh/hosts/game/game_client.cpp,games/generalszh/scripting/core_vocabulary.test;engine/camera/camera.test,ported,,campaign,doCameraMoveHome does nothing
script_action:CAMERA_SET_AUDIBLE_DISTANCE,script_action,CAMERA_SET_AUDIBLE_DISTANCE,GeneralsMD/Code/GameEngine/Include/GameLogic/Scripts.h,games/generalszh/scripting,games/generalszh/scripting/camera_vocabulary.cppm,games/generalszh/scripting/core_vocabulary.test,ported,,campaign,"doCameraSetAudibleDistance is empty in the original (""No-op""): accepted, does nothing."
script_action:CAMERA_SET_DEFAULT,script_action,CAMERA_SET_DEFAULT,GeneralsMD/Code/GameEngine/Include/GameLogic/Scripts.h,engine/camera;games/generalszh/scripting;games/generalszh/hosts,engine/camera/model/rts_camera.cppm;games/generalszh/scripting/camera_vocabulary.cppm;games/generalszh/hosts/game/game_client.cpp,games/generalszh/scripting/core_vocabulary.test;engine/camera/camera.test,ported,,campaign,"setDefaultView(ViewDefaultPitchRadians - pitch, angle, max height) (PRESERVE_RETAIL_SCRIPTED_CAMERA)"
script_action:CAMERA_STOP_FOLLOW,script_action,CAMERA_STOP_FOLLOW,GeneralsMD/Code/GameEngine/Include/GameLogic/Scripts.h,engine/camera;games/generalszh/scripting;games/generalszh/hosts,engine/camera/model/rts_camera.cppm;games/generalszh/scripting/camera_vocabulary.cppm;games/generalszh/hosts/game/game_client.cpp,games/generalszh/scripting/core_vocabulary.test;engine/camera/camera.test,ported,,campaign,setCameraLock(INVALID_ID)
script_action:CAMERA_STOP_TETHER_NAMED,script_action,CAMERA_STOP_TETHER_NAMED,GeneralsMD/Code/GameEngine/Include/GameLogic/Scripts.h,engine/camera;games/generalszh/scripting;games/generalszh/hosts,engine/camera/model/rts_camera.cppm;games/generalszh/scripting/camera_vocabulary.cppm;games/generalszh/hosts/game/game_client.cpp,games/generalszh/scripting/core_vocabulary.test;engine/camera/camera.test,ported,,campaign,setCameraLock(INVALID_ID)
script_action:CAMERA_TETHER_NAMED,script_action,CAMERA_TETHER_NAMED,GeneralsMD/Code/GameEngine/Include/GameLogic/Scripts.h,engine/camera;games/generalszh/scripting;games/generalszh/hosts,engine/camera/model/rts_camera.cppm;games/generalszh/scripting/camera_vocabulary.cppm;games/generalszh/hosts/game/game_client.cpp,games/generalszh/scripting/core_vocabulary.test;engine/camera/camera.test,ported,,campaign,"setCameraLock, snap when asked, LOCK_TETHER with its play"
script_action:CHOOSE_VICTIM_ALWAYS_USES_NORMAL,script_action,CHOOSE_VICTIM_ALWAYS_USES_NORMAL,GeneralsMD/Code/GameEngine/Include/GameLogic/Scripts.h,games/generalszh/scripting;games/generalszh/session;games/generalszh/gameplay,games/generalszh/scripting/unit_vocabulary.cppm;games/generalszh/session/script_bridge.cppm;games/generalszh/gameplay/ai/components/attack_squad.cppm;games/generalszh/gameplay/ai/systems/attack_squad_system.cppm;games/generalszh/gameplay/ai/algorithms/attack_squads.cppm;games/generalszh/session/session_checkpoint.cpp,games/generalszh/scripting/unit_vocabulary.test;games/generalszh/session/script_objects.test,ported,,campaign,2026-09-27: setChooseVictimAlwaysUsesNormal: squad victims are chosen as on normal.
script_action:COMMANDBAR_ADD_BUTTON_OBJECTTYPE_SLOT,script_action,COMMANDBAR_ADD_BUTTON_OBJECTTYPE_SLOT,GeneralsMD/Code/GameEngine/Include/GameLogic/Scripts.h,games/generalszh/scripting;games/generalszh/session;games/generalszh/gameplay;games/generalszh/hud,games/generalszh/scripting/player_vocabulary.cppm;games/generalszh/session/script_bridge.cppm;games/generalszh/gameplay/orders/resources/command_bar_overrides.cppm;games/generalszh/hud/control_bar_state.cppm;games/generalszh/hud/generals_powers.cppm;games/generalszh/gameplay/abilities/algorithms/command_button_hunts.cppm;games/generalszh/gameplay/orders/algorithms/command_buttons.cppm;games/generalszh/gameplay/scripts/algorithms/command_button_targets.cppm,games/generalszh/session/team_states.test,ported,,campaign,doAddCommandBarButton: a button that exists at slot 1..18 of the object type's command set (setControlBarOverride); checkpointed
script_action:COMMANDBAR_REMOVE_BUTTON_OBJECTTYPE,script_action,COMMANDBAR_REMOVE_BUTTON_OBJECTTYPE,GeneralsMD/Code/GameEngine/Include/GameLogic/Scripts.h,games/generalszh/scripting;games/generalszh/session;games/generalszh/gameplay;games/generalszh/hud,games/generalszh/scripting/player_vocabulary.cppm;games/generalszh/session/script_bridge.cppm;games/generalszh/gameplay/orders/resources/command_bar_overrides.cppm;games/generalszh/hud/control_bar_state.cppm;games/generalszh/hud/generals_powers.cppm;games/generalszh/gameplay/abilities/algorithms/command_button_hunts.cppm;games/generalszh/gameplay/orders/algorithms/command_buttons.cppm;games/generalszh/gameplay/scripts/algorithms/command_button_targets.cppm,games/generalszh/session/team_states.test,ported,,campaign,"doRemoveCommandBarButton: the object type's command set loses the button at the first slot showing it now (setControlBarOverride to none); every reading of a set's slot (the control bar, the scripts' and AI's command buttons) goes through the overrides; checkpointed"
script_action:CREATE_NAMED_ON_TEAM_AT_WAYPOINT,script_action,CREATE_NAMED_ON_TEAM_AT_WAYPOINT,GeneralsMD/Code/GameEngine/Include/GameLogic/Scripts.h,games/generalszh/scripting;games/generalszh/session;games/generalszh/gameplay,games/generalszh/scripting/unit_vocabulary.cppm;games/generalszh/session/script_bridge.cppm;games/generalszh/gameplay/objects/algorithms/object_factory.cppm;games/generalszh/gameplay/teams/algorithms/team_actions.cppm,games/generalszh/session/session.test;games/generalszh/session/script_objects.test,ported,,shellmap,"2026-09-27: CreateOnTeamAt: a dead namesake's name is taken over, no waypoint means the origin, a team without instances is created and activated (TeamFactory::createTeam)."
script_action:CREATE_OBJECT,script_action,CREATE_OBJECT,GeneralsMD/Code/GameEngine/Include/GameLogic/Scripts.h,games/generalszh/scripting;games/generalszh/session;games/generalszh/gameplay,games/generalszh/scripting/unit_vocabulary.cppm;games/generalszh/scripting/script_parameters.cppm;games/generalszh/session/script_bridge.cppm;games/generalszh/gameplay/teams/algorithms/team_actions.cppm,games/generalszh/scripting/unit_vocabulary.test;games/generalszh/session/script_objects.test,ported,,campaign,"2026-09-27: doCreateObject unnamed: on the team (created if it has no instance), at the position with its height, facing the angle."
script_action:CREATE_REINFORCEMENT_TEAM,script_action,CREATE_REINFORCEMENT_TEAM,GeneralsMD/Code/GameEngine/Include/GameLogic/Scripts.h,games/generalszh/scripting;games/generalszh/session;games/generalszh/gameplay;games/generalszh/content;engine/gameplay,games/generalszh/scripting/unit_vocabulary.cppm;games/generalszh/session/script_bridge.cppm;games/generalszh/gameplay/teams/algorithms/reinforcements.cppm;games/generalszh/gameplay/containment/components/scripted_evacuation.cppm;games/generalszh/gameplay/containment/systems/scripted_evacuation_system.cppm;games/generalszh/gameplay/containment/algorithms/garrisons.cppm;games/generalszh/content/powers/special_powers.cppm;engine/gameplay/rts/containment/components/transport.cppm;engine/gameplay/rts/containment/systems/unloading_system.cppm;games/generalszh/gameplay/orders/algorithms/unit_orders.cppm,games/generalszh/session/session.test;games/generalszh/session/reinforcements.test;games/generalszh/session/team_states.test,ported,,shellmap,"doCreateReinforcements: a new instance of the team (createInactiveTeam; executeActions runs its production condition's actions); its TeamTransport made first at the reinforcement origin, then its units in rows (2.25 major radii apart, rows two radii up); needToMoveToDestination decided before (fixed: the old port always moved them). TeamStartsFull: PartitionSolver PREFER_FAST_SOLUTION into the team's own TRANSPORTs (stable sort: ties keep the team's order). With a transport that holds anything: each unit not inside that it may carry goes in (isValidContainerFor kinds/standing/slots), a new transport at the waypoint + transportCount x its major radius when full; a DeliverPayloadAIUpdate transport packs each in its PutInContainer parachute first. Then the team newest first: transports fly deliverPayloadViaModuleData to the waypoint (each its own; retail has the first fly it once per transport), or aiMoveToAndEvacuate(AndExit) as ScriptedEvacuation (generic locked AIMoveAndEvacuateState -> evacuate riders with an AI, setActive, AIMoveAndDeleteState back to its start; ChinookAIUpdate retail MOVE_TO_AND_EVAC(_AND_EXIT): land, removeAllContained + setActive, take off, head for its original position as a 20 s temporary move, removed once outside the extent incl. border); others not held move to the waypoint. No transport: setActive, and moved when the origin differs (per unit: groupMoveToPosition's formation not ported). 2026-09-28: legacy_parity tests for the Chinook, cargo plane paradrop and TeamStartsFull."
script_action:CREATE_UNNAMED_ON_TEAM_AT_WAYPOINT,script_action,CREATE_UNNAMED_ON_TEAM_AT_WAYPOINT,GeneralsMD/Code/GameEngine/Include/GameLogic/Scripts.h,games/generalszh/scripting;games/generalszh/session;games/generalszh/gameplay;engine/gameplay,games/generalszh/scripting/unit_vocabulary.cppm;games/generalszh/session/script_bridge.cppm;games/generalszh/gameplay/teams/algorithms/team_actions.cppm,games/generalszh/session/script_objects.test,ported,,campaign,"2026-09-27: createUnitOnTeamAt without a name (CreateOnTeamAt: the team, or a new active instance when it has none; at the waypoint, else the origin)."
script_action:DAMAGE_MEMBERS_OF_TEAM,script_action,DAMAGE_MEMBERS_OF_TEAM,GeneralsMD/Code/GameEngine/Include/GameLogic/Scripts.h,games/generalszh/scripting;games/generalszh/session;games/generalszh/gameplay,games/generalszh/scripting/unit_vocabulary.cppm;games/generalszh/session/script_bridge.cppm;games/generalszh/gameplay/teams/algorithms/team_actions.cppm;games/generalszh/gameplay/lifecycle/algorithms/retire_now.cppm,games/generalszh/scripting/unit_vocabulary.test;games/generalszh/session/create_modules.test,ported,,skirmish,Team::damageTeamMembers: each living member takes the amount unresisted (below zero: killed).
script_action:DEBUG_CRASH_BOX,script_action,DEBUG_CRASH_BOX,GeneralsMD/Code/GameEngine/Include/GameLogic/Scripts.h,games/generalszh/scripting,games/generalszh/scripting/core_vocabulary.cppm,games/generalszh/scripting/core_vocabulary.test,ported,,campaign,"Nothing in the game, as a retail build (AppendDebugMessage only feeds the unshipped script debugger DLL; DEBUG_CRASH_BOX is debug-only); --script-trace logs the action: legacy_parity_a_quick_victory_asks_the_client_to_end_the_game"
script_action:DEBUG_MESSAGE_BOX,script_action,DEBUG_MESSAGE_BOX,GeneralsMD/Code/GameEngine/Include/GameLogic/Scripts.h,games/generalszh/scripting,games/generalszh/scripting/core_vocabulary.cppm,games/generalszh/scripting/core_vocabulary.test,ported,,campaign,"Nothing in the game, as a retail build (AppendDebugMessage only feeds the unshipped script debugger DLL; DEBUG_CRASH_BOX is debug-only); --script-trace logs the action: legacy_parity_a_quick_victory_asks_the_client_to_end_the_game"
script_action:DEBUG_STRING,script_action,DEBUG_STRING,GeneralsMD/Code/GameEngine/Include/GameLogic/Scripts.h,games/generalszh/scripting,games/generalszh/scripting/core_vocabulary.cppm,games/generalszh/scripting/core_vocabulary.test,ported,,campaign,"Nothing in the game, as a retail build (AppendDebugMessage only feeds the unshipped script debugger DLL; DEBUG_CRASH_BOX is debug-only); --script-trace logs the action: legacy_parity_a_quick_victory_asks_the_client_to_end_the_game"
script_action:DECREMENT_COUNTER,script_action,DECREMENT_COUNTER,GeneralsMD/Code/GameEngine/Include/GameLogic/Scripts.h,engine/scripting;games/generalszh/scripting,engine/scripting/runtime/script_runtime.cppm;games/generalszh/scripting/core_vocabulary.cppm,engine/scripting/runtime/script_runtime.test;games/generalszh/scripting/core_vocabulary.test,ported,,shellmap,
script_action:DEFEAT,script_action,DEFEAT,GeneralsMD/Code/GameEngine/Include/GameLogic/Scripts.h,games/generalszh/scripting;games/generalszh/hosts,games/generalszh/scripting/presentation_vocabulary.cppm;games/generalszh/hosts/game/game_client.cpp;games/generalszh/hosts/game/match_end_layer.cppm;games/generalszh/hosts/game/main.cpp;games/generalszh/hosts/game/front_end.cpp,games/generalszh/scripting/match_vocabulary.test,ported,,skirmish,doDefeat: as VICTORY with Defeat.wnd.
script_action:DELETE_ALL_UNMANNED,script_action,DELETE_ALL_UNMANNED,GeneralsMD/Code/GameEngine/Include/GameLogic/Scripts.h,games/generalszh/scripting;games/generalszh/session;games/generalszh/gameplay,games/generalszh/scripting/unit_vocabulary.cppm;games/generalszh/session/script_bridge.cppm;games/generalszh/gameplay/combat/algorithms/unmanned_vehicles.cppm,games/generalszh/scripting/unit_vocabulary.test;games/generalszh/session/script_objects.test,ported,,campaign,"deleteAllUnmanned: every DISABLED_UNMANNED object is destroyed (removed, not killed)."
script_action:DISABLE_BORDER_SHROUD,script_action,DISABLE_BORDER_SHROUD,GeneralsMD/Code/GameEngine/Include/GameLogic/Scripts.h,games/generalszh/scripting;games/generalszh/presentation;games/generalszh/hosts,games/generalszh/scripting/presentation_vocabulary.cppm;games/generalszh/hosts/game/game_client.cpp;games/generalszh/presentation/rendering/shroud_pixels.cppm,games/generalszh/scripting/core_vocabulary.test;games/generalszh/presentation/rendering/shroud_pixels.test,ported,,campaign,"2026-09-29: doSetBorderShroud -> W3DShroud::setBorderShroudLevel: the texels around the map clear (DISABLE) or shrouded again (ENABLE; every new map starts shrouded); drawn with the local player's shroud over terrain, scorches, tracks, objects and water: legacy_parity_border_shroud_actions_clear_and_restore_the_border, legacy_parity_shroud_texels_are_the_originals."
script_action:DISABLE_COUNTDOWN_TIMER_DISPLAY,script_action,DISABLE_COUNTDOWN_TIMER_DISPLAY,GeneralsMD/Code/GameEngine/Include/GameLogic/Scripts.h,games/generalszh/scripting;games/generalszh/presentation;games/generalszh/content;games/generalszh/hosts;games/generalszh/session,games/generalszh/scripting/presentation_vocabulary.cppm;games/generalszh/presentation/hud/resources/named_timers.cppm;games/generalszh/presentation/hud/algorithms/named_timer_lines.cppm;games/generalszh/content/global/in_game_ui.cppm;games/generalszh/hosts/game/named_timers_view.cppm;games/generalszh/hosts/game/game_client.cpp,games/generalszh/presentation/hud/named_timers.test;games/generalszh/scripting/core_vocabulary.test;games/generalszh/content/global/game_data.test,ported,,campaign,InGameUI::showNamedTimerDisplay(FALSE). Not yet kept in saved games (InGameUI xfer)
script_action:DISABLE_INPUT,script_action,DISABLE_INPUT,GeneralsMD/Code/GameEngine/Include/GameLogic/Scripts.h,games/generalszh/scripting;games/generalszh/presentation;games/generalszh/hosts;games/generalszh/session;engine/graphics,games/generalszh/scripting/presentation_vocabulary.cppm;games/generalszh/hosts/game/game_client.cpp;games/generalszh/hosts/game/main.cpp,games/generalszh/scripting/core_vocabulary.test,ported,,campaign,"doDisableInput: the player's input off and the selection dropped. Not yet: the cursor hidden, the build tooltip and modes cleared"
script_action:DISABLE_OBJECT_SOUND,script_action,DISABLE_OBJECT_SOUND,GeneralsMD/Code/GameEngine/Include/GameLogic/Scripts.h,games/generalszh/scripting;games/generalszh/presentation;games/generalszh/hosts,games/generalszh/scripting/presentation_vocabulary.cppm;games/generalszh/presentation/audio/components/sound_loops.cppm;games/generalszh/presentation/audio/systems/audio_systems.cppm;games/generalszh/hosts/game/game_client.cpp,games/generalszh/presentation/audio/audio_systems.test,ported,,campaign,doEnableObjectSound(false): its ambient stopped and kept off
script_action:DISABLE_SCORING,script_action,DISABLE_SCORING,GeneralsMD/Code/GameEngine/Include/GameLogic/Scripts.h,games/generalszh/scripting;games/generalszh/session;games/generalszh/gameplay,games/generalszh/scripting/player_vocabulary.cppm;games/generalszh/session/script_bridge.cppm;games/generalszh/gameplay/score/algorithms/scoring.cppm;games/generalszh/gameplay/score/resources/score_keepers.cppm,games/generalszh/session/script_objects.test,ported,,campaign,GameLogic::enableScoring: the score keepers count built/lost/destroyed/captured only while on (money earned/spent always)
script_action:DISABLE_SCRIPT,script_action,DISABLE_SCRIPT,GeneralsMD/Code/GameEngine/Include/GameLogic/Scripts.h,engine/scripting;games/generalszh/scripting,engine/scripting/runtime/script_runtime.cppm;games/generalszh/scripting/core_vocabulary.cppm,engine/scripting/runtime/script_runtime.test;games/generalszh/scripting/core_vocabulary.test,ported,,shellmap,
script_action:DISABLE_SPECIAL_POWER_DISPLAY,script_action,DISABLE_SPECIAL_POWER_DISPLAY,GeneralsMD/Code/GameEngine/Include/GameLogic/Scripts.h,games/generalszh/scripting;games/generalszh/hosts,games/generalszh/scripting/presentation_vocabulary.cppm;games/generalszh/hosts/game/game_client.cpp,games/generalszh/scripting/core_vocabulary.test;games/generalszh/hud/superweapon_timers.test,ported,,skirmish,setSuperweaponDisplayEnabledByScript(false): the countdowns are not drawn (a client setting: the local screen)
script_action:DISPLAY_CINEMATIC_TEXT,script_action,DISPLAY_CINEMATIC_TEXT,GeneralsMD/Code/GameEngine/Include/GameLogic/Scripts.h,games/generalszh/scripting;games/generalszh/presentation;games/generalszh/hosts,games/generalszh/scripting/presentation_vocabulary.cppm;games/generalszh/presentation/hud/resources/cinematic_text.cppm;games/generalszh/presentation/hud/algorithms/cinematic_text_layout.cppm;games/generalszh/hosts/game/game_client.cpp;games/generalszh/hosts/game/cinematic_text_view.cppm;games/generalszh/hosts/game/main.cpp,games/generalszh/presentation/hud/script_interface.test;games/generalszh/scripting/core_vocabulary.test,ported,,campaign,"doDisplayCinematicText and W3DDisplay::draw: the fetched text over the letterbox, white, wrapped centred at the width less 20, centred (20 in when wider), top at 0.9 of the height, for 30 x seconds drawn frames (real time; negative: for ever); the size after ""Size:"", adjusted for the resolution, bold for ""[Bold]"". Fixed quirks: the original's parse appended the rest of the string to the font name (a font Windows then replaced); the port takes the name before "" - "". The text keeps its letters (the original went through 7-bit ASCII)."
script_action:DISPLAY_COUNTDOWN_TIMER,script_action,DISPLAY_COUNTDOWN_TIMER,GeneralsMD/Code/GameEngine/Include/GameLogic/Scripts.h,games/generalszh/scripting;games/generalszh/presentation;games/generalszh/content;games/generalszh/hosts;games/generalszh/session,games/generalszh/scripting/presentation_vocabulary.cppm;games/generalszh/presentation/hud/resources/named_timers.cppm;games/generalszh/presentation/hud/algorithms/named_timer_lines.cppm;games/generalszh/content/global/in_game_ui.cppm;games/generalszh/hosts/game/named_timers_view.cppm;games/generalszh/hosts/game/game_client.cpp,games/generalszh/presentation/hud/named_timers.test;games/generalszh/scripting/core_vocabulary.test;games/generalszh/content/global/game_data.test,ported,,campaign,"InGameUI::addNamedTimer counting down: m:ss of the frames left; at 0:00 the ready font, flashing every NamedTimerCountdownFlashDuration. Not yet kept in saved games (InGameUI xfer)"
script_action:DISPLAY_COUNTER,script_action,DISPLAY_COUNTER,GeneralsMD/Code/GameEngine/Include/GameLogic/Scripts.h,games/generalszh/scripting;games/generalszh/presentation;games/generalszh/content;games/generalszh/hosts;games/generalszh/session,games/generalszh/scripting/presentation_vocabulary.cppm;games/generalszh/presentation/hud/resources/named_timers.cppm;games/generalszh/presentation/hud/algorithms/named_timer_lines.cppm;games/generalszh/content/global/in_game_ui.cppm;games/generalszh/hosts/game/named_timers_view.cppm;games/generalszh/hosts/game/game_client.cpp,games/generalszh/presentation/hud/named_timers.test;games/generalszh/scripting/core_vocabulary.test;games/generalszh/content/global/game_data.test,ported,,campaign,"InGameUI::addNamedTimer (not counting down): its label and the script counter's value, in name order, drawn from NamedTimerCountdownPosition upwards. Not yet kept in saved games (InGameUI xfer)"
script_action:DISPLAY_TEXT,script_action,DISPLAY_TEXT,GeneralsMD/Code/GameEngine/Include/GameLogic/Scripts.h,games/generalszh/scripting;games/generalszh/presentation;games/generalszh/hosts,games/generalszh/scripting/presentation_vocabulary.cppm;games/generalszh/hosts/game/game_client.cpp,games/generalszh/scripting/core_vocabulary.test;games/generalszh/presentation/hud/message_list.test,ported,,campaign,"doDisplayText -> InGameUI::message: the label fetched, a new in-game message on the script's logic frame."
script_action:DRAW_SKYBOX_BEGIN,script_action,DRAW_SKYBOX_BEGIN,GeneralsMD/Code/GameEngine/Include/GameLogic/Scripts.h,games/generalszh/scripting;games/generalszh/hosts,games/generalszh/scripting/presentation_vocabulary.cppm;games/generalszh/hosts/game/game_client.cpp,games/generalszh/scripting/core_vocabulary.test,in_progress,,campaign,"recorded (ClientSettings.skyBox: GlobalData m_drawSkyBox); the water's sky box (WaterSkyboxSystem, Water.ini SkyboxTexture*) is not drawn yet."
script_action:DRAW_SKYBOX_END,script_action,DRAW_SKYBOX_END,GeneralsMD/Code/GameEngine/Include/GameLogic/Scripts.h,games/generalszh/scripting;games/generalszh/hosts,games/generalszh/scripting/presentation_vocabulary.cppm;games/generalszh/hosts/game/game_client.cpp,games/generalszh/scripting/core_vocabulary.test,in_progress,,campaign,recorded (ClientSettings.skyBox off); the sky box is not drawn yet.
script_action:ENABLE_BORDER_SHROUD,script_action,ENABLE_BORDER_SHROUD,GeneralsMD/Code/GameEngine/Include/GameLogic/Scripts.h,games/generalszh/scripting;games/generalszh/presentation;games/generalszh/hosts,games/generalszh/scripting/presentation_vocabulary.cppm;games/generalszh/hosts/game/game_client.cpp;games/generalszh/presentation/rendering/shroud_pixels.cppm,games/generalszh/scripting/core_vocabulary.test;games/generalszh/presentation/rendering/shroud_pixels.test,ported,,campaign,"2026-09-29: doSetBorderShroud -> W3DShroud::setBorderShroudLevel: the texels around the map clear (DISABLE) or shrouded again (ENABLE; every new map starts shrouded); drawn with the local player's shroud over terrain, scorches, tracks, objects and water: legacy_parity_border_shroud_actions_clear_and_restore_the_border, legacy_parity_shroud_texels_are_the_originals."
script_action:ENABLE_COUNTDOWN_TIMER_DISPLAY,script_action,ENABLE_COUNTDOWN_TIMER_DISPLAY,GeneralsMD/Code/GameEngine/Include/GameLogic/Scripts.h,games/generalszh/scripting;games/generalszh/presentation;games/generalszh/content;games/generalszh/hosts;games/generalszh/session,games/generalszh/scripting/presentation_vocabulary.cppm;games/generalszh/presentation/hud/resources/named_timers.cppm;games/generalszh/presentation/hud/algorithms/named_timer_lines.cppm;games/generalszh/content/global/in_game_ui.cppm;games/generalszh/hosts/game/named_timers_view.cppm;games/generalszh/hosts/game/game_client.cpp,games/generalszh/presentation/hud/named_timers.test;games/generalszh/scripting/core_vocabulary.test;games/generalszh/content/global/game_data.test,ported,,campaign,InGameUI::showNamedTimerDisplay(TRUE). Not yet kept in saved games (InGameUI xfer)
script_action:ENABLE_INPUT,script_action,ENABLE_INPUT,GeneralsMD/Code/GameEngine/Include/GameLogic/Scripts.h,games/generalszh/scripting;games/generalszh/presentation;games/generalszh/hosts;games/generalszh/session;engine/graphics,games/generalszh/scripting/presentation_vocabulary.cppm;games/generalszh/hosts/game/game_client.cpp;games/generalszh/hosts/game/main.cpp,games/generalszh/scripting/core_vocabulary.test,ported,,campaign,doEnableInput: the player's input back (not yet: the cursor shown)
script_action:ENABLE_OBJECT_SOUND,script_action,ENABLE_OBJECT_SOUND,GeneralsMD/Code/GameEngine/Include/GameLogic/Scripts.h,games/generalszh/scripting;games/generalszh/presentation;games/generalszh/hosts,games/generalszh/scripting/presentation_vocabulary.cppm;games/generalszh/presentation/audio/components/sound_loops.cppm;games/generalszh/presentation/audio/systems/audio_systems.cppm;games/generalszh/hosts/game/game_client.cpp,games/generalszh/presentation/audio/audio_systems.test,ported,,campaign,doEnableObjectSound(true) -> Drawable::enableAmbientSoundFromScript: its ambient on again and started (a one-shot one plays once each time)
script_action:ENABLE_SCORING,script_action,ENABLE_SCORING,GeneralsMD/Code/GameEngine/Include/GameLogic/Scripts.h,games/generalszh/scripting;games/generalszh/session;games/generalszh/gameplay,games/generalszh/scripting/player_vocabulary.cppm;games/generalszh/session/script_bridge.cppm;games/generalszh/gameplay/score/algorithms/scoring.cppm;games/generalszh/gameplay/score/resources/score_keepers.cppm,games/generalszh/session/script_objects.test,ported,,campaign,GameLogic::enableScoring: the score keepers count built/lost/destroyed/captured only while on (money earned/spent always)
script_action:ENABLE_SCRIPT,script_action,ENABLE_SCRIPT,GeneralsMD/Code/GameEngine/Include/GameLogic/Scripts.h,engine/scripting;games/generalszh/scripting,engine/scripting/runtime/script_runtime.cppm;games/generalszh/scripting/core_vocabulary.cppm,engine/scripting/runtime/script_runtime.test;games/generalszh/scripting/core_vocabulary.test,ported,,shellmap,
script_action:ENABLE_SPECIAL_POWER_DISPLAY,script_action,ENABLE_SPECIAL_POWER_DISPLAY,GeneralsMD/Code/GameEngine/Include/GameLogic/Scripts.h,games/generalszh/scripting;games/generalszh/hosts,games/generalszh/scripting/presentation_vocabulary.cppm;games/generalszh/hosts/game/game_client.cpp,games/generalszh/scripting/core_vocabulary.test;games/generalszh/hud/superweapon_timers.test,ported,,skirmish,setSuperweaponDisplayEnabledByScript(true): the countdowns show again (a client setting: the local screen)
script_action:EVA_SET_ENABLED_DISABLED,script_action,EVA_SET_ENABLED_DISABLED,GeneralsMD/Code/GameEngine/Include/GameLogic/Scripts.h,games/generalszh/scripting;games/generalszh/hosts;games/generalszh/presentation,games/generalszh/scripting/presentation_vocabulary.cppm;games/generalszh/hosts/game/game_client.cpp;games/generalszh/presentation/hud/algorithms/eva_queue.cppm,games/generalszh/presentation/hud/eva_queue.test,ported,,skirmish,"Eva::setEvaEnabled: off, nothing is checked and what was asked is forgotten (a client setting)"
script_action:EXIT_SPECIFIC_BUILDING,script_action,EXIT_SPECIFIC_BUILDING,GeneralsMD/Code/GameEngine/Include/GameLogic/Scripts.h,engine/gameplay;games/generalszh/gameplay;games/generalszh/scripting;games/generalszh/session,games/generalszh/scripting/unit_vocabulary.cppm;games/generalszh/session/script_bridge.cppm;games/generalszh/gameplay/scripts/algorithms/unit_script_orders.cppm;engine/gameplay/rts/containment/components/transport.cppm;engine/gameplay/rts/containment/systems/unloading_system.cppm;engine/gameplay/rts/containment/systems/cargo_transfer_system.cppm,games/generalszh/scripting/unit_vocabulary.test;games/generalszh/session/script_objects.test,ported,,campaign,structure with AI: aiEvacuate (each rider aiExit); without: removeAllContained (instant)
script_action:FREEZE_TIME,script_action,FREEZE_TIME,GeneralsMD/Code/GameEngine/Include/GameLogic/Scripts.h,games/generalszh/scripting;games/generalszh/session;games/generalszh/gameplay;games/generalszh/hosts,games/generalszh/scripting/player_vocabulary.cppm;games/generalszh/session/script_bridge.cppm;games/generalszh/session/session.cppm;games/generalszh/gameplay/scripts/resources/script_records.cppm;games/generalszh/hosts/game/game_client.cpp,games/generalszh/session/team_states.test,ported,,campaign,"ScriptEngine::doFreezeTime. GameLogic::update with GameEngine::isTimeFrozen (a script's freeze, or a CAMERA_MOD_FREEZE_TIME move while it lasts; never in a network game): the frame runs its scripts (timers counting down) and ends there, its number held; checkpointed. Not yet: the presentation's own per-tick steps held while frozen (GameClient::step)"
script_action:HIDE_COUNTDOWN_TIMER,script_action,HIDE_COUNTDOWN_TIMER,GeneralsMD/Code/GameEngine/Include/GameLogic/Scripts.h,games/generalszh/scripting;games/generalszh/presentation;games/generalszh/content;games/generalszh/hosts;games/generalszh/session,games/generalszh/scripting/presentation_vocabulary.cppm;games/generalszh/presentation/hud/resources/named_timers.cppm;games/generalszh/presentation/hud/algorithms/named_timer_lines.cppm;games/generalszh/content/global/in_game_ui.cppm;games/generalszh/hosts/game/named_timers_view.cppm;games/generalszh/hosts/game/game_client.cpp,games/generalszh/presentation/hud/named_timers.test;games/generalszh/scripting/core_vocabulary.test;games/generalszh/content/global/game_data.test,ported,,campaign,InGameUI::removeNamedTimer. Not yet kept in saved games (InGameUI xfer)
script_action:HIDE_COUNTER,script_action,HIDE_COUNTER,GeneralsMD/Code/GameEngine/Include/GameLogic/Scripts.h,games/generalszh/scripting;games/generalszh/presentation;games/generalszh/content;games/generalszh/hosts;games/generalszh/session,games/generalszh/scripting/presentation_vocabulary.cppm;games/generalszh/presentation/hud/resources/named_timers.cppm;games/generalszh/presentation/hud/algorithms/named_timer_lines.cppm;games/generalszh/content/global/in_game_ui.cppm;games/generalszh/hosts/game/named_timers_view.cppm;games/generalszh/hosts/game/game_client.cpp,games/generalszh/presentation/hud/named_timers.test;games/generalszh/scripting/core_vocabulary.test;games/generalszh/content/global/game_data.test,ported,,campaign,InGameUI::removeNamedTimer. Not yet kept in saved games (InGameUI xfer)
script_action:IDLE_ALL_UNITS,script_action,IDLE_ALL_UNITS,GeneralsMD/Code/GameEngine/Include/GameLogic/Scripts.h,games/generalszh/scripting;games/generalszh/session;games/generalszh/gameplay,games/generalszh/scripting/unit_vocabulary.cppm;games/generalszh/session/script_bridge.cppm;games/generalszh/gameplay/teams/algorithms/team_actions.cppm,games/generalszh/scripting/unit_vocabulary.test;games/generalszh/session/script_objects.test,ported,,campaign,2026-09-27: doIdleAllPlayerUnits: every human player's non-structure units told to move where they stand (setUnitsShouldIdleOrResume(true)).
script_action:INCREMENT_COUNTER,script_action,INCREMENT_COUNTER,GeneralsMD/Code/GameEngine/Include/GameLogic/Scripts.h,engine/scripting;games/generalszh/scripting,engine/scripting/runtime/script_runtime.cppm;games/generalszh/scripting/core_vocabulary.cppm,engine/scripting/runtime/script_runtime.test;games/generalszh/scripting/core_vocabulary.test,ported,,shellmap,
script_action:INGAME_POPUP_MESSAGE,script_action,INGAME_POPUP_MESSAGE,GeneralsMD/Code/GameEngine/Include/GameLogic/Scripts.h,games/generalszh/scripting;games/generalszh/presentation;games/generalszh/hosts;games/generalszh/content,games/generalszh/scripting/presentation_vocabulary.cppm;games/generalszh/presentation/hud/resources/popup_message.cppm;games/generalszh/presentation/hud/algorithms/popup_message_layout.cppm;games/generalszh/hosts/game/game_client.cpp;games/generalszh/hosts/game/popup_message_layer.cppm;games/generalszh/hosts/game/main.cpp;games/generalszh/content/global/in_game_ui.cppm,games/generalszh/presentation/hud/script_interface.test;games/generalszh/scripting/core_vocabulary.test,ported,,campaign,"InGameUI::popupMessage / InGamePopupMessageInit: InGamePopupMessage.wnd at x, y percent of the screen (clamped), at least 50 wide, sized around the text wrapped at the width less 14, in PopupMessageColor, OK under it; modal and the game paused while it pauses; OK, Enter or Esc dismiss it. Not yet: UpdateDiplomacyBriefingText (the briefing list), and the pause holds the game's ticks only (as the host's quit menu), not its sounds."
script_action:LOCALDEFEAT,script_action,LOCALDEFEAT,GeneralsMD/Code/GameEngine/Include/GameLogic/Scripts.h,games/generalszh/scripting;games/generalszh/hosts,games/generalszh/scripting/presentation_vocabulary.cppm;games/generalszh/hosts/game/game_client.cpp;games/generalszh/hosts/game/match_end_layer.cppm;games/generalszh/hosts/game/main.cpp;games/generalszh/hosts/game/front_end.cpp,games/generalszh/scripting/match_vocabulary.test,ported,,skirmish,"doLocalDefeat: LocalDefeat.wnd (not for an observer), closed after 120 frames; input stays."
script_action:MAP_REVEAL_ALL,script_action,MAP_REVEAL_ALL,GeneralsMD/Code/GameEngine/Include/GameLogic/Scripts.h,games/generalszh/scripting;games/generalszh/session;engine/gameplay,games/generalszh/scripting/player_vocabulary.cppm;games/generalszh/session/script_bridge.cppm;engine/gameplay/rts/vision/resources/shroud_map.cppm,games/generalszh/scripting/player_vocabulary.test;games/generalszh/session/skirmish_start.test,ported,,shellmap,"revealMapForPlayer; empty/unknown player: every human player (getHumanPlayerMask, defined OR form)"
script_action:MAP_REVEAL_ALL_PERM,script_action,MAP_REVEAL_ALL_PERM,GeneralsMD/Code/GameEngine/Include/GameLogic/Scripts.h,games/generalszh/scripting;games/generalszh/session;engine/gameplay,games/generalszh/scripting/player_vocabulary.cppm;games/generalszh/session/script_bridge.cppm;engine/gameplay/rts/vision/resources/shroud_map.cppm,games/generalszh/scripting/player_vocabulary.test;games/generalszh/session/skirmish_start.test,ported,,shellmap,"revealMapForPlayerPermanently; empty/unknown player: every human player (getHumanPlayerMask, defined OR form)"
script_action:MAP_REVEAL_ALL_UNDO_PERM,script_action,MAP_REVEAL_ALL_UNDO_PERM,GeneralsMD/Code/GameEngine/Include/GameLogic/Scripts.h,games/generalszh/scripting;games/generalszh/session;engine/gameplay,games/generalszh/scripting/player_vocabulary.cppm;games/generalszh/session/script_bridge.cppm;engine/gameplay/rts/vision/resources/shroud_map.cppm,games/generalszh/scripting/player_vocabulary.test;games/generalszh/session/skirmish_start.test,ported,,shellmap,"undoRevealMapForPlayerPermanently (pending unlooks first); empty/unknown player: every human player (getHumanPlayerMask, defined OR form)"
script_action:MAP_REVEAL_AT_WAYPOINT,script_action,MAP_REVEAL_AT_WAYPOINT,GeneralsMD/Code/GameEngine/Include/GameLogic/Scripts.h,games/generalszh/scripting;games/generalszh/session;engine/gameplay,games/generalszh/scripting/player_vocabulary.cppm;games/generalszh/session/script_bridge.cppm;engine/gameplay/rts/vision/resources/shroud_map.cppm,games/generalszh/scripting/player_vocabulary.test;games/generalszh/session/skirmish_start.test,ported,,shellmap,"doShroudReveal then undo at once; empty/unknown player: every human player (getHumanPlayerMask, defined OR form)"
script_action:MAP_REVEAL_PERMANENTLY_AT_WAYPOINT,script_action,MAP_REVEAL_PERMANENTLY_AT_WAYPOINT,GeneralsMD/Code/GameEngine/Include/GameLogic/Scripts.h,games/generalszh/scripting;games/generalszh/session;engine/gameplay,games/generalszh/scripting/player_vocabulary.cppm;games/generalszh/session/script_bridge.cppm;engine/gameplay/rts/vision/resources/shroud_map.cppm,games/generalszh/scripting/player_vocabulary.test;games/generalszh/session/skirmish_start.test,ported,,shellmap,"ScriptEngine named reveal (create keeps an existing name) then doNamedMapReveal; empty/unknown player: every human player (getHumanPlayerMask, defined OR form)"
script_action:MAP_SHROUD_ALL,script_action,MAP_SHROUD_ALL,GeneralsMD/Code/GameEngine/Include/GameLogic/Scripts.h,games/generalszh/scripting;games/generalszh/session;engine/gameplay,games/generalszh/scripting/player_vocabulary.cppm;games/generalszh/session/script_bridge.cppm;engine/gameplay/rts/vision/resources/shroud_map.cppm,games/generalszh/scripting/player_vocabulary.test;games/generalszh/session/skirmish_start.test,ported,,shellmap,"shroudMapForPlayer (pending unlooks first); empty/unknown player: every human player (getHumanPlayerMask, defined OR form)"
script_action:MAP_SHROUD_AT_WAYPOINT,script_action,MAP_SHROUD_AT_WAYPOINT,GeneralsMD/Code/GameEngine/Include/GameLogic/Scripts.h,games/generalszh/scripting;games/generalszh/session;engine/gameplay,games/generalszh/scripting/player_vocabulary.cppm;games/generalszh/session/script_bridge.cppm;engine/gameplay/rts/vision/resources/shroud_map.cppm,games/generalszh/scripting/player_vocabulary.test;games/generalszh/session/skirmish_start.test,ported,,shellmap,"doShroudCover then undo at once; empty/unknown player: every human player (getHumanPlayerMask, defined OR form)"
script_action:MAP_SWITCH_BORDER,script_action,MAP_SWITCH_BORDER,GeneralsMD/Code/GameEngine/Include/GameLogic/Scripts.h,games/generalszh/scripting;games/generalszh/session;engine/gameplay;games/generalszh/hosts,games/generalszh/scripting/player_vocabulary.cppm;games/generalszh/session/script_bridge.cppm;engine/gameplay/rts/vision/resources/shroud_map.cppm;engine/gameplay/common/spatial/resources/ground_height.cppm;games/generalszh/session/session_checkpoint.cpp;games/generalszh/hosts/game/game_client.cpp,engine/gameplay/rts/vision/vision.test,ported,,campaign,"TerrainLogic::setActiveBoundary: a boundary the level has, not the active one, with an extent; getExtent follows it; the shroud remade over it (pending unlooks done, fog kept, the objects' looks forgotten so what they saw stays revealed for good, restoreFoggedCells with its early return), the objects look again; the camera keeps within it; checkpointed. Not yet: the radar picture remade (Radar::newMap), OFF_MAP status recomputed"
script_action:MAP_UNDO_REVEAL_PERMANENTLY_AT_WAYPOINT,script_action,MAP_UNDO_REVEAL_PERMANENTLY_AT_WAYPOINT,GeneralsMD/Code/GameEngine/Include/GameLogic/Scripts.h,games/generalszh/scripting;games/generalszh/session;engine/gameplay,games/generalszh/scripting/player_vocabulary.cppm;games/generalszh/session/script_bridge.cppm;engine/gameplay/rts/vision/resources/shroud_map.cppm,games/generalszh/scripting/player_vocabulary.test;games/generalszh/session/skirmish_start.test,ported,,shellmap,"undoNamedMapReveal then remove; empty/unknown player: every human player (getHumanPlayerMask, defined OR form)"
script_action:MOVE_CAMERA_ALONG_WAYPOINT_PATH,script_action,MOVE_CAMERA_ALONG_WAYPOINT_PATH,GeneralsMD/Code/GameEngine/Include/GameLogic/Scripts.h,engine/camera;games/generalszh/scripting,engine/camera/model/rts_camera.cppm;games/generalszh/scripting/camera_vocabulary.cppm,engine/camera/camera.test;games/generalszh/scripting/core_vocabulary.test,ported,,shellmap,script queues CameraScriptCommands; host applies them to engine::camera::RtsCamera
script_action:MOVE_CAMERA_TO,script_action,MOVE_CAMERA_TO,GeneralsMD/Code/GameEngine/Include/GameLogic/Scripts.h,engine/camera;games/generalszh/scripting,engine/camera/model/rts_camera.cppm;games/generalszh/scripting/camera_vocabulary.cppm,engine/camera/camera.test;games/generalszh/scripting/core_vocabulary.test,ported,,shellmap,script queues CameraScriptCommands; host applies them to engine::camera::RtsCamera
script_action:MOVE_CAMERA_TO_SELECTION,script_action,MOVE_CAMERA_TO_SELECTION,GeneralsMD/Code/GameEngine/Include/GameLogic/Scripts.h,games/generalszh/scripting;games/generalszh/presentation;games/generalszh/hosts,games/generalszh/scripting/camera_vocabulary.cppm;games/generalszh/presentation/camera/algorithms/selection_focus.cppm;games/generalszh/hosts/game/game_client.cpp,games/generalszh/presentation/camera/camera_effects.test;games/generalszh/scripting/core_vocabulary.test,ported,,campaign,"doModCameraMoveToSelection: the selected drawables' positions (as last drawn, in drawn order) averaged; cameraModFinalMoveTo there; none selected: nothing."
script_action:MOVE_NAMED_UNIT_TO,script_action,MOVE_NAMED_UNIT_TO,GeneralsMD/Code/GameEngine/Include/GameLogic/Scripts.h,games/generalszh/scripting;games/generalszh/session;games/generalszh/gameplay,games/generalszh/scripting/unit_vocabulary.cppm;games/generalszh/session/script_bridge.cppm;games/generalszh/gameplay/orders/algorithms/unit_orders.cppm,games/generalszh/session/session.test,ported,,shellmap,
script_action:MOVE_TEAM_TO,script_action,MOVE_TEAM_TO,GeneralsMD/Code/GameEngine/Include/GameLogic/Scripts.h,games/generalszh/scripting;games/generalszh/session;games/generalszh/gameplay;engine/gameplay,games/generalszh/scripting/unit_vocabulary.cppm;games/generalszh/session/script_bridge.cppm;games/generalszh/gameplay/teams/algorithms/team_actions.cppm;games/generalszh/gameplay/orders/algorithms/group_orders.cppm;engine/gameplay/rts/movement/algorithms/formation_layout.cppm,games/generalszh/scripting/unit_vocabulary.test;games/generalszh/session/reinforcements.test;engine/gameplay/rts/movement/movement.test,in_progress,,skirmish,"doMoveToWaypoint: the team as an AIGroup (newest first) -> groupMoveToPosition (GroupMoveToPosition): waypoint clamp margins, formation slots (planFormation, fixed point) for more than one mobile ground infantry/vehicle, computeIndividualDestination for the rest, ordered nearest first. Not yet: friend_moveInfantryToPos / friend_moveVehicleToPos columns (a failed or one-unit formation), groupTightenToPosition's approach path."
script_action:MOVIE_PLAY_FULLSCREEN,script_action,MOVIE_PLAY_FULLSCREEN,GeneralsMD/Code/GameEngine/Include/GameLogic/Scripts.h,games/generalszh/scripting;games/generalszh/hosts,games/generalszh/scripting/presentation_vocabulary.cppm;games/generalszh/hosts/game/game_client.cpp;games/generalszh/hosts/game/main.cpp;games/generalszh/hosts/game/movie_player.cppm,games/generalszh/scripting/core_vocabulary.test,ported,,campaign,"doMoviePlayFullScreen (Display::playMovie): the movie full screen over everything, with its sound, Esc skipping it (the host's MoviePlayer): legacy_parity_movie_actions_ask_for_their_movie"
script_action:MOVIE_PLAY_RADAR,script_action,MOVIE_PLAY_RADAR,GeneralsMD/Code/GameEngine/Include/GameLogic/Scripts.h,games/generalszh/scripting;games/generalszh/hosts,games/generalszh/scripting/presentation_vocabulary.cppm;games/generalszh/hosts/game/game_client.cpp;games/generalszh/hosts/game/main.cpp;games/generalszh/hosts/game/movie_player.cppm,games/generalszh/scripting/core_vocabulary.test,ported,,campaign,doMoviePlayRadar (InGameUI::playMovie): in this original the same full-screen slot as MOVIE_PLAY_FULLSCREEN: legacy_parity_movie_actions_ask_for_their_movie
script_action:MUSIC_SET_TRACK,script_action,MUSIC_SET_TRACK,GeneralsMD/Code/GameEngine/Include/GameLogic/Scripts.h,games/generalszh/scripting;games/generalszh/presentation,games/generalszh/scripting/presentation_vocabulary.cppm;games/generalszh/presentation/audio/systems/audio_systems.cppm,games/generalszh/scripting/core_vocabulary.test;games/generalszh/presentation/audio/audio_systems.test,ported,,shellmap,
script_action:MUSIC_SET_VOLUME,script_action,MUSIC_SET_VOLUME,GeneralsMD/Code/GameEngine/Include/GameLogic/Scripts.h,games/generalszh/scripting;games/generalszh/presentation,games/generalszh/scripting/presentation_vocabulary.cppm;games/generalszh/presentation/audio/systems/audio_systems.cppm,games/generalszh/scripting/core_vocabulary.test;games/generalszh/presentation/audio/audio_systems.test,ported,,shellmap,
script_action:NAMED_ADD_SPECIAL_POWER_COUNTDOWN,script_action,NAMED_ADD_SPECIAL_POWER_COUNTDOWN,GeneralsMD/Code/GameEngine/Include/GameLogic/Scripts.h,games/generalszh/scripting;games/generalszh/session;games/generalszh/gameplay,games/generalszh/scripting/unit_vocabulary.cppm;games/generalszh/session/script_bridge.cppm;games/generalszh/gameplay/powers/algorithms/special_power_state.cppm,games/generalszh/scripting/unit_vocabulary.test;games/generalszh/session/script_objects.test,ported,,campaign,2026-09-27: the unit's module for the power: setReadyFrame(getReadyFrame() + 30 x seconds).
script_action:NAMED_APPLY_ATTACK_PRIORITY_SET,script_action,NAMED_APPLY_ATTACK_PRIORITY_SET,GeneralsMD/Code/GameEngine/Include/GameLogic/Scripts.h,engine/gameplay;games/generalszh/scripting;games/generalszh/session;games/generalszh/content,engine/gameplay/rts/combat/resources/attack_priorities.cppm;engine/gameplay/rts/combat/systems/targeting_system.cppm;engine/gameplay/rts/combat/components/aggression.cppm;games/generalszh/scripting/unit_vocabulary.cppm;games/generalszh/session/script_bridge.cppm;games/generalszh/session/session_checkpoint.cpp;games/generalszh/content/ai/ai_data.cppm,games/generalszh/scripting/unit_vocabulary.test;games/generalszh/session/create_modules.test,ported,,skirmish,"updateNamedAttackPrioritySet: the unit picks targets by the set (unknown: the default, nearest first). Targets are then picked as AI::findClosestEnemy with the set: nearest first (bounding circles), each priority (0: never) less one per AttackPriorityDistanceModifier (100) of distance, at least 1, the greatest kept (a tie to the greater priority). Not yet: a container's priority raised to what it holds."
script_action:NAMED_ATTACK_AREA,script_action,NAMED_ATTACK_AREA,GeneralsMD/Code/GameEngine/Include/GameLogic/Scripts.h,engine/gameplay;games/generalszh/scripting;games/generalszh/session;games/generalszh/gameplay,engine/gameplay/common/areas/resources/trigger_areas.cppm;engine/gameplay/common/areas/components/area_presence.cppm;games/generalszh/gameplay/scripts/algorithms/trigger_area_queries.cppm;games/generalszh/scripting/unit_vocabulary.cppm;games/generalszh/session/script_bridge.cppm;engine/gameplay/rts/combat/systems/targeting_system.cppm;engine/gameplay/rts/combat/components/aggression.cppm,games/generalszh/scripting/unit_vocabulary.test;games/generalszh/session/create_modules.test,ported,,skirmish,aiAttackArea for one unit (AIAttackAreaState). Scans on the unit's own scan interval rather than ENEMY_SCAN_RATE.
script_action:NAMED_ATTACK_NAMED,script_action,NAMED_ATTACK_NAMED,GeneralsMD/Code/GameEngine/Include/GameLogic/Scripts.h,games/generalszh/scripting;games/generalszh/session;games/generalszh/gameplay;engine/gameplay,games/generalszh/scripting/unit_vocabulary.cppm;games/generalszh/session/script_bridge.cppm;games/generalszh/gameplay/orders/algorithms/unit_orders.cppm;engine/gameplay/rts/combat/systems/targeting_system.cppm;engine/gameplay/rts/combat/systems/weapon_system.cppm;engine/gameplay/rts/combat/systems/impact_system.cppm,games/generalszh/session/session.test;engine/gameplay/rts/combat/combat.test,ported,,shellmap,
script_action:NAMED_ATTACK_TEAM,script_action,NAMED_ATTACK_TEAM,GeneralsMD/Code/GameEngine/Include/GameLogic/Scripts.h,games/generalszh/scripting;games/generalszh/session;games/generalszh/gameplay,games/generalszh/scripting/unit_vocabulary.cppm;games/generalszh/session/script_bridge.cppm;games/generalszh/gameplay/ai/components/attack_squad.cppm;games/generalszh/gameplay/ai/systems/attack_squad_system.cppm;games/generalszh/gameplay/ai/algorithms/attack_squads.cppm;games/generalszh/session/session_checkpoint.cpp,games/generalszh/scripting/unit_vocabulary.test;games/generalszh/session/script_objects.test,ported,,campaign,"2026-09-27: aiAttackTeam: AIAttackSquadState (AttackSquad + AttackSquadSystem): the team as ordered (squadFromTeam), victims by mood and difficulty (easy random selectable, normal nearest, hard first; a player order hard), done: idle. Crate pickup in between is not ported."
script_action:NAMED_CUSTOM_COLOR,script_action,NAMED_CUSTOM_COLOR,GeneralsMD/Code/GameEngine/Include/GameLogic/Scripts.h,games/generalszh/scripting;games/generalszh/session;games/generalszh/gameplay;games/generalszh/presentation;engine/gameplay,games/generalszh/scripting/unit_vocabulary.cppm;games/generalszh/session/script_bridge.cppm;games/generalszh/gameplay/scripts/algorithms/object_edits.cppm;engine/gameplay/common/appearance/components/indicator_color.cppm;games/generalszh/presentation/objects/systems/object_presentation_systems.cppm,games/generalszh/scripting/unit_vocabulary.test;games/generalszh/session/script_objects.test,ported,,campaign,"doNamedCustomColor -> setCustomIndicatorColor: the object is drawn in that colour in place of its player colour (getIndicatorColor; 0: the player colour); kept in IndicatorColor, checkpointed."
script_action:NAMED_DAMAGE,script_action,NAMED_DAMAGE,GeneralsMD/Code/GameEngine/Include/GameLogic/Scripts.h,games/generalszh/scripting;games/generalszh/session;games/generalszh/gameplay,games/generalszh/scripting/unit_vocabulary.cppm;games/generalszh/session/script_bridge.cppm;games/generalszh/gameplay/teams/algorithms/team_actions.cppm;games/generalszh/gameplay/lifecycle/algorithms/retire_now.cppm,games/generalszh/scripting/unit_vocabulary.test,ported,,skirmish,"doNamedDamage: the amount of DAMAGE_UNRESISTABLE, DEATH_NORMAL, from no one, in the next tick (PendingDamage)."
script_action:NAMED_DELETE,script_action,NAMED_DELETE,GeneralsMD/Code/GameEngine/Include/GameLogic/Scripts.h,games/generalszh/scripting;games/generalszh/session;games/generalszh/gameplay;engine/gameplay,games/generalszh/scripting/unit_vocabulary.cppm;games/generalszh/session/script_bridge.cppm;games/generalszh/gameplay/lifecycle/algorithms/retire_now.cppm;engine/gameplay/rts/lifecycle/algorithms/retirement.cppm,games/generalszh/session/session.test;engine/gameplay/rts/lifecycle/lifecycle.test,ported,,shellmap,
script_action:NAMED_ENTER_NAMED,script_action,NAMED_ENTER_NAMED,GeneralsMD/Code/GameEngine/Include/GameLogic/Scripts.h,games/generalszh/gameplay;games/generalszh/scripting;games/generalszh/session,games/generalszh/scripting/unit_vocabulary.cppm;games/generalszh/session/script_bridge.cppm;games/generalszh/gameplay/scripts/algorithms/unit_script_orders.cppm,games/generalszh/scripting/unit_vocabulary.test,ported,,campaign,"doNamedEnterNamed: normal locomotors, aiEnter"
script_action:NAMED_EXIT_ALL,script_action,NAMED_EXIT_ALL,GeneralsMD/Code/GameEngine/Include/GameLogic/Scripts.h,games/generalszh/scripting;games/generalszh/session;games/generalszh/gameplay;engine/gameplay,games/generalszh/scripting/unit_vocabulary.cppm;games/generalszh/session/script_bridge.cppm;games/generalszh/gameplay/orders/algorithms/unit_orders.cppm;engine/gameplay/rts/containment/systems/boarding_system.cppm;engine/gameplay/rts/containment/systems/unloading_system.cppm;engine/gameplay/rts/containment/systems/cargo_transfer_system.cppm,games/generalszh/session/session.test;engine/gameplay/rts/containment/containment.test,ported,,shellmap,
script_action:NAMED_EXIT_BUILDING,script_action,NAMED_EXIT_BUILDING,GeneralsMD/Code/GameEngine/Include/GameLogic/Scripts.h,engine/gameplay;games/generalszh/gameplay;games/generalszh/scripting;games/generalszh/session,games/generalszh/scripting/unit_vocabulary.cppm;games/generalszh/session/script_bridge.cppm;games/generalszh/gameplay/scripts/algorithms/unit_script_orders.cppm;engine/gameplay/rts/containment/components/transport.cppm;engine/gameplay/rts/containment/systems/unloading_system.cppm;engine/gameplay/rts/containment/systems/cargo_transfer_system.cppm,games/generalszh/scripting/unit_vocabulary.test;games/generalszh/session/script_objects.test,ported,,campaign,aiExit: ExitIntent served when the exit is free (a carrier that must land comes down)
script_action:NAMED_FACE_NAMED,script_action,NAMED_FACE_NAMED,GeneralsMD/Code/GameEngine/Include/GameLogic/Scripts.h,engine/gameplay;games/generalszh/gameplay;games/generalszh/scripting;games/generalszh/session,games/generalszh/scripting/unit_vocabulary.cppm;games/generalszh/session/script_bridge.cppm;games/generalszh/gameplay/scripts/algorithms/unit_script_orders.cppm;engine/gameplay/rts/movement/components/move_order.cppm;engine/gameplay/rts/movement/components/face_target.cppm;engine/gameplay/rts/movement/systems/face_target_system.cppm;engine/gameplay/rts/movement/systems/movement_system.cppm,games/generalszh/scripting/unit_vocabulary.test;games/generalszh/session/script_objects.test,ported,,campaign,aiFacePosition / aiFaceObject (FaceObject mode follows the target; gone: idle); normal locomotors first
script_action:NAMED_FACE_WAYPOINT,script_action,NAMED_FACE_WAYPOINT,GeneralsMD/Code/GameEngine/Include/GameLogic/Scripts.h,engine/gameplay;games/generalszh/gameplay;games/generalszh/scripting;games/generalszh/session,games/generalszh/scripting/unit_vocabulary.cppm;games/generalszh/session/script_bridge.cppm;games/generalszh/gameplay/scripts/algorithms/unit_script_orders.cppm;engine/gameplay/rts/movement/components/move_order.cppm;engine/gameplay/rts/movement/components/face_target.cppm;engine/gameplay/rts/movement/systems/face_target_system.cppm;engine/gameplay/rts/movement/systems/movement_system.cppm,games/generalszh/scripting/unit_vocabulary.test;games/generalszh/session/script_objects.test,ported,,campaign,aiFacePosition / aiFaceObject (FaceObject mode follows the target; gone: idle); normal locomotors first
script_action:NAMED_FIRE_SPECIAL_POWER_AT_NAMED,script_action,NAMED_FIRE_SPECIAL_POWER_AT_NAMED,GeneralsMD/Code/GameEngine/Include/GameLogic/Scripts.h,games/generalszh/scripting;games/generalszh/session;games/generalszh/gameplay,games/generalszh/scripting/unit_vocabulary.cppm;games/generalszh/session/script_bridge.cppm;games/generalszh/gameplay/powers/algorithms/special_power_launch.cppm,games/generalszh/session/cash_powers.test;games/generalszh/session/special_abilities.test,ported,,skirmish,"doNamedFireSpecialPowerAtNamed: straight to the unit's module (doSpecialPowerAtObject, COMMAND_FIRED_BY_SCRIPT): no science or readiness asked. CashHackSpecialPower and SpecialAbility (its SpecialAbilityUpdate: infantry and Black Lotus captures) act on objects so far."
script_action:NAMED_FIRE_SPECIAL_POWER_AT_WAYPOINT,script_action,NAMED_FIRE_SPECIAL_POWER_AT_WAYPOINT,GeneralsMD/Code/GameEngine/Include/GameLogic/Scripts.h,games/generalszh/scripting;games/generalszh/session;games/generalszh/gameplay,games/generalszh/scripting/unit_vocabulary.cppm;games/generalszh/session/script_bridge.cppm;games/generalszh/gameplay/powers/algorithms/special_power_launch.cppm,games/generalszh/session/session.test,in_progress,,shellmap,OCL special powers (DeliverPayload runs); other special power modules pending
script_action:NAMED_FIRE_WEAPON_FOLLOWING_WAYPOINT_PATH,script_action,NAMED_FIRE_WEAPON_FOLLOWING_WAYPOINT_PATH,GeneralsMD/Code/GameEngine/Include/GameLogic/Scripts.h,,,,not_started,,,
script_action:NAMED_FLASH,script_action,NAMED_FLASH,GeneralsMD/Code/GameEngine/Include/GameLogic/Scripts.h,games/generalszh/scripting;games/generalszh/presentation;games/generalszh/hosts;games/generalszh/session,games/generalszh/scripting/presentation_vocabulary.cppm;games/generalszh/presentation/objects/components/object_presentation.cppm;games/generalszh/presentation/objects/systems/script_flash_systems.cppm;games/generalszh/hosts/game/game_client.cpp;games/generalszh/session/session.cppm,games/generalszh/presentation/objects/vehicle_motion.test,ported,,campaign,"doNamedFlash: for some seconds, 30 * seconds / 15 flashes of the unit's tint in its indicator colour (a script's, else its player's), one each 15th frame"
script_action:NAMED_FLASH_WHITE,script_action,NAMED_FLASH_WHITE,GeneralsMD/Code/GameEngine/Include/GameLogic/Scripts.h,games/generalszh/scripting;games/generalszh/presentation;games/generalszh/hosts;games/generalszh/session,games/generalszh/scripting/presentation_vocabulary.cppm;games/generalszh/presentation/objects/components/object_presentation.cppm;games/generalszh/presentation/objects/systems/script_flash_systems.cppm;games/generalszh/hosts/game/game_client.cpp;games/generalszh/session/session.cppm,games/generalszh/presentation/objects/vehicle_motion.test,ported,,campaign,doNamedFlash in white
script_action:NAMED_FOLLOW_WAYPOINTS,script_action,NAMED_FOLLOW_WAYPOINTS,GeneralsMD/Code/GameEngine/Include/GameLogic/Scripts.h,games/generalszh/scripting;games/generalszh/session;games/generalszh/gameplay,games/generalszh/scripting/unit_vocabulary.cppm;games/generalszh/session/script_bridge.cppm;games/generalszh/gameplay/orders/algorithms/unit_orders.cppm,games/generalszh/session/session.test,ported,,shellmap,
script_action:NAMED_FOLLOW_WAYPOINTS_EXACT,script_action,NAMED_FOLLOW_WAYPOINTS_EXACT,GeneralsMD/Code/GameEngine/Include/GameLogic/Scripts.h,games/generalszh/scripting;games/generalszh/session;games/generalszh/gameplay;engine/gameplay,games/generalszh/scripting/unit_vocabulary.cppm;games/generalszh/session/script_bridge.cppm;games/generalszh/gameplay/orders/algorithms/unit_orders.cppm;games/generalszh/gameplay/teams/algorithms/team_actions.cppm;engine/gameplay/rts/movement/components/move_order.cppm;engine/gameplay/rts/movement/systems/movement_system.cppm,games/generalszh/scripting/unit_vocabulary.test;engine/gameplay/rts/movement/movement.test,in_progress,,campaign,"2026-09-27: aiFollowWaypointPathExact: MoveMode::PathExact, straight between waypoints along each one's first link (setPathFromWaypoint). Not yet: moving as a group at the group's speed, allowing invalid (off-map) positions, pathing through units."
script_action:NAMED_GARRISON_NEAREST_BUILDING,script_action,NAMED_GARRISON_NEAREST_BUILDING,GeneralsMD/Code/GameEngine/Include/GameLogic/Scripts.h,games/generalszh/scripting;games/generalszh/session;games/generalszh/gameplay,games/generalszh/scripting/unit_vocabulary.cppm;games/generalszh/session/script_bridge.cppm;games/generalszh/gameplay/containment/algorithms/garrisons.cppm,games/generalszh/scripting/unit_vocabulary.test;games/generalszh/session/create_modules.test,ported,,campaign,The nearest open garrison (PartitionFilterGarrisonableByPlayer). The money-hacker Internet Center filter is not ported yet.
script_action:NAMED_GARRISON_SPECIFIC_BUILDING,script_action,NAMED_GARRISON_SPECIFIC_BUILDING,GeneralsMD/Code/GameEngine/Include/GameLogic/Scripts.h,games/generalszh/scripting;games/generalszh/session;games/generalszh/gameplay,games/generalszh/scripting/unit_vocabulary.cppm;games/generalszh/session/script_bridge.cppm;games/generalszh/gameplay/containment/algorithms/garrisons.cppm,games/generalszh/scripting/unit_vocabulary.test;games/generalszh/session/create_modules.test,ported,,campaign,Its infantry enter while there is room. The money-hacker Internet Center filter is not ported yet.
script_action:NAMED_GUARD,script_action,NAMED_GUARD,GeneralsMD/Code/GameEngine/Include/GameLogic/Scripts.h,games/generalszh/gameplay;games/generalszh/scripting;games/generalszh/session,games/generalszh/scripting/unit_vocabulary.cppm;games/generalszh/session/script_bridge.cppm;games/generalszh/gameplay/scripts/algorithms/unit_script_orders.cppm;games/generalszh/gameplay/ai/components/guard.cppm;games/generalszh/gameplay/ai/systems/guard_system.cppm;games/generalszh/gameplay/ai/algorithms/guards.cppm,games/generalszh/scripting/unit_vocabulary.test;games/generalszh/session/guards.test,ported,,campaign,"doNamedGuard: aiGuardPosition where it stands on its normal locomotors. AIGuardMachine (GuardSystem, retail: struck-back on inner/return/idle): inner -> outer -> return at start, return moves back looking out every GuardEnemyReturnScanRate, idle looks every GuardEnemyScanRate (and returns when a guarded object moved over two cells), inner/outer/aggressor attack with ExitConditions (inner guard range; outer range for the chase duration, restarted within the inner range). Not yet: area guards, enter/hijack guards, crate pick-up."
script_action:NAMED_HIDE_SPECIAL_POWER_DISPLAY,script_action,NAMED_HIDE_SPECIAL_POWER_DISPLAY,GeneralsMD/Code/GameEngine/Include/GameLogic/Scripts.h,engine/gameplay;games/generalszh/scripting;games/generalszh/session,engine/gameplay/rts/powers/algorithms/special_power_timing.cppm;games/generalszh/scripting/unit_vocabulary.cppm;games/generalszh/session/script_bridge.cppm,games/generalszh/hud/superweapon_timers.test,ported,,skirmish,hideObjectSuperweaponDisplayByScript: the named unit's countdowns already on screen hide (checkpointed on its timers)
script_action:NAMED_HUNT,script_action,NAMED_HUNT,GeneralsMD/Code/GameEngine/Include/GameLogic/Scripts.h,games/generalszh/scripting;games/generalszh/session;games/generalszh/gameplay,games/generalszh/scripting/unit_vocabulary.cppm;games/generalszh/scripting/script_parameters.cppm;games/generalszh/session/script_bridge.cppm;games/generalszh/gameplay/teams/algorithms/team_actions.cppm,games/generalszh/scripting/unit_vocabulary.test;games/generalszh/session/script_objects.test,ported,,campaign,"2026-09-27: doNamedHunt: aiHunt (Hunt stance), CMD_FROM_SCRIPT."
script_action:NAMED_KILL,script_action,NAMED_KILL,GeneralsMD/Code/GameEngine/Include/GameLogic/Scripts.h,games/generalszh/scripting;games/generalszh/session;games/generalszh/gameplay;engine/gameplay,games/generalszh/scripting/unit_vocabulary.cppm;games/generalszh/session/script_bridge.cppm;games/generalszh/gameplay/lifecycle/algorithms/retire_now.cppm;engine/gameplay/rts/lifecycle/systems/removal_system.cppm,games/generalszh/session/session.test;engine/gameplay/rts/lifecycle/lifecycle.test,ported,,shellmap,"2026-09-30: 2026-10-01: Object::kill is damage: an immortal body (ImmortalBody, HealthFloor) keeps its point and takes the rest as unresistable damage, so its damage reactions run (the shell map battleship targets' FireWeaponWhenDamaged blast); dealt with the next tick's damage (a tick after the original). session.test legacy_parity_the_shell_maps_battleship_targets_explode_as_scripts_kill_them."
script_action:NAMED_RECEIVE_UPGRADE,script_action,NAMED_RECEIVE_UPGRADE,GeneralsMD/Code/GameEngine/Include/GameLogic/Scripts.h,games/generalszh/scripting;games/generalszh/gameplay,games/generalszh/scripting/unit_vocabulary.cppm;games/generalszh/gameplay/upgrades/algorithms/grant_upgrade.cppm,games/generalszh/scripting/unit_vocabulary.test;games/generalszh/session/session.test,ported,,campaign,ScriptActions::doUnitReceiveUpgrade: the named unit gets the upgrade as its own (Object::giveUpgrade) and looks at its triggers
script_action:NAMED_SET_ATTITUDE,script_action,NAMED_SET_ATTITUDE,GeneralsMD/Code/GameEngine/Include/GameLogic/Scripts.h,games/generalszh/scripting;games/generalszh/session;games/generalszh/gameplay;engine/gameplay,games/generalszh/scripting/unit_vocabulary.cppm;games/generalszh/session/script_bridge.cppm;games/generalszh/gameplay/teams/algorithms/team_actions.cppm;engine/gameplay/rts/combat/components/aggression.cppm;engine/gameplay/rts/combat/resources/mood_ranges.cppm;engine/gameplay/rts/combat/systems/targeting_system.cppm,games/generalszh/scripting/unit_vocabulary.test;engine/gameplay/rts/combat/combat.test,in_progress,,skirmish,2026-09-27: updateNamedSetAttitude (see TEAM_SET_ATTITUDE).
script_action:NAMED_SET_BOOBYTRAPPED,script_action,NAMED_SET_BOOBYTRAPPED,GeneralsMD/Code/GameEngine/Include/GameLogic/Scripts.h,games/generalszh/scripting;games/generalszh/session;games/generalszh/gameplay,games/generalszh/scripting/unit_vocabulary.cppm;games/generalszh/session/script_bridge.cppm;games/generalszh/gameplay/abilities/algorithms/special_objects.cppm,games/generalszh/scripting/unit_vocabulary.test;games/generalszh/session/special_abilities.test,ported,,skirmish,"doNamedSetBoobytrapped / doTeamSetBoobytrapped (members newest first): the object type made on the unit's team; with a StickyBombUpdate stuck on the unit at GeometryInfo::makeRandomOffsetOnPerimeter (a box's edge; a sphere or cylinder its middle), turned and moved as the unit is, on the ground (initStickyBomb)."
script_action:NAMED_SET_EMOTICON,script_action,NAMED_SET_EMOTICON,GeneralsMD/Code/GameEngine/Include/GameLogic/Scripts.h,,,,not_started,,,
script_action:NAMED_SET_EVAC_LEFT_OR_RIGHT,script_action,NAMED_SET_EVAC_LEFT_OR_RIGHT,GeneralsMD/Code/GameEngine/Include/GameLogic/Scripts.h,games/generalszh/scripting;games/generalszh/session;engine/gameplay,games/generalszh/scripting/unit_vocabulary.cppm;games/generalszh/session/script_bridge.cppm;engine/gameplay/rts/containment/components/garrison.cppm;engine/gameplay/rts/containment/systems/cargo_transfer_system.cppm,games/generalszh/session/garrison_exits.test,ported,garrison_exits legacy parity,campaign,"doNamedSetGarrisonEvacDisposition -> GarrisonContain::setEvacDisposition: occupants leave to the building left (1) or right (2) at a random spot beside it (within a quarter of its half length, half to twice its half width out) and walk on ten half widths out; 0 bursts from the centre as before."
script_action:NAMED_SET_HELD,script_action,NAMED_SET_HELD,GeneralsMD/Code/GameEngine/Include/GameLogic/Scripts.h,games/generalszh/scripting;games/generalszh/session;games/generalszh/gameplay,games/generalszh/scripting/unit_vocabulary.cppm;games/generalszh/session/script_bridge.cppm;games/generalszh/gameplay/orders/algorithms/unit_orders.cppm,games/generalszh/session/session.test,ported,,shellmap,
script_action:NAMED_SET_REPULSOR,script_action,NAMED_SET_REPULSOR,GeneralsMD/Code/GameEngine/Include/GameLogic/Scripts.h,games/generalszh/gameplay;games/generalszh/scripting;games/generalszh/session,games/generalszh/scripting/unit_vocabulary.cppm;games/generalszh/session/script_bridge.cppm;games/generalszh/gameplay/scripts/algorithms/unit_script_orders.cppm;games/generalszh/gameplay/ai/algorithms/repulsion.cppm,games/generalszh/scripting/unit_vocabulary.test;games/generalszh/session/script_objects.test,ported,,campaign,OBJECT_STATUS_REPULSOR; ObjectRepulsorHelper clears it 2 s after it went on for CAN_BE_REPULSED objects
script_action:NAMED_SET_SPECIAL_POWER_COUNTDOWN,script_action,NAMED_SET_SPECIAL_POWER_COUNTDOWN,GeneralsMD/Code/GameEngine/Include/GameLogic/Scripts.h,games/generalszh/scripting;games/generalszh/session;games/generalszh/gameplay,games/generalszh/scripting/unit_vocabulary.cppm;games/generalszh/session/script_bridge.cppm;games/generalszh/gameplay/powers/algorithms/special_power_state.cppm,games/generalszh/scripting/unit_vocabulary.test;games/generalszh/session/script_objects.test,ported,,campaign,2026-09-27: the unit's module for the power: setReadyFrame(now + 30 x seconds).
script_action:NAMED_SET_STEALTH_ENABLED,script_action,NAMED_SET_STEALTH_ENABLED,GeneralsMD/Code/GameEngine/Include/GameLogic/Scripts.h,engine/gameplay;games/generalszh/gameplay;games/generalszh/scripting;games/generalszh/session,games/generalszh/scripting/unit_vocabulary.cppm;games/generalszh/session/script_bridge.cppm;games/generalszh/gameplay/scripts/algorithms/unit_script_orders.cppm;engine/gameplay/common/status/components/script_status.cppm;engine/gameplay/rts/stealth/systems/stealth_system.cppm,games/generalszh/scripting/unit_vocabulary.test;games/generalszh/session/script_objects.test,ported,,campaign,OBJECT_STATUS_SCRIPT_UNSTEALTHED blocks allowedToStealth
script_action:NAMED_SET_STOPPING_DISTANCE,script_action,NAMED_SET_STOPPING_DISTANCE,GeneralsMD/Code/GameEngine/Include/GameLogic/Scripts.h,games/generalszh/scripting;games/generalszh/session;games/generalszh/gameplay,games/generalszh/scripting/unit_vocabulary.cppm;games/generalszh/session/script_bridge.cppm;games/generalszh/gameplay/scripts/algorithms/unit_script_orders.cppm,games/generalszh/scripting/unit_vocabulary.test;games/generalszh/session/create_modules.test,ported,,campaign,"doNamedSetStoppingDistance: the current locomotor's close-enough distance (a unit with an AI and a locomotor; under 0.5 nothing). Note: the port's locomotor is a copy of the definition, so a locomotor set change resets it where the original kept each set's own: legacy_parity_factory_and_stopping_distance_actions_reach_the_host, legacy_parity_scripts_switch_factories_and_stopping_distances"
script_action:NAMED_SET_TOPPLE_DIRECTION,script_action,NAMED_SET_TOPPLE_DIRECTION,GeneralsMD/Code/GameEngine/Include/GameLogic/Scripts.h,games/generalszh/scripting;games/generalszh/session;engine/gameplay,games/generalszh/scripting/unit_vocabulary.cppm;games/generalszh/session/script_bridge.cppm;engine/gameplay/rts/topple/components/topple.cppm;engine/gameplay/rts/topple/systems/topple_system.cppm,engine/gameplay/rts/topple/topple.test,ported,,campaign,"ScriptEngine::setToppleDirection / adjustToppleDirection: the named thing, when it topples, falls the script's way in place of the push's (set on what bears the name now; the original matches the name at topple time)"
script_action:NAMED_SET_UNMANNED_STATUS,script_action,NAMED_SET_UNMANNED_STATUS,GeneralsMD/Code/GameEngine/Include/GameLogic/Scripts.h,games/generalszh/gameplay;games/generalszh/presentation;games/generalszh/scripting;games/generalszh/session,games/generalszh/scripting/unit_vocabulary.cppm;games/generalszh/session/script_bridge.cppm;games/generalszh/gameplay/combat/algorithms/unmanned_vehicles.cppm;games/generalszh/gameplay/world/resources/deselections.cppm;games/generalszh/presentation/interaction/systems/interaction_systems.cppm,games/generalszh/scripting/unit_vocabulary.test;games/generalszh/session/script_objects.test,ported,,campaign,"DISABLED_UNMANNED, deselectObject(ALL) via Deselections, neutral default team"
script_action:NAMED_SHOW_SPECIAL_POWER_DISPLAY,script_action,NAMED_SHOW_SPECIAL_POWER_DISPLAY,GeneralsMD/Code/GameEngine/Include/GameLogic/Scripts.h,engine/gameplay;games/generalszh/scripting;games/generalszh/session,engine/gameplay/rts/powers/algorithms/special_power_timing.cppm;games/generalszh/scripting/unit_vocabulary.cppm;games/generalszh/session/script_bridge.cppm,games/generalszh/hud/superweapon_timers.test,ported,,skirmish,showObjectSuperweaponDisplayByScript: the named unit's countdowns already on screen show again (checkpointed on its timers)
script_action:NAMED_START_SPECIAL_POWER_COUNTDOWN,script_action,NAMED_START_SPECIAL_POWER_COUNTDOWN,GeneralsMD/Code/GameEngine/Include/GameLogic/Scripts.h,games/generalszh/scripting;games/generalszh/session;games/generalszh/gameplay,games/generalszh/scripting/unit_vocabulary.cppm;games/generalszh/session/script_bridge.cppm;games/generalszh/gameplay/powers/algorithms/special_power_state.cppm,games/generalszh/scripting/unit_vocabulary.test;games/generalszh/session/script_objects.test,ported,,campaign,2026-09-27: the unit's module for the power: pauseCountdown(false).
script_action:NAMED_STOP,script_action,NAMED_STOP,GeneralsMD/Code/GameEngine/Include/GameLogic/Scripts.h,games/generalszh/scripting;games/generalszh/session;games/generalszh/gameplay,games/generalszh/scripting/unit_vocabulary.cppm;games/generalszh/session/script_bridge.cppm;games/generalszh/gameplay/orders/algorithms/unit_orders.cppm,games/generalszh/scripting/unit_vocabulary.test,ported,,skirmish,doNamedStop: aiIdle (OrderStop).
script_action:NAMED_STOP_SPECIAL_POWER_COUNTDOWN,script_action,NAMED_STOP_SPECIAL_POWER_COUNTDOWN,GeneralsMD/Code/GameEngine/Include/GameLogic/Scripts.h,games/generalszh/scripting;games/generalszh/session;games/generalszh/gameplay,games/generalszh/scripting/unit_vocabulary.cppm;games/generalszh/session/script_bridge.cppm;games/generalszh/gameplay/powers/algorithms/special_power_state.cppm,games/generalszh/scripting/unit_vocabulary.test;games/generalszh/session/script_objects.test,ported,,campaign,2026-09-27: the unit's module for the power: pauseCountdown(true).
script_action:NAMED_TRANSFER_OWNERSHIP_PLAYER,script_action,NAMED_TRANSFER_OWNERSHIP_PLAYER,GeneralsMD/Code/GameEngine/Include/GameLogic/Scripts.h,games/generalszh/scripting;games/generalszh/session;games/generalszh/gameplay,games/generalszh/scripting/unit_vocabulary.cppm;games/generalszh/session/script_bridge.cppm;games/generalszh/gameplay/teams/algorithms/team_actions.cppm,games/generalszh/scripting/unit_vocabulary.test,ported,,skirmish,doNamedTransferAssetsToPlayer: onto the player's default team (setTeam).
script_action:NAMED_USE_COMMANDBUTTON_ABILITY,script_action,NAMED_USE_COMMANDBUTTON_ABILITY,GeneralsMD/Code/GameEngine/Include/GameLogic/Scripts.h,games/generalszh/scripting;games/generalszh/session;games/generalszh/gameplay,games/generalszh/scripting/unit_vocabulary.cppm;games/generalszh/session/script_bridge.cppm;games/generalszh/gameplay/scripts/algorithms/command_button_targets.cppm;games/generalszh/gameplay/orders/algorithms/command_buttons.cppm,games/generalszh/scripting/unit_vocabulary.test;games/generalszh/session/special_abilities.test,ported,,skirmish,"2026-09-27: doNamedUseCommandButtonAbility: each button of the unit's command set (its CommandSetUpgrade one too) so named, in slot order: Object::doCommandButton (CMD_FROM_SCRIPT)."
script_action:NAMED_USE_COMMANDBUTTON_ABILITY_AT_WAYPOINT,script_action,NAMED_USE_COMMANDBUTTON_ABILITY_AT_WAYPOINT,GeneralsMD/Code/GameEngine/Include/GameLogic/Scripts.h,games/generalszh/scripting;games/generalszh/session;games/generalszh/gameplay,games/generalszh/scripting/unit_vocabulary.cppm;games/generalszh/session/script_bridge.cppm;games/generalszh/gameplay/powers/algorithms/special_power_launch.cppm;games/generalszh/gameplay/orders/algorithms/command_buttons.cppm,games/generalszh/session/session.test;games/generalszh/session/attacks.test,ported, legacy_parity_script_command_buttons_fire_weapons_and_attack_move,shellmap,"OCL special powers (DeliverPayload runs); other command button abilities pending 2026-09-30: Object::doCommandButton / doCommandButtonAtObject / doCommandButtonAtPosition complete (command_buttons.cppm): FIRE_WEAPON (no target: its own spot; at an object: isValidObjectTarget, ATTACK_OBJECTS_POSITION; at a position: NEED_TARGET_POS), each locking its slot for now with MaxShotsToFire; COMBATDROP at an object; ATTACK_MOVE, STOP, DOZER_CONSTRUCT (a dozer builds there) and SPECIAL_POWER at a position; the AT_WAYPOINT actions go through doCommandButtonAtPosition (named: each button of its command set so named; team: every member)."
script_action:NAMED_USE_COMMANDBUTTON_ABILITY_ON_NAMED,script_action,NAMED_USE_COMMANDBUTTON_ABILITY_ON_NAMED,GeneralsMD/Code/GameEngine/Include/GameLogic/Scripts.h,games/generalszh/scripting;games/generalszh/session;games/generalszh/gameplay,games/generalszh/scripting/unit_vocabulary.cppm;games/generalszh/session/script_bridge.cppm;games/generalszh/gameplay/scripts/algorithms/command_button_targets.cppm;games/generalszh/gameplay/orders/algorithms/command_buttons.cppm,games/generalszh/scripting/unit_vocabulary.test;games/generalszh/session/special_abilities.test;games/generalszh/session/attacks.test,ported, legacy_parity_script_command_buttons_fire_weapons_and_attack_move,skirmish,"2026-09-27: doNamedUseCommandButtonAbilityOnNamed: each button of the unit's command set so named: Object::doCommandButtonAtObject (SPECIAL_POWER at the object, forced; STOP; hijack/car bomb/sabotage: aiEnter). FIRE_WEAPON at an object and COMBATDROP are not ported yet. 2026-09-30: Object::doCommandButton / doCommandButtonAtObject / doCommandButtonAtPosition complete (command_buttons.cppm): FIRE_WEAPON (no target: its own spot; at an object: isValidObjectTarget, ATTACK_OBJECTS_POSITION; at a position: NEED_TARGET_POS), each locking its slot for now with MaxShotsToFire; COMBATDROP at an object; ATTACK_MOVE, STOP, DOZER_CONSTRUCT (a dozer builds there) and SPECIAL_POWER at a position; the AT_WAYPOINT actions go through doCommandButtonAtPosition (named: each button of its command set so named; team: every member)."
script_action:NAMED_USE_COMMANDBUTTON_ABILITY_USING_WAYPOINT_PATH,script_action,NAMED_USE_COMMANDBUTTON_ABILITY_USING_WAYPOINT_PATH,GeneralsMD/Code/GameEngine/Include/GameLogic/Scripts.h,games/generalszh/scripting;games/generalszh/session;games/generalszh/gameplay;games/generalszh/content,games/generalszh/scripting/unit_vocabulary.cppm;games/generalszh/session/script_bridge.cppm;games/generalszh/gameplay/powers/algorithms/special_power_launch.cppm;games/generalszh/gameplay/powers/algorithms/particle_cannons.cppm;games/generalszh/content/control_bar/command_catalog.cppm,games/generalszh/session/waypoint_powers.test,ported,legacy_parity_a_script_fires_a_particle_cannon_down_a_waypoint_path (MD_GLA03 CINE_ENDTarget),campaign,"doNamedUseCommandButtonAbilityUsingWaypointPath: the path waypoint closest to the unit; each button of its command set so named that has CAN_USE_WAYPOINTS and fires a SPECIAL_POWER goes to doSpecialPowerUsingWaypoints (forced, not while disabled or paused). A particle cannon enters its scripted waypoint mode (ready at once, beam at the waypoint heading down a random link, driven fast from its birth frame); any other power only triggers unless its update module starts the attack (SpectreGunshipDeployment would dereference a null spot in retail; not reproduced)."
script_action:NO_OP,script_action,NO_OP,GeneralsMD/Code/GameEngine/Include/GameLogic/Scripts.h,engine/scripting;games/generalszh/scripting,engine/scripting/runtime/script_runtime.cppm;games/generalszh/scripting/core_vocabulary.cppm,engine/scripting/runtime/script_runtime.test;games/generalszh/scripting/core_vocabulary.test,ported,,shellmap,
script_action:OBJECT_ALLOW_BONUSES,script_action,OBJECT_ALLOW_BONUSES,GeneralsMD/Code/GameEngine/Include/GameLogic/Scripts.h,games/generalszh/scripting;games/generalszh/session;games/generalszh/gameplay,games/generalszh/scripting/unit_vocabulary.cppm;games/generalszh/session/script_bridge.cppm;games/generalszh/gameplay/world/algorithms/difficulty_bonuses.cppm;games/generalszh/gameplay/world/resources/solo_play.cppm,games/generalszh/scripting/unit_vocabulary.test;games/generalszh/session/script_objects.test,ported,,campaign,"doEnableOrDisableObjectDifficultyBonuses: every object sets or clears its difficulty bonus (health PRESERVE_RATIO and SOLO_* weapon bonus, single-player only), and objects created later follow the rule (SoloPlay.bonuses, checkpointed)."
script_action:OBJECT_CREATE_RADAR_EVENT,script_action,OBJECT_CREATE_RADAR_EVENT,GeneralsMD/Code/GameEngine/Include/GameLogic/Scripts.h,games/generalszh/scripting;games/generalszh/presentation;games/generalszh/hosts;games/generalszh/session;engine/graphics,games/generalszh/scripting/presentation_vocabulary.cppm;games/generalszh/hosts/game/game_client.cpp;games/generalszh/hosts/game/main.cpp;games/generalszh/session/session.cppm,games/generalszh/scripting/core_vocabulary.test,ported,,campaign,doObjectRadarCreateEvent: where the named unit is as the script runs
script_action:OBJECT_FORCE_SELECT,script_action,OBJECT_FORCE_SELECT,GeneralsMD/Code/GameEngine/Include/GameLogic/Scripts.h,,,,not_started,,,
script_action:OBJECTLIST_ADDOBJECTTYPE,script_action,OBJECTLIST_ADDOBJECTTYPE,GeneralsMD/Code/GameEngine/Include/GameLogic/Scripts.h,games/generalszh/scripting;games/generalszh/session;games/generalszh/gameplay,games/generalszh/scripting/player_vocabulary.cppm;games/generalszh/session/script_bridge.cppm;games/generalszh/gameplay/scripts/resources/script_records.cppm;games/generalszh/gameplay/scripts/algorithms/object_counting.cppm,games/generalszh/scripting/player_vocabulary.test,ported,,skirmish,"doObjectTypeListMaintenance: named lists of object types (made when first named, gone when emptied), checkpointed."
script_action:OBJECTLIST_REMOVEOBJECTTYPE,script_action,OBJECTLIST_REMOVEOBJECTTYPE,GeneralsMD/Code/GameEngine/Include/GameLogic/Scripts.h,games/generalszh/scripting;games/generalszh/session;games/generalszh/gameplay,games/generalszh/scripting/player_vocabulary.cppm;games/generalszh/session/script_bridge.cppm;games/generalszh/gameplay/scripts/resources/script_records.cppm;games/generalszh/gameplay/scripts/algorithms/object_counting.cppm,games/generalszh/scripting/player_vocabulary.test,ported,,skirmish,"doObjectTypeListMaintenance: named lists of object types (made when first named, gone when emptied), checkpointed."
script_action:OPTIONS_SET_DRAWICON_UI_MODE,script_action,OPTIONS_SET_DRAWICON_UI_MODE,GeneralsMD/Code/GameEngine/Include/GameLogic/Scripts.h,games/generalszh/scripting;games/generalszh/presentation;games/generalszh/hosts,games/generalszh/presentation/objects/systems/promotion_presentation_systems.cppm;games/generalszh/presentation/objects/systems/crate_presentation_systems.cppm,games/generalszh/presentation/objects/vehicle_motion.test,ported,,shellmap,"PresentationFrame.drawIconUi gates promotion feedback (animation and sound) and crate pickup animations, as getDrawIconUI does. The shell map turns it off. 2026-09-28: it also gates the icons over objects (ObjectIconSystem and the host's icon drawing)."
script_action:OPTIONS_SET_OCCLUSION_MODE,script_action,OPTIONS_SET_OCCLUSION_MODE,GeneralsMD/Code/GameEngine/Include/GameLogic/Scripts.h,games/generalszh/scripting;games/generalszh/hosts,games/generalszh/scripting/presentation_vocabulary.cppm;games/generalszh/hosts/game/game_client.cpp,games/generalszh/scripting/core_vocabulary.test,in_progress,,skirmish,recorded (ClientSettings.occlusion: GameLogic::setShowBehindBuildingMarkers); the behind-building markers themselves are not drawn yet.
script_action:OPTIONS_SET_PARTICLE_CAP_MODE,script_action,OPTIONS_SET_PARTICLE_CAP_MODE,GeneralsMD/Code/GameEngine/Include/GameLogic/Scripts.h,,,,not_applicable,,skirmish,"2026-09-29: GameLogic::setShowDynamicLOD only switches the dynamic LOD, which is not ported (the user's decision: no 2003 frame-rate scaling); the action is accepted and does nothing."
script_action:OVERSIZE_TERRAIN,script_action,OVERSIZE_TERRAIN,GeneralsMD/Code/GameEngine/Include/GameLogic/Scripts.h,games/generalszh/scripting,games/generalszh/scripting/camera_vocabulary.cppm,games/generalszh/scripting/core_vocabulary.test,not_applicable,,campaign,doOversizeTheTerrain only grew the block of tiles the W3D height map drew around the camera (and forceRedraw); the port's terrain renderer draws the whole map. The action is accepted and does nothing.
script_action:PITCH_CAMERA,script_action,PITCH_CAMERA,GeneralsMD/Code/GameEngine/Include/GameLogic/Scripts.h,engine/camera;games/generalszh/scripting;games/generalszh/hosts,engine/camera/model/rts_camera.cppm;games/generalszh/scripting/camera_vocabulary.cppm;games/generalszh/hosts/game/game_client.cpp,games/generalszh/scripting/core_vocabulary.test;engine/camera/camera.test,ported,,campaign,"pitchCamera(pitch, seconds*1000, ease*1000)"
script_action:PLAY_SOUND_EFFECT,script_action,PLAY_SOUND_EFFECT,GeneralsMD/Code/GameEngine/Include/GameLogic/Scripts.h,games/generalszh/scripting;games/generalszh/presentation;games/generalszh/hosts;engine/audio,games/generalszh/scripting/presentation_vocabulary.cppm;games/generalszh/presentation/audio/systems/audio_systems.cppm;games/generalszh/presentation/audio/resources/audio_resources.cppm;engine/audio/playback/sound_player.cppm;games/generalszh/hosts/game/game_client.cpp,games/generalszh/scripting/core_vocabulary.test;games/generalszh/presentation/audio/audio_systems.test,ported,,campaign,"doPlaySoundEffect: the local player's sound, heard without a position"
script_action:PLAY_SOUND_EFFECT_AT,script_action,PLAY_SOUND_EFFECT_AT,GeneralsMD/Code/GameEngine/Include/GameLogic/Scripts.h,games/generalszh/scripting;games/generalszh/presentation;games/generalszh/hosts;engine/audio,games/generalszh/scripting/presentation_vocabulary.cppm;games/generalszh/presentation/audio/systems/audio_systems.cppm;games/generalszh/presentation/audio/resources/audio_resources.cppm;engine/audio/playback/sound_player.cppm;games/generalszh/hosts/game/game_client.cpp,games/generalszh/scripting/core_vocabulary.test;games/generalszh/presentation/audio/audio_systems.test,ported,,campaign,"doPlaySoundEffectAt: at the waypoint (none: nothing), the local player's"
script_action:PLAYER_ADD_RANKLEVEL,script_action,PLAYER_ADD_RANKLEVEL,GeneralsMD/Code/GameEngine/Include/GameLogic/Scripts.h,games/generalszh/scripting;games/generalszh/session;games/generalszh/gameplay,games/generalszh/scripting/player_vocabulary.cppm;games/generalszh/session/script_bridge.cppm;games/generalszh/gameplay/sciences/algorithms/general_ranks.cppm,games/generalszh/scripting/player_vocabulary.test;games/generalszh/session/skirmish_start.test,ported,,skirmish,doPlayerAddRankLevels: setRankLevel(rank + levels).
script_action:PLAYER_ADD_SKILLPOINTS,script_action,PLAYER_ADD_SKILLPOINTS,GeneralsMD/Code/GameEngine/Include/GameLogic/Scripts.h,games/generalszh/scripting;games/generalszh/session;games/generalszh/gameplay,games/generalszh/scripting/player_vocabulary.cppm;games/generalszh/session/script_bridge.cppm;games/generalszh/gameplay/sciences/algorithms/general_ranks.cppm,games/generalszh/scripting/player_vocabulary.test;games/generalszh/session/skirmish_start.test,ported,,skirmish,doPlayerAddSkillPoints: Player::addSkillPoints on the player named.
script_action:PLAYER_AFFECT_RECEIVING_EXPERIENCE,script_action,PLAYER_AFFECT_RECEIVING_EXPERIENCE,GeneralsMD/Code/GameEngine/Include/GameLogic/Scripts.h,games/generalszh/scripting;games/generalszh/session;games/generalszh/gameplay,games/generalszh/scripting/player_vocabulary.cppm;games/generalszh/session/script_bridge.cppm;games/generalszh/gameplay/sciences/algorithms/general_ranks.cppm,games/generalszh/scripting/player_vocabulary.test;games/generalszh/session/skirmish_start.test,ported,,skirmish,doAffectSkillPointsModifier: the player's skill point scale (checkpointed).
script_action:PLAYER_CREATE_TEAM_FROM_CAPTURED_UNITS,script_action,PLAYER_CREATE_TEAM_FROM_CAPTURED_UNITS,GeneralsMD/Code/GameEngine/Include/GameLogic/Scripts.h,games/generalszh/scripting,games/generalszh/scripting/unit_vocabulary.cppm,games/generalszh/scripting/unit_vocabulary.test,ported,,skirmish,"doCreateTeamFromCapturedUnits only looks the team up: no effect in the original, a no-op here."
script_action:PLAYER_DISABLE_BASE_CONSTRUCTION,script_action,PLAYER_DISABLE_BASE_CONSTRUCTION,GeneralsMD/Code/GameEngine/Include/GameLogic/Scripts.h,games/generalszh/scripting;games/generalszh/session;games/generalszh/gameplay,games/generalszh/scripting/player_vocabulary.cppm;games/generalszh/session/script_bridge.cppm;games/generalszh/gameplay/ai/algorithms/ai_base_building.cppm;games/generalszh/gameplay/ai/resources/ai_players.cppm,games/generalszh/scripting/player_vocabulary.test;games/generalszh/session/skirmish_start.test,ported,,skirmish,setCanBuildBase(false).
script_action:PLAYER_DISABLE_FACTORIES,script_action,PLAYER_DISABLE_FACTORIES,GeneralsMD/Code/GameEngine/Include/GameLogic/Scripts.h,games/generalszh/scripting;games/generalszh/session;games/generalszh/gameplay,games/generalszh/scripting/unit_vocabulary.cppm;games/generalszh/session/script_bridge.cppm;games/generalszh/gameplay/scripts/algorithms/unit_script_orders.cppm,games/generalszh/scripting/unit_vocabulary.test;games/generalszh/session/create_modules.test,ported,,campaign,"doPlayerDisableFactories -> Player::setObjectsEnabled(type, false): every one of the player's objects of exactly that template script-disabled (DISABLED_SCRIPT_DISABLED; a chunked query): legacy_parity_factory_and_stopping_distance_actions_reach_the_host, legacy_parity_scripts_switch_factories_and_stopping_distances"
script_action:PLAYER_DISABLE_UNIT_CONSTRUCTION,script_action,PLAYER_DISABLE_UNIT_CONSTRUCTION,GeneralsMD/Code/GameEngine/Include/GameLogic/Scripts.h,games/generalszh/scripting;games/generalszh/session,games/generalszh/scripting/unit_vocabulary.cppm;games/generalszh/session/script_bridge.cppm,games/generalszh/scripting/unit_vocabulary.test;games/generalszh/session/create_modules.test,ported,,campaign,"doPlayerDisableUnitConstruction -> setCanBuildUnits(false): the AI builds no teams, and Player::canBuild (allowedToBuild) refuses the player any unit (canMakeUnit: a human player's production too). A player may build units from the start, a map's computer player not until its scripts allow it (AIPlayer's constructor): legacy_parity_a_player_may_build_what_its_prerequisites_and_scripts_allow"
script_action:PLAYER_ENABLE_BASE_CONSTRUCTION,script_action,PLAYER_ENABLE_BASE_CONSTRUCTION,GeneralsMD/Code/GameEngine/Include/GameLogic/Scripts.h,games/generalszh/scripting;games/generalszh/session;games/generalszh/gameplay,games/generalszh/scripting/player_vocabulary.cppm;games/generalszh/session/script_bridge.cppm;games/generalszh/gameplay/ai/algorithms/ai_base_building.cppm;games/generalszh/gameplay/ai/resources/ai_players.cppm,games/generalszh/scripting/player_vocabulary.test;games/generalszh/session/skirmish_start.test,ported,,skirmish,setCanBuildBase(true) (checkpointed on the roster).
script_action:PLAYER_ENABLE_FACTORIES,script_action,PLAYER_ENABLE_FACTORIES,GeneralsMD/Code/GameEngine/Include/GameLogic/Scripts.h,games/generalszh/scripting;games/generalszh/session;games/generalszh/gameplay,games/generalszh/scripting/unit_vocabulary.cppm;games/generalszh/session/script_bridge.cppm;games/generalszh/gameplay/scripts/algorithms/unit_script_orders.cppm,games/generalszh/scripting/unit_vocabulary.test;games/generalszh/session/create_modules.test,ported,,campaign,"doPlayerEnableFactories -> Player::setObjectsEnabled(type, true): the script-disabled status cleared on each: legacy_parity_factory_and_stopping_distance_actions_reach_the_host, legacy_parity_scripts_switch_factories_and_stopping_distances"
script_action:PLAYER_ENABLE_UNIT_CONSTRUCTION,script_action,PLAYER_ENABLE_UNIT_CONSTRUCTION,GeneralsMD/Code/GameEngine/Include/GameLogic/Scripts.h,games/generalszh/scripting;games/generalszh/session;games/generalszh/gameplay;engine/gameplay,games/generalszh/scripting/unit_vocabulary.cppm;games/generalszh/session/script_bridge.cppm;games/generalszh/gameplay/production/algorithms/team_building.cppm;engine/gameplay/rts/teams/resources/team_roster.cppm,games/generalszh/scripting/unit_vocabulary.test,ported,,shellmap,lets the player's AI build teams (BUILD_TEAM waits for it)
script_action:PLAYER_EXCLUDE_FROM_SCORE_SCREEN,script_action,PLAYER_EXCLUDE_FROM_SCORE_SCREEN,GeneralsMD/Code/GameEngine/Include/GameLogic/Scripts.h,games/generalszh/scripting;games/generalszh/session;engine/gameplay,games/generalszh/scripting/player_vocabulary.cppm;games/generalszh/session/script_bridge.cppm;engine/gameplay/rts/teams/resources/team_roster.cppm,games/generalszh/scripting/player_vocabulary.test,ported,,campaign,"excludePlayerFromScoreScreen: setListInScoreScreen(FALSE), kept on the roster player (saved); the score screen reads it when it is ported."
script_action:PLAYER_EXIT_ALL_BUILDINGS,script_action,PLAYER_EXIT_ALL_BUILDINGS,GeneralsMD/Code/GameEngine/Include/GameLogic/Scripts.h,engine/gameplay;games/generalszh/gameplay;games/generalszh/scripting;games/generalszh/session,games/generalszh/scripting/player_vocabulary.cppm;games/generalszh/session/script_bridge.cppm;games/generalszh/gameplay/scripts/algorithms/unit_script_orders.cppm;engine/gameplay/rts/containment/components/transport.cppm;engine/gameplay/rts/containment/systems/unloading_system.cppm;engine/gameplay/rts/containment/systems/cargo_transfer_system.cppm,games/generalszh/scripting/player_vocabulary.test,ported,,campaign,Player::ungarrisonAllUnits: structures with AI evacuate
script_action:PLAYER_GARRISON_ALL_BUILDINGS,script_action,PLAYER_GARRISON_ALL_BUILDINGS,GeneralsMD/Code/GameEngine/Include/GameLogic/Scripts.h,games/generalszh/scripting;games/generalszh/session;games/generalszh/gameplay,games/generalszh/scripting/unit_vocabulary.cppm;games/generalszh/session/script_bridge.cppm;games/generalszh/gameplay/containment/algorithms/garrisons.cppm,games/generalszh/scripting/unit_vocabulary.test;games/generalszh/session/create_modules.test,ported,,campaign,"garrisonAllUnits: each infantry to the nearest garrison with room left, counting places already promised. The money-hacker Internet Center filter is not ported yet."
script_action:PLAYER_GIVE_MONEY,script_action,PLAYER_GIVE_MONEY,GeneralsMD/Code/GameEngine/Include/GameLogic/Scripts.h,games/generalszh/scripting;games/generalszh/session;games/generalszh/gameplay,games/generalszh/scripting/unit_vocabulary.cppm;games/generalszh/session/script_bridge.cppm,games/generalszh/scripting/unit_vocabulary.test,in_progress,,skirmish,"doGiveMoney: deposit, or withdraw at most what there is. Not yet: the money sounds (presentation)."
script_action:PLAYER_GRANT_SCIENCE,script_action,PLAYER_GRANT_SCIENCE,GeneralsMD/Code/GameEngine/Include/GameLogic/Scripts.h,games/generalszh/scripting;games/generalszh/session;games/generalszh/gameplay,games/generalszh/scripting/player_vocabulary.cppm;games/generalszh/session/script_bridge.cppm;games/generalszh/gameplay/sciences/algorithms/general_ranks.cppm,games/generalszh/scripting/player_vocabulary.test;games/generalszh/session/skirmish_start.test,ported,,skirmish,doPlayerGrantScience: grantScience (grantable sciences only).
script_action:PLAYER_HUNT,script_action,PLAYER_HUNT,GeneralsMD/Code/GameEngine/Include/GameLogic/Scripts.h,engine/gameplay;games/generalszh/gameplay;games/generalszh/scripting;games/generalszh/session,games/generalszh/scripting/player_vocabulary.cppm;games/generalszh/session/script_bridge.cppm;games/generalszh/gameplay/scripts/algorithms/unit_script_orders.cppm;engine/gameplay/rts/teams/resources/team_roster.cppm;engine/gameplay/rts/combat/systems/targeting_system.cppm,games/generalszh/session/script_objects.test,ported,,campaign,setUnitsShouldHunt: members but dozers/harvesters/IGNORES_SELECT_ALL hunt; hunting looks past attack priorities
script_action:PLAYER_KILL,script_action,PLAYER_KILL,GeneralsMD/Code/GameEngine/Include/GameLogic/Scripts.h,games/generalszh/scripting;games/generalszh/session;games/generalszh/gameplay,games/generalszh/scripting/unit_vocabulary.cppm;games/generalszh/session/script_bridge.cppm;games/generalszh/gameplay/teams/algorithms/team_actions.cppm;games/generalszh/gameplay/lifecycle/algorithms/retire_now.cppm,games/generalszh/scripting/unit_vocabulary.test;games/generalszh/session/skirmish_start.test,in_progress,,skirmish,"Player::killPlayer: every team of the player evacuated first (evacuateTeam), then killTeam on each (evacuate again, tech buildings to the neutral team, the rest killed). Not yet: the local player's defeat notice it then raises; m_isPlayerDead (read nowhere else)."
script_action:PLAYER_PURCHASE_SCIENCE,script_action,PLAYER_PURCHASE_SCIENCE,GeneralsMD/Code/GameEngine/Include/GameLogic/Scripts.h,games/generalszh/scripting;games/generalszh/session;games/generalszh/gameplay,games/generalszh/scripting/player_vocabulary.cppm;games/generalszh/session/script_bridge.cppm;games/generalszh/gameplay/sciences/algorithms/general_ranks.cppm,games/generalszh/scripting/player_vocabulary.test;games/generalszh/session/skirmish_start.test,ported,,skirmish,doPlayerPurchaseScience: attemptToPurchaseScience with purchase points.
script_action:PLAYER_RELATES_PLAYER,script_action,PLAYER_RELATES_PLAYER,GeneralsMD/Code/GameEngine/Include/GameLogic/Scripts.h,games/generalszh/scripting;games/generalszh/session;engine/gameplay,games/generalszh/scripting/player_vocabulary.cppm;games/generalszh/session/script_bridge.cppm;engine/gameplay/common/identity/resources/relationships.cppm,games/generalszh/scripting/player_vocabulary.test;engine/gameplay/rts/combat/combat.test,ported,,campaign,"2026-09-27: updatePlayerRelationTowardPlayer -> Player::setPlayerRelationship (0 enemies, 1 neutral, 2 allies)."
script_action:PLAYER_REMOVE_OVERRIDE_RELATION_TO_TEAM,script_action,PLAYER_REMOVE_OVERRIDE_RELATION_TO_TEAM,GeneralsMD/Code/GameEngine/Include/GameLogic/Scripts.h,games/generalszh/scripting;games/generalszh/session;engine/gameplay,games/generalszh/scripting/unit_vocabulary.cppm;games/generalszh/session/script_bridge.cppm;engine/gameplay/common/identity/resources/relationships.cppm;engine/gameplay/rts/combat/systems/targeting_system.cppm,games/generalszh/scripting/unit_vocabulary.test;engine/gameplay/rts/combat/combat.test,ported,,campaign,"2026-09-27: Player::removeTeamRelationship. Relationships keeps team overrides (team->team, team->player, player->team); Object::getRelationship through them (SpatialEntry.team; targeting, impacts, projectile collisions, point defense, mines, stealth, propaganda, hordes, area healing, EMP, captures, hunts, abilities, docks, containers, build checks). Not yet team-aware: crush, veterancy kill credit, garrison stealth hiding, trigger-area and team enemy-sighting checks (player views)."
script_action:PLAYER_REPAIR_NAMED_STRUCTURE,script_action,PLAYER_REPAIR_NAMED_STRUCTURE,GeneralsMD/Code/GameEngine/Include/GameLogic/Scripts.h,games/generalszh/scripting;games/generalszh/session;games/generalszh/gameplay,games/generalszh/scripting/player_vocabulary.cppm;games/generalszh/session/script_bridge.cppm;games/generalszh/gameplay/ai/algorithms/ai_team_building.cppm,games/generalszh/session/skirmish_start.test,ported,,skirmish,"doPlayerRepairStructure -> AIPlayer::repairStructure: a damaged (not pristine) named structure joins its repair list once (at most 2); updateBridgeRepair once a second sends a dozer (found near it, else one queued; the retail onUnitProduced never hands an American dozer over, so the AI then waits for good), follows it until pristine and no task is left, then the next or home."
script_action:PLAYER_SCIENCE_AVAILABILITY,script_action,PLAYER_SCIENCE_AVAILABILITY,GeneralsMD/Code/GameEngine/Include/GameLogic/Scripts.h,engine/gameplay;games/generalszh/scripting;games/generalszh/session,engine/gameplay/rts/sciences/resources/player_sciences.cppm;engine/gameplay/rts/sciences/algorithms/ranks.cppm;games/generalszh/scripting/player_vocabulary.cppm;games/generalszh/session/script_bridge.cppm,engine/gameplay/rts/sciences/sciences.test;games/generalszh/scripting/player_vocabulary.test;games/generalszh/hud/generals_powers.test,ported,,skirmish,"doPlayerSetScienceAvailability / setScienceAvailability: Available / Disabled / Hidden (any case; else ignored), never both; isCapableOfPurchasingScience refuses either; the General's Powers screen shows a disabled one off and hides a hidden one. Checkpointed with the sciences."
script_action:PLAYER_SELECT_SKILLSET,script_action,PLAYER_SELECT_SKILLSET,GeneralsMD/Code/GameEngine/Include/GameLogic/Scripts.h,games/generalszh/scripting;games/generalszh/session;games/generalszh/gameplay,games/generalszh/scripting/player_vocabulary.cppm;games/generalszh/session/script_bridge.cppm;games/generalszh/gameplay/ai/resources/ai_players.cppm;games/generalszh/gameplay/ai/algorithms/ai_team_building.cppm,games/generalszh/scripting/player_vocabulary.test,ported,,campaign,"doAffectPlayerSkillset -> AIPlayer::selectSkillset (1..5 written, 0-based kept): the skill set its general buys sciences from (doUpgradesAndSkills); a player without an AI: nothing"
script_action:PLAYER_SELL_EVERYTHING,script_action,PLAYER_SELL_EVERYTHING,GeneralsMD/Code/GameEngine/Include/GameLogic/Scripts.h,games/generalszh/scripting;games/generalszh/session;games/generalszh/gameplay,games/generalszh/scripting/unit_vocabulary.cppm;games/generalszh/session/script_bridge.cppm;games/generalszh/gameplay/construction/algorithms/selling.cppm,games/generalszh/scripting/unit_vocabulary.test;games/generalszh/session/create_modules.test,ported,,skirmish,"Player::sellEverythingUnderTheSun: every faction structure (FS_ kinds), command centre and power plant of the player goes on sale (BuildAssistant::sellObject; one already for sale is left as it is)."
script_action:PLAYER_SET_MONEY,script_action,PLAYER_SET_MONEY,GeneralsMD/Code/GameEngine/Include/GameLogic/Scripts.h,games/generalszh/scripting;games/generalszh/session;games/generalszh/gameplay,games/generalszh/scripting/unit_vocabulary.cppm;games/generalszh/session/script_bridge.cppm,games/generalszh/scripting/unit_vocabulary.test,in_progress,,skirmish,"doSetMoney: all withdrawn, the amount deposited (a negative amount is none: the original's unsigned deposit would wrap; quirk fixed)."
script_action:PLAYER_SET_OVERRIDE_RELATION_TO_TEAM,script_action,PLAYER_SET_OVERRIDE_RELATION_TO_TEAM,GeneralsMD/Code/GameEngine/Include/GameLogic/Scripts.h,games/generalszh/scripting;games/generalszh/session;engine/gameplay,games/generalszh/scripting/unit_vocabulary.cppm;games/generalszh/session/script_bridge.cppm;engine/gameplay/common/identity/resources/relationships.cppm;engine/gameplay/rts/combat/systems/targeting_system.cppm,games/generalszh/scripting/unit_vocabulary.test;engine/gameplay/rts/combat/combat.test,ported,,campaign,"2026-09-27: Player::setTeamRelationship. Relationships keeps team overrides (team->team, team->player, player->team); Object::getRelationship through them (SpatialEntry.team; targeting, impacts, projectile collisions, point defense, mines, stealth, propaganda, hordes, area healing, EMP, captures, hunts, abilities, docks, containers, build checks). Not yet team-aware: crush, veterancy kill credit, garrison stealth hiding, trigger-area and team enemy-sighting checks (player views)."
script_action:PLAYER_SET_RANKLEVEL,script_action,PLAYER_SET_RANKLEVEL,GeneralsMD/Code/GameEngine/Include/GameLogic/Scripts.h,games/generalszh/scripting;games/generalszh/session;games/generalszh/gameplay,games/generalszh/scripting/player_vocabulary.cppm;games/generalszh/session/script_bridge.cppm;games/generalszh/gameplay/sciences/algorithms/general_ranks.cppm,games/generalszh/scripting/player_vocabulary.test;games/generalszh/session/skirmish_start.test,ported,,skirmish,doPlayerSetRankLevel: setRankLevel(level) (a lower rank resets rank and sciences).
script_action:PLAYER_SET_RANKLEVELLIMIT,script_action,PLAYER_SET_RANKLEVELLIMIT,GeneralsMD/Code/GameEngine/Include/GameLogic/Scripts.h,games/generalszh/scripting;games/generalszh/session;games/generalszh/gameplay,games/generalszh/scripting/player_vocabulary.cppm;games/generalszh/session/script_bridge.cppm;games/generalszh/gameplay/sciences/algorithms/general_ranks.cppm,games/generalszh/scripting/player_vocabulary.test;games/generalszh/session/skirmish_start.test,ported,,skirmish,doMapSetRankLevelLimit: GameLogic::setRankLevelLimit for every player (at least 1; default 1000); ranks and skill points are capped by it.
script_action:PLAYER_TRANSFER_OWNERSHIP_PLAYER,script_action,PLAYER_TRANSFER_OWNERSHIP_PLAYER,GeneralsMD/Code/GameEngine/Include/GameLogic/Scripts.h,games/generalszh/scripting;games/generalszh/session;games/generalszh/gameplay,games/generalszh/scripting/unit_vocabulary.cppm;games/generalszh/session/script_bridge.cppm;games/generalszh/gameplay/teams/algorithms/team_actions.cppm,games/generalszh/session/skirmish_start.test,ported,,campaign,"doPlayerTransferAssetsToPlayer: Player::transferAssetsFromThat (duplicate player upgrades in production cancelled, the in-production mask copied, objects onto the default team, all the money)"
script_action:QUICKVICTORY,script_action,QUICKVICTORY,GeneralsMD/Code/GameEngine/Include/GameLogic/Scripts.h,games/generalszh/scripting;games/generalszh/hosts,games/generalszh/scripting/presentation_vocabulary.cppm;games/generalszh/hosts/game/game_client.cpp;games/generalszh/hosts/game/main.cpp,games/generalszh/scripting/core_vocabulary.test,ported,,campaign,"doQuickVictory: windows closed, input off, the campaign victorious, startQuickEndGameTimer (the game left one frame on, to the score screen as a win; no Victorious window): legacy_parity_a_quick_victory_asks_the_client_to_end_the_game (host exit not run in a check)"
script_action:RADAR_CREATE_EVENT,script_action,RADAR_CREATE_EVENT,GeneralsMD/Code/GameEngine/Include/GameLogic/Scripts.h,games/generalszh/scripting;games/generalszh/presentation;games/generalszh/hosts;games/generalszh/session;engine/graphics,games/generalszh/scripting/presentation_vocabulary.cppm;games/generalszh/hosts/game/game_client.cpp;games/generalszh/hosts/game/main.cpp;games/generalszh/presentation/hud/algorithms/radar_event_rules.cppm,games/generalszh/scripting/core_vocabulary.test,ported,,campaign,doRadarCreateEvent: Radar::createEvent at the position (4 seconds)
script_action:RADAR_DISABLE,script_action,RADAR_DISABLE,GeneralsMD/Code/GameEngine/Include/GameLogic/Scripts.h,games/generalszh/scripting;games/generalszh/hosts,games/generalszh/hosts/game/game_client.cpp;games/generalszh/scripting/presentation_vocabulary.cppm;games/generalszh/hosts/game/radar_minimap.cppm,games/generalszh/scripting/core_vocabulary.test,ported,,skirmish,"Radar::hide(local, true): the local radar hidden (not reset by a new map: the retail code)"
script_action:RADAR_ENABLE,script_action,RADAR_ENABLE,GeneralsMD/Code/GameEngine/Include/GameLogic/Scripts.h,games/generalszh/scripting;games/generalszh/hosts,games/generalszh/hosts/game/game_client.cpp;games/generalszh/scripting/presentation_vocabulary.cppm;games/generalszh/hosts/game/radar_minimap.cppm,games/generalszh/scripting/core_vocabulary.test,ported,,skirmish,"Radar::hide(local, false)"
script_action:RADAR_FORCE_ENABLE,script_action,RADAR_FORCE_ENABLE,GeneralsMD/Code/GameEngine/Include/GameLogic/Scripts.h,games/generalszh/scripting;games/generalszh/hosts,games/generalszh/hosts/game/game_client.cpp;games/generalszh/scripting/presentation_vocabulary.cppm;games/generalszh/hosts/game/radar_minimap.cppm,games/generalszh/scripting/core_vocabulary.test,ported,,skirmish,"Radar::forceOn(local, true): the local radar shows whatever the player has (reset by a new map)"
script_action:RADAR_REVERT_TO_NORMAL,script_action,RADAR_REVERT_TO_NORMAL,GeneralsMD/Code/GameEngine/Include/GameLogic/Scripts.h,games/generalszh/scripting;games/generalszh/hosts,games/generalszh/hosts/game/game_client.cpp;games/generalszh/scripting/presentation_vocabulary.cppm;games/generalszh/hosts/game/radar_minimap.cppm,games/generalszh/scripting/core_vocabulary.test,ported,,skirmish,"Radar::forceOn(local, false)"
script_action:RECRUIT_TEAM,script_action,RECRUIT_TEAM,GeneralsMD/Code/GameEngine/Include/GameLogic/Scripts.h,games/generalszh/scripting;games/generalszh/session;games/generalszh/gameplay,games/generalszh/scripting/unit_vocabulary.cppm;games/generalszh/session/script_bridge.cppm;games/generalszh/gameplay/ai/algorithms/ai_team_building.cppm,games/generalszh/session/skirmish_start.test,ported,,skirmish,"doRecruitTeam -> recruitSpecificAITeam: unless its singleton stands, a new inactive instance recruits per unit type up to its most (Team::tryToRecruit from its home, radius below 1: anywhere), each sent home; with anyone it goes first in the ready queue (started by checkReadyTeams), else the instance goes."
script_action:REFRESH_RADAR,script_action,REFRESH_RADAR,GeneralsMD/Code/GameEngine/Include/GameLogic/Scripts.h,games/generalszh/scripting;games/generalszh/hosts;engine/level,games/generalszh/scripting/presentation_vocabulary.cppm;games/generalszh/hosts/game/game_client.cpp;games/generalszh/hosts/game/main.cpp;engine/level/presentation/radar_terrain.cppm,engine/level/presentation/radar_terrain.test;games/generalszh/scripting/core_vocabulary.test,ported,,campaign,doRadarRefresh -> W3DRadar::refreshTerrain: the radar's terrain picture built again (buildTerrainTexture) from the ground and water as they are now.
script_action:RESET_CAMERA,script_action,RESET_CAMERA,GeneralsMD/Code/GameEngine/Include/GameLogic/Scripts.h,engine/camera;games/generalszh/scripting;games/generalszh/hosts,engine/camera/model/rts_camera.cppm;games/generalszh/scripting/camera_vocabulary.cppm;games/generalszh/hosts/game/game_client.cpp,games/generalszh/scripting/core_vocabulary.test;engine/camera/camera.test,ported,,campaign,resetCamera at the first waypoint of that name
script_action:RESET_INFANTRY_LIGHTING_OVERRIDE,script_action,RESET_INFANTRY_LIGHTING_OVERRIDE,GeneralsMD/Code/GameEngine/Include/GameLogic/Scripts.h,games/generalszh/scripting;games/generalszh/presentation;games/generalszh/hosts,games/generalszh/scripting/presentation_vocabulary.cppm;games/generalszh/presentation/rendering/infantry_lighting.cppm;games/generalszh/hosts/game/game_client.cpp,games/generalszh/presentation/rendering/infantry_lighting.test;games/generalszh/scripting/core_vocabulary.test,ported,,campaign,doSetInfantryLightingOverride(-1): the time of day's GameData scale again.
script_action:RESIZE_VIEW_GUARDBAND,script_action,RESIZE_VIEW_GUARDBAND,GeneralsMD/Code/GameEngine/Include/GameLogic/Scripts.h,games/generalszh/scripting,games/generalszh/scripting/camera_vocabulary.cppm,games/generalszh/scripting/core_vocabulary.test,not_applicable,,campaign,doResizeViewGuardband (View::setGuardBandBias) only widened the coarse region W3DView gathered drawables from before W3D culled them; the port's renderer culls each object against the view. The action is accepted and does nothing.
script_action:RESTART_TIMER,script_action,RESTART_TIMER,GeneralsMD/Code/GameEngine/Include/GameLogic/Scripts.h,engine/scripting;games/generalszh/scripting,engine/scripting/runtime/script_runtime.cppm;games/generalszh/scripting/core_vocabulary.cppm,engine/scripting/runtime/script_runtime.test;games/generalszh/scripting/core_vocabulary.test,ported,,shellmap,
script_action:RESUME_BACKGROUND_SOUNDS,script_action,RESUME_BACKGROUND_SOUNDS,GeneralsMD/Code/GameEngine/Include/GameLogic/Scripts.h,games/generalszh/scripting;games/generalszh/presentation;games/generalszh/hosts;engine/audio,games/generalszh/scripting/presentation_vocabulary.cppm;games/generalszh/presentation/audio/systems/audio_systems.cppm;games/generalszh/hosts/game/game_client.cpp;engine/audio/playback/sound_player.cppm,engine/audio/audio.test;games/generalszh/scripting/core_vocabulary.test,ported,,campaign,TheAudio->resumeAudio(AudioAffect_Sound): the held 2D sounds play on from where they were (AIL_resume_sample).
script_action:RESUME_SUPPLY_TRUCKING,script_action,RESUME_SUPPLY_TRUCKING,GeneralsMD/Code/GameEngine/Include/GameLogic/Scripts.h,games/generalszh/scripting;games/generalszh/session;games/generalszh/gameplay,games/generalszh/scripting/unit_vocabulary.cppm;games/generalszh/session/script_bridge.cppm;games/generalszh/gameplay/teams/algorithms/team_actions.cppm,games/generalszh/scripting/unit_vocabulary.test;games/generalszh/session/script_objects.test,ported,,campaign,2026-09-27: doResumeSupplyTruckingForIdleUnits: every human player's idle supply trucks want to harvest again (setForceWantingState).
script_action:ROTATE_CAMERA,script_action,ROTATE_CAMERA,GeneralsMD/Code/GameEngine/Include/GameLogic/Scripts.h,engine/camera;games/generalszh/scripting;games/generalszh/hosts,engine/camera/model/rts_camera.cppm;games/generalszh/scripting/camera_vocabulary.cppm;games/generalszh/hosts/game/game_client.cpp,games/generalszh/scripting/core_vocabulary.test;engine/camera/camera.test,ported,,campaign,"rotateCamera(rotations, seconds*1000, ease*1000)"
script_action:SCREEN_SHAKE,script_action,SCREEN_SHAKE,GeneralsMD/Code/GameEngine/Include/GameLogic/Scripts.h,engine/camera;games/generalszh/scripting;games/generalszh/hosts,engine/camera/model/rts_camera.cppm;games/generalszh/scripting/camera_vocabulary.cppm;games/generalszh/hosts/game/game_client.cpp,games/generalszh/scripting/core_vocabulary.test;engine/camera/camera.test,ported,,campaign,View::shake at the camera position with the type's GameData intensity and a random direction
script_action:SCRIPTING_OVERRIDE_HULK_LIFETIME,script_action,SCRIPTING_OVERRIDE_HULK_LIFETIME,GeneralsMD/Code/GameEngine/Include/GameLogic/Scripts.h,games/generalszh/scripting;games/generalszh/session;games/generalszh/gameplay;games/generalszh/content;engine/gameplay,games/generalszh/scripting/player_vocabulary.cppm;games/generalszh/session/script_bridge.cppm;engine/gameplay/rts/death/resources/hulk_lifetime.cppm;engine/gameplay/rts/death/systems/death_system.cppm;games/generalszh/gameplay/objects/algorithms/object_factory.cppm;games/generalszh/content/death/death_content.cppm,games/generalszh/session/create_modules.test;engine/gameplay/rts/death/death.test,ported,,campaign,"doOverrideHulkLifetime: (Int)(seconds * 30) ticks (below zero: their own); a HULK made meanwhile lives exactly that (LifetimeUpdate), one dying slowly sinks the tick after, midpoint 16, gone 31 (SlowDeathBehavior::beginSlowDeath); checkpointed"
script_action:SET_ATTACK_PRIORITY_KIND_OF,script_action,SET_ATTACK_PRIORITY_KIND_OF,GeneralsMD/Code/GameEngine/Include/GameLogic/Scripts.h,engine/gameplay;games/generalszh/scripting;games/generalszh/session;games/generalszh/content,engine/gameplay/rts/combat/resources/attack_priorities.cppm;engine/gameplay/rts/combat/systems/targeting_system.cppm;engine/gameplay/rts/combat/components/aggression.cppm;games/generalszh/scripting/unit_vocabulary.cppm;games/generalszh/session/script_bridge.cppm;games/generalszh/session/session_checkpoint.cpp;games/generalszh/content/ai/ai_data.cppm,games/generalszh/scripting/unit_vocabulary.test;games/generalszh/session/create_modules.test,ported,,skirmish,"setPriorityKind: every template of the KindOf gets the priority. Targets are then picked as AI::findClosestEnemy with the set: nearest first (bounding circles), each priority (0: never) less one per AttackPriorityDistanceModifier (100) of distance, at least 1, the greatest kept (a tie to the greater priority). Not yet: a container's priority raised to what it holds."
script_action:SET_ATTACK_PRIORITY_THING,script_action,SET_ATTACK_PRIORITY_THING,GeneralsMD/Code/GameEngine/Include/GameLogic/Scripts.h,engine/gameplay;games/generalszh/scripting;games/generalszh/session;games/generalszh/content,engine/gameplay/rts/combat/resources/attack_priorities.cppm;engine/gameplay/rts/combat/systems/targeting_system.cppm;engine/gameplay/rts/combat/components/aggression.cppm;games/generalszh/scripting/unit_vocabulary.cppm;games/generalszh/session/script_bridge.cppm;games/generalszh/session/session_checkpoint.cpp;games/generalszh/content/ai/ai_data.cppm,games/generalszh/scripting/unit_vocabulary.test;games/generalszh/session/create_modules.test,ported,,skirmish,"setPriorityThing: the set (made when first named) gives the type, or each type of the object list, the priority. Targets are then picked as AI::findClosestEnemy with the set: nearest first (bounding circles), each priority (0: never) less one per AttackPriorityDistanceModifier (100) of distance, at least 1, the greatest kept (a tie to the greater priority). Not yet: a container's priority raised to what it holds."
script_action:SET_BASE_CONSTRUCTION_SPEED,script_action,SET_BASE_CONSTRUCTION_SPEED,GeneralsMD/Code/GameEngine/Include/GameLogic/Scripts.h,games/generalszh/scripting;games/generalszh/session;games/generalszh/gameplay,games/generalszh/scripting/player_vocabulary.cppm;games/generalszh/session/script_bridge.cppm;games/generalszh/gameplay/ai/resources/ai_players.cppm;games/generalszh/gameplay/ai/algorithms/ai_team_building.cppm,games/generalszh/scripting/player_vocabulary.test,ported,,campaign,"updateBaseConstructionSpeed -> AIPlayer::setTeamDelaySeconds: m_teamSeconds, the wait between the teams it builds"
script_action:SET_CAVE_INDEX,script_action,SET_CAVE_INDEX,GeneralsMD/Code/GameEngine/Include/GameLogic/Scripts.h,,,,not_started,,,
script_action:SET_COUNTER,script_action,SET_COUNTER,GeneralsMD/Code/GameEngine/Include/GameLogic/Scripts.h,engine/scripting;games/generalszh/scripting,engine/scripting/runtime/script_runtime.cppm;games/generalszh/scripting/core_vocabulary.cppm,engine/scripting/runtime/script_runtime.test;games/generalszh/scripting/core_vocabulary.test,ported,,shellmap,
script_action:SET_DEFAULT_ATTACK_PRIORITY,script_action,SET_DEFAULT_ATTACK_PRIORITY,GeneralsMD/Code/GameEngine/Include/GameLogic/Scripts.h,engine/gameplay;games/generalszh/scripting;games/generalszh/session;games/generalszh/content,engine/gameplay/rts/combat/resources/attack_priorities.cppm;engine/gameplay/rts/combat/systems/targeting_system.cppm;engine/gameplay/rts/combat/components/aggression.cppm;games/generalszh/scripting/unit_vocabulary.cppm;games/generalszh/session/script_bridge.cppm;games/generalszh/session/session_checkpoint.cpp;games/generalszh/content/ai/ai_data.cppm,games/generalszh/scripting/unit_vocabulary.test;games/generalszh/session/create_modules.test,ported,,skirmish,"setPriorityDefault: the set's default (1 until set). Targets are then picked as AI::findClosestEnemy with the set: nearest first (bounding circles), each priority (0: never) less one per AttackPriorityDistanceModifier (100) of distance, at least 1, the greatest kept (a tie to the greater priority). Not yet: a container's priority raised to what it holds."
script_action:SET_FLAG,script_action,SET_FLAG,GeneralsMD/Code/GameEngine/Include/GameLogic/Scripts.h,engine/scripting;games/generalszh/scripting,engine/scripting/runtime/script_runtime.cppm;games/generalszh/scripting/core_vocabulary.cppm,engine/scripting/runtime/script_runtime.test;games/generalszh/scripting/core_vocabulary.test,ported,,shellmap,
script_action:SET_FPS_LIMIT,script_action,SET_FPS_LIMIT,GeneralsMD/Code/GameEngine/Include/GameLogic/Scripts.h,games/generalszh/scripting;games/generalszh/content;games/generalszh/hosts,games/generalszh/scripting/presentation_vocabulary.cppm;games/generalszh/content/global/game_data.cppm;games/generalszh/hosts/game/game_client.cpp,games/generalszh/scripting/core_vocabulary.test,ported,,campaign,"FramePacer::setLogicTimeScaleFps (0: GameData FramesPerSecondLimit): the simulation's ticks a second, rendering apart; for its match only"
script_action:SET_INFANTRY_LIGHTING_OVERRIDE,script_action,SET_INFANTRY_LIGHTING_OVERRIDE,GeneralsMD/Code/GameEngine/Include/GameLogic/Scripts.h,games/generalszh/scripting;games/generalszh/presentation;games/generalszh/hosts;games/generalszh/content,games/generalszh/scripting/presentation_vocabulary.cppm;games/generalszh/presentation/rendering/infantry_lighting.cppm;games/generalszh/presentation/rendering/object_rendering.cpp;games/generalszh/presentation/objects/resources/object_instance.cppm;games/generalszh/presentation/objects/systems/object_presentation_systems.cppm;games/generalszh/hosts/game/game_client.cpp;games/generalszh/hosts/game/world_scene.cpp;games/generalszh/content/global/game_data.cppm,games/generalszh/presentation/rendering/infantry_lighting.test;games/generalszh/content/global/game_data.test;games/generalszh/scripting/core_vocabulary.test,ported,,campaign,"doSetInfantryLightingOverride (GlobalData m_scriptOverrideInfantryLightScale) with RTS3DScene::updateFixedLightEnvironments: infantry are lit by the global lights' diffuse times the override (else GameData InfantryLight<TimeOfDay>Scale), clamped to -1..1; infantry lighting itself ported with it."
script_action:SET_MILLISECOND_TIMER,script_action,SET_MILLISECOND_TIMER,GeneralsMD/Code/GameEngine/Include/GameLogic/Scripts.h,engine/scripting;games/generalszh/scripting,engine/scripting/runtime/script_runtime.cppm;games/generalszh/scripting/core_vocabulary.cppm,engine/scripting/runtime/script_runtime.test;games/generalszh/scripting/core_vocabulary.test,ported,,shellmap,
script_action:SET_RANDOM_MSEC_TIMER,script_action,SET_RANDOM_MSEC_TIMER,GeneralsMD/Code/GameEngine/Include/GameLogic/Scripts.h,engine/scripting;games/generalszh/scripting,engine/scripting/runtime/script_runtime.cppm;games/generalszh/scripting/core_vocabulary.cppm,engine/scripting/runtime/script_runtime.test;games/generalszh/scripting/core_vocabulary.test,ported,,shellmap,
script_action:SET_RANDOM_TIMER,script_action,SET_RANDOM_TIMER,GeneralsMD/Code/GameEngine/Include/GameLogic/Scripts.h,engine/scripting;games/generalszh/scripting,engine/scripting/runtime/script_runtime.cppm;games/generalszh/scripting/core_vocabulary.cppm,engine/scripting/runtime/script_runtime.test;games/generalszh/scripting/core_vocabulary.test,ported,,shellmap,
script_action:SET_STOPPING_DISTANCE,script_action,SET_STOPPING_DISTANCE,GeneralsMD/Code/GameEngine/Include/GameLogic/Scripts.h,games/generalszh/scripting;games/generalszh/session;games/generalszh/gameplay,games/generalszh/scripting/unit_vocabulary.cppm;games/generalszh/session/script_bridge.cppm;games/generalszh/gameplay/scripts/algorithms/unit_script_orders.cppm,games/generalszh/scripting/unit_vocabulary.test;games/generalszh/session/create_modules.test,ported,,campaign,"doSetStoppingDistance: the team's members newest first until the first without an AI or locomotor (the original returns there): legacy_parity_factory_and_stopping_distance_actions_reach_the_host, legacy_parity_scripts_switch_factories_and_stopping_distances"
script_action:SET_TIMER,script_action,SET_TIMER,GeneralsMD/Code/GameEngine/Include/GameLogic/Scripts.h,engine/scripting;games/generalszh/scripting,engine/scripting/runtime/script_runtime.cppm;games/generalszh/scripting/core_vocabulary.cppm,engine/scripting/runtime/script_runtime.test;games/generalszh/scripting/core_vocabulary.test,ported,,shellmap,
script_action:SET_TRAIN_HELD,script_action,SET_TRAIN_HELD,GeneralsMD/Code/GameEngine/Include/GameLogic/Scripts.h,games/generalszh/scripting;games/generalszh/session,games/generalszh/scripting/unit_vocabulary.cppm;games/generalszh/session/script_bridge.cppm,games/generalszh/scripting/unit_vocabulary.test;games/generalszh/session/railroad.test,ported,,skirmish,doNamedSetTrainHeld: Railcar.held keeps it waiting at a station.
script_action:SET_TREE_SWAY,script_action,SET_TREE_SWAY,GeneralsMD/Code/GameEngine/Include/GameLogic/Scripts.h,games/generalszh/scripting;games/generalszh/hosts,games/generalszh/scripting/presentation_vocabulary.cppm;games/generalszh/hosts/game/game_client.cpp,games/generalszh/scripting/core_vocabulary.test,ported,,shellmap,A TreeSway client command (Fixed numbers); the host applies it to the Breeze resource.
script_action:SET_VISUAL_SPEED_MULTIPLIER,script_action,SET_VISUAL_SPEED_MULTIPLIER,GeneralsMD/Code/GameEngine/Include/GameLogic/Scripts.h,games/generalszh/scripting;games/generalszh/hosts;engine/camera,games/generalszh/scripting/camera_vocabulary.cppm;games/generalszh/hosts/game/game_client.cpp;engine/camera/model/rts_camera.cppm,engine/camera/camera.test;games/generalszh/scripting/core_vocabulary.test,ported,,campaign,"View::setTimeMultiplier: above 1 the original drew one frame in that many with the frame-rate limit off (FramePacer), the logic running that many frames per drawn one while the view moved at its drawn pace; the port runs the ticks and game time that many times faster, the camera on its own time. (A scripted camera's final speed multiplier drives the same.)"
script_action:SETUP_CAMERA,script_action,SETUP_CAMERA,GeneralsMD/Code/GameEngine/Include/GameLogic/Scripts.h,engine/camera;games/generalszh/scripting;games/generalszh/hosts,engine/camera/model/rts_camera.cppm;games/generalszh/scripting/camera_vocabulary.cppm;games/generalszh/hosts/game/game_client.cpp,games/generalszh/scripting/core_vocabulary.test;engine/camera/camera.test,ported,,campaign,"doSetupCamera: moveCameraTo at once, cameraModLookToward, cameraModFinalPitch, cameraModFinalZoom (a missing waypoint: nothing)"
script_action:SHOW_MILITARY_CAPTION,script_action,SHOW_MILITARY_CAPTION,GeneralsMD/Code/GameEngine/Include/GameLogic/Scripts.h,games/generalszh/scripting;games/generalszh/presentation;games/generalszh/content;games/generalszh/hosts,games/generalszh/scripting/presentation_vocabulary.cppm;games/generalszh/presentation/hud/resources/military_caption.cppm;games/generalszh/presentation/hud/algorithms/military_caption_typing.cppm;games/generalszh/presentation/hud/systems/military_caption_system.cppm;games/generalszh/content/global/in_game_ui.cppm;games/generalszh/content/global/language_fonts.cppm;games/generalszh/hosts/game/military_caption_view.cppm;games/generalszh/hosts/game/game_client.cpp,games/generalszh/presentation/hud/military_caption.test;games/generalszh/content/global/game_data.test,ported,,campaign,"InGameUI::militarySubtitle and its update/draw on logic frames: typed a letter every MilitaryCaptionSpeed ticks after MilitaryCaptionDelayMS (and after each line break, up to 4 lines), the MilitarySubtitlesTyping sound each letter, the block blinking every ten ticks, fading once its time is up; InGameUI.ini colour and position (800x600, scaled), title/line fonts (Language.ini overrides). Not yet: the diplomacy briefing history, tooltips held off, the time-frozen adjustment (FREEZE_TIME not ported)."
script_action:SHOW_WEATHER,script_action,SHOW_WEATHER,GeneralsMD/Code/GameEngine/Include/GameLogic/Scripts.h,games/generalszh/scripting;games/generalszh/hosts,games/generalszh/scripting/presentation_vocabulary.cppm;games/generalszh/hosts/game/game_client.cpp,games/generalszh/scripting/core_vocabulary.test,in_progress,,campaign,"recorded (ClientSettings.weatherShown: SnowManager::setVisible, on by default); the map's snow (Weather.ini, W3DSnowManager) is not ported yet (engine/graphics has WeatherParticles, not wired to the game)."
script_action:SKIRMISH_ATTACK_NEAREST_GROUP_WITH_VALUE,script_action,SKIRMISH_ATTACK_NEAREST_GROUP_WITH_VALUE,GeneralsMD/Code/GameEngine/Include/GameLogic/Scripts.h,games/generalszh/gameplay;games/generalszh/scripting;games/generalszh/session,games/generalszh/gameplay/scripts/algorithms/value_groups.cppm;games/generalszh/scripting/unit_vocabulary.cppm;games/generalszh/session/script_bridge.cppm,games/generalszh/session/skirmish_start.test,ported,,,"2026-10-01: doSkirmishAttackNearestGroupWithValue: the partition value map (doValueAffect: BuildCost over a DiscreteCircle of vision range in cells, share 1 - d/(r+1) truncated) and getNearestGroupWithValue's breadth-first walk (lagging neighbour order kept; its unchecked bottom edge bounded), the greater flag = value != 0 as the original; nothing found or not GREATER/GREATER_EQUAL: no order (the original moved to an uninitialized place: a quirk fixed). skirmish_start.test legacy_parity_a_team_attacks_the_nearest_group_worth_more_than_a_value."
script_action:SKIRMISH_BUILD_BASE_DEFENSE_FLANK,script_action,SKIRMISH_BUILD_BASE_DEFENSE_FLANK,GeneralsMD/Code/GameEngine/Include/GameLogic/Scripts.h,games/generalszh/scripting;games/generalszh/session;games/generalszh/gameplay,games/generalszh/scripting/player_vocabulary.cppm;games/generalszh/session/script_bridge.cppm;games/generalszh/gameplay/ai/algorithms/ai_base_building.cppm;games/generalszh/gameplay/ai/resources/ai_players.cppm,games/generalszh/scripting/player_vocabulary.test;games/generalszh/session/skirmish_start.test,ported,,skirmish,"doBuildBaseDefense(true) for the script's own player: its side's BaseDefenseStructure1. buildAIBaseDefenseStructure: the next spot on the circle of the base's reach plus SkirmishBaseDefenseExtraDistance, aimed at the start's approach waypoint nearest the base (front Center<n>, else the enemy's structures; flank alternately Backdoor<n>/Flank<n>, none: gives up), each try alternately left/right by 4 x bounding radius / that radius (radians), up to 60 degrees; the first legal spot (terrain, no objects) is prepended to the plan for priority; the angles and counts are checkpointed."
script_action:SKIRMISH_BUILD_BASE_DEFENSE_FRONT,script_action,SKIRMISH_BUILD_BASE_DEFENSE_FRONT,GeneralsMD/Code/GameEngine/Include/GameLogic/Scripts.h,games/generalszh/scripting;games/generalszh/session;games/generalszh/gameplay,games/generalszh/scripting/player_vocabulary.cppm;games/generalszh/session/script_bridge.cppm;games/generalszh/gameplay/ai/algorithms/ai_base_building.cppm;games/generalszh/gameplay/ai/resources/ai_players.cppm,games/generalszh/scripting/player_vocabulary.test;games/generalszh/session/skirmish_start.test,ported,,skirmish,"doBuildBaseDefense(false) for the script's own player: its side's BaseDefenseStructure1. buildAIBaseDefenseStructure: the next spot on the circle of the base's reach plus SkirmishBaseDefenseExtraDistance, aimed at the start's approach waypoint nearest the base (front Center<n>, else the enemy's structures; flank alternately Backdoor<n>/Flank<n>, none: gives up), each try alternately left/right by 4 x bounding radius / that radius (radians), up to 60 degrees; the first legal spot (terrain, no objects) is prepended to the plan for priority; the angles and counts are checkpointed."
script_action:SKIRMISH_BUILD_BUILDING,script_action,SKIRMISH_BUILD_BUILDING,GeneralsMD/Code/GameEngine/Include/GameLogic/Scripts.h,games/generalszh/scripting;games/generalszh/session;games/generalszh/gameplay,games/generalszh/scripting/player_vocabulary.cppm;games/generalszh/session/script_bridge.cppm;games/generalszh/gameplay/ai/algorithms/ai_base_building.cppm;games/generalszh/gameplay/ai/resources/ai_players.cppm,games/generalszh/scripting/player_vocabulary.test;games/generalszh/session/skirmish_start.test,ported,,skirmish,"doBuildBuilding on the current player: buildSpecificAIBuilding marks the first unbuilt, unmarked plan entry for priority (never cleared) and looks at once."
script_action:SKIRMISH_BUILD_STRUCTURE_FLANK,script_action,SKIRMISH_BUILD_STRUCTURE_FLANK,GeneralsMD/Code/GameEngine/Include/GameLogic/Scripts.h,games/generalszh/scripting;games/generalszh/session;games/generalszh/gameplay,games/generalszh/scripting/player_vocabulary.cppm;games/generalszh/session/script_bridge.cppm;games/generalszh/gameplay/ai/algorithms/ai_base_building.cppm;games/generalszh/gameplay/ai/resources/ai_players.cppm,games/generalszh/scripting/player_vocabulary.test;games/generalszh/session/skirmish_start.test,ported,,skirmish,"doBuildBaseStructure(structure, true) for the script's own player. buildAIBaseDefenseStructure: the next spot on the circle of the base's reach plus SkirmishBaseDefenseExtraDistance, aimed at the start's approach waypoint nearest the base (front Center<n>, else the enemy's structures; flank alternately Backdoor<n>/Flank<n>, none: gives up), each try alternately left/right by 4 x bounding radius / that radius (radians), up to 60 degrees; the first legal spot (terrain, no objects) is prepended to the plan for priority; the angles and counts are checkpointed."
script_action:SKIRMISH_BUILD_STRUCTURE_FRONT,script_action,SKIRMISH_BUILD_STRUCTURE_FRONT,GeneralsMD/Code/GameEngine/Include/GameLogic/Scripts.h,games/generalszh/scripting;games/generalszh/session;games/generalszh/gameplay,games/generalszh/scripting/player_vocabulary.cppm;games/generalszh/session/script_bridge.cppm;games/generalszh/gameplay/ai/algorithms/ai_base_building.cppm;games/generalszh/gameplay/ai/resources/ai_players.cppm,games/generalszh/scripting/player_vocabulary.test;games/generalszh/session/skirmish_start.test,ported,,skirmish,"doBuildBaseStructure(structure, false) for the script's own player. buildAIBaseDefenseStructure: the next spot on the circle of the base's reach plus SkirmishBaseDefenseExtraDistance, aimed at the start's approach waypoint nearest the base (front Center<n>, else the enemy's structures; flank alternately Backdoor<n>/Flank<n>, none: gives up), each try alternately left/right by 4 x bounding radius / that radius (radians), up to 60 degrees; the first legal spot (terrain, no objects) is prepended to the plan for priority; the angles and counts are checkpointed."
script_action:SKIRMISH_FIRE_SPECIAL_POWER_AT_MOST_COST,script_action,SKIRMISH_FIRE_SPECIAL_POWER_AT_MOST_COST,GeneralsMD/Code/GameEngine/Include/GameLogic/Scripts.h,games/generalszh/scripting;games/generalszh/session;games/generalszh/gameplay,games/generalszh/scripting/player_vocabulary.cppm;games/generalszh/session/script_bridge.cppm;games/generalszh/gameplay/ai/algorithms/ai_superweapon.cppm,games/generalszh/scripting/player_vocabulary.test;games/generalszh/session/skirmish_start.test,in_progress,,skirmish,"doSkirmishFireSpecialPowerAtMostCost: against the script player's skirmish enemy, each ready object of the named player (breaking per team, as the original) fires as a script at computeSuperweaponTarget (enemy structure bounds or the map, random corner, 10x10 then the diagonal 11-step fine tune) using getPlayerSuperweaponValue within max(50, RadiusCursorRadius). Only OCL powers fire yet; sneak attacks (calcClosestConstructionZoneLocation) are not fired."
script_action:SKIRMISH_FOLLOW_APPROACH_PATH,script_action,SKIRMISH_FOLLOW_APPROACH_PATH,GeneralsMD/Code/GameEngine/Include/GameLogic/Scripts.h,games/generalszh/scripting;games/generalszh/session;games/generalszh/gameplay,games/generalszh/scripting/unit_vocabulary.cppm;games/generalszh/session/script_bridge.cppm;games/generalszh/gameplay/teams/algorithms/team_actions.cppm,games/generalszh/scripting/unit_vocabulary.test;games/generalszh/session/special_abilities.test,in_progress,,m2,"2026-09-27: doTeamFollowSkirmishApproachPath: label + skirmish enemy getMpStartIndex()+1, waypoint closest to the team centre, every member follows from it. Not yet: checkBridges (bridges not ported), groupFollowWaypointPathAsTeam keeping together."
script_action:SKIRMISH_MOVE_TO_APPROACH_PATH,script_action,SKIRMISH_MOVE_TO_APPROACH_PATH,GeneralsMD/Code/GameEngine/Include/GameLogic/Scripts.h,games/generalszh/scripting;games/generalszh/session;games/generalszh/gameplay,games/generalszh/scripting/unit_vocabulary.cppm;games/generalszh/session/script_bridge.cppm;games/generalszh/gameplay/teams/algorithms/team_actions.cppm,games/generalszh/scripting/unit_vocabulary.test;games/generalszh/session/special_abilities.test,ported,,m2,"2026-09-27: doTeamMoveToSkirmishApproachPath: label + skirmish enemy getMpStartIndex()+1, the waypoint closest to the team centre moved to (groupMoveToPosition as MOVE_TEAM_TO)."
script_action:SKIRMISH_PERFORM_COMMANDBUTTON_ON_MOST_VALUABLE_OBJECT,script_action,SKIRMISH_PERFORM_COMMANDBUTTON_ON_MOST_VALUABLE_OBJECT,GeneralsMD/Code/GameEngine/Include/GameLogic/Scripts.h,games/generalszh/scripting;games/generalszh/gameplay;games/generalszh/session,games/generalszh/scripting/unit_vocabulary.cppm;games/generalszh/gameplay/scripts/algorithms/command_button_targets.cppm;games/generalszh/session/script_bridge.cppm,games/generalszh/session/special_abilities.test;games/generalszh/scripting/unit_vocabulary.test,ported,,skirmish,"2026-09-29: doSkirmishCommandButtonOnMostValuable: the group's button source (special power or command type), of the enemies (own player too, as the filter lets them) within range of the group centre (FROM_CENTER_2D), same map status, valid for the button, the highest BuildCost (ITER_SORTED_EXPENSIVE_TO_CHEAP, stable; ties in entity order, the partition's cell order not kept); groupDoCommandButtonAtObject. The all-members flag is unused, as in the original: legacy_parity_a_team_uses_its_button_on_the_most_valuable_enemy_in_range."
script_action:SKIRMISH_WAIT_FOR_COMMANDBUTTON_AVAILABLE_ALL,script_action,SKIRMISH_WAIT_FOR_COMMANDBUTTON_AVAILABLE_ALL,GeneralsMD/Code/GameEngine/Include/GameLogic/Scripts.h,games/generalszh/scripting;games/generalszh/session;games/generalszh/gameplay,games/generalszh/scripting/unit_vocabulary.cppm;games/generalszh/session/script_bridge.cppm;games/generalszh/gameplay/orders/algorithms/command_button_readiness.cppm,games/generalszh/scripting/unit_vocabulary.test;games/generalszh/session/script_objects.test,ported,,skirmish,sequential scripts only: HoldSequence while evaluateSkirmishCommandButtonIsReady is false
script_action:SKIRMISH_WAIT_FOR_COMMANDBUTTON_AVAILABLE_PARTIAL,script_action,SKIRMISH_WAIT_FOR_COMMANDBUTTON_AVAILABLE_PARTIAL,GeneralsMD/Code/GameEngine/Include/GameLogic/Scripts.h,games/generalszh/scripting;games/generalszh/session;games/generalszh/gameplay,games/generalszh/scripting/unit_vocabulary.cppm;games/generalszh/session/script_bridge.cppm;games/generalszh/gameplay/orders/algorithms/command_button_readiness.cppm,games/generalszh/scripting/unit_vocabulary.test;games/generalszh/session/script_objects.test,ported,,skirmish,sequential scripts only: HoldSequence while evaluateSkirmishCommandButtonIsReady is false
script_action:SOUND_AMBIENT_PAUSE,script_action,SOUND_AMBIENT_PAUSE,GeneralsMD/Code/GameEngine/Include/GameLogic/Scripts.h,games/generalszh/scripting,games/generalszh/scripting/presentation_vocabulary.cppm,games/generalszh/scripting/core_vocabulary.test,ported,,campaign,"doAmbientSoundsPause -> AudioManager::pauseAmbient, empty in the original's MilesAudioManager: accepted, does nothing."
script_action:SOUND_AMBIENT_RESUME,script_action,SOUND_AMBIENT_RESUME,GeneralsMD/Code/GameEngine/Include/GameLogic/Scripts.h,games/generalszh/scripting,games/generalszh/scripting/presentation_vocabulary.cppm,games/generalszh/scripting/core_vocabulary.test,ported,,campaign,"doAmbientSoundsPause(false) -> pauseAmbient, empty in the original: accepted, does nothing."
script_action:SOUND_DISABLE_TYPE,script_action,SOUND_DISABLE_TYPE,GeneralsMD/Code/GameEngine/Include/GameLogic/Scripts.h,games/generalszh/scripting;games/generalszh/presentation,games/generalszh/scripting/presentation_vocabulary.cppm;games/generalszh/presentation/audio/systems/audio_systems.cppm,games/generalszh/scripting/core_vocabulary.test;games/generalszh/presentation/audio/audio_systems.test,ported,,shellmap,"setAudioEventEnabled(false) = setAudioEventVolumeOverride(0): what plays goes silent, later plays culled (below MinSampleVolume)"
script_action:SOUND_ENABLE_ALL,script_action,SOUND_ENABLE_ALL,GeneralsMD/Code/GameEngine/Include/GameLogic/Scripts.h,games/generalszh/scripting;games/generalszh/presentation;games/generalszh/hosts;engine/audio,games/generalszh/scripting/presentation_vocabulary.cppm;games/generalszh/presentation/audio/systems/audio_systems.cppm;games/generalszh/presentation/audio/resources/audio_resources.cppm;engine/audio/playback/sound_player.cppm;games/generalszh/hosts/game/game_client.cpp,games/generalszh/scripting/core_vocabulary.test;games/generalszh/presentation/audio/audio_systems.test,ported,,campaign,"setAudioEventEnabled("""", true): every override taken away"
script_action:SOUND_ENABLE_TYPE,script_action,SOUND_ENABLE_TYPE,GeneralsMD/Code/GameEngine/Include/GameLogic/Scripts.h,games/generalszh/scripting;games/generalszh/presentation;games/generalszh/hosts;engine/audio,games/generalszh/scripting/presentation_vocabulary.cppm;games/generalszh/presentation/audio/systems/audio_systems.cppm;games/generalszh/presentation/audio/resources/audio_resources.cppm;engine/audio/playback/sound_player.cppm;games/generalszh/hosts/game/game_client.cpp,games/generalszh/scripting/core_vocabulary.test;games/generalszh/presentation/audio/audio_systems.test,ported,,campaign,setAudioEventEnabled(true) = setAudioEventVolumeOverride(-1): the event's override (a disable or a set volume) taken away
script_action:SOUND_PLAY_NAMED,script_action,SOUND_PLAY_NAMED,GeneralsMD/Code/GameEngine/Include/GameLogic/Scripts.h,games/generalszh/scripting;games/generalszh/presentation;games/generalszh/hosts;engine/audio,games/generalszh/scripting/presentation_vocabulary.cppm;games/generalszh/presentation/audio/systems/audio_systems.cppm;games/generalszh/presentation/audio/resources/audio_resources.cppm;engine/audio/playback/sound_player.cppm;games/generalszh/hosts/game/game_client.cpp,games/generalszh/scripting/core_vocabulary.test;games/generalszh/presentation/audio/audio_systems.test,ported,,campaign,"doSoundPlayFromNamed: where the unit is when played, its owner's (not yet: following it as it moves)"
script_action:SOUND_REMOVE_ALL_DISABLED,script_action,SOUND_REMOVE_ALL_DISABLED,GeneralsMD/Code/GameEngine/Include/GameLogic/Scripts.h,games/generalszh/scripting;games/generalszh/presentation;games/generalszh/hosts;engine/audio,games/generalszh/scripting/presentation_vocabulary.cppm;games/generalszh/presentation/audio/systems/audio_systems.cppm;games/generalszh/presentation/audio/resources/audio_resources.cppm;engine/audio/playback/sound_player.cppm;games/generalszh/hosts/game/game_client.cpp,games/generalszh/scripting/core_vocabulary.test;games/generalszh/presentation/audio/audio_systems.test,ported,,campaign,removeAllDisabledAudio (retail): what plays at no volume stops
script_action:SOUND_REMOVE_TYPE,script_action,SOUND_REMOVE_TYPE,GeneralsMD/Code/GameEngine/Include/GameLogic/Scripts.h,games/generalszh/scripting;games/generalszh/presentation;games/generalszh/hosts;engine/audio,games/generalszh/scripting/presentation_vocabulary.cppm;games/generalszh/presentation/audio/systems/audio_systems.cppm;games/generalszh/presentation/audio/resources/audio_resources.cppm;engine/audio/playback/sound_player.cppm;games/generalszh/hosts/game/game_client.cpp,games/generalszh/scripting/core_vocabulary.test;games/generalszh/presentation/audio/audio_systems.test,ported,,campaign,removeAudioEvent(name): what plays of it stops at once
script_action:SOUND_SET_VOLUME,script_action,SOUND_SET_VOLUME,GeneralsMD/Code/GameEngine/Include/GameLogic/Scripts.h,games/generalszh/scripting;games/generalszh/presentation,games/generalszh/scripting/presentation_vocabulary.cppm;games/generalszh/presentation/audio/systems/audio_systems.cppm,games/generalszh/scripting/core_vocabulary.test;games/generalszh/presentation/audio/audio_systems.test,ported,,shellmap,
script_action:SPEECH_PLAY,script_action,SPEECH_PLAY,GeneralsMD/Code/GameEngine/Include/GameLogic/Scripts.h,games/generalszh/scripting;games/generalszh/presentation,games/generalszh/scripting/presentation_vocabulary.cppm;games/generalszh/presentation/audio/systems/audio_systems.cppm,games/generalszh/scripting/core_vocabulary.test;games/generalszh/presentation/audio/audio_systems.test,ported,,shellmap,
script_action:SPEECH_SET_VOLUME,script_action,SPEECH_SET_VOLUME,GeneralsMD/Code/GameEngine/Include/GameLogic/Scripts.h,games/generalszh/scripting;games/generalszh/presentation,games/generalszh/scripting/presentation_vocabulary.cppm;games/generalszh/presentation/audio/systems/audio_systems.cppm,games/generalszh/scripting/core_vocabulary.test;games/generalszh/presentation/audio/audio_systems.test,ported,,shellmap,
script_action:STOP_TIMER,script_action,STOP_TIMER,GeneralsMD/Code/GameEngine/Include/GameLogic/Scripts.h,engine/scripting;games/generalszh/scripting,engine/scripting/runtime/script_runtime.cppm;games/generalszh/scripting/core_vocabulary.cppm,engine/scripting/runtime/script_runtime.test;games/generalszh/scripting/core_vocabulary.test,ported,,shellmap,
script_action:SUB_FROM_MSEC_TIMER,script_action,SUB_FROM_MSEC_TIMER,GeneralsMD/Code/GameEngine/Include/GameLogic/Scripts.h,engine/scripting;games/generalszh/scripting,engine/scripting/runtime/script_runtime.cppm;games/generalszh/scripting/core_vocabulary.cppm,engine/scripting/runtime/script_runtime.test;games/generalszh/scripting/core_vocabulary.test,ported,,shellmap,
script_action:SUSPEND_BACKGROUND_SOUNDS,script_action,SUSPEND_BACKGROUND_SOUNDS,GeneralsMD/Code/GameEngine/Include/GameLogic/Scripts.h,games/generalszh/scripting;games/generalszh/presentation;games/generalszh/hosts;engine/audio,games/generalszh/scripting/presentation_vocabulary.cppm;games/generalszh/presentation/audio/resources/audio_resources.cppm;games/generalszh/presentation/audio/systems/audio_systems.cppm;games/generalszh/hosts/game/game_client.cpp;engine/audio/mixing/mixer.cppm;engine/audio/playback/sound_player.cppm,engine/audio/audio.test;games/generalszh/scripting/core_vocabulary.test,ported,,campaign,"TheAudio->pauseAudio(AudioAffect_Sound) (MilesAudioManager): each playing 2D sound held where it is (AIL_stop_sample), world sounds and streams untouched, the pending play requests dropped; sounds started later play."
script_action:TEAM_AFFECT_OBJECT_PANEL_FLAGS,script_action,TEAM_AFFECT_OBJECT_PANEL_FLAGS,GeneralsMD/Code/GameEngine/Include/GameLogic/Scripts.h,games/generalszh/scripting;games/generalszh/session;games/generalszh/gameplay;games/generalszh/presentation;engine/gameplay,games/generalszh/scripting/unit_vocabulary.cppm;games/generalszh/session/script_bridge.cppm;games/generalszh/gameplay/scripts/algorithms/object_edits.cppm;engine/gameplay/common/status/components/script_status.cppm;engine/gameplay/common/health/components/health.cppm;engine/gameplay/common/health/systems/health_system.cppm;engine/gameplay/rts/death/systems/death_system.cppm;games/generalszh/gameplay/ai/algorithms/ai_team_building.cppm;games/generalszh/gameplay/world/algorithms/level_setup.cppm;games/generalszh/gameplay/ai/systems/attack_squad_system.cppm;games/generalszh/gameplay/teams/algorithms/team_actions.cppm;games/generalszh/presentation/interaction/systems/interaction_systems.cppm,games/generalszh/scripting/unit_vocabulary.test;games/generalszh/session/script_objects.test;games/generalszh/session/research.test;games/generalszh/presentation/interaction/interaction.test,ported,,skirmish,"changeObjectPanelFlagForSingleObject: Enabled/Powered -> DISABLED_SCRIPT_DISABLED/_UNDERPOWERED; Indestructible (the body ignores damage and kill(), riders included); AI Recruitable off keeps it out of AI team recruiting; Selectable (setSelectable) feeds isSelectable in squad victim choice; Player Targetable lets a player attack a non-enemy, non-ally (getAbleToAttackSpecificObject CMD_FROM_PLAYER); Unsellable is kept and cleared on capture (onCapture) but, as in the original, read nowhere. Map properties objectEnabled/Powered/Indestructible/Unsellable/Targetable/RecruitableAI/Selectable apply the same at placement (the shell map Humvee is indestructible)."
script_action:TEAM_ALL_USE_COMMANDBUTTON_ON_NAMED,script_action,TEAM_ALL_USE_COMMANDBUTTON_ON_NAMED,GeneralsMD/Code/GameEngine/Include/GameLogic/Scripts.h,games/generalszh/scripting;games/generalszh/session;games/generalszh/gameplay,games/generalszh/scripting/unit_vocabulary.cppm;games/generalszh/session/script_bridge.cppm;games/generalszh/gameplay/scripts/algorithms/command_button_targets.cppm;games/generalszh/gameplay/orders/algorithms/command_buttons.cppm,games/generalszh/scripting/unit_vocabulary.test;games/generalszh/session/special_abilities.test;games/generalszh/session/attacks.test,ported, legacy_parity_script_command_buttons_fire_weapons_and_attack_move,skirmish,"2026-09-27: doTeamUseCommandButtonOnNamed: the button's source member (getSpecialPowerSourceObject / getCommandButtonSourceObject) must find the target valid (isValidToUseOn: canDoSpecialPowerAtObject from a script), then every member uses it there. The retail upgrade branch for buttons merely naming an Upgrade is fixed (only upgrade commands take it). 2026-09-30: Object::doCommandButton / doCommandButtonAtObject / doCommandButtonAtPosition complete (command_buttons.cppm): FIRE_WEAPON (no target: its own spot; at an object: isValidObjectTarget, ATTACK_OBJECTS_POSITION; at a position: NEED_TARGET_POS), each locking its slot for now with MaxShotsToFire; COMBATDROP at an object; ATTACK_MOVE, STOP, DOZER_CONSTRUCT (a dozer builds there) and SPECIAL_POWER at a position; the AT_WAYPOINT actions go through doCommandButtonAtPosition (named: each button of its command set so named; team: every member)."
script_action:TEAM_ALL_USE_COMMANDBUTTON_ON_NEAREST_ENEMY_BUILDING,script_action,TEAM_ALL_USE_COMMANDBUTTON_ON_NEAREST_ENEMY_BUILDING,GeneralsMD/Code/GameEngine/Include/GameLogic/Scripts.h,games/generalszh/scripting;games/generalszh/session;games/generalszh/gameplay,games/generalszh/scripting/unit_vocabulary.cppm;games/generalszh/session/script_bridge.cppm;games/generalszh/gameplay/scripts/algorithms/command_button_targets.cppm;games/generalszh/gameplay/orders/algorithms/command_buttons.cppm,games/generalszh/scripting/unit_vocabulary.test;games/generalszh/session/special_abilities.test;games/generalszh/session/attacks.test,ported, legacy_parity_script_command_buttons_fire_weapons_and_attack_move,skirmish,"2026-09-27: doTeamUseCommandButtonOnNearestBuilding: nearest the group's centre (AIGroup::getCenter; FROM_CENTER_2D), on the map as the source member is, an enemy STRUCTURE (PartitionFilterPlayerAffiliation: its own player's too, as retail), that the source member may use the button on (isValidToUseOn); every member uses it there. Buttons at objects: SPECIAL_POWER (captures: SpecialAbilityUpdate), STOP, aiEnter ones; FIRE_WEAPON and COMBATDROP not yet. The retail quirk that no button naming an Upgrade was ever valid is fixed. 2026-09-30: Object::doCommandButton / doCommandButtonAtObject / doCommandButtonAtPosition complete (command_buttons.cppm): FIRE_WEAPON (no target: its own spot; at an object: isValidObjectTarget, ATTACK_OBJECTS_POSITION; at a position: NEED_TARGET_POS), each locking its slot for now with MaxShotsToFire; COMBATDROP at an object; ATTACK_MOVE, STOP, DOZER_CONSTRUCT (a dozer builds there) and SPECIAL_POWER at a position; the AT_WAYPOINT actions go through doCommandButtonAtPosition (named: each button of its command set so named; team: every member)."
script_action:TEAM_ALL_USE_COMMANDBUTTON_ON_NEAREST_ENEMY_BUILDING_CLASS,script_action,TEAM_ALL_USE_COMMANDBUTTON_ON_NEAREST_ENEMY_BUILDING_CLASS,GeneralsMD/Code/GameEngine/Include/GameLogic/Scripts.h,games/generalszh/scripting;games/generalszh/session;games/generalszh/gameplay,games/generalszh/scripting/unit_vocabulary.cppm;games/generalszh/session/script_bridge.cppm;games/generalszh/gameplay/scripts/algorithms/command_button_targets.cppm;games/generalszh/gameplay/orders/algorithms/command_buttons.cppm,games/generalszh/scripting/unit_vocabulary.test;games/generalszh/session/special_abilities.test;games/generalszh/session/attacks.test,ported, legacy_parity_script_command_buttons_fire_weapons_and_attack_move,skirmish,"2026-09-27: doTeamUseCommandButtonOnNearestBuildingClass: nearest the group's centre (AIGroup::getCenter; FROM_CENTER_2D), on the map as the source member is, an enemy STRUCTURE of the KindOf (PartitionFilterPlayerAffiliation: its own player's too, as retail), that the source member may use the button on (isValidToUseOn); every member uses it there. Buttons at objects: SPECIAL_POWER (captures: SpecialAbilityUpdate), STOP, aiEnter ones; FIRE_WEAPON and COMBATDROP not yet. The retail quirk that no button naming an Upgrade was ever valid is fixed. 2026-09-30: Object::doCommandButton / doCommandButtonAtObject / doCommandButtonAtPosition complete (command_buttons.cppm): FIRE_WEAPON (no target: its own spot; at an object: isValidObjectTarget, ATTACK_OBJECTS_POSITION; at a position: NEED_TARGET_POS), each locking its slot for now with MaxShotsToFire; COMBATDROP at an object; ATTACK_MOVE, STOP, DOZER_CONSTRUCT (a dozer builds there) and SPECIAL_POWER at a position; the AT_WAYPOINT actions go through doCommandButtonAtPosition (named: each button of its command set so named; team: every member)."
script_action:TEAM_ALL_USE_COMMANDBUTTON_ON_NEAREST_ENEMY_UNIT,script_action,TEAM_ALL_USE_COMMANDBUTTON_ON_NEAREST_ENEMY_UNIT,GeneralsMD/Code/GameEngine/Include/GameLogic/Scripts.h,games/generalszh/scripting;games/generalszh/session;games/generalszh/gameplay,games/generalszh/scripting/unit_vocabulary.cppm;games/generalszh/session/script_bridge.cppm;games/generalszh/gameplay/scripts/algorithms/command_button_targets.cppm;games/generalszh/gameplay/orders/algorithms/command_buttons.cppm,games/generalszh/scripting/unit_vocabulary.test;games/generalszh/session/special_abilities.test;games/generalszh/session/attacks.test,ported, legacy_parity_script_command_buttons_fire_weapons_and_attack_move,skirmish,"2026-09-27: doTeamUseCommandButtonOnNearestEnemy: nearest the group's centre (AIGroup::getCenter; FROM_CENTER_2D), on the map as the source member is, anything of an enemy's (PartitionFilterPlayerAffiliation: its own player's too, as retail), that the source member may use the button on (isValidToUseOn); every member uses it there. Buttons at objects: SPECIAL_POWER (captures: SpecialAbilityUpdate), STOP, aiEnter ones; FIRE_WEAPON and COMBATDROP not yet. The retail quirk that no button naming an Upgrade was ever valid is fixed. 2026-09-30: Object::doCommandButton / doCommandButtonAtObject / doCommandButtonAtPosition complete (command_buttons.cppm): FIRE_WEAPON (no target: its own spot; at an object: isValidObjectTarget, ATTACK_OBJECTS_POSITION; at a position: NEED_TARGET_POS), each locking its slot for now with MaxShotsToFire; COMBATDROP at an object; ATTACK_MOVE, STOP, DOZER_CONSTRUCT (a dozer builds there) and SPECIAL_POWER at a position; the AT_WAYPOINT actions go through doCommandButtonAtPosition (named: each button of its command set so named; team: every member)."
script_action:TEAM_ALL_USE_COMMANDBUTTON_ON_NEAREST_GARRISONED_BUILDING,script_action,TEAM_ALL_USE_COMMANDBUTTON_ON_NEAREST_GARRISONED_BUILDING,GeneralsMD/Code/GameEngine/Include/GameLogic/Scripts.h,games/generalszh/scripting;games/generalszh/session;games/generalszh/gameplay,games/generalszh/scripting/unit_vocabulary.cppm;games/generalszh/session/script_bridge.cppm;games/generalszh/gameplay/scripts/algorithms/command_button_targets.cppm;games/generalszh/gameplay/orders/algorithms/command_buttons.cppm,games/generalszh/scripting/unit_vocabulary.test;games/generalszh/session/special_abilities.test;games/generalszh/session/attacks.test,ported, legacy_parity_script_command_buttons_fire_weapons_and_attack_move,skirmish,"2026-09-27: doTeamUseCommandButtonOnNearestGarrisonedBuilding: nearest the group's centre (AIGroup::getCenter; FROM_CENTER_2D), on the map as the source member is, an enemy STRUCTURE with a garrison contain (PartitionFilterPlayerAffiliation: its own player's too, as retail), that the source member may use the button on (isValidToUseOn); every member uses it there. Buttons at objects: SPECIAL_POWER (captures: SpecialAbilityUpdate), STOP, aiEnter ones; FIRE_WEAPON and COMBATDROP not yet. The retail quirk that no button naming an Upgrade was ever valid is fixed. 2026-09-30: Object::doCommandButton / doCommandButtonAtObject / doCommandButtonAtPosition complete (command_buttons.cppm): FIRE_WEAPON (no target: its own spot; at an object: isValidObjectTarget, ATTACK_OBJECTS_POSITION; at a position: NEED_TARGET_POS), each locking its slot for now with MaxShotsToFire; COMBATDROP at an object; ATTACK_MOVE, STOP, DOZER_CONSTRUCT (a dozer builds there) and SPECIAL_POWER at a position; the AT_WAYPOINT actions go through doCommandButtonAtPosition (named: each button of its command set so named; team: every member)."
script_action:TEAM_ALL_USE_COMMANDBUTTON_ON_NEAREST_KINDOF,script_action,TEAM_ALL_USE_COMMANDBUTTON_ON_NEAREST_KINDOF,GeneralsMD/Code/GameEngine/Include/GameLogic/Scripts.h,games/generalszh/scripting;games/generalszh/session;games/generalszh/gameplay,games/generalszh/scripting/unit_vocabulary.cppm;games/generalszh/session/script_bridge.cppm;games/generalszh/gameplay/scripts/algorithms/command_button_targets.cppm;games/generalszh/gameplay/orders/algorithms/command_buttons.cppm,games/generalszh/scripting/unit_vocabulary.test;games/generalszh/session/special_abilities.test;games/generalszh/session/attacks.test,ported, legacy_parity_script_command_buttons_fire_weapons_and_attack_move,skirmish,"2026-09-27: doTeamUseCommandButtonOnNearestKindof: nearest the group's centre (AIGroup::getCenter; FROM_CENTER_2D), on the map as the source member is, an enemy's of the KindOf (PartitionFilterPlayerAffiliation: its own player's too, as retail), that the source member may use the button on (isValidToUseOn); every member uses it there. Buttons at objects: SPECIAL_POWER (captures: SpecialAbilityUpdate), STOP, aiEnter ones; FIRE_WEAPON and COMBATDROP not yet. The retail quirk that no button naming an Upgrade was ever valid is fixed. 2026-09-30: Object::doCommandButton / doCommandButtonAtObject / doCommandButtonAtPosition complete (command_buttons.cppm): FIRE_WEAPON (no target: its own spot; at an object: isValidObjectTarget, ATTACK_OBJECTS_POSITION; at a position: NEED_TARGET_POS), each locking its slot for now with MaxShotsToFire; COMBATDROP at an object; ATTACK_MOVE, STOP, DOZER_CONSTRUCT (a dozer builds there) and SPECIAL_POWER at a position; the AT_WAYPOINT actions go through doCommandButtonAtPosition (named: each button of its command set so named; team: every member)."
script_action:TEAM_ALL_USE_COMMANDBUTTON_ON_NEAREST_OBJECTTYPE,script_action,TEAM_ALL_USE_COMMANDBUTTON_ON_NEAREST_OBJECTTYPE,GeneralsMD/Code/GameEngine/Include/GameLogic/Scripts.h,games/generalszh/scripting;games/generalszh/session;games/generalszh/gameplay,games/generalszh/scripting/unit_vocabulary.cppm;games/generalszh/session/script_bridge.cppm;games/generalszh/gameplay/scripts/algorithms/command_button_targets.cppm;games/generalszh/gameplay/orders/algorithms/command_buttons.cppm,games/generalszh/scripting/unit_vocabulary.test;games/generalszh/session/special_abilities.test;games/generalszh/session/attacks.test,ported, legacy_parity_script_command_buttons_fire_weapons_and_attack_move,skirmish,"2026-09-27: doTeamUseCommandButtonOnNearestObjectType: nearest the group's centre (AIGroup::getCenter; FROM_CENTER_2D), on the map as the source member is, an enemy's or neutral's of the type or list (the skirmish AI's tech building captures), nearest per type (PartitionFilterPlayerAffiliation: its own player's too, as retail), that the source member may use the button on (isValidToUseOn); every member uses it there. Buttons at objects: SPECIAL_POWER (captures: SpecialAbilityUpdate), STOP, aiEnter ones; FIRE_WEAPON and COMBATDROP not yet. The retail quirk that no button naming an Upgrade was ever valid is fixed. 2026-09-30: Object::doCommandButton / doCommandButtonAtObject / doCommandButtonAtPosition complete (command_buttons.cppm): FIRE_WEAPON (no target: its own spot; at an object: isValidObjectTarget, ATTACK_OBJECTS_POSITION; at a position: NEED_TARGET_POS), each locking its slot for now with MaxShotsToFire; COMBATDROP at an object; ATTACK_MOVE, STOP, DOZER_CONSTRUCT (a dozer builds there) and SPECIAL_POWER at a position; the AT_WAYPOINT actions go through doCommandButtonAtPosition (named: each button of its command set so named; team: every member)."
script_action:TEAM_APPLY_ATTACK_PRIORITY_SET,script_action,TEAM_APPLY_ATTACK_PRIORITY_SET,GeneralsMD/Code/GameEngine/Include/GameLogic/Scripts.h,engine/gameplay;games/generalszh/scripting;games/generalszh/session;games/generalszh/content,engine/gameplay/rts/combat/resources/attack_priorities.cppm;engine/gameplay/rts/combat/systems/targeting_system.cppm;engine/gameplay/rts/combat/components/aggression.cppm;games/generalszh/scripting/unit_vocabulary.cppm;games/generalszh/session/script_bridge.cppm;games/generalszh/session/session_checkpoint.cpp;games/generalszh/content/ai/ai_data.cppm;engine/gameplay/rts/teams/resources/team_roster.cppm;games/generalszh/gameplay/objects/algorithms/object_factory.cppm;games/generalszh/gameplay/teams/algorithms/team_actions.cppm,games/generalszh/scripting/unit_vocabulary.test;games/generalszh/session/create_modules.test;games/generalszh/session/reinforcements.test,in_progress,,skirmish,"updateTeamAttackPrioritySet: each member picks targets by the set. Targets are then picked as AI::findClosestEnemy with the set: nearest first (bounding circles), each priority (0: never) less one per AttackPriorityDistanceModifier (100) of distance, at least 1, the greatest kept (a tie to the greater priority). Not yet: a container's priority raised to what it holds. 2026-09-28: the team keeps a set that exists (Team::setAttackPriorityName on its prototype, checkpointed in the roster); members made for it later (Object's constructor) and units joining it (Object::setTeam) take it."
script_action:TEAM_ATTACK_AREA,script_action,TEAM_ATTACK_AREA,GeneralsMD/Code/GameEngine/Include/GameLogic/Scripts.h,engine/gameplay;games/generalszh/scripting;games/generalszh/session;games/generalszh/gameplay,engine/gameplay/common/areas/resources/trigger_areas.cppm;engine/gameplay/common/areas/components/area_presence.cppm;games/generalszh/gameplay/scripts/algorithms/trigger_area_queries.cppm;games/generalszh/scripting/unit_vocabulary.cppm;games/generalszh/session/script_bridge.cppm;engine/gameplay/rts/combat/systems/targeting_system.cppm;engine/gameplay/rts/combat/components/aggression.cppm,games/generalszh/scripting/unit_vocabulary.test;games/generalszh/session/create_modules.test,ported,,skirmish,"groupAttackArea -> AIAttackAreaState: hunt the enemies inside the area (first look within a second), idle once none are left. Scans on the unit's own scan interval rather than ENEMY_SCAN_RATE."
script_action:TEAM_ATTACK_NAMED,script_action,TEAM_ATTACK_NAMED,GeneralsMD/Code/GameEngine/Include/GameLogic/Scripts.h,games/generalszh/scripting;games/generalszh/session;games/generalszh/gameplay,games/generalszh/scripting/unit_vocabulary.cppm;games/generalszh/scripting/script_parameters.cppm;games/generalszh/session/script_bridge.cppm;games/generalszh/gameplay/teams/algorithms/team_actions.cppm,games/generalszh/scripting/unit_vocabulary.test;games/generalszh/session/script_objects.test,in_progress,,campaign,"2026-09-27: doTeamAttackNamed: the team as an AIGroup, each member attacks the unit (OrderAttack). Not yet: groupAttackObject's group formation and max-shots handling beyond the per-unit order."
script_action:TEAM_ATTACK_TEAM,script_action,TEAM_ATTACK_TEAM,GeneralsMD/Code/GameEngine/Include/GameLogic/Scripts.h,games/generalszh/scripting;games/generalszh/session;games/generalszh/gameplay,games/generalszh/scripting/unit_vocabulary.cppm;games/generalszh/session/script_bridge.cppm;games/generalszh/gameplay/ai/components/attack_squad.cppm;games/generalszh/gameplay/ai/systems/attack_squad_system.cppm;games/generalszh/gameplay/ai/algorithms/attack_squads.cppm;games/generalszh/session/session_checkpoint.cpp,games/generalszh/scripting/unit_vocabulary.test;games/generalszh/session/script_objects.test,ported,,campaign,2026-09-27: doAttack -> groupAttackTeam: each member of the team's AI group attacks the squad (see NAMED_ATTACK_TEAM).
script_action:TEAM_AVAILABLE_FOR_RECRUITMENT,script_action,TEAM_AVAILABLE_FOR_RECRUITMENT,GeneralsMD/Code/GameEngine/Include/GameLogic/Scripts.h,games/generalszh/scripting;games/generalszh/session,games/generalszh/scripting/unit_vocabulary.cppm;games/generalszh/session/script_bridge.cppm,games/generalszh/scripting/unit_vocabulary.test,ported,,skirmish,"Team::setRecruitable: the team's recruitability over its template's (teamIsAIRecruitable), as the AI's recruiting reads it."
script_action:TEAM_CAPTURE_NEAREST_UNOWNED_FACTION_UNIT,script_action,TEAM_CAPTURE_NEAREST_UNOWNED_FACTION_UNIT,GeneralsMD/Code/GameEngine/Include/GameLogic/Scripts.h,games/generalszh/scripting;games/generalszh/session;games/generalszh/gameplay;games/generalszh/presentation;engine/gameplay,games/generalszh/scripting/unit_vocabulary.cppm;games/generalszh/session/script_bridge.cppm;engine/gameplay/common/health/resources/armor_catalog.cppm;engine/gameplay/common/health/systems/health_system.cppm;games/generalszh/gameplay/combat/systems/pilot_kill_system.cppm;games/generalszh/gameplay/combat/algorithms/unmanned_vehicles.cppm;games/generalszh/presentation/objects/systems/disable_presentation_systems.cppm,games/generalszh/session/unmanned_vehicles.test;games/generalszh/scripting/unit_vocabulary.test,ported,,skirmish,"2026-09-27: doTeamCaptureNearestUnownedFactionUnit: nearest unmanned on-map object (enemy, neutral or own) to the AIGroup centre; the group told to enter it (infantry take it over)."
script_action:TEAM_COLLECT_NEARBY_FOR_TEAM,script_action,TEAM_COLLECT_NEARBY_FOR_TEAM,GeneralsMD/Code/GameEngine/Include/GameLogic/Scripts.h,games/generalszh/scripting,games/generalszh/scripting/unit_vocabulary.cppm,games/generalszh/scripting/unit_vocabulary.test,ported,,skirmish,"doCollectNearbyForTeam is ""not implemented"" (a DEBUG_ASSERTCRASH only): a no-op here."
script_action:TEAM_CREATE_RADAR_EVENT,script_action,TEAM_CREATE_RADAR_EVENT,GeneralsMD/Code/GameEngine/Include/GameLogic/Scripts.h,games/generalszh/scripting;games/generalszh/presentation;games/generalszh/hosts;games/generalszh/session;engine/graphics,games/generalszh/scripting/presentation_vocabulary.cppm;games/generalszh/hosts/game/game_client.cpp;games/generalszh/hosts/game/main.cpp;games/generalszh/session/session.cppm,games/generalszh/scripting/core_vocabulary.test,ported,,campaign,"doTeamRadarCreateEvent: a team with units, at getEstimateTeamPosition (its newest member, the head of its member list)"
script_action:TEAM_DECREASE_PRIORITY,script_action,TEAM_DECREASE_PRIORITY,GeneralsMD/Code/GameEngine/Include/GameLogic/Scripts.h,games/generalszh/scripting;games/generalszh/session;games/generalszh/gameplay,games/generalszh/scripting/unit_vocabulary.cppm;games/generalszh/session/script_bridge.cppm;games/generalszh/gameplay/ai/algorithms/ai_team_building.cppm,games/generalszh/session/skirmish_start.test,ported,,skirmish,decreaseAIPriorityForFailure: down by its ProductionPriorityFailureDecrease.
script_action:TEAM_DELETE,script_action,TEAM_DELETE,GeneralsMD/Code/GameEngine/Include/GameLogic/Scripts.h,games/generalszh/scripting;games/generalszh/session;games/generalszh/gameplay,games/generalszh/scripting/unit_vocabulary.cppm;games/generalszh/session/script_bridge.cppm;games/generalszh/gameplay/teams/algorithms/team_actions.cppm;games/generalszh/gameplay/lifecycle/algorithms/retire_now.cppm,games/generalszh/session/session.test,ported,,shellmap,
script_action:TEAM_DELETE_LIVING,script_action,TEAM_DELETE_LIVING,GeneralsMD/Code/GameEngine/Include/GameLogic/Scripts.h,games/generalszh/scripting;games/generalszh/session;games/generalszh/gameplay,games/generalszh/scripting/unit_vocabulary.cppm;games/generalszh/session/script_bridge.cppm;games/generalszh/gameplay/teams/algorithms/team_actions.cppm;games/generalszh/gameplay/lifecycle/algorithms/retire_now.cppm,games/generalszh/scripting/unit_vocabulary.test;games/generalszh/session/create_modules.test,ported,,skirmish,Team::deleteTeam(ignoreDead): living members destroyed at once (a default team evacuates its containers first).
script_action:TEAM_ENTER_NAMED,script_action,TEAM_ENTER_NAMED,GeneralsMD/Code/GameEngine/Include/GameLogic/Scripts.h,games/generalszh/scripting;games/generalszh/session;games/generalszh/gameplay;engine/gameplay,games/generalszh/scripting/unit_vocabulary.cppm;games/generalszh/session/script_bridge.cppm;games/generalszh/gameplay/orders/algorithms/unit_orders.cppm;engine/gameplay/rts/containment/systems/boarding_system.cppm;engine/gameplay/rts/containment/systems/unloading_system.cppm;engine/gameplay/rts/containment/systems/cargo_transfer_system.cppm,games/generalszh/session/session.test;engine/gameplay/rts/containment/containment.test,ported,,shellmap,
script_action:TEAM_EXECUTE_SEQUENTIAL_SCRIPT,script_action,TEAM_EXECUTE_SEQUENTIAL_SCRIPT,GeneralsMD/Code/GameEngine/Include/GameLogic/Scripts.h,engine/scripting;games/generalszh/scripting;games/generalszh/session;games/generalszh/gameplay,engine/scripting/runtime/script_runtime.cppm;games/generalszh/scripting/unit_vocabulary.cppm;games/generalszh/session/script_bridge.cppm;games/generalszh/session/session.cppm;games/generalszh/gameplay/scripts/algorithms/team_sequences.cppm,engine/scripting/runtime/script_runtime.test;games/generalszh/scripting/unit_vocabulary.test;games/generalszh/session/create_modules.test,ported,,skirmish,"doTeamStartSequentialScript: the team idles and the script runs on it. Sequential scripts (ScriptEngine::appendSequentialScript / evaluateAndProgressAllSequentialScripts) run in the script runtime after the scripts each tick: an action at a time, the next once the team is idle (AIGroup::isIdle: its AI members idle or dead) or after a set wait, on at once while it stays idle (up to 20 turns), queued per team, looping as asked, a dead team's chain ended; checkpointed with the runtime."
script_action:TEAM_EXECUTE_SEQUENTIAL_SCRIPT_LOOPING,script_action,TEAM_EXECUTE_SEQUENTIAL_SCRIPT_LOOPING,GeneralsMD/Code/GameEngine/Include/GameLogic/Scripts.h,engine/scripting;games/generalszh/scripting;games/generalszh/session;games/generalszh/gameplay,engine/scripting/runtime/script_runtime.cppm;games/generalszh/scripting/unit_vocabulary.cppm;games/generalszh/session/script_bridge.cppm;games/generalszh/session/session.cppm;games/generalszh/gameplay/scripts/algorithms/team_sequences.cppm,engine/scripting/runtime/script_runtime.test;games/generalszh/scripting/unit_vocabulary.test;games/generalszh/session/create_modules.test,ported,,skirmish,"doTeamStartSequentialScript with loops = times - 1. Sequential scripts (ScriptEngine::appendSequentialScript / evaluateAndProgressAllSequentialScripts) run in the script runtime after the scripts each tick: an action at a time, the next once the team is idle (AIGroup::isIdle: its AI members idle or dead) or after a set wait, on at once while it stays idle (up to 20 turns), queued per team, looping as asked, a dead team's chain ended; checkpointed with the runtime."
script_action:TEAM_EXIT_ALL,script_action,TEAM_EXIT_ALL,GeneralsMD/Code/GameEngine/Include/GameLogic/Scripts.h,games/generalszh/scripting;games/generalszh/session;games/generalszh/gameplay;engine/gameplay,games/generalszh/scripting/unit_vocabulary.cppm;games/generalszh/session/script_bridge.cppm;games/generalszh/gameplay/orders/algorithms/unit_orders.cppm;engine/gameplay/rts/containment/systems/boarding_system.cppm;engine/gameplay/rts/containment/systems/unloading_system.cppm;engine/gameplay/rts/containment/systems/cargo_transfer_system.cppm,games/generalszh/session/session.test;engine/gameplay/rts/containment/containment.test,ported,,shellmap,
script_action:TEAM_EXIT_ALL_BUILDINGS,script_action,TEAM_EXIT_ALL_BUILDINGS,GeneralsMD/Code/GameEngine/Include/GameLogic/Scripts.h,engine/gameplay;games/generalszh/gameplay;games/generalszh/scripting;games/generalszh/session,games/generalszh/scripting/unit_vocabulary.cppm;games/generalszh/session/script_bridge.cppm;games/generalszh/gameplay/scripts/algorithms/unit_script_orders.cppm;engine/gameplay/rts/containment/components/transport.cppm;engine/gameplay/rts/containment/systems/unloading_system.cppm;engine/gameplay/rts/containment/systems/cargo_transfer_system.cppm,games/generalszh/scripting/unit_vocabulary.test;games/generalszh/session/script_objects.test,ported,,campaign,each member with an AI: aiExit
script_action:TEAM_FACE_NAMED,script_action,TEAM_FACE_NAMED,GeneralsMD/Code/GameEngine/Include/GameLogic/Scripts.h,engine/gameplay;games/generalszh/gameplay;games/generalszh/scripting;games/generalszh/session,games/generalszh/scripting/unit_vocabulary.cppm;games/generalszh/session/script_bridge.cppm;games/generalszh/gameplay/scripts/algorithms/unit_script_orders.cppm;engine/gameplay/rts/movement/components/move_order.cppm;engine/gameplay/rts/movement/components/face_target.cppm;engine/gameplay/rts/movement/systems/face_target_system.cppm;engine/gameplay/rts/movement/systems/movement_system.cppm,games/generalszh/scripting/unit_vocabulary.test;games/generalszh/session/script_objects.test,ported,,campaign,aiFacePosition / aiFaceObject (FaceObject mode follows the target; gone: idle); normal locomotors first
script_action:TEAM_FACE_WAYPOINT,script_action,TEAM_FACE_WAYPOINT,GeneralsMD/Code/GameEngine/Include/GameLogic/Scripts.h,engine/gameplay;games/generalszh/gameplay;games/generalszh/scripting;games/generalszh/session,games/generalszh/scripting/unit_vocabulary.cppm;games/generalszh/session/script_bridge.cppm;games/generalszh/gameplay/scripts/algorithms/unit_script_orders.cppm;engine/gameplay/rts/movement/components/move_order.cppm;engine/gameplay/rts/movement/components/face_target.cppm;engine/gameplay/rts/movement/systems/face_target_system.cppm;engine/gameplay/rts/movement/systems/movement_system.cppm,games/generalszh/scripting/unit_vocabulary.test;games/generalszh/session/script_objects.test,ported,,campaign,aiFacePosition / aiFaceObject (FaceObject mode follows the target; gone: idle); normal locomotors first
script_action:TEAM_FLASH,script_action,TEAM_FLASH,GeneralsMD/Code/GameEngine/Include/GameLogic/Scripts.h,games/generalszh/scripting;games/generalszh/presentation;games/generalszh/hosts;games/generalszh/session,games/generalszh/scripting/presentation_vocabulary.cppm;games/generalszh/presentation/objects/components/object_presentation.cppm;games/generalszh/presentation/objects/systems/script_flash_systems.cppm;games/generalszh/hosts/game/game_client.cpp;games/generalszh/session/session.cppm,games/generalszh/presentation/objects/vehicle_motion.test,ported,,campaign,"doTeamFlash: every member, its indicator colour"
script_action:TEAM_FLASH_WHITE,script_action,TEAM_FLASH_WHITE,GeneralsMD/Code/GameEngine/Include/GameLogic/Scripts.h,games/generalszh/scripting;games/generalszh/presentation;games/generalszh/hosts;games/generalszh/session,games/generalszh/scripting/presentation_vocabulary.cppm;games/generalszh/presentation/objects/components/object_presentation.cppm;games/generalszh/presentation/objects/systems/script_flash_systems.cppm;games/generalszh/hosts/game/game_client.cpp;games/generalszh/session/session.cppm,games/generalszh/presentation/objects/vehicle_motion.test,ported,,campaign,doTeamFlash in white
script_action:TEAM_FOLLOW_WAYPOINTS,script_action,TEAM_FOLLOW_WAYPOINTS,GeneralsMD/Code/GameEngine/Include/GameLogic/Scripts.h,games/generalszh/scripting;games/generalszh/session;games/generalszh/gameplay,games/generalszh/scripting/unit_vocabulary.cppm;games/generalszh/session/script_bridge.cppm;games/generalszh/gameplay/teams/algorithms/team_actions.cppm,games/generalszh/session/session.test,ported,,shellmap,
script_action:TEAM_FOLLOW_WAYPOINTS_EXACT,script_action,TEAM_FOLLOW_WAYPOINTS_EXACT,GeneralsMD/Code/GameEngine/Include/GameLogic/Scripts.h,games/generalszh/scripting;games/generalszh/session;games/generalszh/gameplay;engine/gameplay,games/generalszh/scripting/unit_vocabulary.cppm;games/generalszh/session/script_bridge.cppm;games/generalszh/gameplay/orders/algorithms/unit_orders.cppm;games/generalszh/gameplay/teams/algorithms/team_actions.cppm;engine/gameplay/rts/movement/components/move_order.cppm;engine/gameplay/rts/movement/systems/movement_system.cppm,games/generalszh/scripting/unit_vocabulary.test;engine/gameplay/rts/movement/movement.test,in_progress,,campaign,"2026-09-27: aiFollowWaypointPathExact: MoveMode::PathExact, straight between waypoints along each one's first link (setPathFromWaypoint). Not yet: moving as a group at the group's speed, allowing invalid (off-map) positions, pathing through units."
script_action:TEAM_GARRISON_NEAREST_BUILDING,script_action,TEAM_GARRISON_NEAREST_BUILDING,GeneralsMD/Code/GameEngine/Include/GameLogic/Scripts.h,games/generalszh/scripting;games/generalszh/session;games/generalszh/gameplay,games/generalszh/scripting/unit_vocabulary.cppm;games/generalszh/session/script_bridge.cppm;games/generalszh/gameplay/containment/algorithms/garrisons.cppm,games/generalszh/scripting/unit_vocabulary.test;games/generalszh/session/create_modules.test,ported,,campaign,"From the first member, garrisons nearest first (3D), each filled with the team infantry in order; others are passed over. The money-hacker Internet Center filter is not ported yet."
script_action:TEAM_GARRISON_SPECIFIC_BUILDING,script_action,TEAM_GARRISON_SPECIFIC_BUILDING,GeneralsMD/Code/GameEngine/Include/GameLogic/Scripts.h,games/generalszh/scripting;games/generalszh/session;games/generalszh/gameplay,games/generalszh/scripting/unit_vocabulary.cppm;games/generalszh/session/script_bridge.cppm;games/generalszh/gameplay/containment/algorithms/garrisons.cppm,games/generalszh/scripting/unit_vocabulary.test;games/generalszh/session/create_modules.test,ported,,campaign,The team infantry enter while there is room. The money-hacker Internet Center filter is not ported yet.
script_action:TEAM_GUARD,script_action,TEAM_GUARD,GeneralsMD/Code/GameEngine/Include/GameLogic/Scripts.h,games/generalszh/scripting;games/generalszh/session;games/generalszh/gameplay;engine/gameplay,games/generalszh/scripting/unit_vocabulary.cppm;games/generalszh/session/script_bridge.cppm;games/generalszh/gameplay/teams/algorithms/team_actions.cppm;engine/gameplay/rts/combat/systems/targeting_system.cppm;engine/gameplay/rts/combat/systems/weapon_system.cppm;engine/gameplay/rts/combat/systems/impact_system.cppm;games/generalszh/gameplay/ai/components/guard.cppm;games/generalszh/gameplay/ai/systems/guard_system.cppm;games/generalszh/gameplay/ai/algorithms/guards.cppm,games/generalszh/session/session.test;engine/gameplay/rts/combat/combat.test;games/generalszh/session/guards.test,ported,,shellmap,"doTeamGuard: each member with an AI guards where it stands (aiGuardPosition). AIGuardMachine (GuardSystem, retail: struck-back on inner/return/idle): inner -> outer -> return at start, return moves back looking out every GuardEnemyReturnScanRate, idle looks every GuardEnemyScanRate (and returns when a guarded object moved over two cells), inner/outer/aggressor attack with ExitConditions (inner guard range; outer range for the chase duration, restarted within the inner range). Not yet: area guards, enter/hijack guards, crate pick-up."
script_action:TEAM_GUARD_AREA,script_action,TEAM_GUARD_AREA,GeneralsMD/Code/GameEngine/Include/GameLogic/Scripts.h,engine/gameplay;games/generalszh/scripting;games/generalszh/session;games/generalszh/gameplay,engine/gameplay/common/areas/resources/trigger_areas.cppm;engine/gameplay/common/areas/components/area_presence.cppm;games/generalszh/gameplay/scripts/algorithms/trigger_area_queries.cppm;games/generalszh/scripting/unit_vocabulary.cppm;games/generalszh/session/script_bridge.cppm;engine/gameplay/rts/combat/systems/targeting_system.cppm;engine/gameplay/rts/combat/components/aggression.cppm;games/generalszh/gameplay/ai/components/guard.cppm;games/generalszh/gameplay/ai/systems/guard_system.cppm;games/generalszh/gameplay/ai/algorithms/guards.cppm;engine/gameplay/common/areas/resources/area_activity.cppm;engine/gameplay/common/areas/systems/area_presence_system.cppm;games/generalszh/gameplay/objects/algorithms/object_factory.cppm,games/generalszh/scripting/unit_vocabulary.test;games/generalszh/session/create_modules.test;games/generalszh/session/guards.test,ported,,skirmish,"doTeamGuardArea -> groupGuardArea -> aiGuardArea: the AIGuardMachine guarding the area: its middle, looking into it only within GuardEnemyScanRate of the last change of what the areas hold (GameLogic::m_frameObjectsChangedTriggerAreas: AreaActivity, set by area entries/exits, objects made and destroyed; checkpointed), as far as its radius (half its bounds' diagonal; the original's y-bounds sum is a quirk fixed), for what is inside; chasing as far as the greater of the outer range and that radius. The original measured the inner/aggressor attacks from the origin (the area guard's unset position): a quirk fixed, from the area's middle."
script_action:TEAM_GUARD_FOR_FRAMECOUNT,script_action,TEAM_GUARD_FOR_FRAMECOUNT,GeneralsMD/Code/GameEngine/Include/GameLogic/Scripts.h,engine/scripting;games/generalszh/scripting;games/generalszh/session;games/generalszh/gameplay,engine/scripting/runtime/script_runtime.cppm;games/generalszh/scripting/unit_vocabulary.cppm;games/generalszh/session/script_bridge.cppm;games/generalszh/session/session.cppm;games/generalszh/gameplay/scripts/algorithms/team_sequences.cppm,engine/scripting/runtime/script_runtime.test;games/generalszh/scripting/unit_vocabulary.test;games/generalszh/session/create_modules.test,ported,,skirmish,"doTeamGuardForFramecount: each member guards where it stands; its sequence waits the frames. Sequential scripts (ScriptEngine::appendSequentialScript / evaluateAndProgressAllSequentialScripts) run in the script runtime after the scripts each tick: an action at a time, the next once the team is idle (AIGroup::isIdle: its AI members idle or dead) or after a set wait, on at once while it stays idle (up to 20 turns), queued per team, looping as asked, a dead team's chain ended; checkpointed with the runtime."
script_action:TEAM_GUARD_IN_TUNNEL_NETWORK,script_action,TEAM_GUARD_IN_TUNNEL_NETWORK,GeneralsMD/Code/GameEngine/Include/GameLogic/Scripts.h,games/generalszh/scripting;games/generalszh/session;games/generalszh/gameplay,games/generalszh/scripting/unit_vocabulary.cppm;games/generalszh/session/script_bridge.cppm;games/generalszh/gameplay/ai/components/tunnel_guard.cppm;games/generalszh/gameplay/ai/systems/tunnel_guard_system.cppm;games/generalszh/gameplay/ai/algorithms/tunnel_guards.cppm,games/generalszh/session/tunnel_guards.test;games/generalszh/scripting/unit_vocabulary.test,ported,,skirmish,"2026-09-27: doTeamGuardInTunnelNetwork -> aiGuardTunnelNetwork: AITNGuardMachine (Return, Idle, Inner, Outer, attack aggressor) as TunnelGuard + TunnelGuardSystem with deferred events; lookForInnerTarget, TunnelNetworkScan, exitObjectInAHurry, the tunnel nemesis and team victim. Not yet: the crate pickup state, isExitBusy waits."
script_action:TEAM_GUARD_OBJECT,script_action,TEAM_GUARD_OBJECT,GeneralsMD/Code/GameEngine/Include/GameLogic/Scripts.h,games/generalszh/scripting;games/generalszh/session;games/generalszh/gameplay,games/generalszh/gameplay/ai/components/guard.cppm;games/generalszh/gameplay/ai/systems/guard_system.cppm;games/generalszh/gameplay/ai/algorithms/guards.cppm;games/generalszh/scripting/unit_vocabulary.cppm;games/generalszh/session/script_bridge.cppm,games/generalszh/session/guards.test,ported,,campaign,"doTeamGuardObject: the team guards the named unit (groupGuardObject), following it as it moves. AIGuardMachine (GuardSystem, retail: struck-back on inner/return/idle): inner -> outer -> return at start, return moves back looking out every GuardEnemyReturnScanRate, idle looks every GuardEnemyScanRate (and returns when a guarded object moved over two cells), inner/outer/aggressor attack with ExitConditions (inner guard range; outer range for the chase duration, restarted within the inner range). Not yet: area guards, enter/hijack guards, crate pick-up."
script_action:TEAM_GUARD_POSITION,script_action,TEAM_GUARD_POSITION,GeneralsMD/Code/GameEngine/Include/GameLogic/Scripts.h,games/generalszh/scripting;games/generalszh/session;games/generalszh/gameplay;engine/gameplay,games/generalszh/scripting/unit_vocabulary.cppm;games/generalszh/session/script_bridge.cppm;games/generalszh/gameplay/teams/algorithms/team_actions.cppm;engine/gameplay/rts/combat/systems/targeting_system.cppm;engine/gameplay/rts/combat/systems/weapon_system.cppm;engine/gameplay/rts/combat/systems/impact_system.cppm;games/generalszh/gameplay/ai/components/guard.cppm;games/generalszh/gameplay/ai/systems/guard_system.cppm;games/generalszh/gameplay/ai/algorithms/guards.cppm,games/generalszh/session/session.test;engine/gameplay/rts/combat/combat.test;games/generalszh/session/guards.test,ported,,shellmap,"doTeamGuardPosition: the team guards the waypoint (groupGuardPosition). AIGuardMachine (GuardSystem, retail: struck-back on inner/return/idle): inner -> outer -> return at start, return moves back looking out every GuardEnemyReturnScanRate, idle looks every GuardEnemyScanRate (and returns when a guarded object moved over two cells), inner/outer/aggressor attack with ExitConditions (inner guard range; outer range for the chase duration, restarted within the inner range). Not yet: area guards, enter/hijack guards, crate pick-up."
script_action:TEAM_GUARD_SUPPLY_CENTER,script_action,TEAM_GUARD_SUPPLY_CENTER,GeneralsMD/Code/GameEngine/Include/GameLogic/Scripts.h,games/generalszh/scripting;games/generalszh/session;games/generalszh/gameplay;engine/gameplay,games/generalszh/gameplay/ai/algorithms/ai_base_building.cppm;games/generalszh/gameplay/ai/resources/ai_players.cppm;games/generalszh/gameplay/combat/algorithms/attack_records.cppm;engine/gameplay/rts/teams/resources/team_roster.cppm;games/generalszh/scripting/unit_vocabulary.cppm;games/generalszh/session/script_bridge.cppm;games/generalszh/gameplay/ai/algorithms/guards.cppm,games/generalszh/session/guards.test,ported,,skirmish,"doGuardSupplyCenter -> AIPlayer::guardSupplyCenter (computer players): the attacked supply source (looked at at once), else findSupplyCenter(minSupplies); the team guards (groupGuardPosition, the AIGuardMachine) the spot 0.8 bounding radii from it toward its skirmish enemy's structures. AIPlayer::isSupplySourceAttacked: at most every 10 frames and within 10 frames of the player last being attacked (Player::m_attackedFrame, set with setAttackedBy), the first cash generator, dozer or harvester of its teams hit in the last 10 frames (remembered as m_attackedSupplyCenter; both checkpointed). Not yet: m_noEffect hits told apart."
script_action:TEAM_HUNT,script_action,TEAM_HUNT,GeneralsMD/Code/GameEngine/Include/GameLogic/Scripts.h,games/generalszh/scripting;games/generalszh/session;games/generalszh/gameplay;engine/gameplay,games/generalszh/scripting/unit_vocabulary.cppm;games/generalszh/session/script_bridge.cppm;games/generalszh/gameplay/teams/algorithms/team_actions.cppm;engine/gameplay/rts/combat/systems/targeting_system.cppm;engine/gameplay/rts/combat/systems/weapon_system.cppm;engine/gameplay/rts/combat/systems/impact_system.cppm,games/generalszh/session/session.test;engine/gameplay/rts/combat/combat.test,ported,,shellmap,
script_action:TEAM_HUNT_WITH_COMMAND_BUTTON,script_action,TEAM_HUNT_WITH_COMMAND_BUTTON,GeneralsMD/Code/GameEngine/Include/GameLogic/Scripts.h,games/generalszh/scripting;games/generalszh/session;games/generalszh/gameplay,games/generalszh/scripting/unit_vocabulary.cppm;games/generalszh/session/script_bridge.cppm;games/generalszh/gameplay/abilities/algorithms/command_button_hunts.cppm,games/generalszh/scripting/unit_vocabulary.test;games/generalszh/session/special_abilities.test,in_progress,,skirmish,"2026-09-27: doTeamHuntWithCommandButton: only a SPECIAL_POWER at objects, SWITCH_/FIRE_WEAPON or an enter mode hunts; every member (newest first) with an AI whose command set has the button and a CommandButtonHuntUpdate starts hunting (setCommandButton). As far as CommandButtonHuntUpdate is ported (weapon lock and enter tests not yet).; 2026-09-28: the car bomb enter hunt works (hijack and sabotage not yet)."
script_action:TEAM_IDLE_FOR_FRAMECOUNT,script_action,TEAM_IDLE_FOR_FRAMECOUNT,GeneralsMD/Code/GameEngine/Include/GameLogic/Scripts.h,engine/scripting;games/generalszh/scripting;games/generalszh/session;games/generalszh/gameplay,engine/scripting/runtime/script_runtime.cppm;games/generalszh/scripting/unit_vocabulary.cppm;games/generalszh/session/script_bridge.cppm;games/generalszh/session/session.cppm;games/generalszh/gameplay/scripts/algorithms/team_sequences.cppm,engine/scripting/runtime/script_runtime.test;games/generalszh/scripting/unit_vocabulary.test;games/generalszh/session/create_modules.test,ported,,skirmish,"doTeamIdleForFramecount: the team idles; its sequence waits the frames. Sequential scripts (ScriptEngine::appendSequentialScript / evaluateAndProgressAllSequentialScripts) run in the script runtime after the scripts each tick: an action at a time, the next once the team is idle (AIGroup::isIdle: its AI members idle or dead) or after a set wait, on at once while it stays idle (up to 20 turns), queued per team, looping as asked, a dead team's chain ended; checkpointed with the runtime."
script_action:TEAM_INCREASE_PRIORITY,script_action,TEAM_INCREASE_PRIORITY,GeneralsMD/Code/GameEngine/Include/GameLogic/Scripts.h,games/generalszh/scripting;games/generalszh/session;games/generalszh/gameplay,games/generalszh/scripting/unit_vocabulary.cppm;games/generalszh/session/script_bridge.cppm;games/generalszh/gameplay/ai/algorithms/ai_team_building.cppm,games/generalszh/session/skirmish_start.test,ported,,skirmish,increaseAIPriorityForSuccess: the team's production priority up by its ProductionPrioritySuccessIncrease (checkpointed with the AI).
script_action:TEAM_KILL,script_action,TEAM_KILL,GeneralsMD/Code/GameEngine/Include/GameLogic/Scripts.h,games/generalszh/scripting;games/generalszh/session;games/generalszh/gameplay,games/generalszh/scripting/unit_vocabulary.cppm;games/generalszh/session/script_bridge.cppm;games/generalszh/gameplay/teams/algorithms/team_actions.cppm;games/generalszh/gameplay/lifecycle/algorithms/retire_now.cppm,games/generalszh/scripting/unit_vocabulary.test;games/generalszh/session/create_modules.test,ported,,skirmish,"Team::killTeam: evacuates its containers, kills each living member; a TECH_BUILDING goes to the neutral default team."
script_action:TEAM_LOAD_TRANSPORTS,script_action,TEAM_LOAD_TRANSPORTS,GeneralsMD/Code/GameEngine/Include/GameLogic/Scripts.h,games/generalszh/scripting;games/generalszh/session;games/generalszh/gameplay,games/generalszh/scripting/unit_vocabulary.cppm;games/generalszh/session/script_bridge.cppm;games/generalszh/gameplay/teams/algorithms/team_actions.cppm,games/generalszh/scripting/unit_vocabulary.test;games/generalszh/session/create_modules.test,ported,,skirmish,"doLoadAllTransports with PartitionSolver (PREFER_FAST_SOLUTION): the team's KINDOF_TRANSPORT members by their slots and the rest by getTransportSlotCount (none: 0), the largest first, each unit into the first transport with room, each placed unit told to board (aiEnter: refused if it may not). Equal sizes keep team order (the original's unstable sort left it open)."
script_action:TEAM_MERGE_INTO_TEAM,script_action,TEAM_MERGE_INTO_TEAM,GeneralsMD/Code/GameEngine/Include/GameLogic/Scripts.h,games/generalszh/scripting;games/generalszh/session;games/generalszh/gameplay,games/generalszh/scripting/unit_vocabulary.cppm;games/generalszh/session/script_bridge.cppm;games/generalszh/gameplay/teams/algorithms/team_actions.cppm,games/generalszh/session/session.test,ported,,shellmap,
script_action:TEAM_MOVE_TOWARDS_NEAREST_OBJECT_TYPE,script_action,TEAM_MOVE_TOWARDS_NEAREST_OBJECT_TYPE,GeneralsMD/Code/GameEngine/Include/GameLogic/Scripts.h,games/generalszh/scripting;games/generalszh/session;games/generalszh/gameplay,games/generalszh/scripting/unit_vocabulary.cppm;games/generalszh/session/script_bridge.cppm;games/generalszh/gameplay/scripts/algorithms/trigger_area_queries.cppm,games/generalszh/scripting/unit_vocabulary.test;games/generalszh/session/create_modules.test,ported,,skirmish,"doMoveTeamTowardsNearest: the thing of the type or list inside the area nearest the team's first member (on the map as it is; NearestInArea, one chunked pass); every member with an AI moves to it on its normal locomotors. The original stopped at the first member without an AI (a quirk fixed)."
script_action:TEAM_PANIC,script_action,TEAM_PANIC,GeneralsMD/Code/GameEngine/Include/GameLogic/Scripts.h,games/generalszh/scripting;games/generalszh/session;games/generalszh/gameplay;engine/gameplay,games/generalszh/scripting/unit_vocabulary.cppm;games/generalszh/session/script_bridge.cppm;games/generalszh/gameplay/orders/algorithms/wander_orders.cppm;engine/gameplay/rts/movement/components/move_order.cppm;engine/gameplay/rts/movement/components/locomotion.cppm;engine/gameplay/rts/movement/components/wander_anchor.cppm;engine/gameplay/rts/movement/systems/movement_system.cppm;games/generalszh/gameplay/appearance/systems/panic_look_system.cppm;games/generalszh/gameplay/ai/components/repulsion.cppm;games/generalszh/gameplay/ai/systems/repulsion_system.cppm;games/generalszh/gameplay/ai/algorithms/repulsion.cppm,games/generalszh/scripting/unit_vocabulary.test;games/generalszh/session/script_objects.test;engine/gameplay/rts/movement/movement.test,ported,,shellmap,"doTeamPanic: each member with an AI, from the path waypoint closest to it (none: the action stops there), on its SET_PANIC locomotors (the script chooses the set; privatePanic itself does not), AIPanicState: as wander, with the PANICKING look while it lasts. A CAN_BE_REPULSED member looks for a repulsor every 10 + (id & 7) frames and runs from one (RepulsionSystem)."
script_action:TEAM_PARTIAL_USE_COMMANDBUTTON,script_action,TEAM_PARTIAL_USE_COMMANDBUTTON,GeneralsMD/Code/GameEngine/Include/GameLogic/Scripts.h,games/generalszh/scripting;games/generalszh/session;games/generalszh/gameplay,games/generalszh/scripting/unit_vocabulary.cppm;games/generalszh/session/script_bridge.cppm;games/generalszh/gameplay/orders/algorithms/command_buttons.cppm,games/generalszh/scripting/unit_vocabulary.test;games/generalszh/session/create_modules.test;games/generalszh/session/attacks.test,ported, legacy_parity_script_command_buttons_fire_weapons_and_attack_move,skirmish,"doTeamPartialUseCommandButton: of the members it is valid on (isValidToUseOn: an upgrade not in the queue and not had; else its power module), the first percentage / 100 of them (truncated). Object::doCommandButton (scripted, no target): nothing while disabled; a special power fired where it stands (OCL powers: the ones the port fires); STOP; SWITCH_WEAPON locking the slot; an upgrade queued at it; a unit or structure queued; SELL. Not yet: FIRE_WEAPON with no position, HACK_INTERNET, special powers other than OCL ones. 2026-09-30: Object::doCommandButton / doCommandButtonAtObject / doCommandButtonAtPosition complete (command_buttons.cppm): FIRE_WEAPON (no target: its own spot; at an object: isValidObjectTarget, ATTACK_OBJECTS_POSITION; at a position: NEED_TARGET_POS), each locking its slot for now with MaxShotsToFire; COMBATDROP at an object; ATTACK_MOVE, STOP, DOZER_CONSTRUCT (a dozer builds there) and SPECIAL_POWER at a position; the AT_WAYPOINT actions go through doCommandButtonAtPosition (named: each button of its command set so named; team: every member)."
script_action:TEAM_REMOVE_ALL_OVERRIDE_RELATIONS,script_action,TEAM_REMOVE_ALL_OVERRIDE_RELATIONS,GeneralsMD/Code/GameEngine/Include/GameLogic/Scripts.h,games/generalszh/scripting;games/generalszh/session;engine/gameplay,games/generalszh/scripting/unit_vocabulary.cppm;games/generalszh/session/script_bridge.cppm;engine/gameplay/common/identity/resources/relationships.cppm;engine/gameplay/rts/combat/systems/targeting_system.cppm,games/generalszh/scripting/unit_vocabulary.test;engine/gameplay/rts/combat/combat.test,ported,,campaign,"2026-09-27: both of the team's override maps cleared. Relationships keeps team overrides (team->team, team->player, player->team); Object::getRelationship through them (SpatialEntry.team; targeting, impacts, projectile collisions, point defense, mines, stealth, propaganda, hordes, area healing, EMP, captures, hunts, abilities, docks, containers, build checks). Not yet team-aware: crush, veterancy kill credit, garrison stealth hiding, trigger-area and team enemy-sighting checks (player views)."
script_action:TEAM_REMOVE_OVERRIDE_RELATION_TO_PLAYER,script_action,TEAM_REMOVE_OVERRIDE_RELATION_TO_PLAYER,GeneralsMD/Code/GameEngine/Include/GameLogic/Scripts.h,games/generalszh/scripting;games/generalszh/session;engine/gameplay,games/generalszh/scripting/unit_vocabulary.cppm;games/generalszh/session/script_bridge.cppm;engine/gameplay/common/identity/resources/relationships.cppm;engine/gameplay/rts/combat/systems/targeting_system.cppm,games/generalszh/scripting/unit_vocabulary.test;engine/gameplay/rts/combat/combat.test,ported,,campaign,"2026-09-27: Team::removeOverridePlayerRelationship. Relationships keeps team overrides (team->team, team->player, player->team); Object::getRelationship through them (SpatialEntry.team; targeting, impacts, projectile collisions, point defense, mines, stealth, propaganda, hordes, area healing, EMP, captures, hunts, abilities, docks, containers, build checks). Not yet team-aware: crush, veterancy kill credit, garrison stealth hiding, trigger-area and team enemy-sighting checks (player views)."
script_action:TEAM_REMOVE_OVERRIDE_RELATION_TO_TEAM,script_action,TEAM_REMOVE_OVERRIDE_RELATION_TO_TEAM,GeneralsMD/Code/GameEngine/Include/GameLogic/Scripts.h,games/generalszh/scripting;games/generalszh/session;engine/gameplay,games/generalszh/scripting/unit_vocabulary.cppm;games/generalszh/session/script_bridge.cppm;engine/gameplay/common/identity/resources/relationships.cppm;engine/gameplay/rts/combat/systems/targeting_system.cppm,games/generalszh/scripting/unit_vocabulary.test;engine/gameplay/rts/combat/combat.test,ported,,campaign,"2026-09-27: Team::removeOverrideTeamRelationship. Relationships keeps team overrides (team->team, team->player, player->team); Object::getRelationship through them (SpatialEntry.team; targeting, impacts, projectile collisions, point defense, mines, stealth, propaganda, hordes, area healing, EMP, captures, hunts, abilities, docks, containers, build checks). Not yet team-aware: crush, veterancy kill credit, garrison stealth hiding, trigger-area and team enemy-sighting checks (player views)."
script_action:TEAM_SET_ATTITUDE,script_action,TEAM_SET_ATTITUDE,GeneralsMD/Code/GameEngine/Include/GameLogic/Scripts.h,games/generalszh/scripting;games/generalszh/session;games/generalszh/gameplay;engine/gameplay,games/generalszh/scripting/unit_vocabulary.cppm;games/generalszh/session/script_bridge.cppm;games/generalszh/gameplay/teams/algorithms/team_actions.cppm;engine/gameplay/rts/combat/components/aggression.cppm;engine/gameplay/rts/combat/resources/mood_ranges.cppm;engine/gameplay/rts/combat/systems/targeting_system.cppm,games/generalszh/scripting/unit_vocabulary.test;engine/gameplay/rts/combat/combat.test,in_progress,,skirmish,2026-09-27: updateTeamSetAttitude: each member with an AI takes the attitude (it shapes the idle look; see AIUpdateInterface).
script_action:TEAM_SET_BOOBYTRAPPED,script_action,TEAM_SET_BOOBYTRAPPED,GeneralsMD/Code/GameEngine/Include/GameLogic/Scripts.h,games/generalszh/scripting;games/generalszh/session;games/generalszh/gameplay,games/generalszh/scripting/unit_vocabulary.cppm;games/generalszh/session/script_bridge.cppm;games/generalszh/gameplay/abilities/algorithms/special_objects.cppm,games/generalszh/scripting/unit_vocabulary.test;games/generalszh/session/special_abilities.test,ported,,skirmish,"doNamedSetBoobytrapped / doTeamSetBoobytrapped (members newest first): the object type made on the unit's team; with a StickyBombUpdate stuck on the unit at GeometryInfo::makeRandomOffsetOnPerimeter (a box's edge; a sphere or cylinder its middle), turned and moved as the unit is, on the ground (initStickyBomb)."
script_action:TEAM_SET_EMOTICON,script_action,TEAM_SET_EMOTICON,GeneralsMD/Code/GameEngine/Include/GameLogic/Scripts.h,,,,not_started,,,
script_action:TEAM_SET_OVERRIDE_RELATION_TO_PLAYER,script_action,TEAM_SET_OVERRIDE_RELATION_TO_PLAYER,GeneralsMD/Code/GameEngine/Include/GameLogic/Scripts.h,games/generalszh/scripting;games/generalszh/session;engine/gameplay,games/generalszh/scripting/unit_vocabulary.cppm;games/generalszh/session/script_bridge.cppm;engine/gameplay/common/identity/resources/relationships.cppm;engine/gameplay/rts/combat/systems/targeting_system.cppm,games/generalszh/scripting/unit_vocabulary.test;engine/gameplay/rts/combat/combat.test,ported,,campaign,"2026-09-27: Team::setOverridePlayerRelationship. Relationships keeps team overrides (team->team, team->player, player->team); Object::getRelationship through them (SpatialEntry.team; targeting, impacts, projectile collisions, point defense, mines, stealth, propaganda, hordes, area healing, EMP, captures, hunts, abilities, docks, containers, build checks). Not yet team-aware: crush, veterancy kill credit, garrison stealth hiding, trigger-area and team enemy-sighting checks (player views)."
script_action:TEAM_SET_OVERRIDE_RELATION_TO_TEAM,script_action,TEAM_SET_OVERRIDE_RELATION_TO_TEAM,GeneralsMD/Code/GameEngine/Include/GameLogic/Scripts.h,games/generalszh/scripting;games/generalszh/session;engine/gameplay,games/generalszh/scripting/unit_vocabulary.cppm;games/generalszh/session/script_bridge.cppm;engine/gameplay/common/identity/resources/relationships.cppm;engine/gameplay/rts/combat/systems/targeting_system.cppm,games/generalszh/scripting/unit_vocabulary.test;engine/gameplay/rts/combat/combat.test,ported,,campaign,"2026-09-27: Team::setOverrideTeamRelationship. Relationships keeps team overrides (team->team, team->player, player->team); Object::getRelationship through them (SpatialEntry.team; targeting, impacts, projectile collisions, point defense, mines, stealth, propaganda, hordes, area healing, EMP, captures, hunts, abilities, docks, containers, build checks). Not yet team-aware: crush, veterancy kill credit, garrison stealth hiding, trigger-area and team enemy-sighting checks (player views)."
script_action:TEAM_SET_REPULSOR,script_action,TEAM_SET_REPULSOR,GeneralsMD/Code/GameEngine/Include/GameLogic/Scripts.h,games/generalszh/gameplay;games/generalszh/scripting;games/generalszh/session,games/generalszh/scripting/unit_vocabulary.cppm;games/generalszh/session/script_bridge.cppm;games/generalszh/gameplay/scripts/algorithms/unit_script_orders.cppm;games/generalszh/gameplay/ai/algorithms/repulsion.cppm,games/generalszh/scripting/unit_vocabulary.test;games/generalszh/session/script_objects.test,ported,,campaign,OBJECT_STATUS_REPULSOR; ObjectRepulsorHelper clears it 2 s after it went on for CAN_BE_REPULSED objects
script_action:TEAM_SET_STATE,script_action,TEAM_SET_STATE,GeneralsMD/Code/GameEngine/Include/GameLogic/Scripts.h,engine/gameplay;games/generalszh/scripting;games/generalszh/session,games/generalszh/scripting/unit_vocabulary.cppm;games/generalszh/session/script_bridge.cppm;engine/gameplay/rts/teams/resources/team_roster.cppm,games/generalszh/scripting/unit_vocabulary.test;games/generalszh/session/script_objects.test,ported,,campaign,"doSetTeamState: Team::m_state, checkpointed"
script_action:TEAM_SET_STEALTH_ENABLED,script_action,TEAM_SET_STEALTH_ENABLED,GeneralsMD/Code/GameEngine/Include/GameLogic/Scripts.h,games/generalszh/scripting;games/generalszh/session,games/generalszh/scripting/unit_vocabulary.cppm;games/generalszh/session/script_bridge.cppm,games/generalszh/scripting/unit_vocabulary.test,ported,,campaign,doTeamEnableStealth: OBJECT_STATUS_SCRIPT_UNSTEALTHED on each member as NAMED_SET_STEALTH_ENABLED: legacy_parity_factory_and_stopping_distance_actions_reach_the_host
script_action:TEAM_SET_UNMANNED_STATUS,script_action,TEAM_SET_UNMANNED_STATUS,GeneralsMD/Code/GameEngine/Include/GameLogic/Scripts.h,games/generalszh/gameplay;games/generalszh/presentation;games/generalszh/scripting;games/generalszh/session,games/generalszh/scripting/unit_vocabulary.cppm;games/generalszh/session/script_bridge.cppm;games/generalszh/gameplay/combat/algorithms/unmanned_vehicles.cppm;games/generalszh/gameplay/world/resources/deselections.cppm;games/generalszh/presentation/interaction/systems/interaction_systems.cppm,games/generalszh/scripting/unit_vocabulary.test;games/generalszh/session/script_objects.test,ported,,campaign,"DISABLED_UNMANNED, deselectObject(ALL) via Deselections, neutral default team"
script_action:TEAM_SPIN_FOR_FRAMECOUNT,script_action,TEAM_SPIN_FOR_FRAMECOUNT,GeneralsMD/Code/GameEngine/Include/GameLogic/Scripts.h,games/generalszh/scripting,games/generalszh/scripting/unit_vocabulary.cppm,games/generalszh/scripting/unit_vocabulary.test,ported,,campaign,doTeamSpinForFramecount: only the team's sequence waits (setSequentialTimer): legacy_parity_a_team_spins_for_a_framecount
script_action:TEAM_STOP,script_action,TEAM_STOP,GeneralsMD/Code/GameEngine/Include/GameLogic/Scripts.h,games/generalszh/scripting;games/generalszh/session;games/generalszh/gameplay,games/generalszh/scripting/unit_vocabulary.cppm;games/generalszh/session/script_bridge.cppm;games/generalszh/gameplay/teams/algorithms/team_actions.cppm,games/generalszh/scripting/unit_vocabulary.test,ported,,skirmish,doTeamStop: the team idles (groupIdle).
script_action:TEAM_STOP_AND_DISBAND,script_action,TEAM_STOP_AND_DISBAND,GeneralsMD/Code/GameEngine/Include/GameLogic/Scripts.h,games/generalszh/scripting;games/generalszh/session;games/generalszh/gameplay,games/generalszh/scripting/unit_vocabulary.cppm;games/generalszh/session/script_bridge.cppm;games/generalszh/gameplay/teams/algorithms/team_actions.cppm,games/generalszh/scripting/unit_vocabulary.test,ported,,skirmish,"doTeamStop(disband): idles, then merges into its player's default team (where it is recruitable)."
script_action:TEAM_STOP_SEQUENTIAL_SCRIPT,script_action,TEAM_STOP_SEQUENTIAL_SCRIPT,GeneralsMD/Code/GameEngine/Include/GameLogic/Scripts.h,engine/scripting;games/generalszh/scripting;games/generalszh/session;games/generalszh/gameplay,engine/scripting/runtime/script_runtime.cppm;games/generalszh/scripting/unit_vocabulary.cppm;games/generalszh/session/script_bridge.cppm;games/generalszh/session/session.cppm;games/generalszh/gameplay/scripts/algorithms/team_sequences.cppm,engine/scripting/runtime/script_runtime.test;games/generalszh/scripting/unit_vocabulary.test;games/generalszh/session/create_modules.test,ported,,skirmish,"removeAllSequentialScripts(team): its running sequence and those queued end. Sequential scripts (ScriptEngine::appendSequentialScript / evaluateAndProgressAllSequentialScripts) run in the script runtime after the scripts each tick: an action at a time, the next once the team is idle (AIGroup::isIdle: its AI members idle or dead) or after a set wait, on at once while it stays idle (up to 20 turns), queued per team, looping as asked, a dead team's chain ended; checkpointed with the runtime."
script_action:TEAM_TRANSFER_TO_PLAYER,script_action,TEAM_TRANSFER_TO_PLAYER,GeneralsMD/Code/GameEngine/Include/GameLogic/Scripts.h,games/generalszh/scripting;games/generalszh/session;games/generalszh/gameplay,games/generalszh/scripting/unit_vocabulary.cppm;games/generalszh/session/script_bridge.cppm,games/generalszh/scripting/unit_vocabulary.test,ported,,skirmish,"doTransferTeamToPlayer: the team's controlling player, its members with it."
script_action:TEAM_USE_COMMANDBUTTON_ABILITY,script_action,TEAM_USE_COMMANDBUTTON_ABILITY,GeneralsMD/Code/GameEngine/Include/GameLogic/Scripts.h,games/generalszh/scripting;games/generalszh/session;games/generalszh/gameplay,games/generalszh/scripting/unit_vocabulary.cppm;games/generalszh/session/script_bridge.cppm;games/generalszh/gameplay/orders/algorithms/command_buttons.cppm,games/generalszh/scripting/unit_vocabulary.test;games/generalszh/session/create_modules.test;games/generalszh/session/attacks.test,ported, legacy_parity_script_command_buttons_fire_weapons_and_attack_move,skirmish,"AIGroup::groupDoCommandButton: each member uses the button. Object::doCommandButton (scripted, no target): nothing while disabled; a special power fired where it stands (OCL powers: the ones the port fires); STOP; SWITCH_WEAPON locking the slot; an upgrade queued at it; a unit or structure queued; SELL. Not yet: FIRE_WEAPON with no position, HACK_INTERNET, special powers other than OCL ones. 2026-09-30: Object::doCommandButton / doCommandButtonAtObject / doCommandButtonAtPosition complete (command_buttons.cppm): FIRE_WEAPON (no target: its own spot; at an object: isValidObjectTarget, ATTACK_OBJECTS_POSITION; at a position: NEED_TARGET_POS), each locking its slot for now with MaxShotsToFire; COMBATDROP at an object; ATTACK_MOVE, STOP, DOZER_CONSTRUCT (a dozer builds there) and SPECIAL_POWER at a position; the AT_WAYPOINT actions go through doCommandButtonAtPosition (named: each button of its command set so named; team: every member)."
script_action:TEAM_USE_COMMANDBUTTON_ABILITY_AT_WAYPOINT,script_action,TEAM_USE_COMMANDBUTTON_ABILITY_AT_WAYPOINT,GeneralsMD/Code/GameEngine/Include/GameLogic/Scripts.h,games/generalszh/scripting;games/generalszh/session;games/generalszh/gameplay,games/generalszh/scripting/unit_vocabulary.cppm;games/generalszh/session/script_bridge.cppm;games/generalszh/gameplay/orders/algorithms/command_buttons.cppm,games/generalszh/scripting/unit_vocabulary.test;games/generalszh/session/attacks.test,ported, legacy_parity_script_command_buttons_fire_weapons_and_attack_move,campaign,"groupDoCommandButtonAtPosition: each member as NAMED_USE_COMMANDBUTTON_ABILITY_AT_WAYPOINT 2026-09-30: Object::doCommandButton / doCommandButtonAtObject / doCommandButtonAtPosition complete (command_buttons.cppm): FIRE_WEAPON (no target: its own spot; at an object: isValidObjectTarget, ATTACK_OBJECTS_POSITION; at a position: NEED_TARGET_POS), each locking its slot for now with MaxShotsToFire; COMBATDROP at an object; ATTACK_MOVE, STOP, DOZER_CONSTRUCT (a dozer builds there) and SPECIAL_POWER at a position; the AT_WAYPOINT actions go through doCommandButtonAtPosition (named: each button of its command set so named; team: every member)."
script_action:TEAM_USE_COMMANDBUTTON_ABILITY_ON_NAMED,script_action,TEAM_USE_COMMANDBUTTON_ABILITY_ON_NAMED,GeneralsMD/Code/GameEngine/Include/GameLogic/Scripts.h,games/generalszh/scripting;games/generalszh/session;games/generalszh/gameplay,games/generalszh/scripting/unit_vocabulary.cppm;games/generalszh/session/script_bridge.cppm;games/generalszh/gameplay/scripts/algorithms/command_button_targets.cppm;games/generalszh/gameplay/orders/algorithms/command_buttons.cppm,games/generalszh/scripting/unit_vocabulary.test;games/generalszh/session/special_abilities.test;games/generalszh/session/attacks.test,ported, legacy_parity_script_command_buttons_fire_weapons_and_attack_move,skirmish,"2026-09-27: doTeamUseCommandButtonAbilityOnNamed: the team as an AIGroup (members newest first: those with an AI, structures, ALWAYS_SELECTABLE) all doCommandButtonAtObject, valid or not. FIRE_WEAPON at an object and COMBATDROP are not ported yet. 2026-09-30: Object::doCommandButton / doCommandButtonAtObject / doCommandButtonAtPosition complete (command_buttons.cppm): FIRE_WEAPON (no target: its own spot; at an object: isValidObjectTarget, ATTACK_OBJECTS_POSITION; at a position: NEED_TARGET_POS), each locking its slot for now with MaxShotsToFire; COMBATDROP at an object; ATTACK_MOVE, STOP, DOZER_CONSTRUCT (a dozer builds there) and SPECIAL_POWER at a position; the AT_WAYPOINT actions go through doCommandButtonAtPosition (named: each button of its command set so named; team: every member)."
script_action:TEAM_WAIT_FOR_NOT_CONTAINED_ALL,script_action,TEAM_WAIT_FOR_NOT_CONTAINED_ALL,GeneralsMD/Code/GameEngine/Include/GameLogic/Scripts.h,engine/scripting;games/generalszh/scripting;games/generalszh/session;games/generalszh/gameplay,engine/scripting/runtime/script_runtime.cppm;games/generalszh/scripting/unit_vocabulary.cppm;games/generalszh/session/script_bridge.cppm;games/generalszh/session/session.cppm;games/generalszh/gameplay/scripts/algorithms/team_sequences.cppm,engine/scripting/runtime/script_runtime.test;games/generalszh/scripting/unit_vocabulary.test;games/generalszh/session/create_modules.test,ported,,skirmish,"The sequence holds on this action while every member is aboard something (evaluateTeamIsContained). Sequential scripts (ScriptEngine::appendSequentialScript / evaluateAndProgressAllSequentialScripts) run in the script runtime after the scripts each tick: an action at a time, the next once the team is idle (AIGroup::isIdle: its AI members idle or dead) or after a set wait, on at once while it stays idle (up to 20 turns), queued per team, looping as asked, a dead team's chain ended; checkpointed with the runtime."
script_action:TEAM_WAIT_FOR_NOT_CONTAINED_PARTIAL,script_action,TEAM_WAIT_FOR_NOT_CONTAINED_PARTIAL,GeneralsMD/Code/GameEngine/Include/GameLogic/Scripts.h,engine/scripting;games/generalszh/scripting;games/generalszh/session;games/generalszh/gameplay,engine/scripting/runtime/script_runtime.cppm;games/generalszh/scripting/unit_vocabulary.cppm;games/generalszh/session/script_bridge.cppm;games/generalszh/session/session.cppm;games/generalszh/gameplay/scripts/algorithms/team_sequences.cppm,engine/scripting/runtime/script_runtime.test;games/generalszh/scripting/unit_vocabulary.test;games/generalszh/session/create_modules.test,ported,,skirmish,"The sequence holds on this action while any member is aboard something. Sequential scripts (ScriptEngine::appendSequentialScript / evaluateAndProgressAllSequentialScripts) run in the script runtime after the scripts each tick: an action at a time, the next once the team is idle (AIGroup::isIdle: its AI members idle or dead) or after a set wait, on at once while it stays idle (up to 20 turns), queued per team, looping as asked, a dead team's chain ended; checkpointed with the runtime."
script_action:TEAM_WANDER,script_action,TEAM_WANDER,GeneralsMD/Code/GameEngine/Include/GameLogic/Scripts.h,games/generalszh/scripting;games/generalszh/session;games/generalszh/gameplay;engine/gameplay,games/generalszh/scripting/unit_vocabulary.cppm;games/generalszh/session/script_bridge.cppm;games/generalszh/gameplay/orders/algorithms/wander_orders.cppm;engine/gameplay/rts/movement/components/move_order.cppm;engine/gameplay/rts/movement/components/locomotion.cppm;engine/gameplay/rts/movement/components/wander_anchor.cppm;engine/gameplay/rts/movement/systems/movement_system.cppm;games/generalszh/gameplay/ai/components/repulsion.cppm;games/generalszh/gameplay/ai/systems/repulsion_system.cppm;games/generalszh/gameplay/ai/algorithms/repulsion.cppm,games/generalszh/scripting/unit_vocabulary.test;games/generalszh/session/script_objects.test;engine/gameplay/rts/movement/movement.test,ported,,campaign,"doTeamWander: each member with an AI, from the path waypoint closest to it (none: the action stops there), on its SET_WANDER locomotors (chooseLocomotorSet: a fresh locomotor, kept until a named move/attack/area attack or another set), AIWanderState: each waypoint goal off by whole cells up to floor(WanderWidthFactor + 0.5), links at random, completed waypoint at the end. A CAN_BE_REPULSED member looks for a repulsor every 10 + (id & 7) frames and runs from one (RepulsionSystem)."
script_action:TEAM_WANDER_IN_PLACE,script_action,TEAM_WANDER_IN_PLACE,GeneralsMD/Code/GameEngine/Include/GameLogic/Scripts.h,games/generalszh/scripting;games/generalszh/session;games/generalszh/gameplay;engine/gameplay,games/generalszh/scripting/unit_vocabulary.cppm;games/generalszh/session/script_bridge.cppm;games/generalszh/gameplay/orders/algorithms/wander_orders.cppm;engine/gameplay/rts/movement/components/move_order.cppm;engine/gameplay/rts/movement/components/locomotion.cppm;engine/gameplay/rts/movement/components/wander_anchor.cppm;engine/gameplay/rts/movement/systems/movement_system.cppm;games/generalszh/gameplay/ai/components/repulsion.cppm;games/generalszh/gameplay/ai/systems/repulsion_system.cppm;games/generalszh/gameplay/ai/algorithms/repulsion.cppm,games/generalszh/scripting/unit_vocabulary.test;games/generalszh/session/script_objects.test;engine/gameplay/rts/movement/movement.test,ported,,campaign,"doTeamWanderInPlace: each member with an AI on its SET_WANDER locomotors, AIWanderInPlaceState about where it stood (WanderAnchor): each goal off by whole cells up to floor(WanderAboutPointRadius / 10 + 0.5), for good. A CAN_BE_REPULSED member looks for a repulsor every 10 + (id & 7) frames and runs from one (RepulsionSystem)."
script_action:TECHTREE_MODIFY_BUILDABILITY_OBJECT,script_action,TECHTREE_MODIFY_BUILDABILITY_OBJECT,GeneralsMD/Code/GameEngine/Include/GameLogic/Scripts.h,games/generalszh/scripting;games/generalszh/session;games/generalszh/gameplay,games/generalszh/scripting/player_vocabulary.cppm;games/generalszh/session/script_bridge.cppm;games/generalszh/gameplay/orders/resources/buildable_overrides.cppm;games/generalszh/gameplay/construction/algorithms/building.cppm;games/generalszh/gameplay/orders/algorithms/command_availability.cppm;games/generalszh/session/session_checkpoint.cpp,games/generalszh/session/create_modules.test,ported,,campaign,"doModifyBuildableStatus -> setBuildableStatusOverride: every getBuildable read (Player::canBuild, the control bar) takes the script's status first; Only_By_AI is a computer player's alone (canBuild now lets computers make them); checkpointed"
script_action:UNFREEZE_TIME,script_action,UNFREEZE_TIME,GeneralsMD/Code/GameEngine/Include/GameLogic/Scripts.h,games/generalszh/scripting;games/generalszh/session;games/generalszh/gameplay;games/generalszh/hosts,games/generalszh/scripting/player_vocabulary.cppm;games/generalszh/session/script_bridge.cppm;games/generalszh/session/session.cppm;games/generalszh/gameplay/scripts/resources/script_records.cppm;games/generalszh/hosts/game/game_client.cpp,games/generalszh/session/team_states.test,ported,,campaign,ScriptEngine::doUnfreezeTime: time goes on from the frame it held
script_action:UNIT_AFFECT_OBJECT_PANEL_FLAGS,script_action,UNIT_AFFECT_OBJECT_PANEL_FLAGS,GeneralsMD/Code/GameEngine/Include/GameLogic/Scripts.h,games/generalszh/scripting;games/generalszh/session;games/generalszh/gameplay;games/generalszh/presentation;engine/gameplay,games/generalszh/scripting/unit_vocabulary.cppm;games/generalszh/session/script_bridge.cppm;games/generalszh/gameplay/scripts/algorithms/object_edits.cppm;engine/gameplay/common/status/components/script_status.cppm;engine/gameplay/common/health/components/health.cppm;engine/gameplay/common/health/systems/health_system.cppm;engine/gameplay/rts/death/systems/death_system.cppm;games/generalszh/gameplay/ai/algorithms/ai_team_building.cppm;games/generalszh/gameplay/world/algorithms/level_setup.cppm;games/generalszh/gameplay/ai/systems/attack_squad_system.cppm;games/generalszh/gameplay/teams/algorithms/team_actions.cppm;games/generalszh/presentation/interaction/systems/interaction_systems.cppm,games/generalszh/scripting/unit_vocabulary.test;games/generalszh/session/script_objects.test;games/generalszh/session/research.test;games/generalszh/presentation/interaction/interaction.test,ported,,skirmish,"changeObjectPanelFlagForSingleObject: Enabled/Powered -> DISABLED_SCRIPT_DISABLED/_UNDERPOWERED; Indestructible (the body ignores damage and kill(), riders included); AI Recruitable off keeps it out of AI team recruiting; Selectable (setSelectable) feeds isSelectable in squad victim choice; Player Targetable lets a player attack a non-enemy, non-ally (getAbleToAttackSpecificObject CMD_FROM_PLAYER); Unsellable is kept and cleared on capture (onCapture) but, as in the original, read nowhere. Map properties objectEnabled/Powered/Indestructible/Unsellable/Targetable/RecruitableAI/Selectable apply the same at placement (the shell map Humvee is indestructible)."
script_action:UNIT_DESTROY_ALL_CONTAINED,script_action,UNIT_DESTROY_ALL_CONTAINED,GeneralsMD/Code/GameEngine/Include/GameLogic/Scripts.h,games/generalszh/scripting;games/generalszh/session,games/generalszh/scripting/unit_vocabulary.cppm;games/generalszh/session/script_bridge.cppm,games/generalszh/session/create_modules.test,ported,,campaign,"doDestroyAllContained: iterateContained(killTheObject), each one aboard killed"
script_action:UNIT_EXECUTE_SEQUENTIAL_SCRIPT,script_action,UNIT_EXECUTE_SEQUENTIAL_SCRIPT,GeneralsMD/Code/GameEngine/Include/GameLogic/Scripts.h,games/generalszh/scripting;games/generalszh/session;games/generalszh/gameplay;engine/gameplay,games/generalszh/scripting/unit_vocabulary.cppm;games/generalszh/session/script_bridge.cppm;games/generalszh/session/session.cppm;games/generalszh/gameplay/scripts/algorithms/team_sequences.cppm;engine/gameplay/common/identity/resources/name_registry.cppm,games/generalszh/scripting/unit_vocabulary.test;games/generalszh/session/script_objects.test,ported,,campaign,"doUnitStartSequentialScript: the script runs on the unit an action at a time (not idled first); <This Object> names it; it waits on the unit idling (isIdle: not while dying), ends when the unit is destroyed."
script_action:UNIT_EXECUTE_SEQUENTIAL_SCRIPT_LOOPING,script_action,UNIT_EXECUTE_SEQUENTIAL_SCRIPT_LOOPING,GeneralsMD/Code/GameEngine/Include/GameLogic/Scripts.h,games/generalszh/scripting;games/generalszh/session;games/generalszh/gameplay;engine/gameplay,games/generalszh/scripting/unit_vocabulary.cppm;games/generalszh/session/script_bridge.cppm;games/generalszh/session/session.cppm;games/generalszh/gameplay/scripts/algorithms/team_sequences.cppm;engine/gameplay/common/identity/resources/name_registry.cppm,games/generalszh/scripting/unit_vocabulary.test;games/generalszh/session/script_objects.test,ported,,campaign,"As UNIT_EXECUTE_SEQUENTIAL_SCRIPT, run times - 1 more times after the first."
script_action:UNIT_GUARD_FOR_FRAMECOUNT,script_action,UNIT_GUARD_FOR_FRAMECOUNT,GeneralsMD/Code/GameEngine/Include/GameLogic/Scripts.h,games/generalszh/scripting;games/generalszh/session;games/generalszh/gameplay,games/generalszh/scripting/unit_vocabulary.cppm;games/generalszh/session/script_bridge.cppm;games/generalszh/gameplay/scripts/algorithms/unit_script_orders.cppm,games/generalszh/scripting/unit_vocabulary.test,ported,,campaign,"doUnitGuardForFramecount: a unit with an AI guards where it stands on its normal locomotors (aiGuardPosition, GUARDMODE_NORMAL) and its sequential scripts wait that long (setSequentialTimer; not set without such a unit): legacy_parity_a_unit_guards_for_a_framecount"
script_action:UNIT_IDLE_FOR_FRAMECOUNT,script_action,UNIT_IDLE_FOR_FRAMECOUNT,GeneralsMD/Code/GameEngine/Include/GameLogic/Scripts.h,games/generalszh/scripting;games/generalszh/session,games/generalszh/scripting/unit_vocabulary.cppm;games/generalszh/session/script_bridge.cppm,games/generalszh/scripting/unit_vocabulary.test,ported,,campaign,aiIdle(CMD_FROM_SCRIPT) + setSequentialTimer on the unit subject
script_action:UNIT_MOVE_TOWARDS_NEAREST_OBJECT_TYPE,script_action,UNIT_MOVE_TOWARDS_NEAREST_OBJECT_TYPE,GeneralsMD/Code/GameEngine/Include/GameLogic/Scripts.h,games/generalszh/scripting;games/generalszh/session;games/generalszh/gameplay,games/generalszh/scripting/unit_vocabulary.cppm;games/generalszh/session/script_bridge.cppm;games/generalszh/gameplay/scripts/algorithms/trigger_area_queries.cppm,games/generalszh/scripting/unit_vocabulary.test;games/generalszh/session/create_modules.test,ported,,skirmish,"doMoveUnitTowardsNearest: a unit with an AI moves on its normal locomotors to the thing of the type or list inside the qualified area nearest to it (FROM_CENTER_2D, same map status; NearestInArea, one chunked pass). With a list and nothing found the original still ordered a move to no object (a quirk fixed: nothing done, as its single-type case)."
script_action:UNIT_SPAWN_NAMED_LOCATION_ORIENTATION,script_action,UNIT_SPAWN_NAMED_LOCATION_ORIENTATION,GeneralsMD/Code/GameEngine/Include/GameLogic/Scripts.h,games/generalszh/scripting;games/generalszh/session;games/generalszh/gameplay,games/generalszh/scripting/unit_vocabulary.cppm;games/generalszh/scripting/script_parameters.cppm;games/generalszh/session/script_bridge.cppm;games/generalszh/gameplay/teams/algorithms/team_actions.cppm,games/generalszh/scripting/unit_vocabulary.test;games/generalszh/session/script_objects.test,ported,,campaign,2026-09-27: doCreateObject named (a living namesake refuses; a dead one's name is taken over).
script_action:UNIT_STOP_SEQUENTIAL_SCRIPT,script_action,UNIT_STOP_SEQUENTIAL_SCRIPT,GeneralsMD/Code/GameEngine/Include/GameLogic/Scripts.h,games/generalszh/scripting;games/generalszh/session;games/generalszh/gameplay;engine/gameplay,games/generalszh/scripting/unit_vocabulary.cppm;games/generalszh/session/script_bridge.cppm;games/generalszh/session/session.cppm;games/generalszh/gameplay/scripts/algorithms/team_sequences.cppm;engine/gameplay/common/identity/resources/name_registry.cppm,games/generalszh/scripting/unit_vocabulary.test;games/generalszh/session/script_objects.test,ported,,campaign,removeAllSequentialScripts(obj): the unit running sequence and those queued after it end.
script_action:VICTORY,script_action,VICTORY,GeneralsMD/Code/GameEngine/Include/GameLogic/Scripts.h,games/generalszh/scripting;games/generalszh/hosts,games/generalszh/scripting/presentation_vocabulary.cppm;games/generalszh/hosts/game/game_client.cpp;games/generalszh/hosts/game/match_end_layer.cppm;games/generalszh/hosts/game/main.cpp;games/generalszh/hosts/game/front_end.cpp,games/generalszh/scripting/match_vocabulary.test,ported,,skirmish,"doVictory: input off, Victorious.wnd (ObserverQuit.wnd for an observer or one who saw their own defeat), after 120 frames the game ends (exitGame) back to the shell. The score screen and the campaign manager are not yet."
script_action:WAREHOUSE_SET_VALUE,script_action,WAREHOUSE_SET_VALUE,GeneralsMD/Code/GameEngine/Include/GameLogic/Scripts.h,games/generalszh/scripting;games/generalszh/session;games/generalszh/gameplay,games/generalszh/scripting/unit_vocabulary.cppm;games/generalszh/session/script_bridge.cppm;games/generalszh/gameplay/scripts/algorithms/object_edits.cppm,games/generalszh/scripting/unit_vocabulary.test;games/generalszh/session/script_objects.test,ported,,campaign,2026-09-27: doSetWarehouseValue -> SupplyWarehouseDockUpdate::setCashValue: ceil(cash / ValuePerSupplyBox) boxes.
script_action:WATER_CHANGE_HEIGHT,script_action,WATER_CHANGE_HEIGHT,GeneralsMD/Code/GameEngine/Include/GameLogic/Scripts.h,games/generalszh/scripting;games/generalszh/session;games/generalszh/gameplay,games/generalszh/scripting/player_vocabulary.cppm;games/generalszh/session/script_bridge.cppm;games/generalszh/gameplay/world/algorithms/water_levels.cppm;games/generalszh/gameplay/world/resources/water_changes.cppm,games/generalszh/session/water_levels.test;games/generalszh/scripting/player_vocabulary.test,ported,legacy_parity_a_water_table_is_set_at_once (MD_CHI04),campaign,"doWaterChangeHeight -> setWaterHeight(water, height, 999999.9, TRUE): set at once (whole units), what the rise puts under the water takes 999999.9 water damage, the pathfinding map remade the same tick (WaterChanges.refresh, checkpointed)."
script_action:WATER_CHANGE_HEIGHT_OVER_TIME,script_action,WATER_CHANGE_HEIGHT_OVER_TIME,GeneralsMD/Code/GameEngine/Include/GameLogic/Scripts.h,games/generalszh/scripting;games/generalszh/session;games/generalszh/gameplay;engine/gameplay,games/generalszh/scripting/player_vocabulary.cppm;games/generalszh/session/script_bridge.cppm;games/generalszh/gameplay/world/algorithms/water_levels.cppm;games/generalszh/gameplay/world/resources/water_changes.cppm;engine/gameplay/common/spatial/resources/ground_height.cppm;games/generalszh/gameplay/world/algorithms/navigation_setup.cppm,games/generalszh/session/water_levels.test,ported,legacy_parity_a_water_table_rises_over_time (MD_CHI04),campaign,"TerrainLogic::changeWaterHeightOverTime / update / setWaterHeight: (target - height) / (30 x seconds) a frame, newest first, the final step sets the target; the polygon keeps whole units; a rise deals DAMAGE_WATER (DEATH_NORMAL) to what stands where the ground is under the water on whole-second frames and the final one (dealt next tick); forceMapRecalculation reclassifies the pathfinding cells and rebuilds clearance. Checkpointed."
script_action:ZOOM_CAMERA,script_action,ZOOM_CAMERA,GeneralsMD/Code/GameEngine/Include/GameLogic/Scripts.h,engine/camera;games/generalszh/scripting;games/generalszh/hosts,engine/camera/model/rts_camera.cppm;games/generalszh/scripting/camera_vocabulary.cppm;games/generalszh/hosts/game/game_client.cpp,games/generalszh/scripting/core_vocabulary.test;engine/camera/camera.test,ported,,campaign,"zoomCamera(zoom, seconds*1000, ease*1000)"
