capability_id,row_kind,capability,status,implementation_status,validation_status,legacy_reference,modern_paths,composition_adapter_paths,test_paths,evidence,remaining_gaps_next_action,active_owner,updated_date
"ZH-F-COMPOSITION","FAMILY","Shared modern composition and execution graph","PARTIAL","PARTIAL","PARTIAL","GeneralsMD/Code/GameEngine/Source/GameLogic/System/GameLogic.cpp;GeneralsMD/Code/GameEngine/Source/GameLogic/Object/Object.cpp","engine/ecs/scheduler/scheduler.cppm;games/generalszh/composition/game_session.cppm","games/generalszh/composition/README.md;games/generalszh/hosts/headless/README.md","engine/ecs/scheduler/scheduler.test;games/generalszh/composition/game_session.test","The independent root owns one registry and scheduler and executes the registered graph; coordinator evidence includes the connected composition history and rank build 14531/CTest 5 of 5.","Register and validate every remaining gameplay family through this root; family status is not a full-port claim.","","2026-09-07"
"ZH-F-LIFECYCLE-OBJECT","FAMILY","Object creation lifetime death and destruction","PARTIAL","PARTIAL","PARTIAL","GeneralsMD/Code/GameEngine/Source/GameLogic/Object/Object.cpp;GeneralsMD/Code/GameEngine/Source/GameLogic/Object/Update/DeletionUpdate.cpp;GeneralsMD/Code/GameEngine/Source/GameLogic/Object/Die/DieModule.cpp","engine/gameplay/lifetime;engine/gameplay/combat/death;games/generalszh/gameplay/lifetime;games/generalszh/gameplay/demolition","games/generalszh/composition/game_session.cppm;games/generalszh/adapters/legacy/lifetime/lifetime_store.cppm","engine/gameplay/lifetime/systems/expiration_system.test;games/generalszh/gameplay/lifetime/systems/lifetime_effect_system.test","Modern expiration and bounded death-weapon paths exist; retained lifetime and deletion adapters remain compatibility boundaries.","Map full Object creation and all death/destruction effects; keep deferred deletion and logical action eligibility distinct.","","2026-09-07"
"ZH-F-ECONOMY","FAMILY","Accounts income harvesting revenue and resource settlement","PARTIAL","PARTIAL","PARTIAL","GeneralsMD/Code/GameEngine/Source/Common/RTS/Money.cpp;GeneralsMD/Code/GameEngine/Source/GameLogic/Object/Update/AutoDepositUpdate.cpp;GeneralsMD/Code/GameEngine/Source/Common/RTS/ResourceGatheringManager.cpp","engine/gameplay/rts/economy;engine/gameplay/rts/harvesting;games/generalszh/gameplay/economy;games/generalszh/gameplay/harvesting","games/generalszh/composition/game_session.cppm;games/generalszh/adapters/legacy/economy/account_store.cppm;games/generalszh/adapters/content/rules/game_rules.cppm","games/generalszh/gameplay/economy/systems/account_system.test;games/generalszh/gameplay/economy/systems/economy_system.test;engine/gameplay/rts/harvesting/systems/harvest_system.test","Connected account income and finite-stock harvesting slices are recorded in the migration contract; Cash Bounty DI work is newly active in EconomySystem.","Finish remaining resource types, academy/score/UI effects, map resource behavior and full reference fidelity; update leaves as each boundary is integrated.","","2026-09-07"
"ZH-F-PRODUCTION","FAMILY","Production admission queues completion exits rally power gating and presentation","PARTIAL","PARTIAL","PARTIAL","GeneralsMD/Code/GameEngine/Source/GameLogic/Object/Update/ProductionUpdate.cpp;GeneralsMD/Code/GameEngine/Source/GameLogic/Object/Update/ProductionExitUpdate/DefaultProductionExitUpdate.cpp","engine/gameplay/rts/production;games/generalszh/gameplay/production;games/generalszh/gameplay/containment","games/generalszh/composition/game_session.cppm;games/generalszh/adapters/content/units/unit_definition.cppm","games/generalszh/gameplay/production/systems/production_admission_system.test;games/generalszh/gameplay/production/systems/production_system.test;games/generalszh/gameplay/production/systems/production_exit_system.test","Bounded admission, queue, completion, rally, initial payload and production-exit paths are connected in the shared plan; full menus and exit/content fidelity remain open. Coordination correction: the stale Hubble active-owner entry is cleared; parallel_port.md records release of Hubble's bounded visibility/root ownership. This overlapping FAMILY anchor is not reserved by the current disjoint leaf tasks, and its implementation/validation status is unchanged.","Finish all production variants, upgrades, disabled scheduling, exits, animation and presentation while preserving FIFO, refund and visibility boundaries.","","2026-09-07"
"ZH-F-CONSTRUCTION","FAMILY","Construction placement builder work site completion and structure activation","PARTIAL","PARTIAL","PARTIAL","GeneralsMD/Code/GameEngine/Source/GameLogic/Object/Update/AIUpdate/DozerAIUpdate.cpp;GeneralsMD/Code/GameEngine/Source/GameLogic/Object/Body/StructureBody.cpp","games/generalszh/gameplay/construction;engine/gameplay/rts/construction","games/generalszh/composition/game_session.cppm;games/generalszh/adapters/content/buildings/building_definition.cppm","games/generalszh/gameplay/construction/systems/construction_system.test;games/generalszh/gameplay/construction/systems/builder_task_system.test","Paid scaffolds, builder routing and completion are connected through GameSession in bounded scenarios.","Map full structure lifecycle, placement geometry, all builder/dozer policies, content effects and graphical state.","","2026-09-07"
"ZH-F-COMBAT","FAMILY","Health damage armor weapons projectiles targeting poison healing and death effects","PARTIAL","PARTIAL","PARTIAL","GeneralsMD/Code/GameEngine/Source/GameLogic/Object/Body/ActiveBody.cpp;GeneralsMD/Code/GameEngine/Source/GameLogic/Object/Weapon.cpp;GeneralsMD/Code/GameEngine/Source/GameLogic/Object/FiringTracker.cpp","engine/gameplay/combat;games/generalszh/gameplay/combat;games/generalszh/gameplay/demolition","games/generalszh/composition/game_session.cppm;games/generalszh/adapters/content/armor/armor_definition.cppm","engine/gameplay/combat/systems/health_system.test;engine/gameplay/combat/systems/weapon_system.test;games/generalszh/composition/game_session.test","Connected combat slices cover bounded weapons, splash, stealth eligibility, automatic combat XP and demolition traps; they do not establish full combat fidelity.","Map weapon sets, armor, projectile variants, collision, line of sight, death behavior, diplomacy and all legacy effects.","","2026-09-07"
"ZH-F-MOVEMENT-LOCOMOTION","FAMILY","Navigation movement locomotor policy and physical movement","PARTIAL","PARTIAL","PARTIAL","GeneralsMD/Code/GameEngine/Source/GameLogic/Object/Locomotor.cpp;GeneralsMD/Code/GameEngine/Source/GameLogic/Object/Update/AIUpdate.cpp","engine/gameplay/navigation;games/generalszh/gameplay/movement","games/generalszh/composition/game_session.cppm;games/generalszh/adapters/content/units/unit_definition.cppm","engine/gameplay/navigation/systems/movement_system.test;games/generalszh/composition/game_session.test","Shared FlowFields movement and bounded positional attack approach are connected; authored locomotor and geometry breadth remain incomplete.","Translate and execute all locomotor modes, terrain/clearance/air rules, collision and map geometry through the composed path.","","2026-09-07"
"ZH-F-ORDERS-TASKS","FAMILY","Commands orders engagement task selection and interruption","PARTIAL","PARTIAL","PARTIAL","GeneralsMD/Code/GameEngine/Source/Common/RTS/ActionManager.cpp;GeneralsMD/Code/GameEngine/Source/GameLogic/AI/AIStates.cpp","engine/gameplay/rts/orders;games/generalszh/gameplay/orders;games/generalszh/gameplay/tasks","games/generalszh/composition/game_session.cppm","engine/gameplay/rts/orders/systems/engagement_system.test;games/generalszh/gameplay/orders/systems/order_system.test;games/generalszh/gameplay/tasks/systems/task_selection_system.test","Actual OrderSystem, TaskSelectionSystem and engagement behavior are registered in the shared plan; source coverage is bounded.","Map every command source and interruption policy without turning order acceptance into a catch-all manager.","","2026-09-07"
"ZH-F-HARVESTING","FAMILY","Collectors supply sources finite stock pickup unload and delivery","PARTIAL","PARTIAL","PARTIAL","GeneralsMD/Code/GameEngine/Source/GameLogic/Object/Update/AutoDepositUpdate.cpp;GeneralsMD/Code/GameEngine/Source/Common/RTS/ResourceGatheringManager.cpp","engine/gameplay/rts/harvesting;games/generalszh/gameplay/harvesting","games/generalszh/composition/game_session.cppm;games/generalszh/gameplay/harvesting/revenue/harvest_revenue.cppm","engine/gameplay/rts/harvesting/systems/harvest_system.test;games/generalszh/gameplay/harvesting/revenue/harvest_revenue.test;games/generalszh/composition/game_session.test","Bounded finite-stock collection and supply delivery funding are recorded as connected history.","Cover oil, worker variants, docking, map resources, capture interactions and all content-authored harvesting rules.","","2026-09-07"
"ZH-F-CAPTURE","FAMILY","Structure and object capture ownership transfer and capture rewards","PARTIAL","PARTIAL","PARTIAL","GeneralsMD/Code/GameEngine/Source/Common/RTS/Player.cpp;GeneralsMD/Code/GameEngine/Source/Common/RTS/Team.cpp","games/generalszh/gameplay/capture;games/generalszh/gameplay/economy","games/generalszh/composition/game_session.cppm;games/generalszh/adapters/content/capture/capture_definition.cppm","games/generalszh/gameplay/capture/systems/capture_system.test;games/generalszh/composition/game_session.test","Connected capture transfers supported structure bindings and rejects stale/manual invalid cases in bounded scenarios.","Map diplomacy, capture modules, ownership-wide effects, upgrades, supply/power refresh and all capture content variants.","","2026-09-07"
"ZH-F-MATCH-OWNERSHIP","FAMILY","Players teams diplomacy victory defeat and match membership","PARTIAL","PARTIAL","PARTIAL","GeneralsMD/Code/GameEngine/Source/Common/RTS/Player.cpp;GeneralsMD/Code/GameEngine/Source/Common/RTS/Team.cpp;GeneralsMD/Code/GameEngine/Source/GameLogic/System/GameLogic.cpp","games/generalszh/gameplay/match;engine/gameplay/rts/match","games/generalszh/composition/game_session.cppm","games/generalszh/gameplay/match/systems/victory_system.test;games/generalszh/gameplay/match/systems/defeat_system.test","Bounded free-for-all outcomes and generation-safe match membership are connected; diplomacy remains conservative.","Implement full participant/team/diplomacy policy, scenario victory conditions and all ownership side effects.","","2026-09-07"
"ZH-F-POWER","FAMILY","Power generation consumption suppression brownout and recovery","PARTIAL","PARTIAL","PARTIAL","GeneralsMD/Code/GameEngine/Source/Common/RTS/Energy.cpp;GeneralsMD/Code/GameEngine/Source/GameLogic/Object/Update/PowerPlantUpdate.cpp","engine/gameplay/rts/power;games/generalszh/gameplay/power","games/generalszh/composition/game_session.cppm;games/generalszh/adapters/legacy/power/power_store.cppm","games/generalszh/gameplay/power/systems/power_system.test;games/generalszh/gameplay/power/systems/power_recovery_system.test","Typed power ledger and suppression/recovery paths are present; native callback and full object policy remain boundaries.","Migrate all power producers/consumers, upgrades, brownout effects and content without retaining duplicate owners.","","2026-09-07"
"ZH-F-CONCEALMENT-VISIBILITY","FAMILY","Stealth detection radar shroud and target visibility","IN_PROGRESS","IN_PROGRESS","PARTIAL","GeneralsMD/Code/GameEngine/Source/GameLogic/Object/Update/StealthUpdate.cpp;GeneralsMD/Code/GameEngine/Source/GameLogic/Object/Update/StealthDetectorUpdate.cpp;GeneralsMD/Code/GameEngine/Source/GameLogic/Object/Update/DynamicShroudClearingRangeUpdate.cpp","engine/gameplay/concealment;engine/gameplay/rts/radar;engine/gameplay/rts/visibility;games/generalszh/gameplay/concealment;games/generalszh/gameplay/visibility","games/generalszh/composition/game_session.cppm;games/generalszh/adapters/content/visibility/visibility_definition.cppm;games/generalszh/adapters/legacy/radar/radar_store.cppm","engine/gameplay/concealment/systems/concealment_system.test;engine/gameplay/rts/visibility/systems/visibility_system.test;games/generalszh/adapters/content/visibility/visibility_definition.test","Bounded ordinary range shroud/current visibility, exploration lease persistence and target gating are evidenced by core/content 8d7d9e CTest 2/2, policy 247872 CTest 1/1, root/combat 73c123 CTest 2/2, decoded content/headless/host eadb24 CTest 3/3, targeting 76ca32 CTest 1/1, and root validation 70835 terminal 6e62db CTest 1/1 with all 40 GameSession cases passing, including the decoded visibility/garrison/capture/death scenario at 1/2/4 workers. Empty/deadline lease coverage remains present.","Broad family remains partial: terrain LOS, radar, stealth/detection integration, diplomacy relations, special reveal variants, presentation/serialization, full content fidelity, performance and cross-platform validation remain open.","","2026-09-07"
"ZH-F-CONTAINMENT","FAMILY","Transport containment garrison tunnel payload and passenger policy","PARTIAL","PARTIAL","PARTIAL","GeneralsMD/Code/GameEngine/Source/GameLogic/Object/Contain/TransportContain.cpp;GeneralsMD/Code/GameEngine/Source/GameLogic/Object/Contain/GarrisonContain.cpp;GeneralsMD/Code/GameEngine/Source/GameLogic/Object/Contain/TunnelContain.cpp","engine/gameplay/containment;games/generalszh/gameplay/containment","games/generalszh/composition/game_session.cppm;games/generalszh/adapters/content/containment/transport_definition.cppm","games/generalszh/gameplay/containment/systems/transport_containment_system.test;games/generalszh/gameplay/containment/systems/garrison_containment_system.test","Ground transport, garrison and bounded initial payload paths are connected with explicit known exclusions.","Implement airborne, nested, tunnel, scatter, passenger-fire, work-capable and full legacy payload/content behavior.","","2026-09-07"
"ZH-F-UPGRADES","FAMILY","Upgrade identity masks eligibility execution and effects","PARTIAL","PARTIAL","PARTIAL","GeneralsMD/Code/GameEngine/Source/Common/System/Upgrade.cpp;GeneralsMD/Code/GameEngine/Source/GameLogic/Object/Upgrade/UpgradeModule.cpp;GeneralsMD/Code/GameEngine/Source/GameLogic/Object/Upgrade/ArmorUpgrade.cpp","games/generalszh/gameplay/upgrades;engine/gameplay/rts/upgrades","games/generalszh/adapters/content/upgrades/upgrade_definition.cppm;games/generalszh/adapters/legacy/upgrades/identity/upgrade_catalog.cppm","games/generalszh/gameplay/upgrades/identity/upgrade_catalog.test;games/generalszh/adapters/content/upgrades/upgrade_definition.test","Stable upgrade identity and bounded storage/definition slices exist; full eligibility/effect execution is not independently complete.","Finish player/object masks, eligibility, grants, callbacks, map composition and every upgrade effect through modern systems.","","2026-09-07"
"ZH-F-PROGRESSION","FAMILY","Veterancy experience rank progression science and awards","PARTIAL","PARTIAL","PARTIAL","GeneralsMD/Code/GameEngine/Source/GameLogic/Object/Object.cpp;GeneralsMD/Code/GameEngine/Source/Common/RTS/Player.cpp;GeneralsMD/Code/GameEngine/Source/Common/Thing/ThingTemplate.cpp","engine/gameplay/progression;engine/gameplay/rts/rank;games/generalszh/gameplay/progression","games/generalszh/adapters/content/progression/veterancy_decoder.cppm;games/generalszh/adapters/content/rank/rank_definition.cppm","games/generalszh/gameplay/progression/systems/kill_experience_system.test;engine/gameplay/rts/rank/systems/rank_system.test;games/generalszh/composition/game_session.test","Coordinator-reported rank build 14531/CTest 5 of 5 covers the connected lethal-to-rank-to-science-to-ProducedUnit path at 1/2/4 workers; Raman is closed.","Complete noncombat/stale award policy, unit veterancy behavior, rank content breadth, sinks, UI and serialization codecs.","","2026-09-07"
"ZH-F-AI","FAMILY","Strategic and tactical AI force production scripts and AI-owned decisions","PARTIAL","PARTIAL","UNASSESSED","GeneralsMD/Code/GameEngine/Source/GameLogic/AI/AIPlayer.cpp;GeneralsMD/Code/GameEngine/Source/GameLogic/AI/AISkirmishPlayer.cpp;GeneralsMD/Code/GameEngine/Source/GameLogic/Object/Update/AIUpdate.cpp","engine/gameplay/rts/ai;games/generalszh/gameplay/ai;games/generalszh/gameplay/orders;games/generalszh/gameplay/combat","games/generalszh/composition/game_session.cppm;games/generalszh/adapters/content/units/unit_definition.cppm","games/generalszh/gameplay/ai/systems/force_production_system.test;games/generalszh/composition/game_session.test","Bounded force production is accepted with coordinator build 41422 and CTest 5 of 5; no full-AI claim, TeamTemplate or script adapter claim.","Map and compose full strategic/tactical AI without feature managers; keep script/design ownership separate from accepted code.","","2026-09-07"
"ZH-F-SCRIPTS-SCENARIO","FAMILY","Script engine scenario triggers and victory-condition composition","UNASSESSED","UNASSESSED","UNASSESSED","GeneralsMD/Code/GameEngine/Source/GameLogic/ScriptEngine/ScriptEngine.cpp;GeneralsMD/Code/GameEngine/Source/GameLogic/ScriptEngine/ScriptActions.cpp;GeneralsMD/Code/GameEngine/Source/GameLogic/ScriptEngine/ScriptConditions.cpp","","games/generalszh/hosts/headless/README.md","","Inventory found legacy script categories but no inspected independent modern execution path.","Audit scripts, scenario loading, trigger state, command ordering and victory integration before adding rows for distinct script families.","","2026-09-07"
"ZH-F-SPECIAL-POWERS-BEHAVIORS","FAMILY","Special powers special abilities object behaviors and OCL/effect policies","IN_PROGRESS","IN_PROGRESS","IN_PROGRESS","GeneralsMD/Code/GameEngine/Source/GameLogic/Object/SpecialPower/SpecialPowerModule.cpp;GeneralsMD/Code/GameEngine/Source/GameLogic/Object/SpecialPower/SpecialAbility.cpp;GeneralsMD/Code/GameEngine/Source/GameLogic/Object/Behavior/BehaviorModule.cpp","games/generalszh/gameplay/economy/systems/economy_system.cppm","games/generalszh/composition/game_session.cppm","games/generalszh/gameplay/economy/systems/economy_system.test","Cash Bounty design is approved; the prior Planck implementation was interrupted when its handle became unavailable, and the scoped continuation is tracked on ZH-C-SPECIAL-POWER-CASH-BOUNTY under Nash; no broad special-power claim is made.","Implement and validate the new bounty modules and EconomySystem DI merge; root production integration follows Hubble file-ownership release and is not an external blocker; map remaining powers/behaviors separately.","","2026-09-07"
"ZH-F-CONTENT","FAMILY","INI interpretation typed immutable definitions catalogs and map/content composition","PARTIAL","PARTIAL","PARTIAL","GeneralsMD/Code/GameEngine/Source/Common/Thing/ThingTemplate.cpp;GeneralsMD/Code/GameEngine/Source/Common/RTS/ProductionPrerequisite.cpp;GeneralsMD/Code/GameEngine/Source/Common/RTS/Science.cpp","games/generalszh/adapters/content;games/generalszh/gameplay/production/definitions;games/generalszh/gameplay/construction/definitions","games/generalszh/adapters/content/README.md;games/generalszh/hosts/headless/content_match.cppm","games/generalszh/adapters/content/ini/named_block.test;games/generalszh/hosts/headless/content_match_impl.test","Actual content adapters cover a bounded extracted subset including units, buildings, armor, science, rank, capture, repair, selling and visibility.","Map all legacy INI schemas, inheritance/defaults, object creation lists, map/scenario catalogs and unsupported fields; do not treat a fixture as full content.","","2026-09-07"
"ZH-F-PRESENTATION","FAMILY","Audio UI model conditions effects animation and graphical presentation","PARTIAL","PARTIAL","PARTIAL","GeneralsMD/Code/GameEngine/Source/GameLogic/Object/Update/Production/production_presentation.cppm;GeneralsMD/Code/GameEngine/Source/GameClient/GUI/GameWindowManagerScript.cpp","engine/events;games/generalszh/presentation;games/generalszh/adapters/legacy/presentation","games/generalszh/presentation/economy/transaction_sound.cppm;games/generalszh/adapters/legacy/presentation/README.md","engine/events/storage/event_batch.test;games/generalszh/presentation/economy/transaction_sound.test","Typed transaction sound and presentation batches exist as bounded boundaries; no graphical modern runtime or full effect/audio integration is claimed.","Connect committed presentation consumers, model/animation/FX/OCL paths and graphical host readiness without driving authoritative state.","","2026-09-07"
"ZH-F-MAP-PHYSICS-COLLISION","FAMILY","Map geometry collision physics hazards and spatial world policy","UNASSESSED","UNASSESSED","UNASSESSED","GeneralsMD/Code/GameEngine/Source/GameLogic/Object/Collide/CollideModule.cpp;GeneralsMD/Code/GameEngine/Source/GameLogic/Object/Update/PhysicsUpdate.cpp;GeneralsMD/Code/GameEngine/Source/GameLogic/Object/PartitionManager.cpp","engine/gameplay/spatial;engine/gameplay/navigation","games/generalszh/hosts/headless/README.md","engine/gameplay/spatial/grid/point_grid.test;engine/gameplay/navigation/grid/navigation_grid.test","Only reusable spatial/navigation primitives were inspected; no full Zero Hour collision/physics composition evidence was found.","Audit map cells, partitions, collision, crush, physics, hazards and deterministic geometry before implementation.","","2026-09-07"
"ZH-F-LEGACY-BRIDGES","FAMILY","Retained legacy adapters and compatibility boundaries","PARTIAL","PARTIAL","PARTIAL","GeneralsMD/Code/GameEngine/Source/GameLogic/System/GameLogic.cpp;GeneralsMD/Code/GameEngine/Source/Common/RTS/Money.cpp","games/generalszh/adapters/legacy","games/generalszh/adapters/legacy/economy/README.md;games/generalszh/adapters/legacy/lifetime/README.md;games/generalszh/adapters/legacy/power/README.md;games/generalszh/adapters/legacy/radar/README.md","games/generalszh/adapters/legacy/economy/account_store.test;games/generalszh/adapters/legacy/lifetime/lifetime_store.test;games/generalszh/adapters/legacy/power/power_store.test;games/generalszh/adapters/legacy/radar/radar_store.test","Retained IncomeSimulation, LifetimeSimulation, PowerSimulation and RadarSimulation are documented compatibility exceptions and are separate from independent modern completion.","Migrate consumers only through bounded scoped work; never count a retained bridge as independent modern gameplay or mirror changes into GeneralsMD.","","2026-09-07"
"ZH-F-REPLAY-MULTIPLAYER","FAMILY","Replay save conversion networking and multiplayer replication policy","NOT_STARTED","NOT_STARTED","NOT_STARTED","Core/GameEngine/Source/Common/MessageStream.cpp;GeneralsMD/Code/GameEngine/Source/GameLogic/System/GameLogic.cpp","engine/events","games/generalszh/composition/README.md","engine/events/schema/message_registry.test;engine/events/storage/event_batch.test","Messaging storage and identity are foundation only; networking model and original protocol compatibility remain explicitly undecided/separate.","Do not implement during gameplay slices; define separate scope, codecs, transport, replay and deterministic replication contracts first.","","2026-09-07"
"ZH-C-COMPOSITION-SHARED-GRAPH","CAPABILITY","One shared GameSession scheduler graph for currently registered gameplay","PARTIAL","PARTIAL","PARTIAL","GeneralsMD/Code/GameEngine/Source/GameLogic/System/GameLogic.cpp;GeneralsMD/Code/GameEngine/Source/GameLogic/Object/Object.cpp","engine/ecs/scheduler/scheduler.cppm;games/generalszh/composition/game_session.cppm;games/generalszh/composition/game_session_impl.cppm","games/generalszh/composition/README.md;games/generalszh/hosts/headless/headless_match.cppm","engine/ecs/scheduler/scheduler.test;games/generalszh/composition/game_session_impl.test;games/generalszh/hosts/headless/headless_match_impl.test","The explicit root-to-scheduler-to-system path and connected worker-count checks are documented; scope is the graph contract for registered systems only. Continuation review 2026-09-07: bounded AttackInput/PoisonInput declaration extraction accepted after actual declarations, executor exports, colocated tests and CMake inspection; build6528 terminalbd7267 exited0 and exact CTest2/2 passed. Peirce closed. Fermat root interface/implementation isolation and crate phase correction remain unaccepted. Main accepted GameSession public/private isolation with one Impl-owned registry/scheduler and one Execute call, exact private-root guard exception, preserved42cases and consumer imports after build55393 terminal18f6f3 exited0 and CTest14/14 passed. Earlier81419/871b50 andf2b062 host import failures were corrected. Uncoordinated Euclid builds were not accepted as evidence; its four namespace/import test hunks were separately inspected and preserved before main rerun. Fermat closed. Mendel stopped with only unbuilt root/claim/test/CMake WIP and no real producer colliders or configurable contact limits. Coordinator preserved the patch and closed the role-confused delegate without acceptance. Fresh Kuhn owns source/design confirmation of the same remaining contact integration before production edit release; no new build or runtime acceptance.","Add remaining capabilities to the graph and keep semantic/resource edges explicit; this completion does not close any gameplay family.","Kuhn:01a07d00-6506-7072-9fe9-7e5f6c263517 (contact integration continuation design confirmation; exclusive root/producer reservation)","2026-09-07"
"ZH-C-LIFETIME-EXPIRATION","CAPABILITY","Typed expiration deadlines lifetime effects and deletion eligibility","PARTIAL","PARTIAL","PARTIAL","GeneralsMD/Code/GameEngine/Source/GameLogic/Object/Update/LifetimeUpdate.cpp;GeneralsMD/Code/GameEngine/Source/GameLogic/Object/Update/DeletionUpdate.cpp","engine/gameplay/lifetime/components/expiration.cppm;engine/gameplay/lifetime/systems/expiration_system.cppm;games/generalszh/gameplay/lifetime/systems/lifetime_effect_system.cppm","games/generalszh/adapters/legacy/lifetime/lifetime_store.cppm;games/generalszh/composition/game_session.cppm","engine/gameplay/lifetime/systems/expiration_system.test;games/generalszh/gameplay/lifetime/systems/lifetime_effect_system.test","Modern expiration state and bounded lifetime effects have focused tests and retained adapter evidence.","Migrate all configured lifetime/deletion effects, RNG/INI variants, destruction timing and object cleanup through connected scenarios.","","2026-09-07"
"ZH-C-DEATH-DESTRUCTION","CAPABILITY","Lethal state death effects destruction and deferred cleanup","PARTIAL","PARTIAL","PARTIAL","GeneralsMD/Code/GameEngine/Source/GameLogic/Object/Die/DieModule.cpp;GeneralsMD/Code/GameEngine/Source/GameLogic/Object/Destroy/DestroyModule.cpp;GeneralsMD/Code/GameEngine/Source/GameLogic/Object/Body/ActiveBody.cpp","engine/gameplay/combat/death;engine/gameplay/combat/systems/health_system.cppm;games/generalszh/gameplay/demolition/systems/demolition_trap_system.cppm","games/generalszh/composition/game_session.cppm","engine/gameplay/combat/death/systems/death_weapon_system.test;games/generalszh/gameplay/demolition/systems/demolition_trap_system.test","Death-weapon and logical-death ordering are covered in bounded connected scenarios; generic death effects remain incomplete.","Map all death types, crates, pilots, OCL/FX, structure collapse and cleanup ownership while preserving already-launched projectiles.","","2026-09-07"
"ZH-C-ECONOMY-ACCOUNT-INCOME","CAPABILITY","Account balances transactions periodic income and history","PARTIAL","PARTIAL","PARTIAL","GeneralsMD/Code/GameEngine/Source/Common/RTS/Money.cpp;GeneralsMD/Code/GameEngine/Source/Common/RTS/Player.cpp","engine/gameplay/rts/economy;games/generalszh/gameplay/economy/systems/account_system.cppm;games/generalszh/gameplay/economy/systems/economy_system.cppm","games/generalszh/composition/game_session.cppm;games/generalszh/adapters/legacy/economy/account_store.cppm;games/generalszh/adapters/legacy/economy/income_store.cppm","games/generalszh/gameplay/economy/systems/account_system.test;games/generalszh/gameplay/economy/systems/economy_system.test;engine/gameplay/rts/economy/systems/income_system.test","Connected account settlement and income use ECS state and deterministic batches; the prior Planck bounty/economy ownership was interrupted and the scoped Cash Bounty continuation is tracked under Nash on ZH-C-SPECIAL-POWER-CASH-BOUNTY. Bounded six-path economy layout accepted after coordinator actual component/algorithm/facade/batch/CMake review; six original test files remain exact modulo line endings at their relocated paths. Main rebuild13d72a terminalceff34 exited0, CTest4acca3 passed3/3 economy suites and65f936 passed2/2 architecture checks. Prior7d0826 failed regeneration on another owner missing presentation tests before compilation; repaired before this pass. Pauli closed; six resolved layout-debt entries removed, other debt retained.","Finish academy/score/presentation effects, all account sources, and validate the pending EconomySystem DI merge without duplicate owners.","","2026-09-07"
"ZH-C-MAP-CHUNK-SCENARIO-ADAPTER","CAPABILITY","RefPack CkMp map scenario decoding into typed validated authored data","IN_PROGRESS","IN_PROGRESS","UNASSESSED","Core/Libraries/Source/Compression/EAC/refdecode.cpp;GeneralsMD/Code/GameEngine/Source/Common/System/DataChunk.cpp;Core/GameEngineDevice/Source/W3DDevice/GameClient/WorldHeightMap.cpp;GeneralsMD/Code/GameEngine/Source/GameLogic/Map/SidesList.cpp;GeneralsMD/Code/GameEngine/Source/GameLogic/ScriptEngine/Scripts.cpp","games/generalszh/adapters/content/maps","games/generalszh/migration/parallel_port.md","","Main read-only actual ShellMapMD diagnostic decoded bounds-checked 1116150 bytes from86345 compressed bytes; CkMp126 symbols and771 object records including139waypoints. This is not a production adapter or runtime execution evidence. Fresh Archimedes reserved design-only before any production edit; exact source-grounded typed outputs and malformed/actual-map tests require coordinator approval. Coordinator approved disjoint generic RefPack decoder/module/test and new IO-local CMake files as a supporting part of this map task. Map parser design remains gated: raw source dictionaries and versioned parameters stay behind the adapter; startup binding must preserve reference normalization before producing typed runtime definitions. No decoder/parser validation or runtime acceptance yet.","Implement reviewed bounded scenario adapter for actual map objects properties sides diplomacy teams waypoints and authored script definitions; classify terrain/presentation chunks explicitly. Runtime scripting systems content closure and graphics/audio/backend integration remain separate incomplete work.","Archimedes:01a07ce9-6fd0-7f21-b92f-56c1751604d0 (approved RefPack support implementation; revised map/binder design pending)","2026-09-07"
"ZH-C-HARVESTING-REVENUE","CAPABILITY","Harvest collection finite stock supply delivery and revenue conversion","PARTIAL","PARTIAL","PARTIAL","GeneralsMD/Code/GameEngine/Source/GameLogic/Object/Update/AutoDepositUpdate.cpp;GeneralsMD/Code/GameEngine/Source/Common/RTS/ResourceGatheringManager.cpp","engine/gameplay/rts/harvesting/systems/harvest_system.cppm;games/generalszh/gameplay/harvesting/revenue/harvest_revenue.cppm","games/generalszh/composition/game_session.cppm","engine/gameplay/rts/harvesting/systems/harvest_system.test;games/generalszh/gameplay/harvesting/revenue/harvest_revenue.test;games/generalszh/composition/game_session.test","Connected finite-stock delivery and same-tick account funding are recorded in the migration contract. Bounded SupplyDropoffOwner extraction accepted after actual component/traits/export/helper/CMake/debt review; main build98435 terminalf30ee9 passed3/3 (harvesting metadata plus preserved revenue behavior and architecture pair). Fields/defaults/stable key/version1/Serializable and root-to-EconomySystem joined conversion path are preserved. Raman closed; no full collector fidelity claim.","Add oil/resource variants, docking and full legacy collector/dropoff/content behavior.","","2026-09-07"
"ZH-C-PRODUCTION-ADMISSION","CAPABILITY","Production request validation prerequisite presence debit and order creation","PARTIAL","PARTIAL","PARTIAL","GeneralsMD/Code/GameEngine/Source/GameLogic/Object/Update/Production/production_acceptance.cppm;GeneralsMD/Code/GameEngine/Source/Common/RTS/ProductionPrerequisite.cpp","engine/gameplay/rts/production/systems/build_system.cppm;games/generalszh/gameplay/production/systems/production_admission_system.cppm","games/generalszh/composition/game_session.cppm;games/generalszh/adapters/content/prerequisites/prerequisite_definition.cppm;games/generalszh/adapters/content/science/science_prerequisite_binding.cppm","games/generalszh/gameplay/production/systems/production_admission_system.test;games/generalszh/adapters/content/prerequisites/prerequisite_definition.test","Connected science/object prerequisite and account debit cases are bounded; full build menus and legacy equivalence are not claimed.","Cover every prerequisite kind, queue/owner policy, content catalog breadth and failure/rollback behavior.","","2026-09-07"
"ZH-C-PRODUCTION-QUEUE-COMPLETION","CAPABILITY","FIFO queue progression quantity packing completion refunds and produced entities","PARTIAL","PARTIAL","PARTIAL","GeneralsMD/Code/GameEngine/Source/GameLogic/Object/Update/Production/production_queue.cppm;GeneralsMD/Code/GameEngine/Source/GameLogic/Object/Update/Production/production_unit_completion.cppm;GeneralsMD/Code/GameEngine/Source/GameLogic/Object/Update/ProductionUpdate.cpp","engine/gameplay/rts/production/queue/production_queue.cppm;games/generalszh/gameplay/production/systems/production_system.cppm;games/generalszh/gameplay/production/systems/build_completion_system.cppm","games/generalszh/composition/game_session.cppm;games/generalszh/adapters/content/units/unit_definition.cppm","games/generalszh/gameplay/production/systems/production_system.test;games/generalszh/gameplay/production/systems/build_completion_system.test","Bounded FIFO/quantity/repair-sale/transport completion history is recorded; content and effects remain partial.","Complete all unit/upgrade creation branches, disabled/cancel/death paths, production modifiers and content fidelity.","","2026-09-07"
"ZH-C-PRODUCTION-EXITS","CAPABILITY","Production doors reservations exits and newborn visibility","PARTIAL","PARTIAL","PARTIAL","GeneralsMD/Code/GameEngine/Source/GameLogic/Object/Update/ProductionExitUpdate/DefaultProductionExitUpdate.cpp;GeneralsMD/Code/GameEngine/Source/GameLogic/Object/Update/ProductionExitUpdate/QueueProductionExitUpdate.cpp","games/generalszh/gameplay/production/doors;games/generalszh/gameplay/production/entry;games/generalszh/gameplay/production/systems/production_exit_system.cppm","games/generalszh/composition/game_session.cppm;games/generalszh/adapters/legacy/production/doors/production_door_store.cppm;games/generalszh/adapters/legacy/production/entry/production_entry_store.cppm","games/generalszh/gameplay/production/systems/production_exit_system.test;games/generalszh/gameplay/production/doors/production_door.test","Single logical door release and exit reservation are bounded; multi-exit geometry/content and animation remain open.","Implement all exit update types, collision/parking/door markers and full content/presentation semantics.","","2026-09-07"
"ZH-C-PRODUCTION-RALLY","CAPABILITY","Rally point input newborn move order and rally interruption","PARTIAL","PARTIAL","PARTIAL","GeneralsMD/Code/GameEngine/Source/GameLogic/Object/Update/ProductionUpdate.cpp;GeneralsMD/Code/GameEngine/Source/GameLogic/Object/Update/AIUpdate.cpp","games/generalszh/gameplay/production/rally;games/generalszh/gameplay/orders","games/generalszh/composition/game_session.cppm","games/generalszh/gameplay/production/rally/systems/rally_system.test;games/generalszh/composition/game_session.test","Connected rally inputs and newborn ordinary Move order are recorded with capture/rally worker-count checks.","Cover legacy rally target types, queue/exit interactions, air/transport behavior and presentation.","","2026-09-07"
"ZH-C-CONSTRUCTION-SITES","CAPABILITY","Paid scaffolds construction progress completion activation and cancellation","PARTIAL","PARTIAL","PARTIAL","GeneralsMD/Code/GameEngine/Source/GameLogic/Object/Body/StructureBody.cpp;GeneralsMD/Code/GameEngine/Source/GameLogic/Object/Update/ProductionUpdate.cpp","games/generalszh/gameplay/construction/components/structure.cppm;games/generalszh/gameplay/construction/systems/construction_placement_system.cppm;games/generalszh/gameplay/construction/systems/construction_system.cppm","games/generalszh/composition/game_session.cppm;games/generalszh/adapters/content/buildings/building_definition.cppm","games/generalszh/gameplay/construction/systems/construction_system.test;games/generalszh/gameplay/construction/systems/construction_placement_system.test;games/generalszh/gameplay/construction/setup/construction_registration.test","Paid scaffold and same-tick structure activation are connected through the shared graph. Full Windows x64 Release build succeeded at 28a904; CTest passed 225/226 suites, with construction_system_tests failing three standalone registration fixtures (9a204c). The shared construction registration helper omits optional VisibilityObserver/VisibilityEligibility required by ConstructionSystem; root and Host fixtures separately register them. Fresh Dalton continuation is reserved for this startup contract correction; design review pending, no new acceptance. Coordinator accepted the bounded three-file startup registration correction after reviewing the helper, idempotent registration, removed Host workaround and direct shared-scheduler regression test. Full build 39979/bf25dd succeeded and full CTest ce78bb passed 226/226 suites, closing the 28a904/9a204c regression. Dalton was closed after acceptance; broader construction fidelity remains PARTIAL. McClintock handed off the three-file ConstructionAdmission layout extraction; coordinator inspected unchanged receipt storage, exact component traits and new metadata test. No build or test acceptance yet; Mendel retains the two required CMake additions. Worker closed to honor the latest five-agent limit. Subsequent coordinator acceptance of McClintock bounded ConstructionAdmission extraction: source reinspection confirmed unchanged storage and exact traits; builddd836c terminal3253df exited0 and CTest26e7b8 passed14/14 including admission and existing batch suites. This supersedes the earlier unbuilt statement only for that extraction. Resolved construction layout-debt metadata removal remains pending.","Map placement geometry, structure damage/repair/sale, all completion capabilities and content variants.","","2026-09-07"
"ZH-C-CONSTRUCTION-BUILDERS","CAPABILITY","Builder task assignment routing work eligibility and interruption","PARTIAL","PARTIAL","PARTIAL","GeneralsMD/Code/GameEngine/Source/GameLogic/Object/Update/AIUpdate/DozerAIUpdate.cpp;GeneralsMD/Code/GameEngine/Source/Common/RTS/ActionManager.cpp","engine/gameplay/rts/construction/algorithms/builder_routing.cppm;games/generalszh/gameplay/construction/systems/builder_task_system.cppm","games/generalszh/composition/game_session.cppm","games/generalszh/gameplay/construction/systems/builder_task_system.test;games/generalszh/composition/game_session.test","Connected dozer travel/work/interruption is bounded and uses independent task selection and movement.","Add all dozer types, repair/build/capture conflicts, docking and legacy eligibility/content rules.","","2026-09-07"
"ZH-C-REPAIR","CAPABILITY","Base and manual repair leases contribution and healing application","PARTIAL","PARTIAL","PARTIAL","GeneralsMD/Code/GameEngine/Source/GameLogic/Object/Update/DockUpdate/RepairDockUpdate.cpp;GeneralsMD/Code/GameEngine/Source/GameLogic/Object/Update/AIUpdate/DozerAIUpdate.cpp","engine/gameplay/rts/repair;games/generalszh/gameplay/repair","games/generalszh/composition/game_session.cppm;games/generalszh/adapters/content/repair/base_repair_definition.cppm","games/generalszh/gameplay/repair/systems/manual_repair_system.test;games/generalszh/gameplay/repair/systems/base_repair_system.test","Bounded manual/base repair validation and contention are recorded; final focused core result passed 15 cases.","Cover docking, automatic search, allied policy, bridge/benefactor variants, content breadth and presentation.","","2026-09-07"
"ZH-C-SELLING","CAPABILITY","Structure sale deadlines queue refund power and ownership effects","PARTIAL","PARTIAL","PARTIAL","GeneralsMD/Code/GameEngine/Source/GameLogic/Object/Update/Production/production_cancellation.cppm;GeneralsMD/Code/GameEngine/Source/GameLogic/Object/Update/ProductionUpdate.cpp","games/generalszh/gameplay/selling;games/generalszh/gameplay/production","games/generalszh/composition/game_session.cppm;games/generalszh/adapters/content/selling/sale_definition.cppm","games/generalszh/gameplay/selling/systems/sell_system.test;games/generalszh/composition/game_session.test","Delayed sale and immediate queue refund are connected for bounded factories.","Implement mobile/supply/armed selling, all refund modifiers, ownership/capture races, effects and presentation.","","2026-09-07"
"ZH-C-CAPTURE","CAPABILITY","Capture input validation ownership transfer upgrade/power/production bindings","PARTIAL","PARTIAL","PARTIAL","GeneralsMD/Code/GameEngine/Source/Common/RTS/Player.cpp;GeneralsMD/Code/GameEngine/Source/Common/RTS/Team.cpp","games/generalszh/gameplay/capture/systems/capture_system.cppm;games/generalszh/gameplay/capture/systems/capture_upgrade_activation_system.cppm","games/generalszh/composition/game_session.cppm;games/generalszh/adapters/content/capture/capture_definition.cppm","games/generalszh/gameplay/capture/systems/capture_system.test;games/generalszh/gameplay/capture/systems/capture_upgrade_activation_system.test","Connected structure capture transfers supported bindings and tests actual state/IDs at 1/2/4 workers.","Complete capture eligibility, diplomacy, modules, object ownership and every downstream effect.","","2026-09-07"
"ZH-C-HEALTH","CAPABILITY","Health state integer damage thresholds healing and life eligibility","PARTIAL","PARTIAL","PARTIAL","GeneralsMD/Code/GameEngine/Source/GameLogic/Object/Body/ActiveBody.cpp;GeneralsMD/Code/GameEngine/Source/GameLogic/Object/Damage/DamageModule.cpp","engine/gameplay/combat/components/health.cppm;engine/gameplay/combat/systems/health_system.cppm;games/generalszh/gameplay/combat/systems/poison_cleanse_system.cppm","games/generalszh/composition/game_session.cppm;games/generalszh/adapters/content/units/unit_definition.cppm","engine/gameplay/combat/systems/health_system.test;games/generalszh/composition/game_session.test","Health ordering and logical death are part of connected combat/progression scenarios.","Map all body types, subdual/status damage, healing sources, damage transitions and death effects.","","2026-09-07"
"ZH-C-DAMAGE-ARMOR","CAPABILITY","Damage packets armor catalogs direct impact and splash affect masks","PARTIAL","PARTIAL","PARTIAL","GeneralsMD/Code/GameEngine/Source/GameLogic/Object/Damage/DamageModule.cpp;GeneralsMD/Code/GameEngine/Source/GameLogic/Object/Weapon.cpp","engine/gameplay/combat/damage;games/generalszh/adapters/content/armor/armor_definition.cppm","games/generalszh/composition/game_session.cppm","engine/gameplay/combat/damage/algorithms/resolve_damage.test;games/generalszh/adapters/content/armor/armor_definition.test","Typed armor/direct-hit and bounded splash damage are validated; exact legacy 3D and unsupported masks remain excluded.","Implement all armor/damage types, geometry, line of sight, immunities, modifiers and authored content.","","2026-09-07"
"ZH-C-WEAPONS","CAPABILITY","Weapon sets selection prefire delay firing tracker and launch policy","PARTIAL","PARTIAL","PARTIAL","GeneralsMD/Code/GameEngine/Source/GameLogic/Object/Weapon.cpp;GeneralsMD/Code/GameEngine/Source/GameLogic/Object/WeaponSet.cpp;GeneralsMD/Code/GameEngine/Source/GameLogic/Object/FiringTracker.cpp","engine/gameplay/combat/components/weapon.cppm;engine/gameplay/combat/systems/weapon_system.cppm;games/generalszh/gameplay/combat/systems/targeting_system.cppm","games/generalszh/composition/game_session.cppm;games/generalszh/adapters/content/units/unit_definition.cppm","engine/gameplay/combat/systems/weapon_system.test;games/generalszh/gameplay/combat/systems/targeting_system.test","Bounded pre-attack delay, weapon launch and positional target behavior are connected and worker-count tested.","Complete weapon selection, continuous spinup/coast, clips, bonuses, specialized weapons, collision and content fidelity.","","2026-09-07"
"ZH-C-PROJECTILES","CAPABILITY","Projectile launch travel impact ordering splash and destruction","PARTIAL","PARTIAL","PARTIAL","GeneralsMD/Code/GameEngine/Source/GameLogic/Object/Weapon.cpp;GeneralsMD/Code/GameEngine/Source/GameLogic/Object/Update/ProjectileStreamUpdate.cpp","engine/gameplay/combat/components/projectile.cppm;engine/gameplay/combat/systems/projectile_system.cppm;games/generalszh/gameplay/combat/projectiles","games/generalszh/composition/game_session.cppm","engine/gameplay/combat/systems/projectile_system.test;games/generalszh/composition/game_session.test","Canonical projectile delivery and bounded splash scenarios pass in focused connected evidence.","Implement projectile variants, scatter/steering, collision, 3D geometry, effects and all weapon-content combinations.","","2026-09-07"
"ZH-C-POISON-HEALING","CAPABILITY","Poison inputs periodic damage cleansing regeneration and healing","PARTIAL","PARTIAL","PARTIAL","GeneralsMD/Code/GameEngine/Source/GameLogic/Object/Behavior/PoisonedBehavior.cpp;GeneralsMD/Code/GameEngine/Source/GameLogic/Object/Update/BaseRenerateUpdate.cpp;GeneralsMD/Code/GameEngine/Source/GameLogic/Object/Behavior/AutoHealBehavior.cpp","engine/gameplay/combat/components/periodic_damage.cppm;engine/gameplay/combat/systems/periodic_damage_system.cppm;engine/gameplay/combat/regeneration;games/generalszh/gameplay/combat/poison","","engine/gameplay/combat/regeneration/systems/regeneration_system.test;engine/gameplay/combat/systems/periodic_damage_system.test;games/generalszh/gameplay/combat/systems/poison_cleanse_system.test","Typed periodic damage, cleanse and regeneration are connected with health ordering; full legacy status effects are not covered.","Map all poison/antidote/auto-heal policies, stacking, upgrades, immunities, timing and content.","","2026-09-07"
"ZH-C-ACQUISITION-TARGETING","CAPABILITY","Target index acquisition eligibility stealth relation and firing intent","PARTIAL","PARTIAL","PARTIAL","GeneralsMD/Code/GameEngine/Source/GameLogic/Object/Update/AIUpdate.cpp;GeneralsMD/Code/GameEngine/Source/GameLogic/Object/Update/StealthUpdate.cpp","games/generalszh/gameplay/combat/acquisition;games/generalszh/gameplay/combat/targeting;games/generalszh/gameplay/combat/systems","games/generalszh/composition/game_session.cppm;games/generalszh/adapters/content/visibility/visibility_definition.cppm","games/generalszh/gameplay/combat/systems/acquisition_system.test;games/generalszh/gameplay/combat/systems/targeting_system.test;games/generalszh/composition/game_session.test","Real acquisition/targeting systems refresh typed indexes and reject bounded concealed targets; full observer policy remains open.","Implement complete target priority, diplomacy, LOS/shroud, air/ground/contact rules, weapon selection and retry behavior.","","2026-09-07"
"ZH-C-AUTOMATIC-COMBAT-XP","CAPABILITY","Lethal attribution automatic experience awards and progression batch","PARTIAL","PARTIAL","PARTIAL","GeneralsMD/Code/GameEngine/Source/GameLogic/Object/Object.cpp;GeneralsMD/Code/GameEngine/Source/Common/Thing/ThingTemplate.cpp","games/generalszh/gameplay/progression/systems/kill_experience_system.cppm;engine/gameplay/progression","games/generalszh/composition/game_session.cppm;games/generalszh/adapters/content/progression/veterancy_decoder.cppm","games/generalszh/gameplay/progression/systems/kill_experience_system.test;games/generalszh/composition/game_session.test","Final focused evidence 41974/CTest 6 of 6 covers actual projectile lethal attribution and identical 1/2/4 worker results.","Add noncombat/stale source policies, sinks, diplomacy and complete unit veterancy/content behavior.","","2026-09-07"
"ZH-C-DEMOLITION-TRAPS","CAPABILITY","Death weapons demolition traps delayed final emission and target classification","PARTIAL","PARTIAL","PARTIAL","GeneralsMD/Code/GameEngine/Source/GameLogic/Object/Update/DemoTrapUpdate.cpp;GeneralsMD/Code/GameEngine/Source/GameLogic/Object/Behavior/MinefieldBehavior.cpp","games/generalszh/gameplay/demolition;engine/gameplay/combat/death","games/generalszh/composition/game_session.cppm;games/generalszh/adapters/content/buildings/demolition_trap_definition.cppm","games/generalszh/gameplay/demolition/systems/demolition_trap_system.test;games/generalszh/adapters/content/buildings/demolition_trap_definition.test","Focused setup and connected 36-case GameSession evidence 99916/fbda4d covers bounded decoded traps and delayed final weapons.","Add content enrollment, disarming dozers, SlowDeath/random weapons, FX/OCL/shockwave and construction-state breadth.","","2026-09-07"
"ZH-C-MOVEMENT-NAVIGATION","CAPABILITY","FlowFields movement goals range approach arrival and movement activity","PARTIAL","PARTIAL","PARTIAL","GeneralsMD/Code/GameEngine/Source/GameLogic/Object/Locomotor.cpp;GeneralsMD/Code/GameEngine/Source/GameLogic/Object/Update/AIUpdate.cpp","engine/gameplay/navigation;games/generalszh/gameplay/movement","games/generalszh/composition/game_session.cppm;games/generalszh/adapters/content/units/unit_definition.cppm","engine/gameplay/navigation/systems/movement_system.test;games/generalszh/composition/game_session.test","Connected movement and ground-position range navigation pass bounded 1/2/4 worker scenarios.","Implement all terrain, clearance, air, locomotor, collision, replanning, blocked and map policies.","","2026-09-07"
"ZH-C-LOCOMOTION","CAPABILITY","Authored locomotor modes speeds turning acceleration and movement physics","UNASSESSED","UNASSESSED","UNASSESSED","GeneralsMD/Code/GameEngine/Source/GameLogic/Object/Locomotor.cpp;GeneralsMD/Code/GameEngine/Source/GameLogic/Object/Update/PhysicsUpdate.cpp","engine/gameplay/navigation;games/generalszh/adapters/content/units/unit_definition.cppm","games/generalszh/composition/game_session.cppm","engine/gameplay/navigation/systems/movement_system.test;games/generalszh/adapters/content/units/unit_definition.test","Modern navigation and a bounded unit definition adapter exist, but full locomotor source/integration evidence is missing.","Characterize every locomotor class and content field, then define reusable algorithm versus Zero Hour policy rows before implementation.","","2026-09-07"
"ZH-C-ORDERS","CAPABILITY","Move attack attack-move stop attack-position and order observation","PARTIAL","PARTIAL","PARTIAL","GeneralsMD/Code/GameEngine/Source/GameLogic/AI/AIStates.cpp;GeneralsMD/Code/GameEngine/Source/Common/RTS/ActionManager.cpp","engine/gameplay/rts/orders;games/generalszh/gameplay/orders","games/generalszh/composition/game_session.cppm","engine/gameplay/rts/orders/systems/engagement_system.test;games/generalszh/gameplay/orders/systems/order_system.test","Connected OrderSystem and positional attack behavior are source-grounded and worker-count tested.","Map all command origins, attack variants, retries, queueing and legacy action eligibility.","","2026-09-07"
"ZH-C-TASK-SELECTION","CAPABILITY","Task arbitration and interruption between construction harvest repair containment and ordinary orders","PARTIAL","PARTIAL","PARTIAL","GeneralsMD/Code/GameEngine/Source/Common/RTS/ActionManager.cpp;GeneralsMD/Code/GameEngine/Source/GameLogic/Object/Update/AIUpdate/DozerAIUpdate.cpp","games/generalszh/gameplay/tasks/systems/task_selection_system.cppm;games/generalszh/gameplay/containment/systems/transport_containment_system.cppm","games/generalszh/composition/game_session.cppm","games/generalszh/gameplay/tasks/systems/task_selection_system.test;games/generalszh/composition/game_session.test","Task selection is independently registered and prevents ordinary orders from hiding active bounded tasks.","Audit every task producer and winner rule; retain narrow order acceptance and explicit semantic edges.","","2026-09-07"
"ZH-C-MATCH-OUTCOMES","CAPABILITY","Victory defeat elimination army counts and outcome latching","PARTIAL","PARTIAL","PARTIAL","GeneralsMD/Code/GameEngine/Source/GameLogic/System/GameLogic.cpp;GeneralsMD/Code/GameEngine/Source/Common/RTS/PlayerList.cpp","games/generalszh/gameplay/match/systems/victory_system.cppm;games/generalszh/gameplay/match/systems/defeat_system.cppm;engine/gameplay/rts/match","games/generalszh/composition/game_session.cppm","games/generalszh/gameplay/match/systems/victory_system.test;games/generalszh/gameplay/match/systems/defeat_system.test;games/generalszh/composition/game_session.test","Bounded free-for-all victory/defeat and worker-count state/ID behavior are connected.","Implement scenario/team victory conditions, draws, scripted outcomes, observer/UI effects and full ownership policy.","","2026-09-07"
"ZH-C-PLAYER-TEAMS-DIPLOMACY","CAPABILITY","Player/team membership alliances hostility and ownership relation policy","PARTIAL","PARTIAL","PARTIAL","GeneralsMD/Code/GameEngine/Source/Common/RTS/Player.cpp;GeneralsMD/Code/GameEngine/Source/Common/RTS/Team.cpp;GeneralsMD/Code/GameEngine/Source/Common/RTS/PlayerList.cpp","games/generalszh/gameplay/match/components/match_state.cppm;games/generalszh/gameplay/match/observations/defeat_frame.cppm","games/generalszh/composition/game_session.cppm","games/generalszh/gameplay/match/components/match_state.test;games/generalszh/composition/game_session.test","Modern match membership and conservative same-account/distinct-participant checks exist; full diplomacy is not claimed.","Define and connect teams, alliances, relation changes, shared control, observers and all source consumers.","","2026-09-07"
"ZH-C-POWER-LEDGER","CAPABILITY","Power source contributions suppression recovery and production rate","PARTIAL","PARTIAL","PARTIAL","GeneralsMD/Code/GameEngine/Source/Common/RTS/Energy.cpp;GeneralsMD/Code/GameEngine/Source/GameLogic/Object/Update/PowerPlantUpdate.cpp","engine/gameplay/rts/power;games/generalszh/gameplay/power/systems/power_system.cppm;games/generalszh/gameplay/power/systems/power_recovery_system.cppm","games/generalszh/composition/game_session.cppm;games/generalszh/adapters/legacy/power/power_store.cppm","games/generalszh/gameplay/power/systems/power_system.test;games/generalszh/gameplay/power/systems/power_recovery_system.test","Power projection, suppression and production-rate ordering are documented bounded slices; legacy callbacks remain at the adapter boundary.","Migrate all producer/consumer modules, brownout traversal, upgrades, visual/audio effects and content variants.","","2026-09-07"
"ZH-C-RADAR-AVAILABILITY","CAPABILITY","Radar counts suppression availability edge and observer-facing radar effects","IN_PROGRESS","IN_PROGRESS","UNASSESSED","GeneralsMD/Code/GameEngine/Source/GameLogic/Object/Update/RadarUpdate.cpp;GeneralsMD/Code/GameEngine/Source/Common/RTS/Radar/player_radar.cppm","engine/gameplay/rts/radar;games/generalszh/adapters/legacy/radar/radar_store.cppm","games/generalszh/adapters/legacy/radar/README.md","engine/gameplay/rts/radar/systems/radar_system.test;games/generalszh/adapters/legacy/radar/radar_store.test","Prior Bohr owner was not found; the independent radar design was not approved and no modern radar code was produced. Work is interrupted and pending design approval; retained RadarSimulation/adapter tests remain historical bridge evidence only. Handoff 2026-09-07: fresh bounded one-system source/design review is in progress; no production approval and no acceptance. Coordinator approved Ptolemy's revised bounded design: one reusable engine RadarAvailabilitySystemT instantiated with typed Zero Hour ownership/eligibility policy, reused RadarAvailability state, immutable persistent grant bindings, deterministic aggregate transitions. Retained legacy command execution stays separate. Object-scoped China upgrade activation and general object disable transitions remain unsupported; real lifecycle/root integration is still required for acceptance. Ptolemy scope audit confirmed five out-of-scope crate/pickup edits and no radar implementation. Ptolemy was closed; edits were preserved for Hypatia's review, not reverted or accepted. Fresh Hume is reserved for radar-only design confirmation before edits. No modern radar validation exists. Coordinator continuation reinspection 2026-09-07 retained the same active ownership and unaccepted status; concrete unresolved authority, startup, bounds and producer/consumer gaps are recorded in parallel_port.md Current bounded-work correction inventory. No new build or acceptance is claimed. Hume returned unrelated crate status; explicit audit confirmed zero edits and no radar files. Hume was closed. Fresh Newton, explicit non-forked Luna/max assignment, owns radar-only design confirmation; no code approval or radar acceptance. Newton radar-only revised design approved: real object-word binding arms a persistent provider-effect grant; raw word removal does not undo it, capture preserves it, and life/owner/completion determine contribution. One reusable typed system owns joined aggregate and RecordedBatch-to-PublishedBatch publication in AfterChunks, with explicit consumer graph edges. Logical limits and bounded idempotent counts are required; no legacy reset/regrant counter-fidelity claim. Leaf implementation, root producers and connected validation remain unaccepted. Continuation prereview: inspected radar availability system and ZeroHourRadarPolicy; empty word/account duplicate-loop indexing requires correction and zero-population tests. Same owner retained; no build or acceptance. Coordinator accepted bounded radar leaf handoff after actual provider chunk writes, singular account aggregation, persistent grant semantics, resource publication and policy/content review. Final Windows x64 Clang Release rebuild48724 terminal5d9365 passed7/7 focused suites (14 cases), including 12 providers over multiple prepared chunks and full provider/account IDs, grant/contribution state and ordered transitions across1/2/4 workers. Initial build57997/399d1e failed defaulted equality return type; corrected. Broad CTeste52a5e also selected two unbuilt legacy tests; these were NotRun, not new legacy failures. Final exact7-test selection passed after debug-only immutable bitmask assertion correction. Newton closed. America/GLA producer/root integration and broader radar lifecycle remain unaccepted; China without a concrete producer remains explicitly rejected. Coordinator approved revised one-system lifecycle design and released only four new component/system/test files to Ohm. Normal life/readiness/enrollment decisions execute in typed chunks; BeforeChunks prepares bounded slots only, AfterChunks joins validates capacity/conflicts publishes and updates prepared stage columns. Shared production/construction/content/root/CMake remain queued after Mendel. No integration or validation acceptance.","Complete reviewed object/radar integration through real production and the shared root, then characterize broader radar upgrades and shroud interactions. Earlier request: reopen and approve a bounded radar design before implementation; move radar ownership and observer effects into the independent composed path, then characterize all radar upgrades and shroud interactions.","Ohm:01a07cc8-9391-7223-801f-f6bc211e3911 (approved disjoint lifecycle component/system implementation; shared integration not released)","2026-09-07"
"ZH-C-STEALTH-DETECTION","CAPABILITY","Stealth eligibility detection leases detection index and target suppression","PARTIAL","PARTIAL","PARTIAL","GeneralsMD/Code/GameEngine/Source/GameLogic/Object/Update/StealthUpdate.cpp;GeneralsMD/Code/GameEngine/Source/GameLogic/Object/Update/StealthDetectorUpdate.cpp","engine/gameplay/concealment;games/generalszh/gameplay/concealment","games/generalszh/composition/game_session.cppm;games/generalszh/adapters/content/visibility/visibility_definition.cppm","engine/gameplay/concealment/systems/concealment_system.test;engine/gameplay/concealment/algorithms/detection_index.test;games/generalszh/gameplay/concealment/systems/stealth_policy_system.test","Final bounded hidden-target root follow-up is recorded as 32 GameSession cases with 1/2/4 worker behavior; broader variants remain open.","Implement disguise/grant/slave/garrison/LOS/fog/presentation/diplomacy and connect all observer-specific visibility.","","2026-09-07"
"ZH-C-VISIBILITY-SHROUD","CAPABILITY","Visibility observers leases pages shroud policy and exact target visibility","PARTIAL","PARTIAL","PARTIAL","GeneralsMD/Code/GameEngine/Source/GameLogic/Object/Update/DynamicShroudClearingRangeUpdate.cpp;GeneralsMD/Code/GameEngine/Source/GameLogic/Object/Update/SpyVisionUpdate.cpp","engine/gameplay/rts/visibility;games/generalszh/gameplay/visibility/definitions/visibility_policy.cppm","games/generalszh/composition/game_session.cppm;games/generalszh/adapters/content/visibility/visibility_definition.cppm","engine/gameplay/rts/visibility/systems/visibility_system.test;games/generalszh/adapters/content/visibility/visibility_definition.test","The bounded visibility capability is validated by core/content 8d7d9e CTest 2/2, policy 247872 CTest 1/1, root/combat 73c123 CTest 2/2, decoded content/headless/host eadb24 CTest 3/3, targeting 76ca32 CTest 1/1, and root validation 70835 terminal 6e62db CTest 1/1; all 40 GameSession cases pass, including the decoded production/movement/death/grace/capture/containment scenario compared at 1/2/4 workers.","Family remains partial beyond ordinary range-based shroud: terrain LOS, radar, stealth/detection, diplomacy, reveal-to-all/special variants, presentation/serialization, full content fidelity, performance and cross-platform checks are omitted.","","2026-09-07"
"ZH-C-CONTAINMENT-TRANSPORT","CAPABILITY","Ground transport boarding membership capacity follow and passenger eligibility","PARTIAL","PARTIAL","PARTIAL","GeneralsMD/Code/GameEngine/Source/GameLogic/Object/Contain/TransportContain.cpp;GeneralsMD/Code/GameEngine/Source/GameLogic/AI/AIStates.cpp","engine/gameplay/containment;games/generalszh/gameplay/containment/systems/transport_containment_system.cppm","games/generalszh/composition/game_session.cppm;games/generalszh/adapters/content/containment/transport_definition.cppm","games/generalszh/gameplay/containment/systems/transport_containment_system.test;games/generalszh/composition/game_session.test","Ground transport boarding/navigation/interruption and death/exit bounded scenarios pass with 1/2/4 worker comparisons.","Implement airborne/helix/railed/tunnel/nested containment, passenger weapons, geometry and full content policy.","","2026-09-07"
"ZH-C-GARRISON-TUNNEL","CAPABILITY","Garrison tunnel cave bunker and nested containment behavior","PARTIAL","PARTIAL","PARTIAL","GeneralsMD/Code/GameEngine/Source/GameLogic/Object/Contain/GarrisonContain.cpp;GeneralsMD/Code/GameEngine/Source/GameLogic/Object/Contain/TunnelContain.cpp;GeneralsMD/Code/GameEngine/Source/GameLogic/Object/Contain/CaveContain.cpp","games/generalszh/gameplay/containment/systems/garrison_containment_system.cppm;engine/gameplay/containment","games/generalszh/composition/game_session.cppm;games/generalszh/adapters/content/containment/transport_definition.cppm","games/generalszh/gameplay/containment/systems/garrison_containment_system.test","A real garrison system and tests exist, but full legacy containment integration and content coverage were not verified.","Characterize all container types, nested/airborne/tunnel transitions, exit policy, passenger behavior and presentation before completion.","","2026-09-07"
"ZH-C-INITIAL-PAYLOAD","CAPABILITY","Authored initial payload production exact catalog binding and membership","PARTIAL","PARTIAL","PARTIAL","GeneralsMD/Code/GameEngine/Source/GameLogic/Object/Contain/TransportContain.cpp","games/generalszh/gameplay/containment/components/initial_payload.cppm;games/generalszh/gameplay/containment/systems/initial_payload_production_system.cppm","games/generalszh/composition/game_session.cppm;games/generalszh/adapters/content/containment/transport_definition.cppm","games/generalszh/gameplay/containment/systems/initial_payload_production_system.test;games/generalszh/hosts/headless/content_match_impl.test","Bounded ground initial payload production is connected and deterministic across 1/2/4 workers.","Add airborne/nested/recursive payloads, rollback/failure policy, passenger effects and full content references.","","2026-09-07"
"ZH-C-UPGRADE-IDENTITY","CAPABILITY","Stable upgrade keys catalog dense IDs masks and publication","PARTIAL","PARTIAL","PARTIAL","GeneralsMD/Code/GameEngine/Source/Common/System/Upgrade/upgrade_catalog.cppm;GeneralsMD/Code/GameEngine/Source/Common/RTS/Upgrades/player_upgrade_masks.cppm","games/generalszh/gameplay/upgrades/identity/upgrade_catalog.cppm;games/generalszh/gameplay/upgrades/components/upgrade_status.cppm","games/generalszh/adapters/legacy/upgrades/identity/upgrade_catalog.cppm;games/generalszh/adapters/content/upgrades/upgrade_definition.cppm","games/generalszh/gameplay/upgrades/identity/upgrade_catalog.test;games/generalszh/adapters/legacy/upgrades/identity/upgrade_catalog.test","Stable identity and bounded mask/storage ownership are documented historical slices, not complete upgrade gameplay.","Finish composition with player/object masks, map overrides, reset/lifecycle and all consumers without legacy duplicate owners.","","2026-09-07"
"ZH-C-UPGRADE-EFFECTS","CAPABILITY","Upgrade eligibility grants object/player effects and callbacks","IN_PROGRESS","IN_PROGRESS","UNASSESSED","GeneralsMD/Code/GameEngine/Source/GameLogic/Object/Upgrade/UpgradeModule.cpp;GeneralsMD/Code/GameEngine/Source/GameLogic/Object/Upgrade/ArmorUpgrade.cpp;GeneralsMD/Code/GameEngine/Source/GameLogic/Object/Upgrade/LocomotorSetUpgrade.cpp","games/generalszh/gameplay/upgrades/definitions/build_definition.cppm;games/generalszh/gameplay/upgrades/state/upgrade_status.cppm","games/generalszh/adapters/content/upgrades/upgrade_definition.cppm","games/generalszh/gameplay/upgrades/definitions/build_definition.test;games/generalszh/adapters/content/upgrades/upgrade_definition.test","Definitions and identity paths are present, but independent execution/effect integration was not established by inspected evidence. User requested full available Luna/max agent capacity. Fresh Kepler is reserved for a bounded disjoint source-grounded design; production edits require coordinator design approval. Existing evidence remains historical, no new implementation or validation acceptance. Coordinator continuation reinspection 2026-09-07 retained the same active ownership and unaccepted status; concrete unresolved authority, startup, bounds and producer/consumer gaps are recorded in parallel_port.md Current bounded-work correction inventory. No new build or acceptance is claimed. Initial design reviewed against object_upgrade_masks and GrantUpgradeCreate; revision required before code: use typed word chunks rather than a serial batch for ordinary updates, distinguish completed-bit removal from effect eligibility reset, specify exact target/scope/creation producer contract. Revised one-system typed-word design approved: object target/schema and marker-word components, bounded canonical grant/remove inputs, disjoint chunk writes, joined receipts and orphan cleanup; no effect undo, legacy bit bridge, or account-state shadow. Concrete creation-definition adapter is included; production/root consumer integration remains pending. Continuation prereview: inspected ObjectUpgradeSystem and batch/target modules; zero-word live scope with stray ordinal rows evades validation and requires correction/test. Same owner retained; no build or acceptance. Coordinator accepted the bounded object-scope leaf handoff only after actual typed-word execution, canonical batch, complete ordinal validation, disjoint receipt writes and creation adapter review. Final Windows x64 Clang Release rebuild/CTest25a383 passed3/3 suites; prior CTestaba51f failed a capacity fixture that had accepted only one of two allowed requests, corrected without production changes. Real America and GLA GrantUpgradeCreate fixtures pass; no invented China auto-grant is claimed. Kepler closed. Production enrollment, root registration and radar effect integration remain absent and unaccepted. Coordinator approved revised one-system lifecycle design and released only four new component/system/test files to Ohm. Normal life/readiness/enrollment decisions execute in typed chunks; BeforeChunks prepares bounded slots only, AfterChunks joins validates capacity/conflicts publishes and updates prepared stage columns. Shared production/construction/content/root/CMake remain queued after Mendel. No integration or validation acceptance.","Characterize eligibility/effect ownership, then add cohesive independently registered systems and connected tests for each distinct effect family.","Ohm:01a07cc8-9391-7223-801f-f6bc211e3911 (approved disjoint lifecycle component/system implementation; shared integration not released)","2026-09-07"
"ZH-C-RANK-SCIENCE","CAPABILITY","Rank thresholds skill awards science credits purchases and production gate","PARTIAL","PARTIAL","PARTIAL","GeneralsMD/Code/GameEngine/Source/GameLogic/Object/Object.cpp;GeneralsMD/Code/GameEngine/Source/Common/RTS/Player.cpp;GeneralsMD/run/Data/INI/Rank.ini","engine/gameplay/rts/rank;engine/gameplay/rts/unlocks;games/generalszh/gameplay/progression","games/generalszh/adapters/content/rank/rank_definition.cppm;games/generalszh/adapters/content/science/science_definition.cppm;games/generalszh/composition/game_session.cppm","engine/gameplay/rts/rank/systems/rank_system.test;engine/gameplay/rts/unlocks/systems/unlock_system.test;games/generalszh/composition/game_session.test","Coordinator-reported build 14531/CTest 5 of 5 passes connected lethal to rank to science purchase to ProducedUnit at 1/2/4 workers; Raman is closed and owner is intentionally blank.","Cover rank discovery, richer content, noncombat/stale awards, UI and all science effects beyond the bounded catalog.","","2026-09-07"
"ZH-C-VETERANCY-PROGRESSION","CAPABILITY","Unit veterancy levels authored award values and progression state","PARTIAL","PARTIAL","PARTIAL","GeneralsMD/Code/GameEngine/Source/GameLogic/Object/ExperienceTracker.cpp;GeneralsMD/Code/GameEngine/Source/Common/Thing/ThingTemplate.cpp","engine/gameplay/progression;games/generalszh/gameplay/progression/definitions/veterancy_definition.cppm","games/generalszh/adapters/content/progression/veterancy_decoder.cppm;games/generalszh/composition/game_session.cppm","games/generalszh/gameplay/progression/definitions/veterancy_definition.test;games/generalszh/gameplay/progression/systems/kill_experience_system.test","Automatic combat XP and typed veterancy binding are connected only in a bounded award slice.","Implement full veterancy promotion, modifiers, experience sinks, crates, content and serialization/presentation behavior.","","2026-09-07"
"ZH-C-AI-FORCE-PRODUCTION","CAPABILITY","Typed AI force-production controller candidate selection and autonomous production","PARTIAL","PARTIAL","PARTIAL","GeneralsMD/Code/GameEngine/Source/GameLogic/AI/AIPlayer.cpp;GeneralsMD/Code/GameEngine/Source/GameLogic/Object/Update/AIUpdate.cpp","engine/gameplay/rts/ai;games/generalszh/gameplay/ai/systems/force_production_system.cppm","games/generalszh/composition/game_session.cppm;games/generalszh/adapters/content/units/unit_definition.cppm","games/generalszh/gameplay/ai/systems/force_production_system.test;games/generalszh/composition/game_session.test","Accepted coordinator evidence build 41422/CTest 5 of 5 covers bounded force production and autonomous IDs at 1/2/4 workers.","Add TeamTemplate/script policy, tactical goals, all AI production rules and content; do not call this full AI.","","2026-09-07"
"ZH-C-AI-STRATEGIC","CAPABILITY","Skirmish strategy base planning team templates and strategic production","UNASSESSED","UNASSESSED","UNASSESSED","GeneralsMD/Code/GameEngine/Source/GameLogic/AI/AIPlayer.cpp;GeneralsMD/Code/GameEngine/Source/GameLogic/AI/AISkirmishPlayer.cpp","engine/gameplay/rts/ai;games/generalszh/gameplay/ai/README.md","games/generalszh/composition/game_session.cppm","games/generalszh/gameplay/ai/systems/force_production_system.test","Only bounded force production is evidenced; strategic AI and TeamTemplate/script adapter are explicitly missing.","Characterize strategic state and author a reusable execution/policy split before implementation.","","2026-09-07"
"ZH-C-AI-TACTICAL","CAPABILITY","Tactical state machines assault transport worker supply and combat decisions","IN_PROGRESS","IN_PROGRESS","UNASSESSED","GeneralsMD/Code/GameEngine/Source/GameLogic/AI/AIStates.cpp;GeneralsMD/Code/GameEngine/Source/GameLogic/Object/Update/AIUpdate/WorkerAIUpdate.cpp;GeneralsMD/Code/GameEngine/Source/GameLogic/Object/Update/AIUpdate/SupplyTruckAIUpdate.cpp","engine/gameplay/rts/ai;engine/gameplay/rts/orders","games/generalszh/composition/game_session.cppm","games/generalszh/gameplay/orders/systems/order_system.test","Legacy tactical categories are inventoried, but no full independent tactical-AI execution path was inspected. User requested full available Luna/max agent capacity. Fresh Jason is reserved for a bounded disjoint source-grounded design; production edits require coordinator design approval. Existing evidence remains historical, no new implementation or validation acceptance. Coordinator continuation reinspection 2026-09-07 retained the same active ownership and unaccepted status; concrete unresolved authority, startup, bounds and producer/consumer gaps are recorded in parallel_port.md Current bounded-work correction inventory. No new build or acceptance is claimed. Initial squad design reviewed against actual OrderSystem/TargetFrame; revision required before code for exact component/query ownership, injected order-batch consumption without an extra host pipeline, target-frame lifetime/visibility edges, and persistent goal versus manual-control precedence. Revised design approved: member-owned full-squad/revision application latch, squad-owned goals, one real typed tactical system and reusable goal decision algorithm, separate injected TargetIndex, bounded canonical order batch with future same-tick OrderSystem consumption. Hunt selects once per revision; continuous hunt and full AI remain outside the bounded task. No root integration or validation acceptance yet. Continuation prereview: inspected TacticalBehaviorSystem, decision and goal modules against TargetIndex VisibilityAccess; mutable scratch constness and component/helper separation require correction. Same owner retained; no root execution or build acceptance. Coordinator accepted bounded squad leaf handoff only after actual typed tactical processing, last-committed target visibility, complete auxiliary metadata, disjoint scratch and explicit request lifecycle review. Final Windows x64 Clang Release build/CTestc389a2 passed2/2 suites, including positive-health fixtures and explicit primary chunk count greater than one across1/2/4 workers with full request identities. Earlier builds63232/1bf1ca failed custom-type printing and51381/80891f failed duplicate Boost implementation TUs; both corrected preserving cases. Architecture9c8b12 passed2/2. Jason closed; real-root membership/goal inputs and ordinary order consumption remain absent and unaccepted. Coordinator approved Ramanujan minimal integration design and released only disjoint command-batch/system tactical and order source/tests after actual root graph review. Explicit membership is enrollment authority; no invented eligibility registry or definition whitelist. PreSimulation command reduction uses deterministic conflict preflight; tactical observes previous committed visibility between task/movement eligibility and ordinary order processing. Root and shared CMake remain queued after Mendel and Ohm; no new validation acceptance.","Map tactical decisions to explicit systems and injected reusable algorithms; do not wrap legacy state machines in jobs.","Ramanujan:01a07ca3-41bb-7ab0-9172-8cd4d87a6895 (approved disjoint tactical/order source implementation; root and shared CMake not released)","2026-09-07"
"ZH-C-SCRIPTS","CAPABILITY","Script actions conditions triggers and victory scripts","IN_PROGRESS","NOT_STARTED","UNASSESSED","GeneralsMD/Code/GameEngine/Source/GameLogic/ScriptEngine/ScriptActions.cpp;GeneralsMD/Code/GameEngine/Source/GameLogic/ScriptEngine/ScriptConditions.cpp;GeneralsMD/Code/GameEngine/Source/GameLogic/ScriptEngine/Scripts.cpp","","games/generalszh/hosts/headless/README.md","","No modern script adapter or composed script execution evidence was found in the inspected paths. Main actual ShellMapMD inventory and ScriptEngine update/action source audit establish same-update sequential visibility requirements. Fresh Bacon reserved for bounded script-core design only, with authoritative ECS state and shared-plan execution; no code approval, runtime or validation claimed.","Audit script data, lifecycle, deterministic command production and scenario ownership before implementation.","Bacon:01a07cf5-6c77-7f40-91cb-38b7a106506c (shellmap script-core design only; no edit release)","2026-09-07"
"ZH-C-SPECIAL-POWER-CASH-BOUNTY","CAPABILITY","Cash Bounty special-power economy effect and production-root integration","PARTIAL","PARTIAL","PARTIAL","GeneralsMD/Code/GameEngine/Source/GameLogic/Object/SpecialPower/CashBountyPower.cpp;GeneralsMD/Code/GameEngine/Source/GameLogic/Object/Update/SpecialPowerUpdateModule.cpp","games/generalszh/gameplay/bounty/components/cash_bounty_cost_binding.cppm;games/generalszh/gameplay/bounty/definitions/cash_bounty_definition.cppm;games/generalszh/gameplay/bounty/definitions/cash_bounty_catalog.cppm;games/generalszh/gameplay/bounty/inputs/cash_bounty_batch.cppm;games/generalszh/gameplay/bounty/systems/cash_bounty_policy_system.cppm;games/generalszh/gameplay/bounty/systems/cash_bounty_award_system.cppm;games/generalszh/gameplay/economy/systems/economy_system.cppm","games/generalszh/composition/game_session.cppm;games/generalszh/adapters/content/bounty/cash_bounty_definition.cppm;games/generalszh/hosts/headless/headless_match_impl.cppm;games/generalszh/hosts/headless/content_match_impl.cppm","games/generalszh/gameplay/bounty/components/cash_bounty_cost_binding.test;games/generalszh/gameplay/bounty/definitions/cash_bounty_definition.test;games/generalszh/gameplay/bounty/definitions/cash_bounty_catalog.test;games/generalszh/gameplay/bounty/inputs/cash_bounty_batch.test;games/generalszh/gameplay/bounty/systems/cash_bounty_policy_system.test;games/generalszh/gameplay/bounty/systems/cash_bounty_award_system.test;games/generalszh/gameplay/economy/systems/economy_system.test;games/generalszh/composition/game_session.test;games/generalszh/adapters/content/bounty/cash_bounty_definition.test;games/generalszh/hosts/headless/headless_match_impl.test;games/generalszh/hosts/headless/content_match_impl.test","Planck local bounty/economy checkpoint f31e97 passed CTest 5/5; coordinator cost-flow checkpoint 3bd9d9 had a 4/5 failure and the corrected construction checkpoint session32702 terminal 08c225 passed CTest 1/1, closing that placement failure. Full root bounty integration remains pending. Visibility core/content 8d7d9e CTest 2/2 and policy 247872 CTest 1/1 passed; Gibbs crate/supplies implementation is separately approved and ongoing. Supplied 2026-09-07 checkpoint: bounty new-root/headless integration remains IN_PROGRESS; diagnostic build 29658 terminal 303688 exited 1 after content_match.test Clang reported ""ran out of source locations"" and a frontend crash, while the other requested libraries and root/economy executables compiled; separate CTest 7c2dde passed 2/2 for root GameSession/economy; the new connected bounty host test is unvalidated and Planck is investigating the import graph. Preserve f31e97 local 5/5 and session32702 cost-flow 1/1 history. Crate-adapter correction remains pending design approval because invented Crate/Reward format was rejected in review and is not an accepted port. Continuation owner Nash:01a07c18-fb9a-7993-92f7-7a75703a0dc3 is reserved for this row; current build 23560/c7a273 still exits 1 in content_match.test private-import cleanup, so no new validation is claimed. Follow-up 2026-09-07: build 92385 terminal 9e193a exited 1 after the source-limit was unblocked; the remaining inherited content fixture syntax was corrected, then rebuild 55307 terminal 2fc41b exited 0 and the content host test compiled. CTest 991ce3 exited 8 with one failed suite after 13 cases: only scaffold.targetHealth==0 assertions at content_match_impl.test:798 and :821 failed for workers 2/4; unit bounty follow-up and completed-building cases passed. The scaffold failure is diagnosed as a missing separate blue live VictoryAsset in the under-construction host fixture; no acceptance is claimed, and the approved narrow host-fixture correction is pending main rebuild. Accepted bounded scope after coordinator path/diff review: decoded BuildCost enrollment, science policy, and lethal enemy settlement funding follow-up production through the shared root. Build 72667 terminal 3d00fa exited 0; CTest 3/3 for headless/entry/content, with 13 active content Boost cases covering 1/2/4-worker follow-up ID/account/definition/balance checks and completed-building payment versus lethal scaffold no-bounty. Supporting build 12113 terminal cb73eb exited 0; CTest 6/6 for focused bounty/economy/batch/execution/root/adapter suites. The host public/implementation split is recorded in parallel_port.md and the scoped headless README.","Finish owner/KindOf/build-cost modifiers; establish broader stale/dead-source policy and fidelity; activate remaining content and special-power breadth; add presentation; measure performance; validate non-Windows. Do not claim full post-baseline regression or full gameplay port.","","2026-09-07"
"ZH-C-SPECIAL-POWERS-ABILITIES-BEHAVIORS","CAPABILITY","Remaining special powers special abilities OCL and object behavior modules","UNASSESSED","UNASSESSED","UNASSESSED","GeneralsMD/Code/GameEngine/Source/GameLogic/Object/SpecialPower/SpecialPowerModule.cpp;GeneralsMD/Code/GameEngine/Source/GameLogic/Object/SpecialPower/OCLSpecialPower.cpp;GeneralsMD/Code/GameEngine/Source/GameLogic/Object/Behavior/GenerateMinefieldBehavior.cpp","","games/generalszh/composition/game_session.cppm","","Only Cash Bounty has an approved active design; no broad independent modern execution evidence was inspected.","Inventory and characterize each power/behavior family, then split reusable algorithms from Zero Hour policy and compose real systems.","","2026-09-07"
"ZH-C-CONTENT-INI-BOUNDARY","CAPABILITY","INI block parsing validation immutable definitions and adapter boundary","PARTIAL","PARTIAL","PARTIAL","GeneralsMD/Code/GameEngine/Source/Common/Thing/ThingTemplate.cpp;GeneralsMD/Code/GameEngine/Source/Common/RTS/Science.cpp","games/generalszh/adapters/content/ini/named_block.cppm;games/generalszh/adapters/content","games/generalszh/adapters/content/README.md","games/generalszh/adapters/content/ini/named_block.test;games/generalszh/adapters/content/prerequisites/prerequisite_definition.test","Typed adapter boundary and representative content tests exist; full INI catalog loading and defaults are not complete.","Map all parser schemas/default/inheritance rules and publish canonical immutable catalogs with explicit unsupported-field policy.","","2026-09-07"
"ZH-C-CONTENT-COMBAT-UNITS","CAPABILITY","Unit building armor weapon and locomotor content definitions","PARTIAL","PARTIAL","PARTIAL","GeneralsMD/Code/GameEngine/Source/Common/Thing/ThingTemplate.cpp;GeneralsMD/Code/GameEngine/Source/GameLogic/Object/Weapon.cpp","games/generalszh/adapters/content/units;games/generalszh/adapters/content/buildings;games/generalszh/adapters/content/armor","games/generalszh/composition/game_session.cppm;games/generalszh/hosts/headless/content_match.cppm","games/generalszh/adapters/content/units/unit_definition.test;games/generalszh/adapters/content/buildings/building_definition.test;games/generalszh/adapters/content/armor/armor_definition.test","Extracted content host and bounded unit/building/armor adapters are tested; omitted modules and full catalogs remain explicit.","Expand definitions and bind every consumed field to modern systems; compare representative content against the reference.","","2026-09-07"
"ZH-C-CONTENT-ECONOMY-TECH","CAPABILITY","Science rank upgrades rules selling repair and economy content","PARTIAL","PARTIAL","PARTIAL","GeneralsMD/Code/GameEngine/Source/Common/RTS/Science.cpp;GeneralsMD/Code/GameEngine/Source/Common/System/Upgrade.cpp;GeneralsMD/Code/GameEngine/Source/Common/RTS/Money.cpp","games/generalszh/adapters/content/science;games/generalszh/adapters/content/rank;games/generalszh/adapters/content/upgrades;games/generalszh/adapters/content/rules","games/generalszh/composition/game_session.cppm","games/generalszh/adapters/content/science/science_definition.test;games/generalszh/adapters/content/rank/rank_definition.test;games/generalszh/adapters/content/upgrades/upgrade_definition.test","Bounded science/rank/upgrade/rules/sale/repair definitions have source-grounded tests; full content composition is open.","Bind remaining authored fields and cross-content inheritance/effects, then validate connected production/economy scenarios.","","2026-09-07"
"ZH-C-CONTENT-MAP-SCENARIO","CAPABILITY","Map object-list terrain faction scenario and authored starting-state content","UNASSESSED","UNASSESSED","UNASSESSED","GeneralsMD/Code/GameEngine/Source/GameLogic/System/GameLogic.cpp;GeneralsMD/Code/GameEngine/Source/GameLogic/ScriptEngine/VictoryConditions.cpp","games/generalszh/hosts/headless/content_match.cppm","games/generalszh/hosts/headless/README.md","games/generalszh/hosts/headless/content_match_impl.test","The content host exercises an extracted fixture, not full map/object-list/scenario loading.","Audit map and scenario file schemas, initial objects, scripts, terrain, factions and deterministic startup before implementation.","","2026-09-07"
"ZH-C-PRESENTATION-AUDIO-UI","CAPABILITY","Transaction sound presentation model pending conditions and UI-facing effects","PARTIAL","PARTIAL","PARTIAL","GeneralsMD/Code/GameEngine/Source/Common/RTS/Money.cpp;GeneralsMD/Code/GameEngine/Source/GameClient/GUI/GameWindowManagerScript.cpp","engine/events;games/generalszh/presentation/economy;games/generalszh/presentation/model","games/generalszh/adapters/legacy/presentation;games/generalszh/presentation/economy/transaction_sound.cppm","games/generalszh/presentation/economy/transaction_sound.test;games/generalszh/presentation/model/pending_conditions.test;engine/events/storage/event_batch.test","Typed presentation requests and legacy transaction-sound boundary are tested; no full consumer or UI integration is claimed.","Connect committed presentation consumers, preserve ordering/failure semantics and audit all gameplay-to-UI/audio bridges.","","2026-09-07"
"ZH-C-COLLISION-PHYSICS","CAPABILITY","Collision partition crush physics projectile collision and physical effects","IN_PROGRESS","IN_PROGRESS","UNASSESSED","GeneralsMD/Code/GameEngine/Source/GameLogic/Object/Collide/CollideModule.cpp;GeneralsMD/Code/GameEngine/Source/GameLogic/Object/Update/PhysicsUpdate.cpp;GeneralsMD/Code/GameEngine/Source/GameLogic/Object/PartitionManager.cpp","engine/gameplay/spatial/contacts;games/generalszh/gameplay/collision/definitions/zero_hour_collision_definition.cppm","games/generalszh/adapters/content/collision/collision_definition.cppm","engine/gameplay/spatial/contacts/systems/contact_system.test;engine/gameplay/spatial/contacts/algorithms/contact_intersection.test;games/generalszh/gameplay/collision/definitions/zero_hour_collision_definition.test;games/generalszh/adapters/content/collision/collision_definition.test","Spatial primitives exist, but no complete modern Zero Hour collision/physics execution path was established. User requested full available Luna/max agent capacity. Fresh Mencius is reserved for a bounded disjoint source-grounded design; production edits require coordinator design approval. Existing evidence remains historical, no new implementation or validation acceptance. Coordinator continuation reinspection 2026-09-07 retained the same active ownership and unaccepted status; concrete unresolved authority, startup, bounds and producer/consumer gaps are recorded in parallel_port.md Current bounded-work correction inventory. No new build or acceptance is claimed. Revised pair-only design approved: reusable Circle/AABB geometry and two-sided participation masks, typed ContactSystem in PreSimulation, integer microcell bounds, canonical entity-pair facts, explicitly budgeted logical-chunk scratch and joined RecordedBatch/PublishedBatch publication. Unsupported airborne sample/history was removed; terrain, swept collision, physics, landing and actual root contact consumers remain unimplemented. Continuation prereview: inspected corrected ContactSystem DI, PreSimulation phase, radius and publication preflight; zero-active-body duplicate-check loop requires correction/test. Same owner retained; no root consumer or validation acceptance. Coordinator accepted bounded leaf handoff only after actual source review and isolated rebuild309119 success; CTest19363f passed3/3 suites (14 engine/2 definition/3 content cases), full pair IDs1/2/4, empty/mask/sparse/bounds/reuse coverage. Prior build51908/95ac38 failed on test syntax; corrected. Whole-repo architecture scan separately flagged unaccepted squad dependency; checker self-test passed. Mencius closed; root wiring/contact-to-pickup integration remains absent and unaccepted. Coordinator approved revised direct published-pair consumption inside existing Claim BeforeChunks, unique combined candidate slots separate from sequence/source ordinal, checked bounds and explicit resource release. Root binding is Simulation Health->Contact->Claim. Authored optional colliders enroll real produced units and completed structures only, preserving disabled participation; grounded crate startup supplies validated cell. Exact production/construction/content/root scope released to Mendel after Fermat18f6f3 acceptance; no new contact integration validation yet. Mendel stopped with only unbuilt root/claim/test/CMake WIP and no real producer colliders or configurable contact limits. Coordinator preserved the patch and closed the role-confused delegate without acceptance. Fresh Kuhn owns source/design confirmation of the same remaining contact integration before production edit release; no new build or runtime acceptance.","Characterize collision ownership, geometry, crush, partitions and deterministic physical effects before implementation.","Kuhn:01a07d00-6506-7072-9fe9-7e5f6c263517 (contact integration continuation design confirmation; exclusive root/producer reservation)","2026-09-07"
"ZH-C-MAP-FOG-LOS","CAPABILITY","Fog shroud line of sight observer range and visibility-dependent targeting","PARTIAL","PARTIAL","PARTIAL","GeneralsMD/Code/GameEngine/Source/GameLogic/Object/Update/DynamicShroudClearingRangeUpdate.cpp;GeneralsMD/Code/GameEngine/Source/GameLogic/Object/Update/SpyVisionUpdate.cpp","engine/gameplay/rts/visibility;games/generalszh/gameplay/visibility/definitions/visibility_policy.cppm","games/generalszh/adapters/content/visibility/visibility_definition.cppm;games/generalszh/composition/game_session.cppm","engine/gameplay/rts/visibility/systems/visibility_system.test;games/generalszh/adapters/content/visibility/visibility_definition.test","Ordinary range-based shroud/current visibility, authoritative exploration leases, and visibility-dependent target rejection are evidenced by core/content 8d7d9e CTest 2/2, policy 247872 CTest 1/1, root/combat 73c123 CTest 2/2, decoded content/headless/host eadb24 CTest 3/3, targeting 76ca32 CTest 1/1, and root validation 70835 terminal 6e62db CTest 1/1 with all 40 GameSession cases passing, including the decoded visibility/garrison/capture/death scenario at 1/2/4 workers.","Terrain line-of-sight, radar, stealth/detection interaction, diplomacy, presentation, special reveal variants, full content fidelity, performance and platform matrix validation remain omitted; this row stays PARTIAL.","","2026-09-07"
"ZH-C-CRATES-SUPPLIES","CAPABILITY","Crates supply drops pickups salvage veterancy and object-create rewards","PARTIAL","PARTIAL","PARTIAL","GeneralsMD/Code/GameEngine/Source/GameLogic/Object/Collide/CrateCollide/CrateCollide.cpp;GeneralsMD/Code/GameEngine/Source/GameLogic/Object/Collide/CrateCollide/MoneyCrateCollide.cpp;GeneralsMD/Code/GameEngine/Source/GameLogic/Object/Collide/CrateCollide/VeterancyCrateCollide.cpp","games/generalszh/gameplay/harvesting;games/generalszh/gameplay/economy","games/generalszh/composition/game_session_impl.cppm","games/generalszh/composition/game_session_impl.test;games/generalszh/gameplay/crates/systems/crate_claim_system.test;games/generalszh/gameplay/crates/systems/crate_reward_system.test","Gibbs design and implementation gate is approved and implementation remains ongoing in the new crate/pickup/adapters files with additive ProgressionBatch PendingInputs accessor/test only and no root/economy/production overlap. Validation is unassessed. The prior Gibbs handle is unavailable; replacement owner Hypatia:01a07c18-fc43-73c2-988f-8978a598b9ef owns only crates/pickups/progression PendingInputs. Coordinator approved Hypatia's source-grounded continuation: actual Object/Behavior adapter, PreSimulation claim/reward ordering, bounded reusable scratch, canonical claim-ordered rewards and startup validation. Leaf implementation and shared-root integration remain unaccepted. The inherited progression-batch test formatting failure was corrected without weakening full Entity equality; full build 28a904 succeeded and progression tests passed. Fresh Fermat composition integration design is reserved with disjoint root/economy/parent-CMake ownership, pending coordinator approval; Hypatia retains leaf files and explicit CrateRewardLimits corrections. Integration must resolve account-policy startup ordering and use the existing authoritative upgrade state, not a duplicate word projection or private execution pipeline. Coordinator continuation reinspection 2026-09-07 retained the same active ownership and unaccepted status; concrete unresolved authority, startup, bounds and producer/consumer gaps are recorded in parallel_port.md Current bounded-work correction inventory. No new build or acceptance is claimed. Fermat composition design approved after actual root/economy review: explicit setup-only account policy registration and first-tick freeze; real ResearchedUpgrade/Complete authority; canonical economy batch merge/release with logical request bounds; shared graph claim/reward/health/XP/economy edges. Hypatia owns the required leaf API revision and continues approved limits/tests; no build or acceptance yet. Hypatia revised leaf API approved: bounded startup Register/Freeze account policies with fixed-entry compatibility, real ResearchedUpgrade and Complete status money-boost lookup, existing UpgradeIdentity Player-scope binding instead of fabricated word mapping. Owned leaf limits/tests and disjoint root integration are in progress, unbuilt and unaccepted. Continuation prereview: inspected actual claim/reward/root/test files; packed vector<bool> chunk-written candidate flags require independent byte slots, setup-only crate creation requires a pre-mutation first-tick guard, and composed producer/startup tests remain pending. Same leaf/composition owners retained; no new build or acceptance. Crate leaf build87885/a718d5 exited1; diagnostic repeat21746/fd940f exited1, log .ecs-build/crate-leaf-review-build.log. Claim field/initializer and Boost constructor/print errors returned to same leaf owner; no new crate test passes or root acceptance. Final bounded crate leaf handoff accepted after actual claim/reward/account policy/source review and Windows x64 Clang Release build/CTestfe49d7 passed6/6 for pickups, progression, economy execution, crate definitions, crate execution and actual-content adapter. Prior CTestc0879b failed four veterancy assertions because the fixture omitted required ProgressionInbox; corrected with Applied receipt checks, then a namespace compile fix. No production XP workaround was added. Rootbuild71255 terminala54548 failed Clang source-location capacity at game_session.test import; connected crate acceptance remains pending with Fermat. Hypatia closed. Bounded root handoff accepted after actual root->shared scheduler->Claim/Reward/health/XP/economy review and main build55393 terminal18f6f3 CTest14/14. Root has42cases including same-tick money/heal/veterancy effects with actual produced unit/completed structure and completed ResearchedUpgrade authority at1/2/4 workers. Main196b78 root/economy2/2 also passed. Claim/Reward are explicitly Simulation after Health, resolving phase cycle. Fermat closed. This validates ordered explicit pickup contacts only; automatic geometry/contact enrollment is newly approved with Mendel and remains unvalidated. Mendel stopped with only unbuilt root/claim/test/CMake WIP and no real producer colliders or configurable contact limits. Coordinator preserved the patch and closed the role-confused delegate without acceptance. Fresh Kuhn owns source/design confirmation of the same remaining contact integration before production edit release; no new build or runtime acceptance.","Implement and validate approved production/movement->ContactPair->CrateClaim->Reward path and authored grounded collider lifecycle; airborne/supply-drop/object-create/salvage breadth, full fidelity, performance and other platforms remain incomplete.","Kuhn:01a07d00-6506-7072-9fe9-7e5f6c263517 (contact integration continuation design confirmation; exclusive root/producer reservation)","2026-09-07"
"ZH-C-LEGACY-BRIDGES","CAPABILITY","Legacy lifetime economy power radar presentation and production bridge consumers","PARTIAL","PARTIAL","PARTIAL","GeneralsMD/Code/GameEngine/Source/GameLogic/System/GameLogic.cpp;GeneralsMD/Code/GameEngine/Source/Common/RTS/Energy.cpp;GeneralsMD/Code/GameEngine/Source/Common/RTS/Radar/player_radar.cppm","games/generalszh/adapters/legacy/economy;games/generalszh/adapters/legacy/lifetime;games/generalszh/adapters/legacy/power;games/generalszh/adapters/legacy/radar;games/generalszh/adapters/legacy/production","games/generalszh/adapters/legacy/economy/README.md;games/generalszh/adapters/legacy/production/definitions/README.md","games/generalszh/adapters/legacy/economy/income_store.test;games/generalszh/adapters/legacy/power/power_store.test;games/generalszh/adapters/legacy/radar/radar_store.test","Bridge tests and compatibility stores are evidence of boundary behavior only; they do not count as independent modern completion. Bounded retained production progress/marker layout accepted after coordinator review of all six extracted modules, compatibility callers and exact restoration of20original test cases. Main builddd836c terminal3253df exited0; CTest26e7b8 passed14/14 focused suites including two real legacy adapters. Two resolved production layout-debt entries removed; subsequent architecture9946fb passed2/2. Aristotle closed; this is compatibility/layout evidence only.","Track each bridge caller and migration release separately; preserve GeneralsMD reference behavior and never use bridge presence as a completion shortcut.","","2026-09-07"
"ZH-C-REPLAY-SAVES-NETWORK","CAPABILITY","Modern replay/save conversion and network transport/replication","NOT_STARTED","NOT_STARTED","NOT_STARTED","Core/GameEngine/Source/Common/MessageStream.cpp;GeneralsMD/Code/GameEngine/Source/GameLogic/System/GameLogic.cpp","engine/events/schema/message_registry.cppm;engine/events/storage/event_batch.cppm","games/generalszh/composition/README.md","engine/events/schema/message_registry.test;engine/events/storage/event_batch.test","Event storage/schema foundations are tested; no replay, save converter or network model is selected.","Keep separate from gameplay migration; define commands, codecs, transport, rollback and deterministic replication as independent work.","","2026-09-07"
