id,kind,feature,legacy_source,placement,target_paths,tests,status,verification,milestone,notes
behavior:ai.actions,behavior,ai.actions,Code/Combat/action.cpp,engine/gameplay/common/actions,,,not_started,,parity,"Action priority, cancellation, completion reason and target lifetime"
behavior:ai.navigation,behavior,ai.navigation,Code/wwphys,engine/navigation,engine/level/model/level.cppm;engine/level/model/path_curve.cppm;engine/gameplay/common/movement/components/route_traversal.cppm;engine/gameplay/common/movement/resources/route_curves.cppm;engine/gameplay/common/movement/systems/route_traversal_system.cppm;games/renegade/content/levels/navigation_paths.cppm;games/renegade/gameplay/humans/components/goto_action.cppm;games/renegade/gameplay/humans/systems/goto_system.cppm;games/renegade/gameplay/missions/resources/routes.cppm;games/renegade/gameplay/missions/systems/mission_command_system.cppm;games/renegade/content/characters/movement_definition.cppm;games/renegade/session/session.cppm;games/renegade/presentation/scene/level_view.cppm,engine/level/model/level.test;engine/level/model/path_curve.test;engine/gameplay/common/movement/route_traversal.test;games/renegade/content/levels/level_scene.test;games/renegade/content/characters/movement_definition.test;games/renegade/gameplay/humans/goto.test;games/renegade/hosts/game/tutorial_runtime_test.py;games/renegade/hosts/game/tutorial_course_runtime_test.py,in_progress,games/renegade/migration/navigation-validation.json,parity,"3D waypaths, reachability, movement collision and steering Current increment: Retail ordered 3D routes, shared cardinal/SoA target traversal, source soldier control/collision/priority fixtures and worker-count determinism. Live lesson progression, destination solving, looping/action routes, avoidance and source failure cases remain unverified."
behavior:ai.perception,behavior,ai.perception,Code/Combat,engine/gameplay/fps/perception,,,not_started,,parity,"Sight, hearing, innate behavior and combat awareness"
behavior:audio.spatial,behavior,audio.spatial,Code/WWAudio,engine/audio,,,not_started,,parity,"Shared playback/mixing, sound definitions, voices and occlusion"
behavior:buildings.damage,behavior,buildings.damage,Code/Combat/building.cpp,games/renegade/gameplay/buildings,,,not_started,,parity,"MCT scaling, interior/exterior aggregates, repair and destruction"
behavior:buildings.defenses,behavior,buildings.defenses,Code/Combat,games/renegade/gameplay/buildings,,,not_started,,parity,"AGT/Obelisk targeting, turrets and SAM sites"
behavior:buildings.power,behavior,buildings.power,Code/Combat,games/renegade/gameplay/buildings,,,not_started,,parity,Power plant effects on purchases and defenses
behavior:buildings.production,behavior,buildings.production,Code/Combat,games/renegade/gameplay/buildings,,,not_started,,parity,Barracks/HON and war factory/airstrip availability
behavior:campaign.ai.action_navigation,behavior,campaign.ai.action_navigation,Code/Combat/action.cpp:1450,engine/gameplay/common/actions,engine/level/model/level.cppm;engine/level/model/path_curve.cppm;engine/gameplay/common/movement/components/route_traversal.cppm;engine/gameplay/common/movement/resources/route_curves.cppm;engine/gameplay/common/movement/systems/route_traversal_system.cppm;games/renegade/content/levels/navigation_paths.cppm;games/renegade/gameplay/humans/components/goto_action.cppm;games/renegade/gameplay/humans/systems/goto_system.cppm;games/renegade/gameplay/missions/resources/routes.cppm;games/renegade/gameplay/missions/systems/mission_command_system.cppm;games/renegade/content/characters/movement_definition.cppm;games/renegade/session/session.cppm;games/renegade/presentation/scene/level_view.cppm,engine/level/model/level.test;engine/level/model/path_curve.test;engine/gameplay/common/movement/route_traversal.test;games/renegade/content/levels/level_scene.test;games/renegade/content/characters/movement_definition.test;games/renegade/gameplay/humans/goto.test;games/renegade/hosts/game/tutorial_runtime_test.py;games/renegade/hosts/game/tutorial_course_runtime_test.py,in_progress,games/renegade/migration/navigation-validation.json,2,"Acceptance: Retail indoor 3D waypaths/obstacles yield source bad-destination/no-progress/completion and retries. Existing RTS ground paths are candidate, not proven FPS navigation. Reuse: shared ECS scheduler/access/command barriers; game-local authored schemas/rules. Proposed generic common/fps capability requires semantic checks against existing GZH common/rts modules before adoption. Required future validation: proposed: renegade_campaign_tests::ai_action_navigation; required runtime receipt: campaign/ai.action_navigation.json. Current increment: Retail ordered 3D routes, shared cardinal/SoA target traversal, source soldier control/collision/priority fixtures and worker-count determinism. Live lesson progression, destination solving, looping/action routes, avoidance and source failure cases remain unverified."
behavior:campaign.ai.action_priority,behavior,campaign.ai.action_priority,Code/Combat/action.cpp:3127,engine/gameplay/common/actions,,,not_started,,2,Acceptance: Compare priority replacement/reset/completion reasons; cancellation/target deletion deferred after chunks. Generic handles shared; Renegade action rules game-local. Reuse: shared ECS scheduler/access/command barriers; game-local authored schemas/rules. Proposed generic common/fps capability requires semantic checks against existing GZH common/rts modules before adoption. Required future validation: proposed: renegade_campaign_tests::ai_action_priority; required runtime receipt: campaign/ai.action_priority.json.
behavior:campaign.ai.difficulty,behavior,campaign.ai.difficulty,Code/Combat/damage.cpp:822,games/renegade/gameplay/defense,,,not_started,,2,Acceptance: Combat-star damage scaling and mission difficulty match source at each authored difficulty; factors/armor/warhead schema game-local. Reuse: shared ECS scheduler/access/command barriers; game-local authored schemas/rules. Proposed generic common/fps capability requires semantic checks against existing GZH common/rts modules before adoption. Required future validation: proposed: renegade_campaign_tests::ai_difficulty; required runtime receipt: campaign/ai.difficulty.json.
behavior:campaign.ai.sight_hearing,behavior,campaign.ai.sight_hearing,Code/Scripts/unitcombat.cpp:145,engine/gameplay/fps/perception,,,not_started,,2,Acceptance: Visible/occluded/ranged/heard targets and script stationary/enabled changes emit source Enemy_Seen/Sound_Heard identities and order. Reuse: shared ECS scheduler/access/command barriers; game-local authored schemas/rules. Proposed generic common/fps capability requires semantic checks against existing GZH common/rts modules before adoption. Required future validation: proposed: renegade_campaign_tests::ai_sight_hearing; required runtime receipt: campaign/ai.sight_hearing.json.
behavior:campaign.architecture.cross_game_mechanisms,behavior,campaign.architecture.cross_game_mechanisms,Code/Combat/action.cpp:134,games/renegade/session,,,not_started,,2,Acceptance: Catalog adopted/new generic mechanisms and both-game consumers. No mission/preset/constants/content schema in engine; do not copy GZH boarding distances/area limits/damage rules into Renegade. Reuse: shared ECS scheduler/access/command barriers; game-local authored schemas/rules. Proposed generic common/fps capability requires semantic checks against existing GZH common/rts modules before adoption. Required future validation: proposed: renegade_campaign_tests::architecture_cross_game_mechanisms; required runtime receipt: campaign/architecture.cross_game_mechanisms.json.
behavior:campaign.architecture.soa_schedule,behavior,campaign.architecture.soa_schedule,Code/Combat/gameobjmanager.cpp:61,games/renegade/session,,,not_started,,2,"Acceptance: Campaign entities use shared archetype SoA columns; systems stateless; Query/Resources/Lookup/SideTables declare every access. Identical inputs with 1/multiple workers and varied chunk capacity compare per-tick hashes, events and deferred structural commits. Reuse: shared ECS scheduler/access/command barriers; game-local authored schemas/rules. Proposed generic common/fps capability requires semantic checks against existing GZH common/rts modules before adoption. Required future validation: proposed: renegade_campaign_tests::architecture_soa_schedule; required runtime receipt: campaign/architecture.soa_schedule.json."
behavior:campaign.callback.Havoc_Script.Killed,behavior,campaign.callback.Havoc_Script.Killed,Code/Scripts/MissionX0.cpp:464,games/renegade/scripting,,,not_started,,2,"Acceptance: Port Havoc_Script.Killed to game-local Lua preserving source guards/parameters/mutable state/ordered typed command args. Exercise every guard plus adjacent/nonmatching event IDs, absent/stale targets and repeated events; compare original source-derived expected trace/Lua trace then assert real ECS/GUI/audio effects after commit barrier. Body command vocabulary: Mission_Complete. Resume mutable state/pending callbacks via save fixtures. Existing shared Lua integer/string emission is a starting mechanism; full types/dispatch/state remain unfinished. Required future validation: proposed: renegade_campaign_tests::callback_Havoc_Script_Killed; required runtime receipt: campaign/callback.Havoc_Script.Killed.json. Planned implementation (not evidence): games/renegade/content/scripts/Havoc_Script.lua."
behavior:campaign.callback.M01_DetentionPen_CivDeathMonitor.Killed,behavior,campaign.callback.M01_DetentionPen_CivDeathMonitor.Killed,Code/Scripts/Mission01.cpp:8165,games/renegade/scripting,,,not_started,,2,"Acceptance: Port M01_DetentionPen_CivDeathMonitor.Killed to game-local Lua preserving source guards/parameters/mutable state/ordered typed command args. Exercise every guard plus adjacent/nonmatching event IDs, absent/stale targets and repeated events; compare original source-derived expected trace/Lua trace then assert real ECS/GUI/audio effects after commit barrier. Body command vocabulary: Find_Object, Mission_Complete, Send_Custom_Event, Set_HUD_Help_Text. Resume mutable state/pending callbacks via save fixtures. Existing shared Lua integer/string emission is a starting mechanism; full types/dispatch/state remain unfinished. Required future validation: proposed: renegade_campaign_tests::callback_M01_DetentionPen_CivDeathMonitor_Killed; required runtime receipt: campaign/callback.M01_DetentionPen_CivDeathMonitor.Killed.json. Planned implementation (not evidence): games/renegade/content/scripts/M01_DetentionPen_CivDeathMonitor.lua."
behavior:campaign.callback.M01_DetentionPen_Evac_Controller01_JDG.Custom,behavior,campaign.callback.M01_DetentionPen_Evac_Controller01_JDG.Custom,Code/Scripts/Mission01.cpp:8259,games/renegade/scripting,,,not_started,,2,"Acceptance: Port M01_DetentionPen_Evac_Controller01_JDG.Custom to game-local Lua preserving source guards/parameters/mutable state/ordered typed command args. Exercise every guard plus adjacent/nonmatching event IDs, absent/stale targets and repeated events; compare original source-derived expected trace/Lua trace then assert real ECS/GUI/audio effects after commit barrier. Body command vocabulary: Find_Object, Mission_Complete, Send_Custom_Event. Resume mutable state/pending callbacks via save fixtures. Existing shared Lua integer/string emission is a starting mechanism; full types/dispatch/state remain unfinished. Required future validation: proposed: renegade_campaign_tests::callback_M01_DetentionPen_Evac_Controller01_JDG_Custom; required runtime receipt: campaign/callback.M01_DetentionPen_Evac_Controller01_JDG.Custom.json. Planned implementation (not evidence): games/renegade/content/scripts/M01_DetentionPen_Evac_Controller01_JDG.lua."
behavior:campaign.callback.M01_DetentionPen_GDIDeathMonitor.Killed,behavior,campaign.callback.M01_DetentionPen_GDIDeathMonitor.Killed,Code/Scripts/Mission01.cpp:8213,games/renegade/scripting,,,not_started,,2,"Acceptance: Port M01_DetentionPen_GDIDeathMonitor.Killed to game-local Lua preserving source guards/parameters/mutable state/ordered typed command args. Exercise every guard plus adjacent/nonmatching event IDs, absent/stale targets and repeated events; compare original source-derived expected trace/Lua trace then assert real ECS/GUI/audio effects after commit barrier. Body command vocabulary: Find_Object, Mission_Complete, Send_Custom_Event, Set_HUD_Help_Text. Resume mutable state/pending callbacks via save fixtures. Existing shared Lua integer/string emission is a starting mechanism; full types/dispatch/state remain unfinished. Required future validation: proposed: renegade_campaign_tests::callback_M01_DetentionPen_GDIDeathMonitor_Killed; required runtime receipt: campaign/callback.M01_DetentionPen_GDIDeathMonitor.Killed.json. Planned implementation (not evidence): games/renegade/content/scripts/M01_DetentionPen_GDIDeathMonitor.lua."
behavior:campaign.callback.M01_Mission_Controller_JDG.Action_Complete,behavior,campaign.callback.M01_Mission_Controller_JDG.Action_Complete,Code/Scripts/Mission01.cpp:2404,games/renegade/scripting,,,not_started,,2,"Acceptance: Port M01_Mission_Controller_JDG.Action_Complete to game-local Lua preserving source guards/parameters/mutable state/ordered typed command args. Exercise every guard plus adjacent/nonmatching event IDs, absent/stale targets and repeated events; compare original source-derived expected trace/Lua trace then assert real ECS/GUI/audio effects after commit barrier. Body command vocabulary: Add_Objective, Create_2D_Sound, Destroy_Object, Find_Object, Send_Custom_Event, Set_HUD_Help_Text, Set_Objective_HUD_Info_Position, Set_Objective_Radar_Blip. Resume mutable state/pending callbacks via save fixtures. Existing shared Lua integer/string emission is a starting mechanism; full types/dispatch/state remain unfinished. Required future validation: proposed: renegade_campaign_tests::callback_M01_Mission_Controller_JDG_Action_Complete; required runtime receipt: campaign/callback.M01_Mission_Controller_JDG.Action_Complete.json. Planned implementation (not evidence): games/renegade/content/scripts/M01_Mission_Controller_JDG.lua."
behavior:campaign.callback.M01_Mission_Controller_JDG.Created,behavior,campaign.callback.M01_Mission_Controller_JDG.Created,Code/Scripts/Mission01.cpp:264,games/renegade/scripting,,,not_started,,2,"Acceptance: Port M01_Mission_Controller_JDG.Created to game-local Lua preserving source guards/parameters/mutable state/ordered typed command args. Exercise every guard plus adjacent/nonmatching event IDs, absent/stale targets and repeated events; compare original source-derived expected trace/Lua trace then assert real ECS/GUI/audio effects after commit barrier. Body command vocabulary: Enable_Hibernation, Reveal_Encyclopedia_Building, Reveal_Encyclopedia_Character, Reveal_Encyclopedia_Vehicle, Reveal_Encyclopedia_Weapon, Set_Lightning, Set_Rain, Set_Wind. Resume mutable state/pending callbacks via save fixtures. Existing shared Lua integer/string emission is a starting mechanism; full types/dispatch/state remain unfinished. Required future validation: proposed: renegade_campaign_tests::callback_M01_Mission_Controller_JDG_Created; required runtime receipt: campaign/callback.M01_Mission_Controller_JDG.Created.json. Planned implementation (not evidence): games/renegade/content/scripts/M01_Mission_Controller_JDG.lua."
behavior:campaign.callback.M01_Mission_Controller_JDG.Custom,behavior,campaign.callback.M01_Mission_Controller_JDG.Custom,Code/Scripts/Mission01.cpp:362,games/renegade/scripting,,,not_started,,2,"Acceptance: Port M01_Mission_Controller_JDG.Custom to game-local Lua preserving source guards/parameters/mutable state/ordered typed command args. Exercise every guard plus adjacent/nonmatching event IDs, absent/stale targets and repeated events; compare original source-derived expected trace/Lua trace then assert real ECS/GUI/audio effects after commit barrier. Body command vocabulary: Add_Objective, Apply_Damage, Attach_Script, Attach_To_Object_Bone, Create_Conversation, Create_Logical_Sound, Create_Object, Create_Object_At_Bone, Create_Sound, Debug_Message, Destroy_Object, Enable_Radar, Find_Object, Get_Health, Get_ID, Get_Position, Get_Random, Give_Points, Has_Key, Join_Conversation, Mission_Complete, Monitor_Conversation, Monitor_Sound, Send_Custom_Event, Set_Facing, Set_HUD_Help_Text, Set_Is_Rendered, Set_Lightning, Set_Loiters_Allowed, Set_Obj_Radar_Blip_Color, Set_Obj_Radar_Blip_Shape, Set_Objective_HUD_Info_Position, Set_Objective_Radar_Blip, Set_Objective_Radar_Blip_Object, Set_Objective_Status, Set_Position, Set_Rain, Set_Wind, Start_Conversation, Static_Anim_Phys_Goto_Last_Frame, Trigger_Spawner. Resume mutable state/pending callbacks via save fixtures. Existing shared Lua integer/string emission is a starting mechanism; full types/dispatch/state remain unfinished. Required future validation: proposed: renegade_campaign_tests::callback_M01_Mission_Controller_JDG_Custom; required runtime receipt: campaign/callback.M01_Mission_Controller_JDG.Custom.json. Planned implementation (not evidence): games/renegade/content/scripts/M01_Mission_Controller_JDG.lua."
behavior:campaign.callback.M02_Objective_Controller.Created,behavior,campaign.callback.M02_Objective_Controller.Created,Code/Scripts/Mission02.cpp:59,games/renegade/scripting,,,not_started,,2,"Acceptance: Port M02_Objective_Controller.Created to game-local Lua preserving source guards/parameters/mutable state/ordered typed command args. Exercise every guard plus adjacent/nonmatching event IDs, absent/stale targets and repeated events; compare original source-derived expected trace/Lua trace then assert real ECS/GUI/audio effects after commit barrier. Body command vocabulary: Add_Objective, Enable_Hibernation, Find_Object, Reveal_Encyclopedia_Character, Set_Animation_Frame, Set_Background_Music, Set_HUD_Help_Text, Set_Objective_HUD_Info_Position, Start_Timer. Resume mutable state/pending callbacks via save fixtures. Existing shared Lua integer/string emission is a starting mechanism; full types/dispatch/state remain unfinished. Required future validation: proposed: renegade_campaign_tests::callback_M02_Objective_Controller_Created; required runtime receipt: campaign/callback.M02_Objective_Controller.Created.json. Planned implementation (not evidence): games/renegade/content/scripts/M02_Objective_Controller.lua."
behavior:campaign.callback.M02_Objective_Controller.Custom,behavior,campaign.callback.M02_Objective_Controller.Custom,Code/Scripts/Mission02.cpp:104,games/renegade/scripting,,,not_started,,2,"Acceptance: Port M02_Objective_Controller.Custom to game-local Lua preserving source guards/parameters/mutable state/ordered typed command args. Exercise every guard plus adjacent/nonmatching event IDs, absent/stale targets and repeated events; compare original source-derived expected trace/Lua trace then assert real ECS/GUI/audio effects after commit barrier. Body command vocabulary: Attach_Script, Create_Conversation, Create_Object, Give_PowerUp, Join_Conversation, Set_Facing, Set_HUD_Help_Text, Set_Objective_Status, Start_Conversation, Start_Timer, Stop_All_Conversations. Resume mutable state/pending callbacks via save fixtures. Existing shared Lua integer/string emission is a starting mechanism; full types/dispatch/state remain unfinished. Required future validation: proposed: renegade_campaign_tests::callback_M02_Objective_Controller_Custom; required runtime receipt: campaign/callback.M02_Objective_Controller.Custom.json. Planned implementation (not evidence): games/renegade/content/scripts/M02_Objective_Controller.lua."
behavior:campaign.callback.M02_Objective_Controller.Timer_Expired,behavior,campaign.callback.M02_Objective_Controller.Timer_Expired,Code/Scripts/Mission02.cpp:204,games/renegade/scripting,,,not_started,,2,"Acceptance: Port M02_Objective_Controller.Timer_Expired to game-local Lua preserving source guards/parameters/mutable state/ordered typed command args. Exercise every guard plus adjacent/nonmatching event IDs, absent/stale targets and repeated events; compare original source-derived expected trace/Lua trace then assert real ECS/GUI/audio effects after commit barrier. Body command vocabulary: Create_Conversation, Join_Conversation, Start_Conversation, Start_Timer, Stop_All_Conversations. Resume mutable state/pending callbacks via save fixtures. Existing shared Lua integer/string emission is a starting mechanism; full types/dispatch/state remain unfinished. Required future validation: proposed: renegade_campaign_tests::callback_M02_Objective_Controller_Timer_Expired; required runtime receipt: campaign/callback.M02_Objective_Controller.Timer_Expired.json. Planned implementation (not evidence): games/renegade/content/scripts/M02_Objective_Controller.lua."
behavior:campaign.callback.M02_Objective_Zone.Entered,behavior,campaign.callback.M02_Objective_Zone.Entered,Code/Scripts/Mission02.cpp:538,games/renegade/scripting,,,not_started,,2,"Acceptance: Port M02_Objective_Zone.Entered to game-local Lua preserving source guards/parameters/mutable state/ordered typed command args. Exercise every guard plus adjacent/nonmatching event IDs, absent/stale targets and repeated events; compare original source-derived expected trace/Lua trace then assert real ECS/GUI/audio effects after commit barrier. Body command vocabulary: Attach_Script, Control_Enable, Create_Conversation, Create_Logical_Sound, Create_Object, Destroy_Object, Find_Object, Get_Health, Get_ID, Get_Position, Has_Key, Join_Conversation, Mission_Complete, Send_Custom_Event, Set_Facing, Set_HUD_Help_Text, Start_Conversation, Start_Timer, Stop_All_Conversations. Resume mutable state/pending callbacks via save fixtures. Existing shared Lua integer/string emission is a starting mechanism; full types/dispatch/state remain unfinished. Required future validation: proposed: renegade_campaign_tests::callback_M02_Objective_Zone_Entered; required runtime receipt: campaign/callback.M02_Objective_Zone.Entered.json. Planned implementation (not evidence): games/renegade/content/scripts/M02_Objective_Zone.lua."
behavior:campaign.callback.M03_CommCenter_Arrow.Timer_Expired,behavior,campaign.callback.M03_CommCenter_Arrow.Timer_Expired,Code/Scripts/Mission03.cpp:6055,games/renegade/scripting,,,not_started,,2,"Acceptance: Port M03_CommCenter_Arrow.Timer_Expired to game-local Lua preserving source guards/parameters/mutable state/ordered typed command args. Exercise every guard plus adjacent/nonmatching event IDs, absent/stale targets and repeated events; compare original source-derived expected trace/Lua trace then assert real ECS/GUI/audio effects after commit barrier. Body command vocabulary: Mission_Complete. Resume mutable state/pending callbacks via save fixtures. Existing shared Lua integer/string emission is a starting mechanism; full types/dispatch/state remain unfinished. Required future validation: proposed: renegade_campaign_tests::callback_M03_CommCenter_Arrow_Timer_Expired; required runtime receipt: campaign/callback.M03_CommCenter_Arrow.Timer_Expired.json. Planned implementation (not evidence): games/renegade/content/scripts/M03_CommCenter_Arrow.lua."
behavior:campaign.callback.M03_Mission_Complete_Zone.Entered,behavior,campaign.callback.M03_Mission_Complete_Zone.Entered,Code/Scripts/Mission03.cpp:5902,games/renegade/scripting,,,not_started,,2,"Acceptance: Port M03_Mission_Complete_Zone.Entered to game-local Lua preserving source guards/parameters/mutable state/ordered typed command args. Exercise every guard plus adjacent/nonmatching event IDs, absent/stale targets and repeated events; compare original source-derived expected trace/Lua trace then assert real ECS/GUI/audio effects after commit barrier. Body command vocabulary: Mission_Complete. Resume mutable state/pending callbacks via save fixtures. Existing shared Lua integer/string emission is a starting mechanism; full types/dispatch/state remain unfinished. Required future validation: proposed: renegade_campaign_tests::callback_M03_Mission_Complete_Zone_Entered; required runtime receipt: campaign/callback.M03_Mission_Complete_Zone.Entered.json. Planned implementation (not evidence): games/renegade/content/scripts/M03_Mission_Complete_Zone.lua."
behavior:campaign.callback.M03_Objective_Controller.Action_Complete,behavior,campaign.callback.M03_Objective_Controller.Action_Complete,Code/Scripts/Mission03.cpp:89,games/renegade/scripting,,,not_started,,2,"Acceptance: Port M03_Objective_Controller.Action_Complete to game-local Lua preserving source guards/parameters/mutable state/ordered typed command args. Exercise every guard plus adjacent/nonmatching event IDs, absent/stale targets and repeated events; compare original source-derived expected trace/Lua trace then assert real ECS/GUI/audio effects after commit barrier. Body command vocabulary: Add_Objective, Find_Object, Send_Custom_Event, Set_Objective_HUD_Info, Set_Objective_Radar_Blip_Object, Set_Objective_Status. Resume mutable state/pending callbacks via save fixtures. Existing shared Lua integer/string emission is a starting mechanism; full types/dispatch/state remain unfinished. Required future validation: proposed: renegade_campaign_tests::callback_M03_Objective_Controller_Action_Complete; required runtime receipt: campaign/callback.M03_Objective_Controller.Action_Complete.json. Planned implementation (not evidence): games/renegade/content/scripts/M03_Objective_Controller.lua."
behavior:campaign.callback.M03_Objective_Controller.Created,behavior,campaign.callback.M03_Objective_Controller.Created,Code/Scripts/Mission03.cpp:68,games/renegade/scripting,,,not_started,,2,"Acceptance: Port M03_Objective_Controller.Created to game-local Lua preserving source guards/parameters/mutable state/ordered typed command args. Exercise every guard plus adjacent/nonmatching event IDs, absent/stale targets and repeated events; compare original source-derived expected trace/Lua trace then assert real ECS/GUI/audio effects after commit barrier. Body command vocabulary: Get_Random, Set_Num_Tertiary_Objectives, Set_Wind, Start_Timer. Resume mutable state/pending callbacks via save fixtures. Existing shared Lua integer/string emission is a starting mechanism; full types/dispatch/state remain unfinished. Required future validation: proposed: renegade_campaign_tests::callback_M03_Objective_Controller_Created; required runtime receipt: campaign/callback.M03_Objective_Controller.Created.json. Planned implementation (not evidence): games/renegade/content/scripts/M03_Objective_Controller.lua."
behavior:campaign.callback.M03_Objective_Controller.Custom,behavior,campaign.callback.M03_Objective_Controller.Custom,Code/Scripts/Mission03.cpp:151,games/renegade/scripting,,,not_started,,2,"Acceptance: Port M03_Objective_Controller.Custom to game-local Lua preserving source guards/parameters/mutable state/ordered typed command args. Exercise every guard plus adjacent/nonmatching event IDs, absent/stale targets and repeated events; compare original source-derived expected trace/Lua trace then assert real ECS/GUI/audio effects after commit barrier. Body command vocabulary: Find_Object, Get_ID, Send_Custom_Event, Set_Background_Music. Resume mutable state/pending callbacks via save fixtures. Existing shared Lua integer/string emission is a starting mechanism; full types/dispatch/state remain unfinished. Required future validation: proposed: renegade_campaign_tests::callback_M03_Objective_Controller_Custom; required runtime receipt: campaign/callback.M03_Objective_Controller.Custom.json. Planned implementation (not evidence): games/renegade/content/scripts/M03_Objective_Controller.lua."
behavior:campaign.callback.M03_Objective_Controller.Timer_Expired,behavior,campaign.callback.M03_Objective_Controller.Timer_Expired,Code/Scripts/Mission03.cpp:270,games/renegade/scripting,,,not_started,,2,"Acceptance: Port M03_Objective_Controller.Timer_Expired to game-local Lua preserving source guards/parameters/mutable state/ordered typed command args. Exercise every guard plus adjacent/nonmatching event IDs, absent/stale targets and repeated events; compare original source-derived expected trace/Lua trace then assert real ECS/GUI/audio effects after commit barrier. Body command vocabulary: Attach_Script, Create_Conversation, Create_Object, Find_Object, Join_Conversation, Monitor_Conversation, Set_Facing, Set_Objective_Status, Start_Conversation. Resume mutable state/pending callbacks via save fixtures. Existing shared Lua integer/string emission is a starting mechanism; full types/dispatch/state remain unfinished. Required future validation: proposed: renegade_campaign_tests::callback_M03_Objective_Controller_Timer_Expired; required runtime receipt: campaign/callback.M03_Objective_Controller.Timer_Expired.json. Planned implementation (not evidence): games/renegade/content/scripts/M03_Objective_Controller.lua."
behavior:campaign.callback.M04_Firefight_Controller_JDG.Custom,behavior,campaign.callback.M04_Firefight_Controller_JDG.Custom,Code/Scripts/Mission04.cpp:9142,games/renegade/scripting,,,not_started,,2,"Acceptance: Port M04_Firefight_Controller_JDG.Custom to game-local Lua preserving source guards/parameters/mutable state/ordered typed command args. Exercise every guard plus adjacent/nonmatching event IDs, absent/stale targets and repeated events; compare original source-derived expected trace/Lua trace then assert real ECS/GUI/audio effects after commit barrier. Body command vocabulary: Attach_Script, Create_Conversation, Create_Object, Create_Sound, Debug_Message, Destroy_Object, Find_Object, Get_Difficulty_Level, Get_ID, Get_Position, Get_Random, Grant_Key, Join_Conversation, Mission_Complete, Monitor_Conversation, Send_Custom_Event, Start_Conversation, Trigger_Spawner. Resume mutable state/pending callbacks via save fixtures. Existing shared Lua integer/string emission is a starting mechanism; full types/dispatch/state remain unfinished. Required future validation: proposed: renegade_campaign_tests::callback_M04_Firefight_Controller_JDG_Custom; required runtime receipt: campaign/callback.M04_Firefight_Controller_JDG.Custom.json. Planned implementation (not evidence): games/renegade/content/scripts/M04_Firefight_Controller_JDG.lua."
behavior:campaign.callback.M04_Objective_Controller_JDG.Action_Complete,behavior,campaign.callback.M04_Objective_Controller_JDG.Action_Complete,Code/Scripts/Mission04.cpp:214,games/renegade/scripting,,,not_started,,2,"Acceptance: Port M04_Objective_Controller_JDG.Action_Complete to game-local Lua preserving source guards/parameters/mutable state/ordered typed command args. Exercise every guard plus adjacent/nonmatching event IDs, absent/stale targets and repeated events; compare original source-derived expected trace/Lua trace then assert real ECS/GUI/audio effects after commit barrier. Body command vocabulary: Add_Objective, Add_Radar_Marker, Create_Conversation, Create_Sound, Debug_Message, Find_Object, Get_Position, Join_Conversation, Monitor_Conversation, Send_Custom_Event, Set_Obj_Radar_Blip_Color, Set_Obj_Radar_Blip_Shape, Set_Objective_HUD_Info_Position, Start_Conversation. Resume mutable state/pending callbacks via save fixtures. Existing shared Lua integer/string emission is a starting mechanism; full types/dispatch/state remain unfinished. Required future validation: proposed: renegade_campaign_tests::callback_M04_Objective_Controller_JDG_Action_Complete; required runtime receipt: campaign/callback.M04_Objective_Controller_JDG.Action_Complete.json. Planned implementation (not evidence): games/renegade/content/scripts/M04_Objective_Controller_JDG.lua."
behavior:campaign.callback.M04_Objective_Controller_JDG.Created,behavior,campaign.callback.M04_Objective_Controller_JDG.Created,Code/Scripts/Mission04.cpp:158,games/renegade/scripting,,,not_started,,2,"Acceptance: Port M04_Objective_Controller_JDG.Created to game-local Lua preserving source guards/parameters/mutable state/ordered typed command args. Exercise every guard plus adjacent/nonmatching event IDs, absent/stale targets and repeated events; compare original source-derived expected trace/Lua trace then assert real ECS/GUI/audio effects after commit barrier. Body command vocabulary: Send_Custom_Event. Resume mutable state/pending callbacks via save fixtures. Existing shared Lua integer/string emission is a starting mechanism; full types/dispatch/state remain unfinished. Required future validation: proposed: renegade_campaign_tests::callback_M04_Objective_Controller_JDG_Created; required runtime receipt: campaign/callback.M04_Objective_Controller_JDG.Created.json. Planned implementation (not evidence): games/renegade/content/scripts/M04_Objective_Controller_JDG.lua."
behavior:campaign.callback.M04_Objective_Controller_JDG.Custom,behavior,campaign.callback.M04_Objective_Controller_JDG.Custom,Code/Scripts/Mission04.cpp:368,games/renegade/scripting,,,not_started,,2,"Acceptance: Port M04_Objective_Controller_JDG.Custom to game-local Lua preserving source guards/parameters/mutable state/ordered typed command args. Exercise every guard plus adjacent/nonmatching event IDs, absent/stale targets and repeated events; compare original source-derived expected trace/Lua trace then assert real ECS/GUI/audio effects after commit barrier. Body command vocabulary: Add_Objective, Add_Radar_Marker, Clear_Radar_Marker, Create_Conversation, Create_Object, Create_Sound, Debug_Message, Find_Object, Get_Position, Join_Conversation, Mission_Complete, Monitor_Conversation, Send_Custom_Event, Set_Objective_HUD_Info, Set_Objective_HUD_Info_Position, Set_Objective_Radar_Blip_Object, Set_Objective_Status, Start_Conversation. Resume mutable state/pending callbacks via save fixtures. Existing shared Lua integer/string emission is a starting mechanism; full types/dispatch/state remain unfinished. Required future validation: proposed: renegade_campaign_tests::callback_M04_Objective_Controller_JDG_Custom; required runtime receipt: campaign/callback.M04_Objective_Controller_JDG.Custom.json. Planned implementation (not evidence): games/renegade/content/scripts/M04_Objective_Controller_JDG.lua."
behavior:campaign.callback.M05_DEAD6_Engineer2.Killed,behavior,campaign.callback.M05_DEAD6_Engineer2.Killed,Code/Scripts/Mission05.cpp:943,games/renegade/scripting,,,not_started,,2,"Acceptance: Port M05_DEAD6_Engineer2.Killed to game-local Lua preserving source guards/parameters/mutable state/ordered typed command args. Exercise every guard plus adjacent/nonmatching event IDs, absent/stale targets and repeated events; compare original source-derived expected trace/Lua trace then assert real ECS/GUI/audio effects after commit barrier. Body command vocabulary: Find_Object, Mission_Complete, Send_Custom_Event, Set_HUD_Help_Text. Resume mutable state/pending callbacks via save fixtures. Existing shared Lua integer/string emission is a starting mechanism; full types/dispatch/state remain unfinished. Required future validation: proposed: renegade_campaign_tests::callback_M05_DEAD6_Engineer2_Killed; required runtime receipt: campaign/callback.M05_DEAD6_Engineer2.Killed.json. Planned implementation (not evidence): games/renegade/content/scripts/M05_DEAD6_Engineer2.lua."
behavior:campaign.callback.M05_DEAD6_Grenadier.Killed,behavior,campaign.callback.M05_DEAD6_Grenadier.Killed,Code/Scripts/Mission05.cpp:1444,games/renegade/scripting,,,not_started,,2,"Acceptance: Port M05_DEAD6_Grenadier.Killed to game-local Lua preserving source guards/parameters/mutable state/ordered typed command args. Exercise every guard plus adjacent/nonmatching event IDs, absent/stale targets and repeated events; compare original source-derived expected trace/Lua trace then assert real ECS/GUI/audio effects after commit barrier. Body command vocabulary: Find_Object, Mission_Complete, Send_Custom_Event, Set_HUD_Help_Text. Resume mutable state/pending callbacks via save fixtures. Existing shared Lua integer/string emission is a starting mechanism; full types/dispatch/state remain unfinished. Required future validation: proposed: renegade_campaign_tests::callback_M05_DEAD6_Grenadier_Killed; required runtime receipt: campaign/callback.M05_DEAD6_Grenadier.Killed.json. Planned implementation (not evidence): games/renegade/content/scripts/M05_DEAD6_Grenadier.lua."
behavior:campaign.callback.M05_Objective_Controller.Action_Complete,behavior,campaign.callback.M05_Objective_Controller.Action_Complete,Code/Scripts/Mission05.cpp:372,games/renegade/scripting,,,not_started,,2,"Acceptance: Port M05_Objective_Controller.Action_Complete to game-local Lua preserving source guards/parameters/mutable state/ordered typed command args. Exercise every guard plus adjacent/nonmatching event IDs, absent/stale targets and repeated events; compare original source-derived expected trace/Lua trace then assert real ECS/GUI/audio effects after commit barrier. Body command vocabulary: (none; state/register/save operations still require parity). Resume mutable state/pending callbacks via save fixtures. Existing shared Lua integer/string emission is a starting mechanism; full types/dispatch/state remain unfinished. Required future validation: proposed: renegade_campaign_tests::callback_M05_Objective_Controller_Action_Complete; required runtime receipt: campaign/callback.M05_Objective_Controller.Action_Complete.json. Planned implementation (not evidence): games/renegade/content/scripts/M05_Objective_Controller.lua."
behavior:campaign.callback.M05_Objective_Controller.Created,behavior,campaign.callback.M05_Objective_Controller.Created,Code/Scripts/Mission05.cpp:59,games/renegade/scripting,,,not_started,,2,"Acceptance: Port M05_Objective_Controller.Created to game-local Lua preserving source guards/parameters/mutable state/ordered typed command args. Exercise every guard plus adjacent/nonmatching event IDs, absent/stale targets and repeated events; compare original source-derived expected trace/Lua trace then assert real ECS/GUI/audio effects after commit barrier. Body command vocabulary: Attach_Script, Create_Object, Enable_Hibernation, Set_Background_Music, Set_Facing, Start_Timer. Resume mutable state/pending callbacks via save fixtures. Existing shared Lua integer/string emission is a starting mechanism; full types/dispatch/state remain unfinished. Required future validation: proposed: renegade_campaign_tests::callback_M05_Objective_Controller_Created; required runtime receipt: campaign/callback.M05_Objective_Controller.Created.json. Planned implementation (not evidence): games/renegade/content/scripts/M05_Objective_Controller.lua."
behavior:campaign.callback.M05_Objective_Controller.Custom,behavior,campaign.callback.M05_Objective_Controller.Custom,Code/Scripts/Mission05.cpp:292,games/renegade/scripting,,,not_started,,2,"Acceptance: Port M05_Objective_Controller.Custom to game-local Lua preserving source guards/parameters/mutable state/ordered typed command args. Exercise every guard plus adjacent/nonmatching event IDs, absent/stale targets and repeated events; compare original source-derived expected trace/Lua trace then assert real ECS/GUI/audio effects after commit barrier. Body command vocabulary: Clear_Radar_Marker, Find_Object, Get_Position, Mission_Complete, Set_Objective_Status, Set_Position. Resume mutable state/pending callbacks via save fixtures. Existing shared Lua integer/string emission is a starting mechanism; full types/dispatch/state remain unfinished. Required future validation: proposed: renegade_campaign_tests::callback_M05_Objective_Controller_Custom; required runtime receipt: campaign/callback.M05_Objective_Controller.Custom.json. Planned implementation (not evidence): games/renegade/content/scripts/M05_Objective_Controller.lua."
behavior:campaign.callback.M05_Objective_Controller.Timer_Expired,behavior,campaign.callback.M05_Objective_Controller.Timer_Expired,Code/Scripts/Mission05.cpp:351,games/renegade/scripting,,,not_started,,2,"Acceptance: Port M05_Objective_Controller.Timer_Expired to game-local Lua preserving source guards/parameters/mutable state/ordered typed command args. Exercise every guard plus adjacent/nonmatching event IDs, absent/stale targets and repeated events; compare original source-derived expected trace/Lua trace then assert real ECS/GUI/audio effects after commit barrier. Body command vocabulary: Attach_Script, Create_Conversation, Join_Conversation, Monitor_Conversation, Start_Conversation. Resume mutable state/pending callbacks via save fixtures. Existing shared Lua integer/string emission is a starting mechanism; full types/dispatch/state remain unfinished. Required future validation: proposed: renegade_campaign_tests::callback_M05_Objective_Controller_Timer_Expired; required runtime receipt: campaign/callback.M05_Objective_Controller.Timer_Expired.json. Planned implementation (not evidence): games/renegade/content/scripts/M05_Objective_Controller.lua."
behavior:campaign.callback.M06_Objective_Controller.Action_Complete,behavior,campaign.callback.M06_Objective_Controller.Action_Complete,Code/Scripts/Mission06.cpp:270,games/renegade/scripting,,,not_started,,2,"Acceptance: Port M06_Objective_Controller.Action_Complete to game-local Lua preserving source guards/parameters/mutable state/ordered typed command args. Exercise every guard plus adjacent/nonmatching event IDs, absent/stale targets and repeated events; compare original source-derived expected trace/Lua trace then assert real ECS/GUI/audio effects after commit barrier. Body command vocabulary: Find_Object, Send_Custom_Event. Resume mutable state/pending callbacks via save fixtures. Existing shared Lua integer/string emission is a starting mechanism; full types/dispatch/state remain unfinished. Required future validation: proposed: renegade_campaign_tests::callback_M06_Objective_Controller_Action_Complete; required runtime receipt: campaign/callback.M06_Objective_Controller.Action_Complete.json. Planned implementation (not evidence): games/renegade/content/scripts/M06_Objective_Controller.lua."
behavior:campaign.callback.M06_Objective_Controller.Created,behavior,campaign.callback.M06_Objective_Controller.Created,Code/Scripts/Mission06.cpp:63,games/renegade/scripting,,,not_started,,2,"Acceptance: Port M06_Objective_Controller.Created to game-local Lua preserving source guards/parameters/mutable state/ordered typed command args. Exercise every guard plus adjacent/nonmatching event IDs, absent/stale targets and repeated events; compare original source-derived expected trace/Lua trace then assert real ECS/GUI/audio effects after commit barrier. Body command vocabulary: Create_Conversation, Enable_Hibernation, Join_Conversation, Monitor_Conversation, Set_Background_Music, Start_Conversation, Start_Timer. Resume mutable state/pending callbacks via save fixtures. Existing shared Lua integer/string emission is a starting mechanism; full types/dispatch/state remain unfinished. Required future validation: proposed: renegade_campaign_tests::callback_M06_Objective_Controller_Created; required runtime receipt: campaign/callback.M06_Objective_Controller.Created.json. Planned implementation (not evidence): games/renegade/content/scripts/M06_Objective_Controller.lua."
behavior:campaign.callback.M06_Objective_Controller.Custom,behavior,campaign.callback.M06_Objective_Controller.Custom,Code/Scripts/Mission06.cpp:209,games/renegade/scripting,,,not_started,,2,"Acceptance: Port M06_Objective_Controller.Custom to game-local Lua preserving source guards/parameters/mutable state/ordered typed command args. Exercise every guard plus adjacent/nonmatching event IDs, absent/stale targets and repeated events; compare original source-derived expected trace/Lua trace then assert real ECS/GUI/audio effects after commit barrier. Body command vocabulary: Clear_Radar_Marker, Mission_Complete, Set_Objective_Status, Start_Timer. Resume mutable state/pending callbacks via save fixtures. Existing shared Lua integer/string emission is a starting mechanism; full types/dispatch/state remain unfinished. Required future validation: proposed: renegade_campaign_tests::callback_M06_Objective_Controller_Custom; required runtime receipt: campaign/callback.M06_Objective_Controller.Custom.json. Planned implementation (not evidence): games/renegade/content/scripts/M06_Objective_Controller.lua."
behavior:campaign.callback.M06_Objective_Controller.Timer_Expired,behavior,campaign.callback.M06_Objective_Controller.Timer_Expired,Code/Scripts/Mission06.cpp:278,games/renegade/scripting,,,not_started,,2,"Acceptance: Port M06_Objective_Controller.Timer_Expired to game-local Lua preserving source guards/parameters/mutable state/ordered typed command args. Exercise every guard plus adjacent/nonmatching event IDs, absent/stale targets and repeated events; compare original source-derived expected trace/Lua trace then assert real ECS/GUI/audio effects after commit barrier. Body command vocabulary: Attach_Script, Create_Object. Resume mutable state/pending callbacks via save fixtures. Existing shared Lua integer/string emission is a starting mechanism; full types/dispatch/state remain unfinished. Required future validation: proposed: renegade_campaign_tests::callback_M06_Objective_Controller_Timer_Expired; required runtime receipt: campaign/callback.M06_Objective_Controller.Timer_Expired.json. Planned implementation (not evidence): games/renegade/content/scripts/M06_Objective_Controller.lua."
behavior:campaign.callback.M07_Havoc_DLS.Killed,behavior,campaign.callback.M07_Havoc_DLS.Killed,Code/Scripts/Mission07.cpp:397,games/renegade/scripting,,,not_started,,2,"Acceptance: Port M07_Havoc_DLS.Killed to game-local Lua preserving source guards/parameters/mutable state/ordered typed command args. Exercise every guard plus adjacent/nonmatching event IDs, absent/stale targets and repeated events; compare original source-derived expected trace/Lua trace then assert real ECS/GUI/audio effects after commit barrier. Body command vocabulary: Mission_Complete. Resume mutable state/pending callbacks via save fixtures. Existing shared Lua integer/string emission is a starting mechanism; full types/dispatch/state remain unfinished. Required future validation: proposed: renegade_campaign_tests::callback_M07_Havoc_DLS_Killed; required runtime receipt: campaign/callback.M07_Havoc_DLS.Killed.json. Planned implementation (not evidence): games/renegade/content/scripts/M07_Havoc_DLS.lua."
behavior:campaign.callback.M07_Objective_Controller.Action_Complete,behavior,campaign.callback.M07_Objective_Controller.Action_Complete,Code/Scripts/Mission07.cpp:304,games/renegade/scripting,,,not_started,,2,"Acceptance: Port M07_Objective_Controller.Action_Complete to game-local Lua preserving source guards/parameters/mutable state/ordered typed command args. Exercise every guard plus adjacent/nonmatching event IDs, absent/stale targets and repeated events; compare original source-derived expected trace/Lua trace then assert real ECS/GUI/audio effects after commit barrier. Body command vocabulary: Find_Object, Send_Custom_Event, Start_Timer. Resume mutable state/pending callbacks via save fixtures. Existing shared Lua integer/string emission is a starting mechanism; full types/dispatch/state remain unfinished. Required future validation: proposed: renegade_campaign_tests::callback_M07_Objective_Controller_Action_Complete; required runtime receipt: campaign/callback.M07_Objective_Controller.Action_Complete.json. Planned implementation (not evidence): games/renegade/content/scripts/M07_Objective_Controller.lua."
behavior:campaign.callback.M07_Objective_Controller.Created,behavior,campaign.callback.M07_Objective_Controller.Created,Code/Scripts/Mission07.cpp:59,games/renegade/scripting,,,not_started,,2,"Acceptance: Port M07_Objective_Controller.Created to game-local Lua preserving source guards/parameters/mutable state/ordered typed command args. Exercise every guard plus adjacent/nonmatching event IDs, absent/stale targets and repeated events; compare original source-derived expected trace/Lua trace then assert real ECS/GUI/audio effects after commit barrier. Body command vocabulary: Set_Background_Music, Start_Timer. Resume mutable state/pending callbacks via save fixtures. Existing shared Lua integer/string emission is a starting mechanism; full types/dispatch/state remain unfinished. Required future validation: proposed: renegade_campaign_tests::callback_M07_Objective_Controller_Created; required runtime receipt: campaign/callback.M07_Objective_Controller.Created.json. Planned implementation (not evidence): games/renegade/content/scripts/M07_Objective_Controller.lua."
behavior:campaign.callback.M07_Objective_Controller.Custom,behavior,campaign.callback.M07_Objective_Controller.Custom,Code/Scripts/Mission07.cpp:216,games/renegade/scripting,,,not_started,,2,"Acceptance: Port M07_Objective_Controller.Custom to game-local Lua preserving source guards/parameters/mutable state/ordered typed command args. Exercise every guard plus adjacent/nonmatching event IDs, absent/stale targets and repeated events; compare original source-derived expected trace/Lua trace then assert real ECS/GUI/audio effects after commit barrier. Body command vocabulary: Clear_Radar_Marker, Mission_Complete, Set_Objective_Status. Resume mutable state/pending callbacks via save fixtures. Existing shared Lua integer/string emission is a starting mechanism; full types/dispatch/state remain unfinished. Required future validation: proposed: renegade_campaign_tests::callback_M07_Objective_Controller_Custom; required runtime receipt: campaign/callback.M07_Objective_Controller.Custom.json. Planned implementation (not evidence): games/renegade/content/scripts/M07_Objective_Controller.lua."
behavior:campaign.callback.M07_Objective_Controller.Timer_Expired,behavior,campaign.callback.M07_Objective_Controller.Timer_Expired,Code/Scripts/Mission07.cpp:284,games/renegade/scripting,,,not_started,,2,"Acceptance: Port M07_Objective_Controller.Timer_Expired to game-local Lua preserving source guards/parameters/mutable state/ordered typed command args. Exercise every guard plus adjacent/nonmatching event IDs, absent/stale targets and repeated events; compare original source-derived expected trace/Lua trace then assert real ECS/GUI/audio effects after commit barrier. Body command vocabulary: Create_Conversation, Join_Conversation, Monitor_Conversation, Start_Conversation. Resume mutable state/pending callbacks via save fixtures. Existing shared Lua integer/string emission is a starting mechanism; full types/dispatch/state remain unfinished. Required future validation: proposed: renegade_campaign_tests::callback_M07_Objective_Controller_Timer_Expired; required runtime receipt: campaign/callback.M07_Objective_Controller.Timer_Expired.json. Planned implementation (not evidence): games/renegade/content/scripts/M07_Objective_Controller.lua."
behavior:campaign.callback.M08_Objective_Controller.Created,behavior,campaign.callback.M08_Objective_Controller.Created,Code/Scripts/mission08.cpp:58,games/renegade/scripting,,,not_started,,2,"Acceptance: Port M08_Objective_Controller.Created to game-local Lua preserving source guards/parameters/mutable state/ordered typed command args. Exercise every guard plus adjacent/nonmatching event IDs, absent/stale targets and repeated events; compare original source-derived expected trace/Lua trace then assert real ECS/GUI/audio effects after commit barrier. Body command vocabulary: Enable_Hibernation, Set_Background_Music, Start_Timer. Resume mutable state/pending callbacks via save fixtures. Existing shared Lua integer/string emission is a starting mechanism; full types/dispatch/state remain unfinished. Required future validation: proposed: renegade_campaign_tests::callback_M08_Objective_Controller_Created; required runtime receipt: campaign/callback.M08_Objective_Controller.Created.json. Planned implementation (not evidence): games/renegade/content/scripts/M08_Objective_Controller.lua."
behavior:campaign.callback.M08_Objective_Controller.Custom,behavior,campaign.callback.M08_Objective_Controller.Custom,Code/Scripts/mission08.cpp:225,games/renegade/scripting,,,not_started,,2,"Acceptance: Port M08_Objective_Controller.Custom to game-local Lua preserving source guards/parameters/mutable state/ordered typed command args. Exercise every guard plus adjacent/nonmatching event IDs, absent/stale targets and repeated events; compare original source-derived expected trace/Lua trace then assert real ECS/GUI/audio effects after commit barrier. Body command vocabulary: Clear_Radar_Marker, Find_Object, Mission_Complete, Send_Custom_Event, Set_Objective_Status, Start_Timer. Resume mutable state/pending callbacks via save fixtures. Existing shared Lua integer/string emission is a starting mechanism; full types/dispatch/state remain unfinished. Required future validation: proposed: renegade_campaign_tests::callback_M08_Objective_Controller_Custom; required runtime receipt: campaign/callback.M08_Objective_Controller.Custom.json. Planned implementation (not evidence): games/renegade/content/scripts/M08_Objective_Controller.lua."
behavior:campaign.callback.M09_Evac_Helicopter.Killed,behavior,campaign.callback.M09_Evac_Helicopter.Killed,Code/Scripts/Mission09.cpp:3978,games/renegade/scripting,,,not_started,,2,"Acceptance: Port M09_Evac_Helicopter.Killed to game-local Lua preserving source guards/parameters/mutable state/ordered typed command args. Exercise every guard plus adjacent/nonmatching event IDs, absent/stale targets and repeated events; compare original source-derived expected trace/Lua trace then assert real ECS/GUI/audio effects after commit barrier. Body command vocabulary: Mission_Complete. Resume mutable state/pending callbacks via save fixtures. Existing shared Lua integer/string emission is a starting mechanism; full types/dispatch/state remain unfinished. Required future validation: proposed: renegade_campaign_tests::callback_M09_Evac_Helicopter_Killed; required runtime receipt: campaign/callback.M09_Evac_Helicopter.Killed.json. Planned implementation (not evidence): games/renegade/content/scripts/M09_Evac_Helicopter.lua."
behavior:campaign.callback.M09_Evac_Point_Objective.Timer_Expired,behavior,campaign.callback.M09_Evac_Point_Objective.Timer_Expired,Code/Scripts/Mission09.cpp:608,games/renegade/scripting,,,not_started,,2,"Acceptance: Port M09_Evac_Point_Objective.Timer_Expired to game-local Lua preserving source guards/parameters/mutable state/ordered typed command args. Exercise every guard plus adjacent/nonmatching event IDs, absent/stale targets and repeated events; compare original source-derived expected trace/Lua trace then assert real ECS/GUI/audio effects after commit barrier. Body command vocabulary: Action_Goto, Attach_Script, Create_Object, Find_Object, Get_Distance, Get_Facing, Get_Position, Mission_Complete, Set_Facing, Start_Timer. Resume mutable state/pending callbacks via save fixtures. Existing shared Lua integer/string emission is a starting mechanism; full types/dispatch/state remain unfinished. Required future validation: proposed: renegade_campaign_tests::callback_M09_Evac_Point_Objective_Timer_Expired; required runtime receipt: campaign/callback.M09_Evac_Point_Objective.Timer_Expired.json. Planned implementation (not evidence): games/renegade/content/scripts/M09_Evac_Point_Objective.lua."
behavior:campaign.callback.M09_Mobius_Follow.Killed,behavior,campaign.callback.M09_Mobius_Follow.Killed,Code/Scripts/Mission09.cpp:974,games/renegade/scripting,,,not_started,,2,"Acceptance: Port M09_Mobius_Follow.Killed to game-local Lua preserving source guards/parameters/mutable state/ordered typed command args. Exercise every guard plus adjacent/nonmatching event IDs, absent/stale targets and repeated events; compare original source-derived expected trace/Lua trace then assert real ECS/GUI/audio effects after commit barrier. Body command vocabulary: Find_Object, Mission_Complete, Send_Custom_Event. Resume mutable state/pending callbacks via save fixtures. Existing shared Lua integer/string emission is a starting mechanism; full types/dispatch/state remain unfinished. Required future validation: proposed: renegade_campaign_tests::callback_M09_Mobius_Follow_Killed; required runtime receipt: campaign/callback.M09_Mobius_Follow.Killed.json. Planned implementation (not evidence): games/renegade/content/scripts/M09_Mobius_Follow.lua."
behavior:campaign.callback.M09_Objective_Controller.Created,behavior,campaign.callback.M09_Objective_Controller.Created,Code/Scripts/Mission09.cpp:65,games/renegade/scripting,,,not_started,,2,"Acceptance: Port M09_Objective_Controller.Created to game-local Lua preserving source guards/parameters/mutable state/ordered typed command args. Exercise every guard plus adjacent/nonmatching event IDs, absent/stale targets and repeated events; compare original source-derived expected trace/Lua trace then assert real ECS/GUI/audio effects after commit barrier. Body command vocabulary: Enable_Hibernation, Set_Num_Tertiary_Objectives, Start_Timer. Resume mutable state/pending callbacks via save fixtures. Existing shared Lua integer/string emission is a starting mechanism; full types/dispatch/state remain unfinished. Required future validation: proposed: renegade_campaign_tests::callback_M09_Objective_Controller_Created; required runtime receipt: campaign/callback.M09_Objective_Controller.Created.json. Planned implementation (not evidence): games/renegade/content/scripts/M09_Objective_Controller.lua."
behavior:campaign.callback.M09_Objective_Controller.Custom,behavior,campaign.callback.M09_Objective_Controller.Custom,Code/Scripts/Mission09.cpp:197,games/renegade/scripting,,,not_started,,2,"Acceptance: Port M09_Objective_Controller.Custom to game-local Lua preserving source guards/parameters/mutable state/ordered typed command args. Exercise every guard plus adjacent/nonmatching event IDs, absent/stale targets and repeated events; compare original source-derived expected trace/Lua trace then assert real ECS/GUI/audio effects after commit barrier. Body command vocabulary: Create_Object, Destroy_Object, Find_Object, Get_ID, Send_Custom_Event, Set_Facing, Set_HUD_Help_Text, Set_Is_Rendered, Set_Objective_Status, Start_Timer. Resume mutable state/pending callbacks via save fixtures. Existing shared Lua integer/string emission is a starting mechanism; full types/dispatch/state remain unfinished. Required future validation: proposed: renegade_campaign_tests::callback_M09_Objective_Controller_Custom; required runtime receipt: campaign/callback.M09_Objective_Controller.Custom.json. Planned implementation (not evidence): games/renegade/content/scripts/M09_Objective_Controller.lua."
behavior:campaign.callback.M09_Objective_Controller.Timer_Expired,behavior,campaign.callback.M09_Objective_Controller.Timer_Expired,Code/Scripts/Mission09.cpp:300,games/renegade/scripting,,,not_started,,2,"Acceptance: Port M09_Objective_Controller.Timer_Expired to game-local Lua preserving source guards/parameters/mutable state/ordered typed command args. Exercise every guard plus adjacent/nonmatching event IDs, absent/stale targets and repeated events; compare original source-derived expected trace/Lua trace then assert real ECS/GUI/audio effects after commit barrier. Body command vocabulary: Destroy_Object, Find_Object, Mission_Complete. Resume mutable state/pending callbacks via save fixtures. Existing shared Lua integer/string emission is a starting mechanism; full types/dispatch/state remain unfinished. Required future validation: proposed: renegade_campaign_tests::callback_M09_Objective_Controller_Timer_Expired; required runtime receipt: campaign/callback.M09_Objective_Controller.Timer_Expired.json. Planned implementation (not evidence): games/renegade/content/scripts/M09_Objective_Controller.lua."
behavior:campaign.callback.M10_Objective_Controller.Action_Complete,behavior,campaign.callback.M10_Objective_Controller.Action_Complete,Code/Scripts/Mission10.cpp:429,games/renegade/scripting,,,not_started,,2,"Acceptance: Port M10_Objective_Controller.Action_Complete to game-local Lua preserving source guards/parameters/mutable state/ordered typed command args. Exercise every guard plus adjacent/nonmatching event IDs, absent/stale targets and repeated events; compare original source-derived expected trace/Lua trace then assert real ECS/GUI/audio effects after commit barrier. Body command vocabulary: Add_Objective, Set_Objective_Status. Resume mutable state/pending callbacks via save fixtures. Existing shared Lua integer/string emission is a starting mechanism; full types/dispatch/state remain unfinished. Required future validation: proposed: renegade_campaign_tests::callback_M10_Objective_Controller_Action_Complete; required runtime receipt: campaign/callback.M10_Objective_Controller.Action_Complete.json. Planned implementation (not evidence): games/renegade/content/scripts/M10_Objective_Controller.lua."
behavior:campaign.callback.M10_Objective_Controller.Created,behavior,campaign.callback.M10_Objective_Controller.Created,Code/Scripts/Mission10.cpp:57,games/renegade/scripting,,,not_started,,2,"Acceptance: Port M10_Objective_Controller.Created to game-local Lua preserving source guards/parameters/mutable state/ordered typed command args. Exercise every guard plus adjacent/nonmatching event IDs, absent/stale targets and repeated events; compare original source-derived expected trace/Lua trace then assert real ECS/GUI/audio effects after commit barrier. Body command vocabulary: Add_Objective, Set_Num_Tertiary_Objectives, Start_Timer. Resume mutable state/pending callbacks via save fixtures. Existing shared Lua integer/string emission is a starting mechanism; full types/dispatch/state remain unfinished. Required future validation: proposed: renegade_campaign_tests::callback_M10_Objective_Controller_Created; required runtime receipt: campaign/callback.M10_Objective_Controller.Created.json. Planned implementation (not evidence): games/renegade/content/scripts/M10_Objective_Controller.lua."
behavior:campaign.callback.M10_Objective_Controller.Custom,behavior,campaign.callback.M10_Objective_Controller.Custom,Code/Scripts/Mission10.cpp:443,games/renegade/scripting,,,not_started,,2,"Acceptance: Port M10_Objective_Controller.Custom to game-local Lua preserving source guards/parameters/mutable state/ordered typed command args. Exercise every guard plus adjacent/nonmatching event IDs, absent/stale targets and repeated events; compare original source-derived expected trace/Lua trace then assert real ECS/GUI/audio effects after commit barrier. Body command vocabulary: Add_Objective, Attach_Script, Create_Conversation, Create_Object, Find_Object, Get_Facing, Get_Position, Join_Conversation, Monitor_Conversation, Set_Facing, Set_Objective_Status, Start_Conversation, Start_Timer. Resume mutable state/pending callbacks via save fixtures. Existing shared Lua integer/string emission is a starting mechanism; full types/dispatch/state remain unfinished. Required future validation: proposed: renegade_campaign_tests::callback_M10_Objective_Controller_Custom; required runtime receipt: campaign/callback.M10_Objective_Controller.Custom.json. Planned implementation (not evidence): games/renegade/content/scripts/M10_Objective_Controller.lua."
behavior:campaign.callback.M10_Objective_Controller.Timer_Expired,behavior,campaign.callback.M10_Objective_Controller.Timer_Expired,Code/Scripts/Mission10.cpp:566,games/renegade/scripting,,,not_started,,2,"Acceptance: Port M10_Objective_Controller.Timer_Expired to game-local Lua preserving source guards/parameters/mutable state/ordered typed command args. Exercise every guard plus adjacent/nonmatching event IDs, absent/stale targets and repeated events; compare original source-derived expected trace/Lua trace then assert real ECS/GUI/audio effects after commit barrier. Body command vocabulary: Attach_Script, Create_Conversation, Find_Object, Join_Conversation, Mission_Complete, Monitor_Conversation, Send_Custom_Event, Start_Conversation, Start_Timer. Resume mutable state/pending callbacks via save fixtures. Existing shared Lua integer/string emission is a starting mechanism; full types/dispatch/state remain unfinished. Required future validation: proposed: renegade_campaign_tests::callback_M10_Objective_Controller_Timer_Expired; required runtime receipt: campaign/callback.M10_Objective_Controller.Timer_Expired.json. Planned implementation (not evidence): games/renegade/content/scripts/M10_Objective_Controller.lua."
behavior:campaign.callback.M11_End_Mission_Switch_JDG.Killed,behavior,campaign.callback.M11_End_Mission_Switch_JDG.Killed,Code/Scripts/Mission11.cpp:4902,games/renegade/scripting,,,not_started,,2,"Acceptance: Port M11_End_Mission_Switch_JDG.Killed to game-local Lua preserving source guards/parameters/mutable state/ordered typed command args. Exercise every guard plus adjacent/nonmatching event IDs, absent/stale targets and repeated events; compare original source-derived expected trace/Lua trace then assert real ECS/GUI/audio effects after commit barrier. Body command vocabulary: Mission_Complete. Resume mutable state/pending callbacks via save fixtures. Existing shared Lua integer/string emission is a starting mechanism; full types/dispatch/state remain unfinished. Required future validation: proposed: renegade_campaign_tests::callback_M11_End_Mission_Switch_JDG_Killed; required runtime receipt: campaign/callback.M11_End_Mission_Switch_JDG.Killed.json. Planned implementation (not evidence): games/renegade/content/scripts/M11_End_Mission_Switch_JDG.lua."
behavior:campaign.callback.M11_Mission_Controller_JDG.Action_Complete,behavior,campaign.callback.M11_Mission_Controller_JDG.Action_Complete,Code/Scripts/Mission11.cpp:223,games/renegade/scripting,,,not_started,,2,"Acceptance: Port M11_Mission_Controller_JDG.Action_Complete to game-local Lua preserving source guards/parameters/mutable state/ordered typed command args. Exercise every guard plus adjacent/nonmatching event IDs, absent/stale targets and repeated events; compare original source-derived expected trace/Lua trace then assert real ECS/GUI/audio effects after commit barrier. Body command vocabulary: Add_Objective, Debug_Message, Find_Object, Send_Custom_Event, Set_Objective_HUD_Info, Set_Objective_Radar_Blip_Object. Resume mutable state/pending callbacks via save fixtures. Existing shared Lua integer/string emission is a starting mechanism; full types/dispatch/state remain unfinished. Required future validation: proposed: renegade_campaign_tests::callback_M11_Mission_Controller_JDG_Action_Complete; required runtime receipt: campaign/callback.M11_Mission_Controller_JDG.Action_Complete.json. Planned implementation (not evidence): games/renegade/content/scripts/M11_Mission_Controller_JDG.lua."
behavior:campaign.callback.M11_Mission_Controller_JDG.Created,behavior,campaign.callback.M11_Mission_Controller_JDG.Created,Code/Scripts/Mission11.cpp:214,games/renegade/scripting,,,not_started,,2,"Acceptance: Port M11_Mission_Controller_JDG.Created to game-local Lua preserving source guards/parameters/mutable state/ordered typed command args. Exercise every guard plus adjacent/nonmatching event IDs, absent/stale targets and repeated events; compare original source-derived expected trace/Lua trace then assert real ECS/GUI/audio effects after commit barrier. Body command vocabulary: Enable_Hibernation, Reveal_Map, Send_Custom_Event, Show_Player_Map_Marker. Resume mutable state/pending callbacks via save fixtures. Existing shared Lua integer/string emission is a starting mechanism; full types/dispatch/state remain unfinished. Required future validation: proposed: renegade_campaign_tests::callback_M11_Mission_Controller_JDG_Created; required runtime receipt: campaign/callback.M11_Mission_Controller_JDG.Created.json. Planned implementation (not evidence): games/renegade/content/scripts/M11_Mission_Controller_JDG.lua."
behavior:campaign.callback.M11_Mission_Controller_JDG.Custom,behavior,campaign.callback.M11_Mission_Controller_JDG.Custom,Code/Scripts/Mission11.cpp:266,games/renegade/scripting,,,not_started,,2,"Acceptance: Port M11_Mission_Controller_JDG.Custom to game-local Lua preserving source guards/parameters/mutable state/ordered typed command args. Exercise every guard plus adjacent/nonmatching event IDs, absent/stale targets and repeated events; compare original source-derived expected trace/Lua trace then assert real ECS/GUI/audio effects after commit barrier. Body command vocabulary: Add_Objective, Create_Conversation, Debug_Message, Destroy_Object, Find_Object, Get_Position, Join_Conversation, Mission_Complete, Monitor_Conversation, Send_Custom_Event, Set_Objective_HUD_Info, Set_Objective_HUD_Info_Position, Set_Objective_Radar_Blip_Object, Set_Objective_Status, Start_Conversation. Resume mutable state/pending callbacks via save fixtures. Existing shared Lua integer/string emission is a starting mechanism; full types/dispatch/state remain unfinished. Required future validation: proposed: renegade_campaign_tests::callback_M11_Mission_Controller_JDG_Custom; required runtime receipt: campaign/callback.M11_Mission_Controller_JDG.Custom.json. Planned implementation (not evidence): games/renegade/content/scripts/M11_Mission_Controller_JDG.lua."
behavior:campaign.callback.MTU_GDI_Vehicle.Created,behavior,campaign.callback.MTU_GDI_Vehicle.Created,Code/Scripts/Mission00.cpp:3649,games/renegade/scripting,,,not_started,,2,"Acceptance: Port MTU_GDI_Vehicle.Created to game-local Lua preserving source guards/parameters/mutable state/ordered typed command args. Exercise every guard plus adjacent/nonmatching event IDs, absent/stale targets and repeated events; compare original source-derived expected trace/Lua trace then assert real ECS/GUI/audio effects after commit barrier. Body command vocabulary: Set_Player_Type. Resume mutable state/pending callbacks via save fixtures. Existing shared Lua integer/string emission is a starting mechanism; full types/dispatch/state remain unfinished. Required future validation: proposed: renegade_campaign_tests::callback_MTU_GDI_Vehicle_Created; required runtime receipt: campaign/callback.MTU_GDI_Vehicle.Created.json. Planned implementation (not evidence): games/renegade/content/scripts/MTU_GDI_Vehicle.lua."
behavior:campaign.callback.MTU_GDI_Vehicle.Custom,behavior,campaign.callback.MTU_GDI_Vehicle.Custom,Code/Scripts/Mission00.cpp:3673,games/renegade/scripting,,,not_started,,2,"Acceptance: Port MTU_GDI_Vehicle.Custom to game-local Lua preserving source guards/parameters/mutable state/ordered typed command args. Exercise every guard plus adjacent/nonmatching event IDs, absent/stale targets and repeated events; compare original source-derived expected trace/Lua trace then assert real ECS/GUI/audio effects after commit barrier. Body command vocabulary: Find_Object, Send_Custom_Event, Set_HUD_Help_Text. Resume mutable state/pending callbacks via save fixtures. Existing shared Lua integer/string emission is a starting mechanism; full types/dispatch/state remain unfinished. Required future validation: proposed: renegade_campaign_tests::callback_MTU_GDI_Vehicle_Custom; required runtime receipt: campaign/callback.MTU_GDI_Vehicle.Custom.json. Planned implementation (not evidence): games/renegade/content/scripts/MTU_GDI_Vehicle.lua."
behavior:campaign.callback.MTU_GDI_Vehicle.Killed,behavior,campaign.callback.MTU_GDI_Vehicle.Killed,Code/Scripts/Mission00.cpp:3655,games/renegade/scripting,,,not_started,,2,"Acceptance: Port MTU_GDI_Vehicle.Killed to game-local Lua preserving source guards/parameters/mutable state/ordered typed command args. Exercise every guard plus adjacent/nonmatching event IDs, absent/stale targets and repeated events; compare original source-derived expected trace/Lua trace then assert real ECS/GUI/audio effects after commit barrier. Body command vocabulary: Find_Object, Send_Custom_Event. Resume mutable state/pending callbacks via save fixtures. Existing shared Lua integer/string emission is a starting mechanism; full types/dispatch/state remain unfinished. Required future validation: proposed: renegade_campaign_tests::callback_MTU_GDI_Vehicle_Killed; required runtime receipt: campaign/callback.MTU_GDI_Vehicle.Killed.json. Planned implementation (not evidence): games/renegade/content/scripts/MTU_GDI_Vehicle.lua."
behavior:campaign.callback.MTU_Range_Target.Created,behavior,campaign.callback.MTU_Range_Target.Created,Code/Scripts/Mission00.cpp:3545,games/renegade/scripting,,,not_started,,2,"Acceptance: Port MTU_Range_Target.Created to game-local Lua preserving source guards/parameters/mutable state/ordered typed command args. Exercise every guard plus adjacent/nonmatching event IDs, absent/stale targets and repeated events; compare original source-derived expected trace/Lua trace then assert real ECS/GUI/audio effects after commit barrier. Body command vocabulary: Attach_Script, Innate_Disable. Resume mutable state/pending callbacks via save fixtures. Existing shared Lua integer/string emission is a starting mechanism; full types/dispatch/state remain unfinished. Required future validation: proposed: renegade_campaign_tests::callback_MTU_Range_Target_Created; required runtime receipt: campaign/callback.MTU_Range_Target.Created.json. Planned implementation (not evidence): games/renegade/content/scripts/MTU_Range_Target.lua."
behavior:campaign.callback.MTU_Range_Target.Killed,behavior,campaign.callback.MTU_Range_Target.Killed,Code/Scripts/Mission00.cpp:3551,games/renegade/scripting,,,not_started,,2,"Acceptance: Port MTU_Range_Target.Killed to game-local Lua preserving source guards/parameters/mutable state/ordered typed command args. Exercise every guard plus adjacent/nonmatching event IDs, absent/stale targets and repeated events; compare original source-derived expected trace/Lua trace then assert real ECS/GUI/audio effects after commit barrier. Body command vocabulary: Find_Object, Get_Position, Send_Custom_Event. Resume mutable state/pending callbacks via save fixtures. Existing shared Lua integer/string emission is a starting mechanism; full types/dispatch/state remain unfinished. Required future validation: proposed: renegade_campaign_tests::callback_MTU_Range_Target_Killed; required runtime receipt: campaign/callback.MTU_Range_Target.Killed.json. Planned implementation (not evidence): games/renegade/content/scripts/MTU_Range_Target.lua."
behavior:campaign.callback.MTU_Trigger_Zone.Created,behavior,campaign.callback.MTU_Trigger_Zone.Created,Code/Scripts/Mission00.cpp:2768,games/renegade/scripting,,,not_started,,2,"Acceptance: Port MTU_Trigger_Zone.Created to game-local Lua preserving source guards/parameters/mutable state/ordered typed command args. Exercise every guard plus adjacent/nonmatching event IDs, absent/stale targets and repeated events; compare original source-derived expected trace/Lua trace then assert real ECS/GUI/audio effects after commit barrier. Body command vocabulary: (none; state/register/save operations still require parity). Resume mutable state/pending callbacks via save fixtures. Existing shared Lua integer/string emission is a starting mechanism; full types/dispatch/state remain unfinished. Required future validation: proposed: renegade_campaign_tests::callback_MTU_Trigger_Zone_Created; required runtime receipt: campaign/callback.MTU_Trigger_Zone.Created.json. Planned implementation (not evidence): games/renegade/content/scripts/MTU_Trigger_Zone.lua."
behavior:campaign.callback.MTU_Trigger_Zone.Custom,behavior,campaign.callback.MTU_Trigger_Zone.Custom,Code/Scripts/Mission00.cpp:3203,games/renegade/scripting,,,not_started,,2,"Acceptance: Port MTU_Trigger_Zone.Custom to game-local Lua preserving source guards/parameters/mutable state/ordered typed command args. Exercise every guard plus adjacent/nonmatching event IDs, absent/stale targets and repeated events; compare original source-derived expected trace/Lua trace then assert real ECS/GUI/audio effects after commit barrier. Body command vocabulary: Find_Object, Get_Max_Health, Send_Custom_Event, Set_Health, Set_Shield_Strength. Resume mutable state/pending callbacks via save fixtures. Existing shared Lua integer/string emission is a starting mechanism; full types/dispatch/state remain unfinished. Required future validation: proposed: renegade_campaign_tests::callback_MTU_Trigger_Zone_Custom; required runtime receipt: campaign/callback.MTU_Trigger_Zone.Custom.json. Planned implementation (not evidence): games/renegade/content/scripts/MTU_Trigger_Zone.lua."
behavior:campaign.callback.MTU_Trigger_Zone.Entered,behavior,campaign.callback.MTU_Trigger_Zone.Entered,Code/Scripts/Mission00.cpp:2774,games/renegade/scripting,,,not_started,,2,"Acceptance: Port MTU_Trigger_Zone.Entered to game-local Lua preserving source guards/parameters/mutable state/ordered typed command args. Exercise every guard plus adjacent/nonmatching event IDs, absent/stale targets and repeated events; compare original source-derived expected trace/Lua trace then assert real ECS/GUI/audio effects after commit barrier. Body command vocabulary: Clear_Radar_Marker, Destroy_Object, Find_Object, Get_ID, Has_Key, Send_Custom_Event, Set_HUD_Help_Text. Resume mutable state/pending callbacks via save fixtures. Existing shared Lua integer/string emission is a starting mechanism; full types/dispatch/state remain unfinished. Required future validation: proposed: renegade_campaign_tests::callback_MTU_Trigger_Zone_Entered; required runtime receipt: campaign/callback.MTU_Trigger_Zone.Entered.json. Planned implementation (not evidence): games/renegade/content/scripts/MTU_Trigger_Zone.lua."
behavior:campaign.callback.MTU_Tutorial_Controller.Created,behavior,campaign.callback.MTU_Tutorial_Controller.Created,Code/Scripts/Mission00.cpp:95,games/renegade/scripting,,,not_started,,2,"Acceptance: Port MTU_Tutorial_Controller.Created to game-local Lua preserving source guards/parameters/mutable state/ordered typed command args. Exercise every guard plus adjacent/nonmatching event IDs, absent/stale targets and repeated events; compare original source-derived expected trace/Lua trace then assert real ECS/GUI/audio effects after commit barrier. Body command vocabulary: Add_Objective, Add_Radar_Marker, Find_Object, Reveal_Map, Set_Animation_Frame, Start_Timer. Resume mutable state/pending callbacks via save fixtures. Existing shared Lua integer/string emission is a starting mechanism; full types/dispatch/state remain unfinished. Required future validation: proposed: renegade_campaign_tests::callback_MTU_Tutorial_Controller_Created; required runtime receipt: campaign/callback.MTU_Tutorial_Controller.Created.json. Planned implementation (not evidence): games/renegade/content/scripts/MTU_Tutorial_Controller.lua."
behavior:campaign.callback.MTU_Tutorial_Controller.Custom,behavior,campaign.callback.MTU_Tutorial_Controller.Custom,Code/Scripts/Mission00.cpp:312,games/renegade/scripting,,,not_started,,2,"Acceptance: Port MTU_Tutorial_Controller.Custom to game-local Lua preserving source guards/parameters/mutable state/ordered typed command args. Exercise every guard plus adjacent/nonmatching event IDs, absent/stale targets and repeated events; compare original source-derived expected trace/Lua trace then assert real ECS/GUI/audio effects after commit barrier. Body command vocabulary: Apply_Damage, Attach_Script, Clear_Radar_Marker, Create_Object, Destroy_Object, Find_Object, Get_ID, Innate_Disable, Send_Custom_Event, Set_Facing, Set_HUD_Help_Text, Set_Obj_Radar_Blip_Color, Set_Obj_Radar_Blip_Shape, Set_Objective_Status, Start_Timer, Trigger_Spawner. Resume mutable state/pending callbacks via save fixtures. Existing shared Lua integer/string emission is a starting mechanism; full types/dispatch/state remain unfinished. Required future validation: proposed: renegade_campaign_tests::callback_MTU_Tutorial_Controller_Custom; required runtime receipt: campaign/callback.MTU_Tutorial_Controller.Custom.json. Planned implementation (not evidence): games/renegade/content/scripts/MTU_Tutorial_Controller.lua."
behavior:campaign.callback.MTU_Tutorial_Controller.Timer_Expired,behavior,campaign.callback.MTU_Tutorial_Controller.Timer_Expired,Code/Scripts/Mission00.cpp:168,games/renegade/scripting,,,not_started,,2,"Acceptance: Port MTU_Tutorial_Controller.Timer_Expired to game-local Lua preserving source guards/parameters/mutable state/ordered typed command args. Exercise every guard plus adjacent/nonmatching event IDs, absent/stale targets and repeated events; compare original source-derived expected trace/Lua trace then assert real ECS/GUI/audio effects after commit barrier. Body command vocabulary: Attach_Script, Create_Object, Find_Object, Get_ID, Mission_Complete, Send_Custom_Event, Start_Timer. Resume mutable state/pending callbacks via save fixtures. Existing shared Lua integer/string emission is a starting mechanism; full types/dispatch/state remain unfinished. Required future validation: proposed: renegade_campaign_tests::callback_MTU_Tutorial_Controller_Timer_Expired; required runtime receipt: campaign/callback.MTU_Tutorial_Controller.Timer_Expired.json. Planned implementation (not evidence): games/renegade/content/scripts/MTU_Tutorial_Controller.lua."
behavior:campaign.callback.MTU_Tutorial_Instructor.Action_Complete,behavior,campaign.callback.MTU_Tutorial_Instructor.Action_Complete,Code/Scripts/Mission00.cpp:2312,games/renegade/scripting,,,not_started,,2,"Acceptance: Port MTU_Tutorial_Instructor.Action_Complete to game-local Lua preserving source guards/parameters/mutable state/ordered typed command args. Exercise every guard plus adjacent/nonmatching event IDs, absent/stale targets and repeated events; compare original source-derived expected trace/Lua trace then assert real ECS/GUI/audio effects after commit barrier. Body command vocabulary: Action_Attack, Action_Goto, Attach_Script, Create_Object, Destroy_Object, Find_Object, Get_ID, Innate_Disable, Select_Weapon, Send_Custom_Event, Set_Animation, Set_Facing, Set_HUD_Help_Text, Set_Objective_HUD_Info, Set_Objective_HUD_Info_Position, Set_Objective_Radar_Blip, Set_Objective_Status, Set_Position, Start_Timer. Resume mutable state/pending callbacks via save fixtures. Existing shared Lua integer/string emission is a starting mechanism; full types/dispatch/state remain unfinished. Required future validation: proposed: renegade_campaign_tests::callback_MTU_Tutorial_Instructor_Action_Complete; required runtime receipt: campaign/callback.MTU_Tutorial_Instructor.Action_Complete.json. Planned implementation (not evidence): games/renegade/content/scripts/MTU_Tutorial_Instructor.lua."
behavior:campaign.callback.MTU_Tutorial_Instructor.Created,behavior,campaign.callback.MTU_Tutorial_Instructor.Created,Code/Scripts/Mission00.cpp:1262,games/renegade/scripting,,,not_started,,2,"Acceptance: Port MTU_Tutorial_Instructor.Created to game-local Lua preserving source guards/parameters/mutable state/ordered typed command args. Exercise every guard plus adjacent/nonmatching event IDs, absent/stale targets and repeated events; compare original source-derived expected trace/Lua trace then assert real ECS/GUI/audio effects after commit barrier. Body command vocabulary: Enable_Hibernation, Innate_Disable, Set_Loiters_Allowed, Set_Shield_Type. Resume mutable state/pending callbacks via save fixtures. Existing shared Lua integer/string emission is a starting mechanism; full types/dispatch/state remain unfinished. Required future validation: proposed: renegade_campaign_tests::callback_MTU_Tutorial_Instructor_Created; required runtime receipt: campaign/callback.MTU_Tutorial_Instructor.Created.json. Planned implementation (not evidence): games/renegade/content/scripts/MTU_Tutorial_Instructor.lua."
behavior:campaign.callback.MTU_Tutorial_Instructor.Custom,behavior,campaign.callback.MTU_Tutorial_Instructor.Custom,Code/Scripts/Mission00.cpp:1289,games/renegade/scripting,,,not_started,,2,"Acceptance: Port MTU_Tutorial_Instructor.Custom to game-local Lua preserving source guards/parameters/mutable state/ordered typed command args. Exercise every guard plus adjacent/nonmatching event IDs, absent/stale targets and repeated events; compare original source-derived expected trace/Lua trace then assert real ECS/GUI/audio effects after commit barrier. Body command vocabulary: Action_Reset, Create_Object, Find_Object, Give_PowerUp, Send_Custom_Event, Set_HUD_Help_Text, Start_Timer. Resume mutable state/pending callbacks via save fixtures. Existing shared Lua integer/string emission is a starting mechanism; full types/dispatch/state remain unfinished. Required future validation: proposed: renegade_campaign_tests::callback_MTU_Tutorial_Instructor_Custom; required runtime receipt: campaign/callback.MTU_Tutorial_Instructor.Custom.json. Planned implementation (not evidence): games/renegade/content/scripts/MTU_Tutorial_Instructor.lua."
behavior:campaign.callback.MTU_Tutorial_Instructor.Damaged,behavior,campaign.callback.MTU_Tutorial_Instructor.Damaged,Code/Scripts/Mission00.cpp:2747,games/renegade/scripting,,,not_started,,2,"Acceptance: Port MTU_Tutorial_Instructor.Damaged to game-local Lua preserving source guards/parameters/mutable state/ordered typed command args. Exercise every guard plus adjacent/nonmatching event IDs, absent/stale targets and repeated events; compare original source-derived expected trace/Lua trace then assert real ECS/GUI/audio effects after commit barrier. Body command vocabulary: Get_Max_Health, Set_Health. Resume mutable state/pending callbacks via save fixtures. Existing shared Lua integer/string emission is a starting mechanism; full types/dispatch/state remain unfinished. Required future validation: proposed: renegade_campaign_tests::callback_MTU_Tutorial_Instructor_Damaged; required runtime receipt: campaign/callback.MTU_Tutorial_Instructor.Damaged.json. Planned implementation (not evidence): games/renegade/content/scripts/MTU_Tutorial_Instructor.lua."
behavior:campaign.callback.MTU_Tutorial_Instructor.Sound_Heard,behavior,campaign.callback.MTU_Tutorial_Instructor.Sound_Heard,Code/Scripts/Mission00.cpp:2732,games/renegade/scripting,,,not_started,,2,"Acceptance: Port MTU_Tutorial_Instructor.Sound_Heard to game-local Lua preserving source guards/parameters/mutable state/ordered typed command args. Exercise every guard plus adjacent/nonmatching event IDs, absent/stale targets and repeated events; compare original source-derived expected trace/Lua trace then assert real ECS/GUI/audio effects after commit barrier. Body command vocabulary: Get_ID. Resume mutable state/pending callbacks via save fixtures. Existing shared Lua integer/string emission is a starting mechanism; full types/dispatch/state remain unfinished. Required future validation: proposed: renegade_campaign_tests::callback_MTU_Tutorial_Instructor_Sound_Heard; required runtime receipt: campaign/callback.MTU_Tutorial_Instructor.Sound_Heard.json. Planned implementation (not evidence): games/renegade/content/scripts/MTU_Tutorial_Instructor.lua."
behavior:campaign.callback.MTU_Tutorial_Instructor.Timer_Expired,behavior,campaign.callback.MTU_Tutorial_Instructor.Timer_Expired,Code/Scripts/Mission00.cpp:1695,games/renegade/scripting,,,not_started,,2,"Acceptance: Port MTU_Tutorial_Instructor.Timer_Expired to game-local Lua preserving source guards/parameters/mutable state/ordered typed command args. Exercise every guard plus adjacent/nonmatching event IDs, absent/stale targets and repeated events; compare original source-derived expected trace/Lua trace then assert real ECS/GUI/audio effects after commit barrier. Body command vocabulary: Attach_Script, Create_Object, Find_Object, Send_Custom_Event, Set_HUD_Help_Text, Set_Position, Start_Timer. Resume mutable state/pending callbacks via save fixtures. Existing shared Lua integer/string emission is a starting mechanism; full types/dispatch/state remain unfinished. Required future validation: proposed: renegade_campaign_tests::callback_MTU_Tutorial_Instructor_Timer_Expired; required runtime receipt: campaign/callback.MTU_Tutorial_Instructor.Timer_Expired.json. Planned implementation (not evidence): games/renegade/content/scripts/MTU_Tutorial_Instructor.lua."
behavior:campaign.callback.MX0_A03_CONTROLLER_DAK.Created,behavior,campaign.callback.MX0_A03_CONTROLLER_DAK.Created,Code/Scripts/MissionX0.cpp:1816,games/renegade/scripting,,,not_started,,2,"Acceptance: Port MX0_A03_CONTROLLER_DAK.Created to game-local Lua preserving source guards/parameters/mutable state/ordered typed command args. Exercise every guard plus adjacent/nonmatching event IDs, absent/stale targets and repeated events; compare original source-derived expected trace/Lua trace then assert real ECS/GUI/audio effects after commit barrier. Body command vocabulary: (none; state/register/save operations still require parity). Resume mutable state/pending callbacks via save fixtures. Existing shared Lua integer/string emission is a starting mechanism; full types/dispatch/state remain unfinished. Required future validation: proposed: renegade_campaign_tests::callback_MX0_A03_CONTROLLER_DAK_Created; required runtime receipt: campaign/callback.MX0_A03_CONTROLLER_DAK.Created.json. Planned implementation (not evidence): games/renegade/content/scripts/MX0_A03_CONTROLLER_DAK.lua."
behavior:campaign.callback.MX0_A03_CONTROLLER_DAK.Custom,behavior,campaign.callback.MX0_A03_CONTROLLER_DAK.Custom,Code/Scripts/MissionX0.cpp:1826,games/renegade/scripting,,,not_started,,2,"Acceptance: Port MX0_A03_CONTROLLER_DAK.Custom to game-local Lua preserving source guards/parameters/mutable state/ordered typed command args. Exercise every guard plus adjacent/nonmatching event IDs, absent/stale targets and repeated events; compare original source-derived expected trace/Lua trace then assert real ECS/GUI/audio effects after commit barrier. Body command vocabulary: Action_Goto, Action_Reset, Attach_Script, Create_Conversation, Create_Object, Debug_Message, Find_Object, Get_ID, Get_Position, Join_Conversation, Scale_AI_Awareness, Send_Custom_Event, Set_Facing, Start_Conversation. Resume mutable state/pending callbacks via save fixtures. Existing shared Lua integer/string emission is a starting mechanism; full types/dispatch/state remain unfinished. Required future validation: proposed: renegade_campaign_tests::callback_MX0_A03_CONTROLLER_DAK_Custom; required runtime receipt: campaign/callback.MX0_A03_CONTROLLER_DAK.Custom.json. Planned implementation (not evidence): games/renegade/content/scripts/MX0_A03_CONTROLLER_DAK.lua."
behavior:campaign.callback.MX0_A03_END_ZONE.Created,behavior,campaign.callback.MX0_A03_END_ZONE.Created,Code/Scripts/MissionX0.cpp:2635,games/renegade/scripting,,,not_started,,2,"Acceptance: Port MX0_A03_END_ZONE.Created to game-local Lua preserving source guards/parameters/mutable state/ordered typed command args. Exercise every guard plus adjacent/nonmatching event IDs, absent/stale targets and repeated events; compare original source-derived expected trace/Lua trace then assert real ECS/GUI/audio effects after commit barrier. Body command vocabulary: (none; state/register/save operations still require parity). Resume mutable state/pending callbacks via save fixtures. Existing shared Lua integer/string emission is a starting mechanism; full types/dispatch/state remain unfinished. Required future validation: proposed: renegade_campaign_tests::callback_MX0_A03_END_ZONE_Created; required runtime receipt: campaign/callback.MX0_A03_END_ZONE.Created.json. Planned implementation (not evidence): games/renegade/content/scripts/MX0_A03_END_ZONE.lua."
behavior:campaign.callback.MX0_A03_END_ZONE.Custom,behavior,campaign.callback.MX0_A03_END_ZONE.Custom,Code/Scripts/MissionX0.cpp:2666,games/renegade/scripting,,,not_started,,2,"Acceptance: Port MX0_A03_END_ZONE.Custom to game-local Lua preserving source guards/parameters/mutable state/ordered typed command args. Exercise every guard plus adjacent/nonmatching event IDs, absent/stale targets and repeated events; compare original source-derived expected trace/Lua trace then assert real ECS/GUI/audio effects after commit barrier. Body command vocabulary: (none; state/register/save operations still require parity). Resume mutable state/pending callbacks via save fixtures. Existing shared Lua integer/string emission is a starting mechanism; full types/dispatch/state remain unfinished. Required future validation: proposed: renegade_campaign_tests::callback_MX0_A03_END_ZONE_Custom; required runtime receipt: campaign/callback.MX0_A03_END_ZONE.Custom.json. Planned implementation (not evidence): games/renegade/content/scripts/MX0_A03_END_ZONE.lua."
behavior:campaign.callback.MX0_A03_END_ZONE.Entered,behavior,campaign.callback.MX0_A03_END_ZONE.Entered,Code/Scripts/MissionX0.cpp:2639,games/renegade/scripting,,,not_started,,2,"Acceptance: Port MX0_A03_END_ZONE.Entered to game-local Lua preserving source guards/parameters/mutable state/ordered typed command args. Exercise every guard plus adjacent/nonmatching event IDs, absent/stale targets and repeated events; compare original source-derived expected trace/Lua trace then assert real ECS/GUI/audio effects after commit barrier. Body command vocabulary: Find_Object, Send_Custom_Event. Resume mutable state/pending callbacks via save fixtures. Existing shared Lua integer/string emission is a starting mechanism; full types/dispatch/state remain unfinished. Required future validation: proposed: renegade_campaign_tests::callback_MX0_A03_END_ZONE_Entered; required runtime receipt: campaign/callback.MX0_A03_END_ZONE.Entered.json. Planned implementation (not evidence): games/renegade/content/scripts/MX0_A03_END_ZONE.lua."
behavior:campaign.callback.MX0_Engineer1.Action_Complete,behavior,campaign.callback.MX0_Engineer1.Action_Complete,Code/Scripts/MissionX0.cpp:535,games/renegade/scripting,,,not_started,,2,"Acceptance: Port MX0_Engineer1.Action_Complete to game-local Lua preserving source guards/parameters/mutable state/ordered typed command args. Exercise every guard plus adjacent/nonmatching event IDs, absent/stale targets and repeated events; compare original source-derived expected trace/Lua trace then assert real ECS/GUI/audio effects after commit barrier. Body command vocabulary: Action_Goto, Find_Object, Get_Action_ID, Get_Position, Is_Performing_Pathfind_Action, Send_Custom_Event, Start_Timer. Resume mutable state/pending callbacks via save fixtures. Existing shared Lua integer/string emission is a starting mechanism; full types/dispatch/state remain unfinished. Required future validation: proposed: renegade_campaign_tests::callback_MX0_Engineer1_Action_Complete; required runtime receipt: campaign/callback.MX0_Engineer1.Action_Complete.json. Planned implementation (not evidence): games/renegade/content/scripts/MX0_Engineer1.lua."
behavior:campaign.callback.MX0_Engineer1.Animation_Complete,behavior,campaign.callback.MX0_Engineer1.Animation_Complete,Code/Scripts/MissionX0.cpp:612,games/renegade/scripting,,,not_started,,2,"Acceptance: Port MX0_Engineer1.Animation_Complete to game-local Lua preserving source guards/parameters/mutable state/ordered typed command args. Exercise every guard plus adjacent/nonmatching event IDs, absent/stale targets and repeated events; compare original source-derived expected trace/Lua trace then assert real ECS/GUI/audio effects after commit barrier. Body command vocabulary: (none; state/register/save operations still require parity). Resume mutable state/pending callbacks via save fixtures. Existing shared Lua integer/string emission is a starting mechanism; full types/dispatch/state remain unfinished. Required future validation: proposed: renegade_campaign_tests::callback_MX0_Engineer1_Animation_Complete; required runtime receipt: campaign/callback.MX0_Engineer1.Animation_Complete.json. Planned implementation (not evidence): games/renegade/content/scripts/MX0_Engineer1.lua."
behavior:campaign.callback.MX0_Engineer1.Created,behavior,campaign.callback.MX0_Engineer1.Created,Code/Scripts/MissionX0.cpp:485,games/renegade/scripting,,,not_started,,2,"Acceptance: Port MX0_Engineer1.Created to game-local Lua preserving source guards/parameters/mutable state/ordered typed command args. Exercise every guard plus adjacent/nonmatching event IDs, absent/stale targets and repeated events; compare original source-derived expected trace/Lua trace then assert real ECS/GUI/audio effects after commit barrier. Body command vocabulary: Find_Object, Get_Health, Get_ID, Send_Custom_Event, Start_Timer. Resume mutable state/pending callbacks via save fixtures. Existing shared Lua integer/string emission is a starting mechanism; full types/dispatch/state remain unfinished. Required future validation: proposed: renegade_campaign_tests::callback_MX0_Engineer1_Created; required runtime receipt: campaign/callback.MX0_Engineer1.Created.json. Planned implementation (not evidence): games/renegade/content/scripts/MX0_Engineer1.lua."
behavior:campaign.callback.MX0_Engineer1.Custom,behavior,campaign.callback.MX0_Engineer1.Custom,Code/Scripts/MissionX0.cpp:620,games/renegade/scripting,,,not_started,,2,"Acceptance: Port MX0_Engineer1.Custom to game-local Lua preserving source guards/parameters/mutable state/ordered typed command args. Exercise every guard plus adjacent/nonmatching event IDs, absent/stale targets and repeated events; compare original source-derived expected trace/Lua trace then assert real ECS/GUI/audio effects after commit barrier. Body command vocabulary: Action_Attack, Action_Goto, Action_Play_Animation, Action_Reset, Find_Object, Get_Position, Get_Random_Int, Lock_Soldier_Facing, Unlock_Soldier_Facing. Resume mutable state/pending callbacks via save fixtures. Existing shared Lua integer/string emission is a starting mechanism; full types/dispatch/state remain unfinished. Required future validation: proposed: renegade_campaign_tests::callback_MX0_Engineer1_Custom; required runtime receipt: campaign/callback.MX0_Engineer1.Custom.json. Planned implementation (not evidence): games/renegade/content/scripts/MX0_Engineer1.lua."
behavior:campaign.callback.MX0_Engineer1.Damaged,behavior,campaign.callback.MX0_Engineer1.Damaged,Code/Scripts/MissionX0.cpp:563,games/renegade/scripting,,,not_started,,2,"Acceptance: Port MX0_Engineer1.Damaged to game-local Lua preserving source guards/parameters/mutable state/ordered typed command args. Exercise every guard plus adjacent/nonmatching event IDs, absent/stale targets and repeated events; compare original source-derived expected trace/Lua trace then assert real ECS/GUI/audio effects after commit barrier. Body command vocabulary: Action_Play_Animation, Create_Conversation, Get_Health, Get_Random_Int, Join_Conversation, Monitor_Conversation, Set_Health, Start_Conversation. Resume mutable state/pending callbacks via save fixtures. Existing shared Lua integer/string emission is a starting mechanism; full types/dispatch/state remain unfinished. Required future validation: proposed: renegade_campaign_tests::callback_MX0_Engineer1_Damaged; required runtime receipt: campaign/callback.MX0_Engineer1.Damaged.json. Planned implementation (not evidence): games/renegade/content/scripts/MX0_Engineer1.lua."
behavior:campaign.callback.MX0_Engineer1.Timer_Expired,behavior,campaign.callback.MX0_Engineer1.Timer_Expired,Code/Scripts/MissionX0.cpp:498,games/renegade/scripting,,,not_started,,2,"Acceptance: Port MX0_Engineer1.Timer_Expired to game-local Lua preserving source guards/parameters/mutable state/ordered typed command args. Exercise every guard plus adjacent/nonmatching event IDs, absent/stale targets and repeated events; compare original source-derived expected trace/Lua trace then assert real ECS/GUI/audio effects after commit barrier. Body command vocabulary: Action_Goto, Find_Object, Get_Position, Set_Innate_Is_Stationary. Resume mutable state/pending callbacks via save fixtures. Existing shared Lua integer/string emission is a starting mechanism; full types/dispatch/state remain unfinished. Required future validation: proposed: renegade_campaign_tests::callback_MX0_Engineer1_Timer_Expired; required runtime receipt: campaign/callback.MX0_Engineer1.Timer_Expired.json. Planned implementation (not evidence): games/renegade/content/scripts/MX0_Engineer1.lua."
behavior:campaign.callback.MX0_MissionStart_DME.Action_Complete,behavior,campaign.callback.MX0_MissionStart_DME.Action_Complete,Code/Scripts/MissionX0.cpp:74,games/renegade/scripting,,,not_started,,2,"Acceptance: Port MX0_MissionStart_DME.Action_Complete to game-local Lua preserving source guards/parameters/mutable state/ordered typed command args. Exercise every guard plus adjacent/nonmatching event IDs, absent/stale targets and repeated events; compare original source-derived expected trace/Lua trace then assert real ECS/GUI/audio effects after commit barrier. Body command vocabulary: Find_Object, Send_Custom_Event, Start_Timer. Resume mutable state/pending callbacks via save fixtures. Existing shared Lua integer/string emission is a starting mechanism; full types/dispatch/state remain unfinished. Required future validation: proposed: renegade_campaign_tests::callback_MX0_MissionStart_DME_Action_Complete; required runtime receipt: campaign/callback.MX0_MissionStart_DME.Action_Complete.json. Planned implementation (not evidence): games/renegade/content/scripts/MX0_MissionStart_DME.lua."
behavior:campaign.callback.MX0_MissionStart_DME.Created,behavior,campaign.callback.MX0_MissionStart_DME.Created,Code/Scripts/MissionX0.cpp:59,games/renegade/scripting,,,not_started,,2,"Acceptance: Port MX0_MissionStart_DME.Created to game-local Lua preserving source guards/parameters/mutable state/ordered typed command args. Exercise every guard plus adjacent/nonmatching event IDs, absent/stale targets and repeated events; compare original source-derived expected trace/Lua trace then assert real ECS/GUI/audio effects after commit barrier. Body command vocabulary: Attach_Script, Create_Object, Fade_Background_Music, Find_Object, Get_Position, Select_Weapon. Resume mutable state/pending callbacks via save fixtures. Existing shared Lua integer/string emission is a starting mechanism; full types/dispatch/state remain unfinished. Required future validation: proposed: renegade_campaign_tests::callback_MX0_MissionStart_DME_Created; required runtime receipt: campaign/callback.MX0_MissionStart_DME.Created.json. Planned implementation (not evidence): games/renegade/content/scripts/MX0_MissionStart_DME.lua."
behavior:campaign.callback.MX0_MissionStart_DME.Custom,behavior,campaign.callback.MX0_MissionStart_DME.Custom,Code/Scripts/MissionX0.cpp:179,games/renegade/scripting,,,not_started,,2,"Acceptance: Port MX0_MissionStart_DME.Custom to game-local Lua preserving source guards/parameters/mutable state/ordered typed command args. Exercise every guard plus adjacent/nonmatching event IDs, absent/stale targets and repeated events; compare original source-derived expected trace/Lua trace then assert real ECS/GUI/audio effects after commit barrier. Body command vocabulary: Create_Conversation, Create_Object, Find_Object, Get_ID, Get_Random_Int, Innate_Disable, Join_Conversation, Join_Conversation_Facing, Monitor_Conversation, Send_Custom_Event, Set_Facing, Set_Is_Rendered, Start_Conversation, Start_Timer. Resume mutable state/pending callbacks via save fixtures. Existing shared Lua integer/string emission is a starting mechanism; full types/dispatch/state remain unfinished. Required future validation: proposed: renegade_campaign_tests::callback_MX0_MissionStart_DME_Custom; required runtime receipt: campaign/callback.MX0_MissionStart_DME.Custom.json. Planned implementation (not evidence): games/renegade/content/scripts/MX0_MissionStart_DME.lua."
behavior:campaign.callback.MX0_MissionStart_DME.Timer_Expired,behavior,campaign.callback.MX0_MissionStart_DME.Timer_Expired,Code/Scripts/MissionX0.cpp:93,games/renegade/scripting,,,not_started,,2,"Acceptance: Port MX0_MissionStart_DME.Timer_Expired to game-local Lua preserving source guards/parameters/mutable state/ordered typed command args. Exercise every guard plus adjacent/nonmatching event IDs, absent/stale targets and repeated events; compare original source-derived expected trace/Lua trace then assert real ECS/GUI/audio effects after commit barrier. Body command vocabulary: Attach_Script, Create_Conversation, Create_Object, Find_Object, Get_ID, Get_Position, Give_PowerUp, Join_Conversation, Monitor_Conversation, Select_Weapon, Send_Custom_Event, Set_Background_Music, Set_HUD_Help_Text, Start_Conversation, Start_Timer. Resume mutable state/pending callbacks via save fixtures. Existing shared Lua integer/string emission is a starting mechanism; full types/dispatch/state remain unfinished. Required future validation: proposed: renegade_campaign_tests::callback_MX0_MissionStart_DME_Timer_Expired; required runtime receipt: campaign/callback.MX0_MissionStart_DME.Timer_Expired.json. Planned implementation (not evidence): games/renegade/content/scripts/MX0_MissionStart_DME.lua."
behavior:campaign.cinematic.audio_event,behavior,campaign.cinematic.audio_event,Code/Combat/scriptablegameobj.cpp:697,games/renegade/scripting,,,not_started,,2,Acceptance: Sound completion emits source SOUND_ENDED custom type with sound ID/null sender once; pause/cancel/teardown/save resume cannot retain dangling owner IDs. Reuse: shared ECS scheduler/access/command barriers; game-local authored schemas/rules. Proposed generic common/fps capability requires semantic checks against existing GZH common/rts modules before adoption. Required future validation: proposed: renegade_campaign_tests::cinematic_audio_event; required runtime receipt: campaign/cinematic.audio_event.json.
behavior:campaign.cinematic.campaign_movies,behavior,campaign.cinematic.campaign_movies,Code/Commando/movie.cpp:250,games/renegade/presentation/cinematics,,,not_started,,2,Acceptance: Campaign completion/skip stops decode/audio then advances once; unlock gallery descriptions; validate voice suppression/resume and subtitles separately from intro tests. Reuse: shared ECS scheduler/access/command barriers; game-local authored schemas/rules. Proposed generic common/fps capability requires semantic checks against existing GZH common/rts modules before adoption. Required future validation: proposed: renegade_campaign_tests::cinematic_campaign_movies; required runtime receipt: campaign/cinematic.campaign_movies.json.
behavior:campaign.cinematic.conversations,behavior,campaign.cinematic.conversations,Code/Combat/activeconversation.cpp:92,games/renegade/presentation/conversations,,,not_started,,2,Acceptance: Create/join/start/stop/monitor matches actor movement/interruption/audio completion/custom events; mid-line save resumes without duplicate objectives. Reuse: shared ECS scheduler/access/command barriers; game-local authored schemas/rules. Proposed generic common/fps capability requires semantic checks against existing GZH common/rts modules before adoption. Required future validation: proposed: renegade_campaign_tests::cinematic_conversations; required runtime receipt: campaign/cinematic.conversations.json.
behavior:campaign.cinematic.equipped_weapon_models,behavior,campaign.cinematic.equipped_weapon_models,Code/Combat/soldier.cpp,games/renegade/presentation/scene,games/renegade/content/levels/weapon_presentation.cppm;games/renegade/presentation/scene/cinematic_assets.cppm;games/renegade/presentation/scene/level_view.cppm;engine/gameplay/common/appearance/components/attached_model.cppm,games/renegade/presentation/scene/cinematic_assets.test;games/renegade/hosts/game/cinematic_runtime_test.py,verified,games/renegade/migration/cinematic-validation.json,2,"Opening-film actors bind their default preset's retail held weapon to animated GUNBONE. Does not close dynamic weapon selection, player first-person inventory or firing animation/recoil."
behavior:campaign.cinematic.opening_visual_tracks,behavior,campaign.cinematic.opening_visual_tracks,Code/Scripts/Test_Cinematic.cpp,games/renegade/presentation/scene,games/renegade/presentation/scene/cinematic_assets.cppm;games/renegade/presentation/scene/level_view.cppm;games/renegade/gameplay/cinematics/systems/cinematic_system.cppm;engine/gameplay/common/timing/systems/pose_track_system.cppm;games/renegade/content/scripts/MX0_MissionStart_DME.lua,games/renegade/presentation/scene/cinematic_assets.test;games/renegade/session/scene.test;games/renegade/hosts/game/cinematic_runtime_test.py,verified,games/renegade/migration/cinematic-validation.json,2,"M13 opening-film camera and actor pose tracks, authored fades/letterbox, source camera release and timeline completion. Narrow visual composition only; dialogue, kill/explosion/custom/shadow hooks and mission progress remain separate."
behavior:campaign.cinematic.projectile_emitters,behavior,campaign.cinematic.projectile_emitters,Code/ww3d2/part_emt.cpp:104;Code/ww3d2/part_emt.cpp:450,engine/graphics/scene/particles,engine/assets/adapters/w3d/model/W3DResolvedModel.cppm;engine/assets/model/ModelAsset.cppm;engine/graphics/scene/props/PropAssetPreparation.cppm;engine/graphics/scene/particles/EmitterView.cppm;engine/graphics/scene/particles/EmitterAssetBinding.cppm;games/renegade/presentation/scene/level_view.cppm,engine/assets/adapters/w3d/particles/W3DEmitter.test.cppm;engine/graphics/scene/particles/Emitter.test.cppm;games/renegade/presentation/scene/cinematic_assets.test;games/renegade/hosts/game/cinematic_runtime_test.py,verified,games/renegade/migration/cinematic-validation.json,2,"Retail projectile HLOD emitter sockets/textures compose shared particle SoA and authored tracks. Completed fixed-tick birth/impact snapshots preserve short trails; source-backed random-velocity unit conversion, finite emission, pause/restart, line-source groups and detached expiry are tested. Same-tick GPU layer comparisons prove visible opening-film smoke on both backends. Cosmetic random stream intentionally differs; does not close all W3D effects."
behavior:campaign.cinematic.script_objects,behavior,campaign.cinematic.script_objects,Code/Combat/cinematicgameobj.cpp:62,games/renegade/presentation/cinematics,,,not_started,,2,Acceptance: Authored animation/camera attachment/completion events render retail actors/frame/timer sequence; mission scripts stay game-local. Reuse: shared ECS scheduler/access/command barriers; game-local authored schemas/rules. Proposed generic common/fps capability requires semantic checks against existing GZH common/rts modules before adoption. Required future validation: proposed: renegade_campaign_tests::cinematic_script_objects; required runtime receipt: campaign/cinematic.script_objects.json.
behavior:campaign.cinematic.visual_projectiles,behavior,campaign.cinematic.visual_projectiles,Code/Combat/weapons.cpp:800;Code/Combat/soldier.cpp:2685;Code/ww3d2/coltype.h,engine/gameplay/fps/weapons,games/renegade/content/scripts/M00_Cinematic_Attack_Command_DLS.lua;games/renegade/content/cinematics/attack.cppm;games/renegade/gameplay/cinematics/systems/cinematic_system.cppm;engine/gameplay/fps/weapons/systems/fire_sequence_system.cppm;engine/gameplay/fps/weapons/systems/projectile_launch_system.cppm;games/renegade/presentation/scene/level_view.cppm,games/renegade/scripting/mission.test;engine/gameplay/fps/weapons/fire_sequence.test;engine/gameplay/fps/weapons/projectile_launch.test;games/renegade/hosts/game/cinematic_runtime_test.py,verified,games/renegade/migration/cinematic-validation.json,2,"Opening-film Lua attack commands compose shared SoA charge/cooldown/reload cadence, typed muzzle/target-cone aiming, deferred visual projectile creation and shared-level projectile-category collision. Birth/final-impact snapshots survive deferred destruction; same-tick GPU layer comparisons prove visible meshes. Renegade presets and its 20-degree NPC cone remain local. Does not close damage, spread, bursts, tracking, bouncing, secondary fire, controllable vehicle aiming or complete weapon-state parity."
behavior:campaign.flow.backdrop_selection,behavior,campaign.flow.backdrop_selection,Code/Commando/campaign.cpp:387,games/renegade/session,,,not_started,,2,"Acceptance: Select authored campaign.ini backdrop by mission number with source fallback, translated captions and ordering; capture tutorial/campaign/post-save loading screens. Reuse: shared ECS scheduler/access/command barriers; game-local authored schemas/rules. Proposed generic common/fps capability requires semantic checks against existing GZH common/rts modules before adoption. Required future validation: proposed: renegade_campaign_tests::flow_backdrop_selection; required runtime receipt: campaign/flow.backdrop_selection.json."
behavior:campaign.flow.end_and_invalid,behavior,campaign.flow.end_and_invalid,Code/Commando/campaign.cpp:345,games/renegade/session,,,not_started,,2,Acceptance: End/replay-score closes movie/score/combat then returns to end-game menu; invalid flow tag resets campaign to main menu; no stale world ticks. Reuse: shared ECS scheduler/access/command barriers; game-local authored schemas/rules. Proposed generic common/fps capability requires semantic checks against existing GZH common/rts modules before adoption. Required future validation: proposed: renegade_campaign_tests::flow_end_and_invalid; required runtime receipt: campaign/flow.end_and_invalid.json.
behavior:campaign.flow.failure_no_advance,behavior,campaign.flow.failure_no_advance,Code/Commando/combatgmode.cpp:1449,games/renegade/session,,,not_started,,2,"Acceptance: Mission_Complete(false) enters failed-options path, suspends combat and retains current campaign index; no Score or next movie. Reuse: shared ECS scheduler/access/command barriers; game-local authored schemas/rules. Proposed generic common/fps capability requires semantic checks against existing GZH common/rts modules before adoption. Required future validation: proposed: renegade_campaign_tests::flow_failure_no_advance; required runtime receipt: campaign/flow.failure_no_advance.json."
behavior:campaign.flow.inventory_carry,behavior,campaign.flow.inventory_carry,Code/Commando/god.cpp:567,games/renegade/session,,,not_started,,2,Acceptance: Carry level-start inventory and encyclopedia at source transition boundaries; campaign/replay resets it. Compare two adjacent levels and restart. Reuse: shared ECS scheduler/access/command barriers; game-local authored schemas/rules. Proposed generic common/fps capability requires semantic checks against existing GZH common/rts modules before adoption. Required future validation: proposed: renegade_campaign_tests::flow_inventory_carry; required runtime receipt: campaign/flow.inventory_carry.json.
behavior:campaign.flow.new_game,behavior,campaign.flow.new_game,Code/Commando/campaign.cpp:194,games/renegade/session,,,not_started,,2,Acceptance: Difficulty selection resets campaign/backdrop and level-start inventory then starts first active flow entry; restarting a campaign retains no old objectives/timers. Reuse: shared ECS scheduler/access/command barriers; game-local authored schemas/rules. Proposed generic common/fps capability requires semantic checks against existing GZH common/rts modules before adoption. Required future validation: proposed: renegade_campaign_tests::flow_new_game; required runtime receipt: campaign/flow.new_game.json.
behavior:campaign.flow.replay_isolation,behavior,campaign.flow.replay_isolation,Code/Commando/campaign.cpp:361,games/renegade/session,,,not_started,,2,"Acceptance: Replay resets inventory/difficulty, runs chosen level, enters replay score then returns to end-game menu without advancing normal campaign. Reuse: shared ECS scheduler/access/command barriers; game-local authored schemas/rules. Proposed generic common/fps capability requires semantic checks against existing GZH common/rts modules before adoption. Required future validation: proposed: renegade_campaign_tests::flow_replay_isolation; required runtime receipt: campaign/flow.replay_isolation.json."
behavior:campaign.flow.retail_order,behavior,campaign.flow.retail_order,Code/Commando/campaign.cpp:85,games/renegade/session,,,not_started,,2,"Acceptance: Parse actual ordered campaign.ini entries, ignore comments/nonconsecutive numeric keys; 36 active entries start Level M13.mix and end R_Finale.bik. Resolve every retail level/movie reference. Reuse: shared ECS scheduler/access/command barriers; game-local authored schemas/rules. Proposed generic common/fps capability requires semantic checks against existing GZH common/rts modules before adoption. Required future validation: proposed: renegade_campaign_tests::flow_retail_order; required runtime receipt: campaign/flow.retail_order.json."
behavior:campaign.flow.score_capture,behavior,campaign.flow.score_capture,Code/Commando/campaign.cpp:226,games/renegade/session,,,not_started,,2,Acceptance: Capture completed-level map/time/kills/objective/save-load stats before world teardown; Score Continue advances once. Reuse: shared ECS scheduler/access/command barriers; game-local authored schemas/rules. Proposed generic common/fps capability requires semantic checks against existing GZH common/rts modules before adoption. Required future validation: proposed: renegade_campaign_tests::flow_score_capture; required runtime receipt: campaign/flow.score_capture.json.
behavior:campaign.flow.success_barrier,behavior,campaign.flow.success_barrier,Code/Commando/combatgmode.cpp:1443,games/renegade/session,,,not_started,,2,Acceptance: Mission_Complete(true) sets pending transition in mission mode; advance after callback dispatch and simulation complete. No world teardown while chunks execute. Reuse: shared ECS scheduler/access/command barriers; game-local authored schemas/rules. Proposed generic common/fps capability requires semantic checks against existing GZH common/rts modules before adoption. Required future validation: proposed: renegade_campaign_tests::flow_success_barrier; required runtime receipt: campaign/flow.success_barrier.json.
behavior:campaign.hud.eva_map,behavior,campaign.hud.eva_map,Code/Commando/dlgevaobjectivestab.cpp:61,games/renegade/presentation/eva,,,not_started,,2,Acceptance: EVA detail/maps/encyclopedia use loaded localized objectives/exploration/pickups; update across pause/save using shared GUI/localization. Reuse: shared ECS scheduler/access/command barriers; game-local authored schemas/rules. Proposed generic common/fps capability requires semantic checks against existing GZH common/rts modules before adoption. Required future validation: proposed: renegade_campaign_tests::hud_eva_map; required runtime receipt: campaign/hud.eva_map.json.
behavior:campaign.hud.radar,behavior,campaign.hud.radar,Code/Combat/radar.cpp:57,games/renegade/hud,,,not_started,,2,Acceptance: Render source range/orientation/markers/team colors/script enablement; exercise vertical positions and authored mission radar changes. Reuse: shared ECS scheduler/access/command barriers; game-local authored schemas/rules. Proposed generic common/fps capability requires semantic checks against existing GZH common/rts modules before adoption. Required future validation: proposed: renegade_campaign_tests::hud_radar; required runtime receipt: campaign/hud.radar.json.
behavior:campaign.hud.vitals_inventory,behavior,campaign.hud.vitals_inventory,Code/Combat/hud.cpp:267,games/renegade/hud,,,not_started,,2,Acceptance: Playable world HUD consumes real ECS health/shield/ammo/weapon state through damage/pickup/reload/switch/vehicle/death; isolated view-model test insufficient. Reuse: shared ECS scheduler/access/command barriers; game-local authored schemas/rules. Proposed generic common/fps capability requires semantic checks against existing GZH common/rts modules before adoption. Required future validation: proposed: renegade_campaign_tests::hud_vitals_inventory; required runtime receipt: campaign/hud.vitals_inventory.json.
behavior:campaign.load.definition_order,behavior,campaign.load.definition_order,Code/Combat/savegame.cpp:150,games/renegade/content/levels,games/renegade/content/campaign/campaign_content.cppm;games/renegade/session/session.cppm,games/renegade/content/campaign/campaign_content.test;games/renegade/session/scene.test,in_progress,games/renegade/migration/campaign-loading-validation.json,2,"Acceptance: Resolve Objects.DDB and map definitions before static/dynamic level chunks; satisfy preset references before observer Created and player start. Reuse: shared ECS scheduler/access/command barriers; game-local authored schemas/rules. Proposed generic common/fps capability requires semantic checks against existing GZH common/rts modules before adoption. Required future validation: proposed: renegade_campaign_tests::load_definition_order; required runtime receipt: campaign/load.definition_order.json. Current increment: Fresh global Objects.DDB references are resolved before deferred static/player creation. Map-specific DDB overrides, M09 archive priority and observer post-load remain open."
behavior:campaign.load.description_peek,behavior,campaign.load.description_peek,Code/Combat/savegame.cpp:308,games/renegade/content/levels,,,not_started,,2,Acceptance: Catalog localized description/map metadata without instantiating world; saved description fallback works; truncated input cannot mutate current state. Reuse: shared ECS scheduler/access/command barriers; game-local authored schemas/rules. Proposed generic common/fps capability requires semantic checks against existing GZH common/rts modules before adoption. Required future validation: proposed: renegade_campaign_tests::load_description_peek; required runtime receipt: campaign/load.description_peek.json.
behavior:campaign.load.dynamic_scene,behavior,campaign.load.dynamic_scene,Code/Combat/savegame.cpp:238,games/renegade/content/levels,games/renegade/content/levels/level_scene.cppm,games/renegade/content/levels/level_scene.test,in_progress,games/renegade/migration/campaign-loading-validation.json,2,"Acceptance: Decode LDD preset/spawner/zone/observer instances and parameters; remap stable IDs before post-load; defer Created until referenced entities exist. Reuse: shared ECS scheduler/access/command barriers; game-local authored schemas/rules. Proposed generic common/fps capability requires semantic checks against existing GZH common/rts modules before adoption. Required future validation: proposed: renegade_campaign_tests::load_dynamic_scene; required runtime receipt: campaign/load.dynamic_scene.json. Current increment: LDD startup metadata and saved-order spawners decode; all original bytes remain retained. Dynamic actors, zones, observer parameters and lifecycle dispatch remain open."
behavior:campaign.load.persist_envelopes,behavior,campaign.load.persist_envelopes,Code/wwsaveload/persistfactory.h:90,games/renegade/content/levels,games/renegade/content/levels/persist_records.cppm;engine/assets/adapters/w3d/chunks/W3DChunkReader.cppm,games/renegade/content/levels/level_scene.test;engine/assets/adapters/w3d/chunks/W3DChunkReader.test.cppm,verified,games/renegade/migration/campaign-loading-validation.json,2,"Bounded SimplePersistFactory envelopes, opaque 32-bit tokens, byte-length microchunks and authored Matrix3D field order. Source-width fixtures and malformed/non-finite rejection; not a full persist/savegame port."
behavior:campaign.load.primary_spawner,behavior,campaign.load.primary_spawner,Code/Combat/spawn.cpp:843,games/renegade/content/levels,games/renegade/content/levels/level_scene.cppm;games/renegade/content/levels/definition_catalog.cppm,games/renegade/content/levels/level_scene.test,verified,games/renegade/migration/campaign-loading-validation.json,2,"First source-ordered primary soldier-startup spawner, including disabled entries; first preset and physics-model reference. Missing-reference diagnostics. Commando fallback when no primary spawner and general respawning remain open."
behavior:campaign.load.static_scene,behavior,campaign.load.static_scene,Code/Combat/savegame.cpp:493,games/renegade/content/levels,games/renegade/content/levels/level_scene.cppm;games/renegade/presentation/scene/level_view.cppm,games/renegade/content/levels/level_scene.test;games/renegade/hosts/game/level_runtime_test.py,in_progress,games/renegade/migration/campaign-loading-validation.json,2,Acceptance: Decode every retail LSD scene; compare object counts/transforms/materials/3D collision/lighting/waypaths/map metadata against actual chunks. Reuse: shared ECS scheduler/access/command barriers; game-local authored schemas/rules. Proposed generic common/fps capability requires semantic checks against existing GZH common/rts modules before adoption. Required future validation: proposed: renegade_campaign_tests::load_static_scene; required runtime receipt: campaign/load.static_scene.json. Current increment: Independent counts for thirteen fresh LSD scenes; tutorial/M13 runtime captures. Full hierarchy/collision/lighting/waypath/source-scene parity remains open.
behavior:campaign.mission.m00_tutorial.callback_matrix,behavior,campaign.mission.m00_tutorial.callback_matrix,Code/Scripts/Mission00.cpp,games/renegade/scripting,,,not_started,,2,"Acceptance: Account for all 22 script declarations/56 inventoried callbacks in Code/Scripts/Mission00.cpp, every actual retail binding and dynamic Attach_Script/Toolkit/Test/other-mission dependency. Each callback needs source guard fixtures/parameter schema/ordered typed trace/state diff and real ECS effect. No name-prefix blanket exclusion. Required future validation: proposed: renegade_campaign_tests::mission_m00_tutorial_callback_matrix; required runtime receipt: campaign/mission.m00_tutorial.callback_matrix.json. Additional pinned inventory references: games/renegade/migration/scripts.csv;games/renegade/migration/callbacks.csv."
behavior:campaign.mission.m00_tutorial.checkpoint_resume,behavior,campaign.mission.m00_tutorial.checkpoint_resume,Code/Scripts/Mission00.cpp,games/renegade/session,,,not_started,,2,"Acceptance: Save tutorial after initialization, during pending timer/conversation/action and after objective change. Fresh-process reload matches uninterrupted hashes/traces through success/failure. Original retail-save import needs separate original fixture, not modern round trip. Required future validation: proposed: renegade_campaign_tests::mission_m00_tutorial_checkpoint_resume; required runtime receipt: campaign/mission.m00_tutorial.checkpoint_resume.json. Additional pinned inventory references: Data/M00_Tutorial.mix::m00_tutorial.ldd;Data/M00_Tutorial.mix::m00_tutorial.lsd;Data/M00_Tutorial.mix::m00_tutorial.dep."
behavior:campaign.mission.m00_tutorial.critical_path,behavior,campaign.mission.m00_tutorial.critical_path,Code/Scripts/Mission00.cpp,games/renegade/session,,,not_started,,2,Acceptance: Complete tutorial from fresh playable load through actual authored objective/zone/custom/timer/action/conversation triggers; no console completion or synthetic substitute content. Tick receipt records objectives/callback IDs/critical actors/final success. Tutorial returns via original route; campaign levels follow campaign.ini. Required future validation: proposed: renegade_campaign_tests::mission_m00_tutorial_critical_path; required runtime receipt: campaign/mission.m00_tutorial.critical_path.json. Additional pinned inventory references: Data/M00_Tutorial.mix::m00_tutorial.ldd;Data/M00_Tutorial.mix::m00_tutorial.lsd;Data/M00_Tutorial.mix::m00_tutorial.dep.
behavior:campaign.mission.m00_tutorial.failure_retry,behavior,campaign.mission.m00_tutorial.failure_retry,Code/Scripts/Mission00.cpp,games/renegade/session,,,not_started,,2,"Acceptance: For tutorial, exercise player death and each source-declared critical-object/escort/failure condition, then Restart/Load/Quit separately. No next-level advance; original inventory/start script restored; old timer/action callbacks absent after teardown. Required future validation: proposed: renegade_campaign_tests::mission_m00_tutorial_failure_retry; required runtime receipt: campaign/mission.m00_tutorial.failure_retry.json. Additional pinned inventory references: Data/M00_Tutorial.mix::m00_tutorial.ldd;Data/M00_Tutorial.mix::m00_tutorial.lsd;Data/M00_Tutorial.mix::m00_tutorial.dep."
behavior:campaign.mission.m00_tutorial.load,behavior,campaign.mission.m00_tutorial.load,Code/Scripts/Mission00.cpp,games/renegade/content/levels,,,not_started,,2,"Acceptance: Load Data/M00_Tutorial.mix via original campaign/tutorial route; resolve LDD/LSD/DEP and authored definitions/actors/3D physics/observer parameters. No placeholder preset/script/assets. Receipt includes hashes, decoded chunk/live entity counts, player spawn, first frame and diagnostics. Required future validation: proposed: renegade_campaign_tests::mission_m00_tutorial_load; required runtime receipt: campaign/mission.m00_tutorial.load.json. Additional pinned inventory references: Data/M00_Tutorial.mix::m00_tutorial.ldd;Data/M00_Tutorial.mix::m00_tutorial.lsd;Data/M00_Tutorial.mix::m00_tutorial.dep."
behavior:campaign.mission.m01.callback_matrix,behavior,campaign.mission.m01.callback_matrix,Code/Scripts/Mission01.cpp,games/renegade/scripting,,,not_started,,2,"Acceptance: Account for all 289 script declarations/711 inventoried callbacks in Code/Scripts/Mission01.cpp, every actual retail binding and dynamic Attach_Script/Toolkit/Test/other-mission dependency. Each callback needs source guard fixtures/parameter schema/ordered typed trace/state diff and real ECS effect. No name-prefix blanket exclusion. Required future validation: proposed: renegade_campaign_tests::mission_m01_callback_matrix; required runtime receipt: campaign/mission.m01.callback_matrix.json. Additional pinned inventory references: games/renegade/migration/scripts.csv;games/renegade/migration/callbacks.csv."
behavior:campaign.mission.m01.checkpoint_resume,behavior,campaign.mission.m01.checkpoint_resume,Code/Scripts/Mission01.cpp,games/renegade/session,,,not_started,,2,"Acceptance: Save campaign Mission 1 after initialization, during pending timer/conversation/action and after objective change. Fresh-process reload matches uninterrupted hashes/traces through success/failure. Original retail-save import needs separate original fixture, not modern round trip. Required future validation: proposed: renegade_campaign_tests::mission_m01_checkpoint_resume; required runtime receipt: campaign/mission.m01.checkpoint_resume.json. Additional pinned inventory references: Data/M01.mix::m01.ldd;Data/M01.mix::m01.lsd;Data/M01.mix::m01.dep."
behavior:campaign.mission.m01.critical_path,behavior,campaign.mission.m01.critical_path,Code/Scripts/Mission01.cpp,games/renegade/session,,,not_started,,2,Acceptance: Complete campaign Mission 1 from fresh playable load through actual authored objective/zone/custom/timer/action/conversation triggers; no console completion or synthetic substitute content. Tick receipt records objectives/callback IDs/critical actors/final success. Tutorial returns via original route; campaign levels follow campaign.ini. Required future validation: proposed: renegade_campaign_tests::mission_m01_critical_path; required runtime receipt: campaign/mission.m01.critical_path.json. Additional pinned inventory references: Data/M01.mix::m01.ldd;Data/M01.mix::m01.lsd;Data/M01.mix::m01.dep.
behavior:campaign.mission.m01.failure_retry,behavior,campaign.mission.m01.failure_retry,Code/Scripts/Mission01.cpp,games/renegade/session,,,not_started,,2,"Acceptance: For campaign Mission 1, exercise player death and each source-declared critical-object/escort/failure condition, then Restart/Load/Quit separately. No next-level advance; original inventory/start script restored; old timer/action callbacks absent after teardown. Required future validation: proposed: renegade_campaign_tests::mission_m01_failure_retry; required runtime receipt: campaign/mission.m01.failure_retry.json. Additional pinned inventory references: Data/M01.mix::m01.ldd;Data/M01.mix::m01.lsd;Data/M01.mix::m01.dep."
behavior:campaign.mission.m01.load,behavior,campaign.mission.m01.load,Code/Scripts/Mission01.cpp,games/renegade/content/levels,,,not_started,,2,"Acceptance: Load Data/M01.mix via original campaign/tutorial route; resolve LDD/LSD/DEP and authored definitions/actors/3D physics/observer parameters. No placeholder preset/script/assets. Receipt includes hashes, decoded chunk/live entity counts, player spawn, first frame and diagnostics. Required future validation: proposed: renegade_campaign_tests::mission_m01_load; required runtime receipt: campaign/mission.m01.load.json. Additional pinned inventory references: Data/M01.mix::m01.ldd;Data/M01.mix::m01.lsd;Data/M01.mix::m01.dep."
behavior:campaign.mission.m02.callback_matrix,behavior,campaign.mission.m02.callback_matrix,Code/Scripts/Mission02.cpp,games/renegade/scripting,,,not_started,,2,"Acceptance: Account for all 26 script declarations/78 inventoried callbacks in Code/Scripts/Mission02.cpp, every actual retail binding and dynamic Attach_Script/Toolkit/Test/other-mission dependency. Each callback needs source guard fixtures/parameter schema/ordered typed trace/state diff and real ECS effect. No name-prefix blanket exclusion. Required future validation: proposed: renegade_campaign_tests::mission_m02_callback_matrix; required runtime receipt: campaign/mission.m02.callback_matrix.json. Additional pinned inventory references: games/renegade/migration/scripts.csv;games/renegade/migration/callbacks.csv."
behavior:campaign.mission.m02.checkpoint_resume,behavior,campaign.mission.m02.checkpoint_resume,Code/Scripts/Mission02.cpp,games/renegade/session,,,not_started,,2,"Acceptance: Save campaign Mission 2 after initialization, during pending timer/conversation/action and after objective change. Fresh-process reload matches uninterrupted hashes/traces through success/failure. Original retail-save import needs separate original fixture, not modern round trip. Required future validation: proposed: renegade_campaign_tests::mission_m02_checkpoint_resume; required runtime receipt: campaign/mission.m02.checkpoint_resume.json. Additional pinned inventory references: Data/M02.mix::m02.ldd;Data/M02.mix::m02.lsd;Data/M02.mix::m02.dep."
behavior:campaign.mission.m02.critical_path,behavior,campaign.mission.m02.critical_path,Code/Scripts/Mission02.cpp,games/renegade/session,,,not_started,,2,Acceptance: Complete campaign Mission 2 from fresh playable load through actual authored objective/zone/custom/timer/action/conversation triggers; no console completion or synthetic substitute content. Tick receipt records objectives/callback IDs/critical actors/final success. Tutorial returns via original route; campaign levels follow campaign.ini. Required future validation: proposed: renegade_campaign_tests::mission_m02_critical_path; required runtime receipt: campaign/mission.m02.critical_path.json. Additional pinned inventory references: Data/M02.mix::m02.ldd;Data/M02.mix::m02.lsd;Data/M02.mix::m02.dep.
behavior:campaign.mission.m02.failure_retry,behavior,campaign.mission.m02.failure_retry,Code/Scripts/Mission02.cpp,games/renegade/session,,,not_started,,2,"Acceptance: For campaign Mission 2, exercise player death and each source-declared critical-object/escort/failure condition, then Restart/Load/Quit separately. No next-level advance; original inventory/start script restored; old timer/action callbacks absent after teardown. Required future validation: proposed: renegade_campaign_tests::mission_m02_failure_retry; required runtime receipt: campaign/mission.m02.failure_retry.json. Additional pinned inventory references: Data/M02.mix::m02.ldd;Data/M02.mix::m02.lsd;Data/M02.mix::m02.dep."
behavior:campaign.mission.m02.load,behavior,campaign.mission.m02.load,Code/Scripts/Mission02.cpp,games/renegade/content/levels,,,not_started,,2,"Acceptance: Load Data/M02.mix via original campaign/tutorial route; resolve LDD/LSD/DEP and authored definitions/actors/3D physics/observer parameters. No placeholder preset/script/assets. Receipt includes hashes, decoded chunk/live entity counts, player spawn, first frame and diagnostics. Required future validation: proposed: renegade_campaign_tests::mission_m02_load; required runtime receipt: campaign/mission.m02.load.json. Additional pinned inventory references: Data/M02.mix::m02.ldd;Data/M02.mix::m02.lsd;Data/M02.mix::m02.dep."
behavior:campaign.mission.m03.callback_matrix,behavior,campaign.mission.m03.callback_matrix,Code/Scripts/Mission03.cpp,games/renegade/scripting,,,not_started,,2,"Acceptance: Account for all 86 script declarations/224 inventoried callbacks in Code/Scripts/Mission03.cpp, every actual retail binding and dynamic Attach_Script/Toolkit/Test/other-mission dependency. Each callback needs source guard fixtures/parameter schema/ordered typed trace/state diff and real ECS effect. No name-prefix blanket exclusion. Required future validation: proposed: renegade_campaign_tests::mission_m03_callback_matrix; required runtime receipt: campaign/mission.m03.callback_matrix.json. Additional pinned inventory references: games/renegade/migration/scripts.csv;games/renegade/migration/callbacks.csv."
behavior:campaign.mission.m03.checkpoint_resume,behavior,campaign.mission.m03.checkpoint_resume,Code/Scripts/Mission03.cpp,games/renegade/session,,,not_started,,2,"Acceptance: Save campaign Mission 3 after initialization, during pending timer/conversation/action and after objective change. Fresh-process reload matches uninterrupted hashes/traces through success/failure. Original retail-save import needs separate original fixture, not modern round trip. Required future validation: proposed: renegade_campaign_tests::mission_m03_checkpoint_resume; required runtime receipt: campaign/mission.m03.checkpoint_resume.json. Additional pinned inventory references: Data/M03.mix::m03.ldd;Data/M03.mix::m03.lsd;Data/M03.mix::m03.dep."
behavior:campaign.mission.m03.critical_path,behavior,campaign.mission.m03.critical_path,Code/Scripts/Mission03.cpp,games/renegade/session,,,not_started,,2,Acceptance: Complete campaign Mission 3 from fresh playable load through actual authored objective/zone/custom/timer/action/conversation triggers; no console completion or synthetic substitute content. Tick receipt records objectives/callback IDs/critical actors/final success. Tutorial returns via original route; campaign levels follow campaign.ini. Required future validation: proposed: renegade_campaign_tests::mission_m03_critical_path; required runtime receipt: campaign/mission.m03.critical_path.json. Additional pinned inventory references: Data/M03.mix::m03.ldd;Data/M03.mix::m03.lsd;Data/M03.mix::m03.dep.
behavior:campaign.mission.m03.failure_retry,behavior,campaign.mission.m03.failure_retry,Code/Scripts/Mission03.cpp,games/renegade/session,,,not_started,,2,"Acceptance: For campaign Mission 3, exercise player death and each source-declared critical-object/escort/failure condition, then Restart/Load/Quit separately. No next-level advance; original inventory/start script restored; old timer/action callbacks absent after teardown. Required future validation: proposed: renegade_campaign_tests::mission_m03_failure_retry; required runtime receipt: campaign/mission.m03.failure_retry.json. Additional pinned inventory references: Data/M03.mix::m03.ldd;Data/M03.mix::m03.lsd;Data/M03.mix::m03.dep."
behavior:campaign.mission.m03.load,behavior,campaign.mission.m03.load,Code/Scripts/Mission03.cpp,games/renegade/content/levels,,,not_started,,2,"Acceptance: Load Data/M03.mix via original campaign/tutorial route; resolve LDD/LSD/DEP and authored definitions/actors/3D physics/observer parameters. No placeholder preset/script/assets. Receipt includes hashes, decoded chunk/live entity counts, player spawn, first frame and diagnostics. Required future validation: proposed: renegade_campaign_tests::mission_m03_load; required runtime receipt: campaign/mission.m03.load.json. Additional pinned inventory references: Data/M03.mix::m03.ldd;Data/M03.mix::m03.lsd;Data/M03.mix::m03.dep."
behavior:campaign.mission.m04.callback_matrix,behavior,campaign.mission.m04.callback_matrix,Code/Scripts/Mission04.cpp,games/renegade/scripting,,,not_started,,2,"Acceptance: Account for all 138 script declarations/312 inventoried callbacks in Code/Scripts/Mission04.cpp, every actual retail binding and dynamic Attach_Script/Toolkit/Test/other-mission dependency. Each callback needs source guard fixtures/parameter schema/ordered typed trace/state diff and real ECS effect. No name-prefix blanket exclusion. Required future validation: proposed: renegade_campaign_tests::mission_m04_callback_matrix; required runtime receipt: campaign/mission.m04.callback_matrix.json. Additional pinned inventory references: games/renegade/migration/scripts.csv;games/renegade/migration/callbacks.csv."
behavior:campaign.mission.m04.checkpoint_resume,behavior,campaign.mission.m04.checkpoint_resume,Code/Scripts/Mission04.cpp,games/renegade/session,,,not_started,,2,"Acceptance: Save campaign Mission 4 after initialization, during pending timer/conversation/action and after objective change. Fresh-process reload matches uninterrupted hashes/traces through success/failure. Original retail-save import needs separate original fixture, not modern round trip. Required future validation: proposed: renegade_campaign_tests::mission_m04_checkpoint_resume; required runtime receipt: campaign/mission.m04.checkpoint_resume.json. Additional pinned inventory references: Data/M04.mix::m04.ldd;Data/M04.mix::m04.lsd;Data/M04.mix::m04.dep."
behavior:campaign.mission.m04.critical_path,behavior,campaign.mission.m04.critical_path,Code/Scripts/Mission04.cpp,games/renegade/session,,,not_started,,2,Acceptance: Complete campaign Mission 4 from fresh playable load through actual authored objective/zone/custom/timer/action/conversation triggers; no console completion or synthetic substitute content. Tick receipt records objectives/callback IDs/critical actors/final success. Tutorial returns via original route; campaign levels follow campaign.ini. Required future validation: proposed: renegade_campaign_tests::mission_m04_critical_path; required runtime receipt: campaign/mission.m04.critical_path.json. Additional pinned inventory references: Data/M04.mix::m04.ldd;Data/M04.mix::m04.lsd;Data/M04.mix::m04.dep.
behavior:campaign.mission.m04.failure_retry,behavior,campaign.mission.m04.failure_retry,Code/Scripts/Mission04.cpp,games/renegade/session,,,not_started,,2,"Acceptance: For campaign Mission 4, exercise player death and each source-declared critical-object/escort/failure condition, then Restart/Load/Quit separately. No next-level advance; original inventory/start script restored; old timer/action callbacks absent after teardown. Required future validation: proposed: renegade_campaign_tests::mission_m04_failure_retry; required runtime receipt: campaign/mission.m04.failure_retry.json. Additional pinned inventory references: Data/M04.mix::m04.ldd;Data/M04.mix::m04.lsd;Data/M04.mix::m04.dep."
behavior:campaign.mission.m04.load,behavior,campaign.mission.m04.load,Code/Scripts/Mission04.cpp,games/renegade/content/levels,,,not_started,,2,"Acceptance: Load Data/M04.mix via original campaign/tutorial route; resolve LDD/LSD/DEP and authored definitions/actors/3D physics/observer parameters. No placeholder preset/script/assets. Receipt includes hashes, decoded chunk/live entity counts, player spawn, first frame and diagnostics. Required future validation: proposed: renegade_campaign_tests::mission_m04_load; required runtime receipt: campaign/mission.m04.load.json. Additional pinned inventory references: Data/M04.mix::m04.ldd;Data/M04.mix::m04.lsd;Data/M04.mix::m04.dep."
behavior:campaign.mission.m05.callback_matrix,behavior,campaign.mission.m05.callback_matrix,Code/Scripts/Mission05.cpp,games/renegade/scripting,,,not_started,,2,"Acceptance: Account for all 111 script declarations/355 inventoried callbacks in Code/Scripts/Mission05.cpp, every actual retail binding and dynamic Attach_Script/Toolkit/Test/other-mission dependency. Each callback needs source guard fixtures/parameter schema/ordered typed trace/state diff and real ECS effect. No name-prefix blanket exclusion. Required future validation: proposed: renegade_campaign_tests::mission_m05_callback_matrix; required runtime receipt: campaign/mission.m05.callback_matrix.json. Additional pinned inventory references: games/renegade/migration/scripts.csv;games/renegade/migration/callbacks.csv."
behavior:campaign.mission.m05.checkpoint_resume,behavior,campaign.mission.m05.checkpoint_resume,Code/Scripts/Mission05.cpp,games/renegade/session,,,not_started,,2,"Acceptance: Save campaign Mission 5 after initialization, during pending timer/conversation/action and after objective change. Fresh-process reload matches uninterrupted hashes/traces through success/failure. Original retail-save import needs separate original fixture, not modern round trip. Required future validation: proposed: renegade_campaign_tests::mission_m05_checkpoint_resume; required runtime receipt: campaign/mission.m05.checkpoint_resume.json. Additional pinned inventory references: Data/M05.mix::m05.ldd;Data/M05.mix::m05.lsd;Data/M05.mix::m05.dep."
behavior:campaign.mission.m05.critical_path,behavior,campaign.mission.m05.critical_path,Code/Scripts/Mission05.cpp,games/renegade/session,,,not_started,,2,Acceptance: Complete campaign Mission 5 from fresh playable load through actual authored objective/zone/custom/timer/action/conversation triggers; no console completion or synthetic substitute content. Tick receipt records objectives/callback IDs/critical actors/final success. Tutorial returns via original route; campaign levels follow campaign.ini. Required future validation: proposed: renegade_campaign_tests::mission_m05_critical_path; required runtime receipt: campaign/mission.m05.critical_path.json. Additional pinned inventory references: Data/M05.mix::m05.ldd;Data/M05.mix::m05.lsd;Data/M05.mix::m05.dep.
behavior:campaign.mission.m05.failure_retry,behavior,campaign.mission.m05.failure_retry,Code/Scripts/Mission05.cpp,games/renegade/session,,,not_started,,2,"Acceptance: For campaign Mission 5, exercise player death and each source-declared critical-object/escort/failure condition, then Restart/Load/Quit separately. No next-level advance; original inventory/start script restored; old timer/action callbacks absent after teardown. Required future validation: proposed: renegade_campaign_tests::mission_m05_failure_retry; required runtime receipt: campaign/mission.m05.failure_retry.json. Additional pinned inventory references: Data/M05.mix::m05.ldd;Data/M05.mix::m05.lsd;Data/M05.mix::m05.dep."
behavior:campaign.mission.m05.load,behavior,campaign.mission.m05.load,Code/Scripts/Mission05.cpp,games/renegade/content/levels,,,not_started,,2,"Acceptance: Load Data/M05.mix via original campaign/tutorial route; resolve LDD/LSD/DEP and authored definitions/actors/3D physics/observer parameters. No placeholder preset/script/assets. Receipt includes hashes, decoded chunk/live entity counts, player spawn, first frame and diagnostics. Required future validation: proposed: renegade_campaign_tests::mission_m05_load; required runtime receipt: campaign/mission.m05.load.json. Additional pinned inventory references: Data/M05.mix::m05.ldd;Data/M05.mix::m05.lsd;Data/M05.mix::m05.dep."
behavior:campaign.mission.m06.callback_matrix,behavior,campaign.mission.m06.callback_matrix,Code/Scripts/Mission06.cpp,games/renegade/scripting,,,not_started,,2,"Acceptance: Account for all 85 script declarations/246 inventoried callbacks in Code/Scripts/Mission06.cpp, every actual retail binding and dynamic Attach_Script/Toolkit/Test/other-mission dependency. Each callback needs source guard fixtures/parameter schema/ordered typed trace/state diff and real ECS effect. No name-prefix blanket exclusion. Required future validation: proposed: renegade_campaign_tests::mission_m06_callback_matrix; required runtime receipt: campaign/mission.m06.callback_matrix.json. Additional pinned inventory references: games/renegade/migration/scripts.csv;games/renegade/migration/callbacks.csv."
behavior:campaign.mission.m06.checkpoint_resume,behavior,campaign.mission.m06.checkpoint_resume,Code/Scripts/Mission06.cpp,games/renegade/session,,,not_started,,2,"Acceptance: Save campaign Mission 6 after initialization, during pending timer/conversation/action and after objective change. Fresh-process reload matches uninterrupted hashes/traces through success/failure. Original retail-save import needs separate original fixture, not modern round trip. Required future validation: proposed: renegade_campaign_tests::mission_m06_checkpoint_resume; required runtime receipt: campaign/mission.m06.checkpoint_resume.json. Additional pinned inventory references: Data/M06.mix::m06.ldd;Data/M06.mix::m06.lsd;Data/M06.mix::m06.dep."
behavior:campaign.mission.m06.critical_path,behavior,campaign.mission.m06.critical_path,Code/Scripts/Mission06.cpp,games/renegade/session,,,not_started,,2,Acceptance: Complete campaign Mission 6 from fresh playable load through actual authored objective/zone/custom/timer/action/conversation triggers; no console completion or synthetic substitute content. Tick receipt records objectives/callback IDs/critical actors/final success. Tutorial returns via original route; campaign levels follow campaign.ini. Required future validation: proposed: renegade_campaign_tests::mission_m06_critical_path; required runtime receipt: campaign/mission.m06.critical_path.json. Additional pinned inventory references: Data/M06.mix::m06.ldd;Data/M06.mix::m06.lsd;Data/M06.mix::m06.dep.
behavior:campaign.mission.m06.failure_retry,behavior,campaign.mission.m06.failure_retry,Code/Scripts/Mission06.cpp,games/renegade/session,,,not_started,,2,"Acceptance: For campaign Mission 6, exercise player death and each source-declared critical-object/escort/failure condition, then Restart/Load/Quit separately. No next-level advance; original inventory/start script restored; old timer/action callbacks absent after teardown. Required future validation: proposed: renegade_campaign_tests::mission_m06_failure_retry; required runtime receipt: campaign/mission.m06.failure_retry.json. Additional pinned inventory references: Data/M06.mix::m06.ldd;Data/M06.mix::m06.lsd;Data/M06.mix::m06.dep."
behavior:campaign.mission.m06.load,behavior,campaign.mission.m06.load,Code/Scripts/Mission06.cpp,games/renegade/content/levels,,,not_started,,2,"Acceptance: Load Data/M06.mix via original campaign/tutorial route; resolve LDD/LSD/DEP and authored definitions/actors/3D physics/observer parameters. No placeholder preset/script/assets. Receipt includes hashes, decoded chunk/live entity counts, player spawn, first frame and diagnostics. Required future validation: proposed: renegade_campaign_tests::mission_m06_load; required runtime receipt: campaign/mission.m06.load.json. Additional pinned inventory references: Data/M06.mix::m06.ldd;Data/M06.mix::m06.lsd;Data/M06.mix::m06.dep."
behavior:campaign.mission.m07.callback_matrix,behavior,campaign.mission.m07.callback_matrix,Code/Scripts/Mission07.cpp,games/renegade/scripting,,,not_started,,2,"Acceptance: Account for all 122 script declarations/359 inventoried callbacks in Code/Scripts/Mission07.cpp, every actual retail binding and dynamic Attach_Script/Toolkit/Test/other-mission dependency. Each callback needs source guard fixtures/parameter schema/ordered typed trace/state diff and real ECS effect. No name-prefix blanket exclusion. Required future validation: proposed: renegade_campaign_tests::mission_m07_callback_matrix; required runtime receipt: campaign/mission.m07.callback_matrix.json. Additional pinned inventory references: games/renegade/migration/scripts.csv;games/renegade/migration/callbacks.csv."
behavior:campaign.mission.m07.checkpoint_resume,behavior,campaign.mission.m07.checkpoint_resume,Code/Scripts/Mission07.cpp,games/renegade/session,,,not_started,,2,"Acceptance: Save campaign Mission 7 after initialization, during pending timer/conversation/action and after objective change. Fresh-process reload matches uninterrupted hashes/traces through success/failure. Original retail-save import needs separate original fixture, not modern round trip. Required future validation: proposed: renegade_campaign_tests::mission_m07_checkpoint_resume; required runtime receipt: campaign/mission.m07.checkpoint_resume.json. Additional pinned inventory references: Data/M07.mix::m07.ldd;Data/M07.mix::m07.lsd;Data/M07.mix::m07.dep."
behavior:campaign.mission.m07.critical_path,behavior,campaign.mission.m07.critical_path,Code/Scripts/Mission07.cpp,games/renegade/session,,,not_started,,2,Acceptance: Complete campaign Mission 7 from fresh playable load through actual authored objective/zone/custom/timer/action/conversation triggers; no console completion or synthetic substitute content. Tick receipt records objectives/callback IDs/critical actors/final success. Tutorial returns via original route; campaign levels follow campaign.ini. Required future validation: proposed: renegade_campaign_tests::mission_m07_critical_path; required runtime receipt: campaign/mission.m07.critical_path.json. Additional pinned inventory references: Data/M07.mix::m07.ldd;Data/M07.mix::m07.lsd;Data/M07.mix::m07.dep.
behavior:campaign.mission.m07.failure_retry,behavior,campaign.mission.m07.failure_retry,Code/Scripts/Mission07.cpp,games/renegade/session,,,not_started,,2,"Acceptance: For campaign Mission 7, exercise player death and each source-declared critical-object/escort/failure condition, then Restart/Load/Quit separately. No next-level advance; original inventory/start script restored; old timer/action callbacks absent after teardown. Required future validation: proposed: renegade_campaign_tests::mission_m07_failure_retry; required runtime receipt: campaign/mission.m07.failure_retry.json. Additional pinned inventory references: Data/M07.mix::m07.ldd;Data/M07.mix::m07.lsd;Data/M07.mix::m07.dep."
behavior:campaign.mission.m07.load,behavior,campaign.mission.m07.load,Code/Scripts/Mission07.cpp,games/renegade/content/levels,,,not_started,,2,"Acceptance: Load Data/M07.mix via original campaign/tutorial route; resolve LDD/LSD/DEP and authored definitions/actors/3D physics/observer parameters. No placeholder preset/script/assets. Receipt includes hashes, decoded chunk/live entity counts, player spawn, first frame and diagnostics. Required future validation: proposed: renegade_campaign_tests::mission_m07_load; required runtime receipt: campaign/mission.m07.load.json. Additional pinned inventory references: Data/M07.mix::m07.ldd;Data/M07.mix::m07.lsd;Data/M07.mix::m07.dep."
behavior:campaign.mission.m08.callback_matrix,behavior,campaign.mission.m08.callback_matrix,Code/Scripts/mission08.cpp,games/renegade/scripting,,,not_started,,2,"Acceptance: Account for all 114 script declarations/321 inventoried callbacks in Code/Scripts/mission08.cpp, every actual retail binding and dynamic Attach_Script/Toolkit/Test/other-mission dependency. Each callback needs source guard fixtures/parameter schema/ordered typed trace/state diff and real ECS effect. No name-prefix blanket exclusion. Required future validation: proposed: renegade_campaign_tests::mission_m08_callback_matrix; required runtime receipt: campaign/mission.m08.callback_matrix.json. Additional pinned inventory references: games/renegade/migration/scripts.csv;games/renegade/migration/callbacks.csv."
behavior:campaign.mission.m08.checkpoint_resume,behavior,campaign.mission.m08.checkpoint_resume,Code/Scripts/mission08.cpp,games/renegade/session,,,not_started,,2,"Acceptance: Save campaign Mission 8 after initialization, during pending timer/conversation/action and after objective change. Fresh-process reload matches uninterrupted hashes/traces through success/failure. Original retail-save import needs separate original fixture, not modern round trip. Required future validation: proposed: renegade_campaign_tests::mission_m08_checkpoint_resume; required runtime receipt: campaign/mission.m08.checkpoint_resume.json. Additional pinned inventory references: Data/M08.mix::m08.ldd;Data/M08.mix::m08.lsd;Data/M08.mix::m08.dep."
behavior:campaign.mission.m08.critical_path,behavior,campaign.mission.m08.critical_path,Code/Scripts/mission08.cpp,games/renegade/session,,,not_started,,2,Acceptance: Complete campaign Mission 8 from fresh playable load through actual authored objective/zone/custom/timer/action/conversation triggers; no console completion or synthetic substitute content. Tick receipt records objectives/callback IDs/critical actors/final success. Tutorial returns via original route; campaign levels follow campaign.ini. Required future validation: proposed: renegade_campaign_tests::mission_m08_critical_path; required runtime receipt: campaign/mission.m08.critical_path.json. Additional pinned inventory references: Data/M08.mix::m08.ldd;Data/M08.mix::m08.lsd;Data/M08.mix::m08.dep.
behavior:campaign.mission.m08.failure_retry,behavior,campaign.mission.m08.failure_retry,Code/Scripts/mission08.cpp,games/renegade/session,,,not_started,,2,"Acceptance: For campaign Mission 8, exercise player death and each source-declared critical-object/escort/failure condition, then Restart/Load/Quit separately. No next-level advance; original inventory/start script restored; old timer/action callbacks absent after teardown. Required future validation: proposed: renegade_campaign_tests::mission_m08_failure_retry; required runtime receipt: campaign/mission.m08.failure_retry.json. Additional pinned inventory references: Data/M08.mix::m08.ldd;Data/M08.mix::m08.lsd;Data/M08.mix::m08.dep."
behavior:campaign.mission.m08.load,behavior,campaign.mission.m08.load,Code/Scripts/mission08.cpp,games/renegade/content/levels,,,not_started,,2,"Acceptance: Load Data/M08.mix via original campaign/tutorial route; resolve LDD/LSD/DEP and authored definitions/actors/3D physics/observer parameters. No placeholder preset/script/assets. Receipt includes hashes, decoded chunk/live entity counts, player spawn, first frame and diagnostics. Required future validation: proposed: renegade_campaign_tests::mission_m08_load; required runtime receipt: campaign/mission.m08.load.json. Additional pinned inventory references: Data/M08.mix::m08.ldd;Data/M08.mix::m08.lsd;Data/M08.mix::m08.dep."
behavior:campaign.mission.m09.callback_matrix,behavior,campaign.mission.m09.callback_matrix,Code/Scripts/Mission09.cpp,games/renegade/scripting,,,not_started,,2,"Acceptance: Account for all 96 script declarations/215 inventoried callbacks in Code/Scripts/Mission09.cpp, every actual retail binding and dynamic Attach_Script/Toolkit/Test/other-mission dependency. Each callback needs source guard fixtures/parameter schema/ordered typed trace/state diff and real ECS effect. No name-prefix blanket exclusion. Required future validation: proposed: renegade_campaign_tests::mission_m09_callback_matrix; required runtime receipt: campaign/mission.m09.callback_matrix.json. Additional pinned inventory references: games/renegade/migration/scripts.csv;games/renegade/migration/callbacks.csv."
behavior:campaign.mission.m09.checkpoint_resume,behavior,campaign.mission.m09.checkpoint_resume,Code/Scripts/Mission09.cpp,games/renegade/session,,,not_started,,2,"Acceptance: Save campaign Mission 9 after initialization, during pending timer/conversation/action and after objective change. Fresh-process reload matches uninterrupted hashes/traces through success/failure. Original retail-save import needs separate original fixture, not modern round trip. Required future validation: proposed: renegade_campaign_tests::mission_m09_checkpoint_resume; required runtime receipt: campaign/mission.m09.checkpoint_resume.json. Additional pinned inventory references: Data/M09.mix::m09.ldd;Data/M09.mix::m09.lsd;Data/M09.mix::m09.dep."
behavior:campaign.mission.m09.critical_path,behavior,campaign.mission.m09.critical_path,Code/Scripts/Mission09.cpp,games/renegade/session,,,not_started,,2,Acceptance: Complete campaign Mission 9 from fresh playable load through actual authored objective/zone/custom/timer/action/conversation triggers; no console completion or synthetic substitute content. Tick receipt records objectives/callback IDs/critical actors/final success. Tutorial returns via original route; campaign levels follow campaign.ini. Required future validation: proposed: renegade_campaign_tests::mission_m09_critical_path; required runtime receipt: campaign/mission.m09.critical_path.json. Additional pinned inventory references: Data/M09.mix::m09.ldd;Data/M09.mix::m09.lsd;Data/M09.mix::m09.dep.
behavior:campaign.mission.m09.failure_retry,behavior,campaign.mission.m09.failure_retry,Code/Scripts/Mission09.cpp,games/renegade/session,,,not_started,,2,"Acceptance: For campaign Mission 9, exercise player death and each source-declared critical-object/escort/failure condition, then Restart/Load/Quit separately. No next-level advance; original inventory/start script restored; old timer/action callbacks absent after teardown. Required future validation: proposed: renegade_campaign_tests::mission_m09_failure_retry; required runtime receipt: campaign/mission.m09.failure_retry.json. Additional pinned inventory references: Data/M09.mix::m09.ldd;Data/M09.mix::m09.lsd;Data/M09.mix::m09.dep."
behavior:campaign.mission.m09.load,behavior,campaign.mission.m09.load,Code/Scripts/Mission09.cpp,games/renegade/content/levels,,,not_started,,2,"Acceptance: Load Data/M09.mix via original campaign/tutorial route; resolve LDD/LSD/DEP and authored definitions/actors/3D physics/observer parameters. No placeholder preset/script/assets. Receipt includes hashes, decoded chunk/live entity counts, player spawn, first frame and diagnostics. Required future validation: proposed: renegade_campaign_tests::mission_m09_load; required runtime receipt: campaign/mission.m09.load.json. Additional pinned inventory references: Data/M09.mix::m09.ldd;Data/M09.mix::m09.lsd;Data/M09.mix::m09.dep."
behavior:campaign.mission.m10.callback_matrix,behavior,campaign.mission.m10.callback_matrix,Code/Scripts/Mission10.cpp,games/renegade/scripting,,,not_started,,2,"Acceptance: Account for all 79 script declarations/180 inventoried callbacks in Code/Scripts/Mission10.cpp, every actual retail binding and dynamic Attach_Script/Toolkit/Test/other-mission dependency. Each callback needs source guard fixtures/parameter schema/ordered typed trace/state diff and real ECS effect. No name-prefix blanket exclusion. Required future validation: proposed: renegade_campaign_tests::mission_m10_callback_matrix; required runtime receipt: campaign/mission.m10.callback_matrix.json. Additional pinned inventory references: games/renegade/migration/scripts.csv;games/renegade/migration/callbacks.csv."
behavior:campaign.mission.m10.checkpoint_resume,behavior,campaign.mission.m10.checkpoint_resume,Code/Scripts/Mission10.cpp,games/renegade/session,,,not_started,,2,"Acceptance: Save campaign Mission 10 after initialization, during pending timer/conversation/action and after objective change. Fresh-process reload matches uninterrupted hashes/traces through success/failure. Original retail-save import needs separate original fixture, not modern round trip. Required future validation: proposed: renegade_campaign_tests::mission_m10_checkpoint_resume; required runtime receipt: campaign/mission.m10.checkpoint_resume.json. Additional pinned inventory references: Data/M10.mix::m10.ldd;Data/M10.mix::m10.lsd;Data/M10.mix::m10.dep."
behavior:campaign.mission.m10.critical_path,behavior,campaign.mission.m10.critical_path,Code/Scripts/Mission10.cpp,games/renegade/session,,,not_started,,2,Acceptance: Complete campaign Mission 10 from fresh playable load through actual authored objective/zone/custom/timer/action/conversation triggers; no console completion or synthetic substitute content. Tick receipt records objectives/callback IDs/critical actors/final success. Tutorial returns via original route; campaign levels follow campaign.ini. Required future validation: proposed: renegade_campaign_tests::mission_m10_critical_path; required runtime receipt: campaign/mission.m10.critical_path.json. Additional pinned inventory references: Data/M10.mix::m10.ldd;Data/M10.mix::m10.lsd;Data/M10.mix::m10.dep.
behavior:campaign.mission.m10.failure_retry,behavior,campaign.mission.m10.failure_retry,Code/Scripts/Mission10.cpp,games/renegade/session,,,not_started,,2,"Acceptance: For campaign Mission 10, exercise player death and each source-declared critical-object/escort/failure condition, then Restart/Load/Quit separately. No next-level advance; original inventory/start script restored; old timer/action callbacks absent after teardown. Required future validation: proposed: renegade_campaign_tests::mission_m10_failure_retry; required runtime receipt: campaign/mission.m10.failure_retry.json. Additional pinned inventory references: Data/M10.mix::m10.ldd;Data/M10.mix::m10.lsd;Data/M10.mix::m10.dep."
behavior:campaign.mission.m10.load,behavior,campaign.mission.m10.load,Code/Scripts/Mission10.cpp,games/renegade/content/levels,,,not_started,,2,"Acceptance: Load Data/M10.mix via original campaign/tutorial route; resolve LDD/LSD/DEP and authored definitions/actors/3D physics/observer parameters. No placeholder preset/script/assets. Receipt includes hashes, decoded chunk/live entity counts, player spawn, first frame and diagnostics. Required future validation: proposed: renegade_campaign_tests::mission_m10_load; required runtime receipt: campaign/mission.m10.load.json. Additional pinned inventory references: Data/M10.mix::m10.ldd;Data/M10.mix::m10.lsd;Data/M10.mix::m10.dep."
behavior:campaign.mission.m11.callback_matrix,behavior,campaign.mission.m11.callback_matrix,Code/Scripts/Mission11.cpp,games/renegade/scripting,,,not_started,,2,"Acceptance: Account for all 171 script declarations/402 inventoried callbacks in Code/Scripts/Mission11.cpp, every actual retail binding and dynamic Attach_Script/Toolkit/Test/other-mission dependency. Each callback needs source guard fixtures/parameter schema/ordered typed trace/state diff and real ECS effect. No name-prefix blanket exclusion. Required future validation: proposed: renegade_campaign_tests::mission_m11_callback_matrix; required runtime receipt: campaign/mission.m11.callback_matrix.json. Additional pinned inventory references: games/renegade/migration/scripts.csv;games/renegade/migration/callbacks.csv."
behavior:campaign.mission.m11.checkpoint_resume,behavior,campaign.mission.m11.checkpoint_resume,Code/Scripts/Mission11.cpp,games/renegade/session,,,not_started,,2,"Acceptance: Save campaign Mission 11 after initialization, during pending timer/conversation/action and after objective change. Fresh-process reload matches uninterrupted hashes/traces through success/failure. Original retail-save import needs separate original fixture, not modern round trip. Required future validation: proposed: renegade_campaign_tests::mission_m11_checkpoint_resume; required runtime receipt: campaign/mission.m11.checkpoint_resume.json. Additional pinned inventory references: Data/M11.mix::m11.ldd;Data/M11.mix::m11.lsd;Data/M11.mix::m11.dep."
behavior:campaign.mission.m11.critical_path,behavior,campaign.mission.m11.critical_path,Code/Scripts/Mission11.cpp,games/renegade/session,,,not_started,,2,Acceptance: Complete campaign Mission 11 from fresh playable load through actual authored objective/zone/custom/timer/action/conversation triggers; no console completion or synthetic substitute content. Tick receipt records objectives/callback IDs/critical actors/final success. Tutorial returns via original route; campaign levels follow campaign.ini. Required future validation: proposed: renegade_campaign_tests::mission_m11_critical_path; required runtime receipt: campaign/mission.m11.critical_path.json. Additional pinned inventory references: Data/M11.mix::m11.ldd;Data/M11.mix::m11.lsd;Data/M11.mix::m11.dep.
behavior:campaign.mission.m11.failure_retry,behavior,campaign.mission.m11.failure_retry,Code/Scripts/Mission11.cpp,games/renegade/session,,,not_started,,2,"Acceptance: For campaign Mission 11, exercise player death and each source-declared critical-object/escort/failure condition, then Restart/Load/Quit separately. No next-level advance; original inventory/start script restored; old timer/action callbacks absent after teardown. Required future validation: proposed: renegade_campaign_tests::mission_m11_failure_retry; required runtime receipt: campaign/mission.m11.failure_retry.json. Additional pinned inventory references: Data/M11.mix::m11.ldd;Data/M11.mix::m11.lsd;Data/M11.mix::m11.dep."
behavior:campaign.mission.m11.load,behavior,campaign.mission.m11.load,Code/Scripts/Mission11.cpp,games/renegade/content/levels,,,not_started,,2,"Acceptance: Load Data/M11.mix via original campaign/tutorial route; resolve LDD/LSD/DEP and authored definitions/actors/3D physics/observer parameters. No placeholder preset/script/assets. Receipt includes hashes, decoded chunk/live entity counts, player spawn, first frame and diagnostics. Required future validation: proposed: renegade_campaign_tests::mission_m11_load; required runtime receipt: campaign/mission.m11.load.json. Additional pinned inventory references: Data/M11.mix::m11.ldd;Data/M11.mix::m11.lsd;Data/M11.mix::m11.dep."
behavior:campaign.mission.m13.callback_matrix,behavior,campaign.mission.m13.callback_matrix,Code/Scripts/MissionX0.cpp,games/renegade/scripting,,,not_started,,2,"Acceptance: Account for all 31 script declarations/95 inventoried callbacks in Code/Scripts/MissionX0.cpp, every actual retail binding and dynamic Attach_Script/Toolkit/Test/other-mission dependency. Each callback needs source guard fixtures/parameter schema/ordered typed trace/state diff and real ECS effect. No name-prefix blanket exclusion. Required future validation: proposed: renegade_campaign_tests::mission_m13_callback_matrix; required runtime receipt: campaign/mission.m13.callback_matrix.json. Additional pinned inventory references: games/renegade/migration/scripts.csv;games/renegade/migration/callbacks.csv."
behavior:campaign.mission.m13.checkpoint_resume,behavior,campaign.mission.m13.checkpoint_resume,Code/Scripts/MissionX0.cpp,games/renegade/session,,,not_started,,2,"Acceptance: Save campaign Mission 0 after initialization, during pending timer/conversation/action and after objective change. Fresh-process reload matches uninterrupted hashes/traces through success/failure. Original retail-save import needs separate original fixture, not modern round trip. Required future validation: proposed: renegade_campaign_tests::mission_m13_checkpoint_resume; required runtime receipt: campaign/mission.m13.checkpoint_resume.json. Additional pinned inventory references: Data/M13.mix::m13.ldd;Data/M13.mix::m13.lsd;Data/M13.mix::m13.dep."
behavior:campaign.mission.m13.critical_path,behavior,campaign.mission.m13.critical_path,Code/Scripts/MissionX0.cpp,games/renegade/session,,,not_started,,2,Acceptance: Complete campaign Mission 0 from fresh playable load through actual authored objective/zone/custom/timer/action/conversation triggers; no console completion or synthetic substitute content. Tick receipt records objectives/callback IDs/critical actors/final success. Tutorial returns via original route; campaign levels follow campaign.ini. Required future validation: proposed: renegade_campaign_tests::mission_m13_critical_path; required runtime receipt: campaign/mission.m13.critical_path.json. Additional pinned inventory references: Data/M13.mix::m13.ldd;Data/M13.mix::m13.lsd;Data/M13.mix::m13.dep.
behavior:campaign.mission.m13.failure_retry,behavior,campaign.mission.m13.failure_retry,Code/Scripts/MissionX0.cpp,games/renegade/session,,,not_started,,2,"Acceptance: For campaign Mission 0, exercise player death and each source-declared critical-object/escort/failure condition, then Restart/Load/Quit separately. No next-level advance; original inventory/start script restored; old timer/action callbacks absent after teardown. Required future validation: proposed: renegade_campaign_tests::mission_m13_failure_retry; required runtime receipt: campaign/mission.m13.failure_retry.json. Additional pinned inventory references: Data/M13.mix::m13.ldd;Data/M13.mix::m13.lsd;Data/M13.mix::m13.dep."
behavior:campaign.mission.m13.load,behavior,campaign.mission.m13.load,Code/Scripts/MissionX0.cpp,games/renegade/content/levels,,,not_started,,2,"Acceptance: Load Data/M13.mix via original campaign/tutorial route; resolve LDD/LSD/DEP and authored definitions/actors/3D physics/observer parameters. No placeholder preset/script/assets. Receipt includes hashes, decoded chunk/live entity counts, player spawn, first frame and diagnostics. Required future validation: proposed: renegade_campaign_tests::mission_m13_load; required runtime receipt: campaign/mission.m13.load.json. Additional pinned inventory references: Data/M13.mix::m13.ldd;Data/M13.mix::m13.lsd;Data/M13.mix::m13.dep."
behavior:campaign.objectives.add_hidden,behavior,campaign.objectives.add_hidden,Code/Combat/objectives.cpp:419,games/renegade/gameplay/objectives,,,not_started,,2,"Acceptance: Reject duplicate IDs; hidden suppresses new-objective notification. Visible additions use source localized category/description, update viewer/HUD once. Reuse: shared ECS scheduler/access/command barriers; game-local authored schemas/rules. Proposed generic common/fps capability requires semantic checks against existing GZH common/rts modules before adoption. Required future validation: proposed: renegade_campaign_tests::objectives_add_hidden; required runtime receipt: campaign/objectives.add_hidden.json."
behavior:campaign.objectives.hud_priority,behavior,campaign.objectives.hud_priority,Code/Combat/objectives.cpp:653,games/renegade/gameplay/objectives,,,not_started,,2,Acceptance: Source status order then descending HUD priority; only pending/positive-priority objectives show pogs; texture/message/location/age match. Reuse: shared ECS scheduler/access/command barriers; game-local authored schemas/rules. Proposed generic common/fps capability requires semantic checks against existing GZH common/rts modules before adoption. Required future validation: proposed: renegade_campaign_tests::objectives_hud_priority; required runtime receipt: campaign/objectives.hud_priority.json.
behavior:campaign.objectives.radar_target,behavior,campaign.objectives.radar_target,Code/Combat/objectives.cpp:557,games/renegade/gameplay/objectives,,,not_started,,2,Acceptance: Position marker clears object reference; tracked marker follows live target with source type/status visibility; deletion/save reload safe. Reuse: shared ECS scheduler/access/command barriers; game-local authored schemas/rules. Proposed generic common/fps capability requires semantic checks against existing GZH common/rts modules before adoption. Required future validation: proposed: renegade_campaign_tests::objectives_radar_target; required runtime receipt: campaign/objectives.radar_target.json.
behavior:campaign.objectives.remove_type,behavior,campaign.objectives.remove_type,Code/Combat/objectives.cpp:464,games/renegade/gameplay/objectives,,,not_started,,2,Acceptance: Remove emits cancellation/clears objective; type changes blip/category without duplication. Save/replay preserve resulting objective set. Reuse: shared ECS scheduler/access/command barriers; game-local authored schemas/rules. Proposed generic common/fps capability requires semantic checks against existing GZH common/rts modules before adoption. Required future validation: proposed: renegade_campaign_tests::objectives_remove_type; required runtime receipt: campaign/objectives.remove_type.json.
behavior:campaign.objectives.secondary_tertiary_count,behavior,campaign.objectives.secondary_tertiary_count,Code/Combat/objectives.cpp:686,games/renegade/gameplay/objectives,,,not_started,,2,Acceptance: Visible type counts and specified tertiary lower bound; accomplished counts feed source secondary objective stars. Reuse: shared ECS scheduler/access/command barriers; game-local authored schemas/rules. Proposed generic common/fps capability requires semantic checks against existing GZH common/rts modules before adoption. Required future validation: proposed: renegade_campaign_tests::objectives_secondary_tertiary_count; required runtime receipt: campaign/objectives.secondary_tertiary_count.json.
behavior:campaign.objectives.status_unhide,behavior,campaign.objectives.status_unhide,Code/Combat/objectives.cpp:488,games/renegade/gameplay/objectives,,,not_started,,2,Acceptance: Hidden-to-pending resets age/new-objective help; hidden-to-accomplished uses normal status text. Update blips/viewer/sort; unknown ID unchanged. Reuse: shared ECS scheduler/access/command barriers; game-local authored schemas/rules. Proposed generic common/fps capability requires semantic checks against existing GZH common/rts modules before adoption. Required future validation: proposed: renegade_campaign_tests::objectives_status_unhide; required runtime receipt: campaign/objectives.status_unhide.json.
behavior:campaign.player.defense_preset,behavior,campaign.player.defense_preset,Code/Combat/damage.cpp:1213,games/renegade/content/armor,games/renegade/content/armor/defense_preset.cppm;games/renegade/content/armor/armor_catalog.cppm,games/renegade/content/armor/defense_preset.test;games/renegade/content/campaign/campaign_content.test,verified,games/renegade/migration/campaign-loading-validation.json,2,"DefenseObjectDef constructor defaults, bounded damageable-defense schema, declaration-order persistent armor-ID remapping including first duplicate match and unknown-ID fallback. Source byte fixture; no whole damageable-object or score-system completion claim."
behavior:campaign.player.difficulty_vitals,behavior,campaign.player.difficulty_vitals,Code/Commando/god.cpp:326,games/renegade/session,games/renegade/session/session.cppm;games/renegade/content/armor/defense_preset.cppm,games/renegade/session/scene.test;games/renegade/content/armor/defense_preset.test,verified,games/renegade/migration/campaign-loading-validation.json,2,"Solo-player health/shield current and maximum set to 200/100/75, preserving skin/shield type. Retail preset initialization and queued damage on real shared ECS columns across tutorial and all 12 campaign maps; not player movement, inventory, respawn or mission progression."
behavior:campaign.retry.death_options,behavior,campaign.retry.death_options,Code/Commando/god.cpp:477,games/renegade/session,,,not_started,,2,Acceptance: Running single-player star death stores death inventory/transform and opens death options once; source popup suspends combat and flushes audio. Reuse: shared ECS scheduler/access/command barriers; game-local authored schemas/rules. Proposed generic common/fps capability requires semantic checks against existing GZH common/rts modules before adoption. Required future validation: proposed: renegade_campaign_tests::retry_death_options; required runtime receipt: campaign/retry.death_options.json.
behavior:campaign.retry.failed_options,behavior,campaign.retry.failed_options,Code/Commando/god.cpp:554,games/renegade/session,,,not_started,,2,Acceptance: Objective failure opens failed options only from running state. Restart/Load/Quit follow source popup commands; failure retains campaign cursor. Reuse: shared ECS scheduler/access/command barriers; game-local authored schemas/rules. Proposed generic common/fps capability requires semantic checks against existing GZH common/rts modules before adoption. Required future validation: proposed: renegade_campaign_tests::retry_failed_options; required runtime receipt: campaign/retry.failed_options.json.
behavior:campaign.retry.load_from_death,behavior,campaign.retry.load_from_death,Code/Commando/god.cpp:546,games/renegade/session,,,not_started,,2,Acceptance: Load ends current game and enters save catalog; valid selection restores its map/cursor. Cancel/back cannot leave dead-world systems executing. Reuse: shared ECS scheduler/access/command barriers; game-local authored schemas/rules. Proposed generic common/fps capability requires semantic checks against existing GZH common/rts modules before adoption. Required future validation: proposed: renegade_campaign_tests::retry_load_from_death; required runtime receipt: campaign/retry.load_from_death.json.
behavior:campaign.retry.respawn_script,behavior,campaign.retry.respawn_script,Code/Commando/god.cpp:502,games/renegade/session,,,not_started,,2,Acceptance: Source respawn API restores death transform/inventory and attaches respawn script; establish whether retail UI exposes it. Do not substitute respawn for Restart. Reuse: shared ECS scheduler/access/command barriers; game-local authored schemas/rules. Proposed generic common/fps capability requires semantic checks against existing GZH common/rts modules before adoption. Required future validation: proposed: renegade_campaign_tests::retry_respawn_script; required runtime receipt: campaign/retry.respawn_script.json.
behavior:campaign.retry.restart,behavior,campaign.retry.restart,Code/Commando/god.cpp:518,games/renegade/session,,,not_started,,2,"Acceptance: Second restart request is harmless; core reload resets stats, recreates commando and attaches start script; old entities/timers/actions cannot leak. Reuse: shared ECS scheduler/access/command barriers; game-local authored schemas/rules. Proposed generic common/fps capability requires semantic checks against existing GZH common/rts modules before adoption. Required future validation: proposed: renegade_campaign_tests::retry_restart; required runtime receipt: campaign/retry.restart.json."
behavior:campaign.save.autosave_boundary,behavior,campaign.save.autosave_boundary,Code/Commando/combatgmode.cpp:1362,games/renegade/session,,,not_started,,2,Acceptance: Consume autosave after first loop pass and clear request before serialization; localized autosave description. Campaign level entry omits M13 autosave. Reuse: shared ECS scheduler/access/command barriers; game-local authored schemas/rules. Proposed generic common/fps capability requires semantic checks against existing GZH common/rts modules before adoption. Required future validation: proposed: renegade_campaign_tests::save_autosave_boundary; required runtime receipt: campaign/save.autosave_boundary.json.
behavior:campaign.save.campaign_cursor,behavior,campaign.save.campaign_cursor,Code/Commando/campaign.cpp:150,games/renegade/session,,,not_started,,2,"Acceptance: Round-trip campaign State/BackdropIndex, including replay/score states; resume authored flow exactly once. Reuse: shared ECS scheduler/access/command barriers; game-local authored schemas/rules. Proposed generic common/fps capability requires semantic checks against existing GZH common/rts modules before adoption. Required future validation: proposed: renegade_campaign_tests::save_campaign_cursor; required runtime receipt: campaign/save.campaign_cursor.json."
behavior:campaign.save.lua_state,behavior,campaign.save.lua_state,Code/Scripts/scripts.cpp:580,games/renegade/scripting,,,not_started,,2,"Acceptance: Translate explicit Save_Data/Load_Data and registered auto-save fields into versioned Lua state. Preserve IDs/types, deliberate missing/unknown-field policy and resumed controller flags. Reuse: shared ECS scheduler/access/command barriers; game-local authored schemas/rules. Proposed generic common/fps capability requires semantic checks against existing GZH common/rts modules before adoption. Required future validation: proposed: renegade_campaign_tests::save_lua_state; required runtime receipt: campaign/save.lua_state.json."
behavior:campaign.save.postload_identity,behavior,campaign.save.postload_identity,Code/Combat/scriptablegameobj.cpp:524,games/renegade/scripting,,,not_started,,2,Acceptance: Replace pointer remaps with stable entity/script handles and validate before callbacks; stale generations cannot address reallocated entities. Reuse: shared ECS scheduler/access/command barriers; game-local authored schemas/rules. Proposed generic common/fps capability requires semantic checks against existing GZH common/rts modules before adoption. Required future validation: proposed: renegade_campaign_tests::save_postload_identity; required runtime receipt: campaign/save.postload_identity.json.
behavior:campaign.save.timers_and_senders,behavior,campaign.save.timers_and_senders,Code/Combat/scriptablegameobj.cpp:226,games/renegade/scripting,,,not_started,,2,"Acceptance: Round-trip remaining observer/custom timer time, timer/observer IDs, type/parameter and sender identity; resume once in source order despite disappeared sender/target. Reuse: shared ECS scheduler/access/command barriers; game-local authored schemas/rules. Proposed generic common/fps capability requires semantic checks against existing GZH common/rts modules before adoption. Required future validation: proposed: renegade_campaign_tests::save_timers_and_senders; required runtime receipt: campaign/save.timers_and_senders.json."
behavior:campaign.save.world_and_resources,behavior,campaign.save.world_and_resources,Code/Combat/savegame.cpp:99,games/renegade/content/levels,,,not_started,,2,Acceptance: Capture between ticks: ECS layout/allocator plus game-local campaign/objectives/RNG/scripts/timers/conversations/inventory/map/audio progress; fresh-process resume matches future hashes/traces. Reuse: shared ECS scheduler/access/command barriers; game-local authored schemas/rules. Proposed generic common/fps capability requires semantic checks against existing GZH common/rts modules before adoption. Required future validation: proposed: renegade_campaign_tests::save_world_and_resources; required runtime receipt: campaign/save.world_and_resources.json.
behavior:campaign.scene.affine_soa,behavior,campaign.scene.affine_soa,Code/wwphys/phys.cpp,games/renegade/session,games/renegade/session/session.cppm;engine/gameplay/common/spatial/components/affine_pose.cppm;engine/gameplay/common/spatial/systems/affine_snapshot_system.cppm;engine/core/math/fixed/transform/FixedAffineTransform3.cppm,games/renegade/session/scene.test,verified,games/renegade/migration/campaign-loading-validation.json,2,"Deferred static creation into shared archetype AffinePose/ModelOverride columns and parallel completed-chunk snapshots, retaining full authored scale/roll/pitch. Worker/chunk-capacity and world checkpoint comparison; scene metadata resume, collision and actor lifecycle remain open."
behavior:campaign.scene.collision_boxes,behavior,campaign.scene.collision_boxes,Code/ww3d2/boxrobj.cpp:160,games/renegade/content/levels,games/renegade/content/levels/render_assets.cppm;games/renegade/presentation/scene/level_view.cppm,games/renegade/content/levels/level_scene.test;games/renegade/hosts/game/level_runtime_test.py,in_progress,games/renegade/migration/campaign-loading-validation.json,2,Source DisplayMask=0 keeps named retail collision/debug BOX exports out of visible rendering. Shared bounded W3DBox decode; exact-name and malformed-source tests. Actual collision simulation and optional debug display remain open. Current increment: M13 imports two nondrawing collision boxes. No collision simulation claim.
behavior:campaign.scene.named_static_exports,behavior,campaign.scene.named_static_exports,Code/ww3d2/rendobj.cpp:1148,games/renegade/content/levels,games/renegade/content/levels/render_assets.cppm;games/renegade/presentation/scene/level_view.cppm;engine/assets/adapters/w3d/W3DAdapter.cppm;engine/assets/adapters/w3d/mesh/W3DMeshParser.cppm;engine/assets/adapters/w3d/model/W3DModelBuilder.cppm,games/renegade/content/levels/level_scene.test;engine/assets/adapters/w3d/mesh/W3DMeshParser.test.cppm;games/renegade/hosts/game/level_runtime_test.py,in_progress,games/renegade/migration/campaign-loading-validation.json,2,"Exact named mesh export selection within W3D containers, retail hash characters in filenames, source default prelighting, base/lightmap pass UVs and hidden mesh attributes. Tutorial export import and tutorial/M13 runtime captures; hierarchy instances, dazzle, sky/local lighting and complete scene parity remain open. Current increment: Current proof is a tutorial/M13 static preview and source material/selection fixtures. Full source/retail visual parity, hierarchy instances and lighting remain open."
behavior:campaign.scoring.rank,behavior,campaign.scoring.rank,Code/Commando/scorescreen.cpp:84,games/renegade/presentation/scoring,,,not_started,,2,Acceptance: Authored star calculations use actual mission time/save-load/objective/damage/accuracy/kills; portable best rank persistence unlocks correct replay catalog. Reuse: shared ECS scheduler/access/command barriers; game-local authored schemas/rules. Proposed generic common/fps capability requires semantic checks against existing GZH common/rts modules before adoption. Required future validation: proposed: renegade_campaign_tests::scoring_rank; required runtime receipt: campaign/scoring.rank.json.
behavior:campaign.scripts.command_commit,behavior,campaign.scripts.command_commit,Code/Combat/scriptcommands.cpp:574,games/renegade/scripting,,,not_started,,2,"Acceptance: Each typed command has validated args, declared accesses and commit phase; creates/destroys/attach/detach defer. Callback failure commits no partial engine commands; define Lua state rollback. Reuse: shared ECS scheduler/access/command barriers; game-local authored schemas/rules. Proposed generic common/fps capability requires semantic checks against existing GZH common/rts modules before adoption. Required future validation: proposed: renegade_campaign_tests::scripts_command_commit; required runtime receipt: campaign/scripts.command_commit.json."
behavior:campaign.scripts.created_deferred,behavior,campaign.scripts.created_deferred,Code/Combat/scriptablegameobj.cpp:558,games/renegade/scripting,engine/gameplay/common/scripts/components/lua_behavior.cppm;engine/gameplay/common/scripts/resources/behavior_programs.cppm;engine/gameplay/common/scripts/systems/lua_behavior_system.cppm;engine/gameplay/common/scripts/systems/behavior_attachment_system.cppm;engine/gameplay/common/input/components/input_permission.cppm;engine/gameplay/common/input/systems/input_permission_system.cppm;games/renegade/content/campaign/behavior_programs.cppm;games/renegade/content/scripts/MTU_Commando_Startup.lua;games/renegade/content/scripts/MTU_Commando.lua;games/renegade/gameplay/missions/systems/mission_command_system.cppm;games/renegade/gameplay/humans/systems/motion_system.cppm;games/renegade/session/session.cppm;games/renegade/presentation/player/input.cppm;games/renegade/presentation/scene/level_view.cppm;games/renegade/hosts/game/main.cppm,engine/gameplay/common/scripts/behavior_events.test;engine/gameplay/common/input/input_permission.test;games/renegade/content/campaign/behavior_programs.test;games/renegade/gameplay/humans/motion.test;games/renegade/presentation/player/input.test;games/renegade/scripting/mission.test;games/renegade/session/scene.test;games/renegade/hosts/game/tutorial_runtime_test.py,in_progress,games/renegade/migration/behavior-runtime-validation.json,2,"Acceptance: Attach ordered observers after preset/world construction and source activation; load must not repeat Created for initialized instances. Reuse: shared ECS scheduler/access/command barriers; game-local authored schemas/rules. Proposed generic common/fps capability requires semantic checks against existing GZH common/rts modules before adoption. Required future validation: proposed: renegade_campaign_tests::scripts_created_deferred; required runtime receipt: campaign/scripts.created_deferred.json. Current increment: saved player startup, shared deferred Lua attachments and persistent input permission; source custom control messages verified with directly injected live events and actual SDL3 movement. Complete callback branches, source lesson sequencing, weapon/action effects and mission saves remain open."
behavior:campaign.scripts.custom_order,behavior,campaign.scripts.custom_order,Code/Combat/scriptablegameobj.cpp:668,games/renegade/scripting,,,not_started,,2,"Acceptance: Compare reverse delayed custom-list order and observer-list order; cover immediate sends, absent senders and callback-created events across worker counts. Reuse: shared ECS scheduler/access/command barriers; game-local authored schemas/rules. Proposed generic common/fps capability requires semantic checks against existing GZH common/rts modules before adoption. Required future validation: proposed: renegade_campaign_tests::scripts_custom_order; required runtime receipt: campaign/scripts.custom_order.json."
behavior:campaign.scripts.destroy_deferred,behavior,campaign.scripts.destroy_deferred,Code/Combat/scripts.cpp:123,games/renegade/scripting,,,not_started,,2,Acceptance: Deferred script/entity removal preserves Destroyed/Killed ordering and cancels or safely ignores owner timers after dispatch; no iterator invalidation. Reuse: shared ECS scheduler/access/command barriers; game-local authored schemas/rules. Proposed generic common/fps capability requires semantic checks against existing GZH common/rts modules before adoption. Required future validation: proposed: renegade_campaign_tests::scripts_destroy_deferred; required runtime receipt: campaign/scripts.destroy_deferred.json.
behavior:campaign.scripts.parameters,behavior,campaign.scripts.parameters,Code/Scripts/scripts.cpp:673,games/renegade/scripting,engine/gameplay/common/scripts/components/lua_behavior.cppm;engine/gameplay/common/scripts/resources/behavior_programs.cppm;engine/gameplay/common/scripts/systems/lua_behavior_system.cppm;engine/gameplay/common/scripts/systems/behavior_attachment_system.cppm;engine/gameplay/common/input/components/input_permission.cppm;engine/gameplay/common/input/systems/input_permission_system.cppm;games/renegade/content/campaign/behavior_programs.cppm;games/renegade/content/scripts/MTU_Commando_Startup.lua;games/renegade/content/scripts/MTU_Commando.lua;games/renegade/gameplay/missions/systems/mission_command_system.cppm;games/renegade/gameplay/humans/systems/motion_system.cppm;games/renegade/session/session.cppm;games/renegade/presentation/player/input.cppm;games/renegade/presentation/scene/level_view.cppm;games/renegade/hosts/game/main.cppm,engine/gameplay/common/scripts/behavior_events.test;engine/gameplay/common/input/input_permission.test;games/renegade/content/campaign/behavior_programs.test;games/renegade/gameplay/humans/motion.test;games/renegade/presentation/player/input.test;games/renegade/scripting/mission.test;games/renegade/session/scene.test;games/renegade/hosts/game/tutorial_runtime_test.py,in_progress,games/renegade/migration/behavior-runtime-validation.json,2,"Acceptance: Bind all script parameters with source type/default/name semantics, including floats/vectors/bools/strings. Integer/string-only Lua command support is insufficient. Reuse: shared ECS scheduler/access/command barriers; game-local authored schemas/rules. Proposed generic common/fps capability requires semantic checks against existing GZH common/rts modules before adoption. Required future validation: proposed: renegade_campaign_tests::scripts_parameters; required runtime receipt: campaign/scripts.parameters.json. Current increment: saved player startup, shared deferred Lua attachments and persistent input permission; source custom control messages verified with directly injected live events and actual SDL3 movement. Complete callback branches, source lesson sequencing, weapon/action effects and mission saves remain open."
behavior:campaign.scripts.timer_order,behavior,campaign.scripts.timer_order,Code/Combat/scriptablegameobj.cpp:636,games/renegade/scripting,,,not_started,,2,"Acceptance: Compare source reverse-list same-deadline timer order, callback-rescheduled timers and remaining-time rules over frame-to-fixed-tick conversion. Reuse: shared ECS scheduler/access/command barriers; game-local authored schemas/rules. Proposed generic common/fps capability requires semantic checks against existing GZH common/rts modules before adoption. Required future validation: proposed: renegade_campaign_tests::scripts_timer_order; required runtime receipt: campaign/scripts.timer_order.json."
behavior:campaign.scripts.zone_3d,behavior,campaign.scripts.zone_3d,Code/Combat/scriptzone.cpp:384,games/renegade/scripting,,,not_started,,2,Acceptance: Match authored rotated 3D zones and eligible-object filters; cover overlap/stationary/destroyed-inside/vertical separation. Reuse: shared ECS scheduler/access/command barriers; game-local authored schemas/rules. Proposed generic common/fps capability requires semantic checks against existing GZH common/rts modules before adoption. Required future validation: proposed: renegade_campaign_tests::scripts_zone_3d; required runtime receipt: campaign/scripts.zone_3d.json.
behavior:campaign.tutorial.camera_facing,behavior,campaign.tutorial.camera_facing,Code/Scripts/Mission00.cpp:2196;Code/Combat/scriptcommands.cpp:341;Code/Combat/ccamera.cpp:1545,games/renegade/presentation,engine/camera/motion/anchor_transition.cppm;engine/gameplay/common/appearance/components/clip_playback.cppm;games/renegade/content/cameras/camera_profiles.cppm;engine/level/model/level.cppm;games/renegade/content/levels/transition_definitions.cppm;games/renegade/content/levels/traversal_portals.cppm;games/renegade/gameplay/humans/resources/ladders.cppm;games/renegade/gameplay/humans/systems/ladder_transition_system.cppm;games/renegade/gameplay/humans/systems/animation_system.cppm;engine/core/math/fixed/transform/FixedLookAngles.cppm;engine/gameplay/common/spatial/resources/heading_requests.cppm;engine/gameplay/common/spatial/systems/heading_target_system.cppm;engine/gameplay/common/spatial/systems/rigid_heading_system.cppm;engine/gameplay/common/areas/resources/trigger_volumes.cppm;engine/gameplay/common/areas/systems/volume_presence_system.cppm;engine/gameplay/common/spatial/resources/position_requests.cppm;engine/gameplay/common/spatial/systems/position_request_system.cppm;games/renegade/content/scripts/MTU_Trigger_Zone.lua;games/renegade/content/scripts/MTU_Tutorial_Instructor.lua;games/renegade/gameplay/missions/systems/mission_command_system.cppm;games/renegade/gameplay/missions/resources/camera_requests.cppm;games/renegade/gameplay/humans/systems/motion_system.cppm;games/renegade/presentation/player/input.cppm;games/renegade/session/session.cppm;games/renegade/presentation/scene/level_view.cppm;games/renegade/hosts/game/main.cppm,engine/camera/camera.test;engine/gameplay/common/appearance/clip_playback.test;games/renegade/content/cameras/camera_profiles.test;engine/level/model/level.test;games/renegade/content/levels/level_scene.test;games/renegade/gameplay/humans/ladder.test;games/renegade/gameplay/humans/motion.test;games/renegade/gameplay/humans/animation.test;engine/core/math/fixed/tests/FixedLookAngles.test;engine/gameplay/common/spatial/heading_requests.test;engine/gameplay/common/areas/volume_presence.test;engine/gameplay/common/spatial/position_requests.test;games/renegade/scripting/mission.test;games/renegade/session/scene.test;games/renegade/presentation/player/input.test;games/renegade/hosts/game/tutorial_course_runtime_test.py,in_progress,games/renegade/migration/tutorial-course-validation.json,2,"Acceptance: Source actor facing resolves after relocation, resets the physical rigid basis and retains soldier control heading. Typed actor/point camera requests apply source heading/tilt/profile equations, actor height offset and zero-X guard. Actual locked-player camera looks leave body facing unchanged. Literal point requests, speaking/camera/action arbitration and relevant non-Windows runtime coverage require independent evidence before closing this item."
behavior:campaign.tutorial.entrance_gates,behavior,campaign.tutorial.entrance_gates,Code/Scripts/Mission00.cpp:99;Code/Scripts/Mission00.cpp:2323;Code/Combat/scriptcommands.cpp:778;Code/wwphys/animcollisionmanager.cpp,games/renegade/gameplay/missions,engine/level/model/collision_mesh.cppm;engine/level/collision/collision_scene.cppm;engine/level/presentation/model_collision.cppm;engine/gameplay/common/appearance/resources/clip_requests.cppm;engine/gameplay/common/appearance/systems/clip_request_system.cppm;engine/gameplay/common/physics/components/kinematic_collider.cppm;engine/gameplay/common/physics/resources/kinematic_collision.cppm;engine/gameplay/common/physics/systems/kinematic_collision_system.cppm;games/renegade/content/campaign/behavior_programs.cppm;games/renegade/content/scripts/MTU_Tutorial_Controller.lua;games/renegade/content/scripts/MTU_Tutorial_Instructor.lua;games/renegade/gameplay/missions/resources/animation_library.cppm;games/renegade/gameplay/missions/systems/mission_command_system.cppm;games/renegade/session/session.cppm;games/renegade/presentation/scene/level_view.cppm,engine/level/collision/collision_scene.test;engine/level/presentation/model_collision.test;engine/gameplay/common/physics/kinematic_collision.test;games/renegade/presentation/scene/cinematic_assets.test;games/renegade/scripting/mission.test;games/renegade/session/scene.test;games/renegade/hosts/game/tutorial_runtime_test.py,verified,games/renegade/migration/tutorial-intro-validation.json,2,"Four original gates hold frame zero on controller startup; Logan intro completion opens 400142/400143 to frame two using the retail 5fps clip. Lua-declared animation dependencies load off the frame thread. Typed requests, playheads and kinematic collision use shared archetype SoA systems, parallel chunk outputs and immutable layered level geometry, including posed W3D collision boxes. Retail Boost tests and same-tick closed/open GPU comparisons plus actual scene sweeps on both backends. Later gate actions, obstruction push/crush, rotating mechanisms and complete dynamic actor collision remain open."
behavior:campaign.tutorial.intro_dispatch,behavior,campaign.tutorial.intro_dispatch,Code/Scripts/Mission00.cpp:99;Code/Scripts/Mission00.cpp:208;Code/Scripts/Mission00.cpp:1830,games/renegade/content/scripts,engine/scripting/lua/lua_program.cppm;engine/gameplay/common/scripts/systems/lua_behavior_system.cppm;engine/gameplay/common/scripts/systems/message_timer_system.cppm;games/renegade/content/campaign/behavior_programs.cppm;games/renegade/gameplay/missions/systems/mission_command_system.cppm;games/renegade/content/scripts/MTU_Tutorial_Controller.lua;games/renegade/content/scripts/MTU_Tutorial_Instructor.lua,engine/gameplay/common/scripts/behavior_events.test;games/renegade/scripting/mission.test;games/renegade/session/scene.test;games/renegade/hosts/game/tutorial_runtime_test.py,verified,games/renegade/migration/tutorial-intro-validation.json,2,"Tutorial controller Created saved integers and two-second timer-1 custom message to Logan; instructor intro request through shared archetype Lua state/timers, ordered callbacks and deferred messages. One/four-worker and checkpoint tests. Remaining timers, radar/objective effects and tutorial progression stay open."
behavior:campaign.tutorial.intro_help_text,behavior,campaign.tutorial.intro_help_text,Code/Scripts/Mission00.cpp:2323;Code/Combat/hud.cpp:593,games/renegade/hud,games/renegade/content/scripts/MTU_Tutorial_Instructor.lua;games/renegade/hud/help_text_view_model.cppm;games/renegade/presentation/scene/level_view.cppm;games/renegade/hosts/game/main.cppm;engine/gui/w3d/rendering/text_view.cppm;engine/time/value_transition.cppm,games/renegade/scripting/mission.test;games/renegade/hud/help_text_view_model.test;games/renegade/hosts/game/tutorial_runtime_test.py,verified,games/renegade/migration/tutorial-intro-validation.json,2,"Original localized post-intro help-screen instruction, authored InGameBig font, centered sentence above reticle, shadow, half opacity, two-second hold then two-second fade. MVVM tests cover replacement and frozen clock; live GPU captures on both backends. Complete HUD and F1 Help Screen interaction remain open."
behavior:campaign.tutorial.intro_speech,behavior,campaign.tutorial.intro_speech,Code/Scripts/Mission00.cpp:2196;Code/Combat/activeconversation.cpp:472;Code/Combat/soldier.cpp:3407,games/renegade/gameplay/missions,games/renegade/content/campaign/conversations.cppm;games/renegade/content/audio/sound_preset.cppm;games/renegade/gameplay/missions/components/conversation_state.cppm;games/renegade/gameplay/missions/systems/conversation_system.cppm;games/renegade/presentation/scene/level_view.cppm,games/renegade/content/campaign/conversations.test;games/renegade/session/conversation.test;games/renegade/hosts/game/tutorial_runtime_test.py,verified,games/renegade/migration/tutorial-intro-validation.json,2,"Ordered MTU_LOGAN_START retail remarks, silent remark default duration, typed sound/translation references, off-frame-thread PCM preparation and shared ECS timeline/audio emitter playback with completion/interruption callback. Both live graphics backends with only dialogue enabled; audience checks, participant priorities, speaking animation and other conversations remain open."
behavior:campaign.tutorial.jump_sequence,behavior,campaign.tutorial.jump_sequence,Code/Scripts/Mission00.cpp:1308;Code/Scripts/Mission00.cpp:2360;Code/Scripts/Mission00.cpp:2687;Code/Scripts/Mission00.cpp:2757;Code/Scripts/Mission00.h,games/renegade/gameplay/missions,engine/camera/motion/anchor_transition.cppm;engine/gameplay/common/appearance/components/clip_playback.cppm;games/renegade/content/cameras/camera_profiles.cppm;engine/level/model/level.cppm;games/renegade/content/levels/transition_definitions.cppm;games/renegade/content/levels/traversal_portals.cppm;games/renegade/gameplay/humans/resources/ladders.cppm;games/renegade/gameplay/humans/systems/ladder_transition_system.cppm;games/renegade/gameplay/humans/systems/animation_system.cppm;engine/core/math/fixed/transform/FixedLookAngles.cppm;engine/gameplay/common/spatial/resources/heading_requests.cppm;engine/gameplay/common/spatial/systems/heading_target_system.cppm;engine/gameplay/common/spatial/systems/rigid_heading_system.cppm;engine/gameplay/common/areas/resources/trigger_volumes.cppm;engine/gameplay/common/areas/systems/volume_presence_system.cppm;engine/gameplay/common/spatial/resources/position_requests.cppm;engine/gameplay/common/spatial/systems/position_request_system.cppm;games/renegade/content/scripts/MTU_Trigger_Zone.lua;games/renegade/content/scripts/MTU_Tutorial_Instructor.lua;games/renegade/gameplay/missions/systems/mission_command_system.cppm;games/renegade/gameplay/missions/resources/camera_requests.cppm;games/renegade/gameplay/humans/systems/motion_system.cppm;games/renegade/presentation/player/input.cppm;games/renegade/session/session.cppm;games/renegade/presentation/scene/level_view.cppm;games/renegade/hosts/game/main.cppm,engine/camera/camera.test;engine/gameplay/common/appearance/clip_playback.test;games/renegade/content/cameras/camera_profiles.test;engine/level/model/level.test;games/renegade/content/levels/level_scene.test;games/renegade/gameplay/humans/ladder.test;games/renegade/gameplay/humans/motion.test;games/renegade/gameplay/humans/animation.test;engine/core/math/fixed/tests/FixedLookAngles.test;engine/gameplay/common/spatial/heading_requests.test;engine/gameplay/common/areas/volume_presence.test;engine/gameplay/common/spatial/position_requests.test;games/renegade/scripting/mission.test;games/renegade/session/scene.test;games/renegade/presentation/player/input.test;games/renegade/hosts/game/tutorial_course_runtime_test.py,in_progress,games/renegade/migration/tutorial-course-validation.json,2,"Acceptance: Player traverses the original obstacle course, triggers one-shot jump lesson, Logan follows authored jump route, source relocation/facing/camera precede all retail jump remarks, and completion restores controls, starts EVA walk, displays original instruction and opens gate 400144. Keep placement fixtures separate from player playthrough. Source camera/facing, ladder interaction, participant/speaking behavior and end-to-end player traversal remain open."
behavior:campaign.tutorial.ladders,behavior,campaign.tutorial.ladders,Code/Combat/transition.cpp:273;Code/Combat/transition.cpp:513;Code/Combat/transitiongameobj.cpp:87;Code/Combat/soldier.cpp:1699;Code/Combat/humanstate.cpp:869;Code/wwphys/phys3.cpp:1357,games/renegade/gameplay/humans,engine/camera/motion/anchor_transition.cppm;engine/gameplay/common/appearance/components/clip_playback.cppm;games/renegade/content/cameras/camera_profiles.cppm;engine/level/model/level.cppm;games/renegade/content/levels/transition_definitions.cppm;games/renegade/content/levels/traversal_portals.cppm;games/renegade/gameplay/humans/resources/ladders.cppm;games/renegade/gameplay/humans/systems/ladder_transition_system.cppm;games/renegade/gameplay/humans/systems/animation_system.cppm;engine/core/math/fixed/transform/FixedLookAngles.cppm;engine/gameplay/common/spatial/resources/heading_requests.cppm;engine/gameplay/common/spatial/systems/heading_target_system.cppm;engine/gameplay/common/spatial/systems/rigid_heading_system.cppm;engine/gameplay/common/areas/resources/trigger_volumes.cppm;engine/gameplay/common/areas/systems/volume_presence_system.cppm;engine/gameplay/common/spatial/resources/position_requests.cppm;engine/gameplay/common/spatial/systems/position_request_system.cppm;games/renegade/content/scripts/MTU_Trigger_Zone.lua;games/renegade/content/scripts/MTU_Tutorial_Instructor.lua;games/renegade/gameplay/missions/systems/mission_command_system.cppm;games/renegade/gameplay/missions/resources/camera_requests.cppm;games/renegade/gameplay/humans/systems/motion_system.cppm;games/renegade/presentation/player/input.cppm;games/renegade/session/session.cppm;games/renegade/presentation/scene/level_view.cppm;games/renegade/hosts/game/main.cppm,engine/camera/camera.test;engine/gameplay/common/appearance/clip_playback.test;games/renegade/content/cameras/camera_profiles.test;engine/level/model/level.test;games/renegade/content/levels/level_scene.test;games/renegade/gameplay/humans/ladder.test;games/renegade/gameplay/humans/motion.test;games/renegade/gameplay/humans/animation.test;engine/core/math/fixed/tests/FixedLookAngles.test;engine/gameplay/common/spatial/heading_requests.test;engine/gameplay/common/areas/volume_presence.test;engine/gameplay/common/spatial/position_requests.test;games/renegade/scripting/mission.test;games/renegade/session/scene.test;games/renegade/presentation/player/input.test;games/renegade/hosts/game/tutorial_course_runtime_test.py,in_progress,games/renegade/migration/tutorial-course-validation.json,2,"Acceptance: Preserve ordered retail entry/exit portals and full destination poses through shared engine/level. Source E action, upright/locked eligibility, direction masks, vertical user motion, strict automatic exit thresholds and idle/up/down clips use stateless parallel SoA systems with source-backed Boost and actual SDL3/GPU proof. Player traverses both tutorial ladders in sequence without setup placement; retain camera/weapon/footstep behavior, indexed occupancy and AI path-action integration. Partial placement fixtures and all-map inventories do not close this item."
behavior:campaign.vehicles.entry_exit,behavior,campaign.vehicles.entry_exit,Code/Combat/vehicle.cpp:136,engine/gameplay/common/containment,,,not_started,,2,Acceptance: Seat rights/driver/gunner/passenger and source entry/exit animation eligibility; simultaneous entry cannot double-book. RTS cargo not equivalent. Reuse: shared ECS scheduler/access/command barriers; game-local authored schemas/rules. Proposed generic common/fps capability requires semantic checks against existing GZH common/rts modules before adoption. Required future validation: proposed: renegade_campaign_tests::vehicles_entry_exit; required runtime receipt: campaign/vehicles.entry_exit.json.
behavior:campaign.vehicles.motion,behavior,campaign.vehicles.motion,Code/Combat/vehicle.cpp:1279,engine/gameplay/common/containment,,,not_started,,2,Acceptance: Campaign driven wheeled/tracked/flying motion/collision/turret/transition over retail terrain; shared physics requires dimensional/rotation validation. Reuse: shared ECS scheduler/access/command barriers; game-local authored schemas/rules. Proposed generic common/fps capability requires semantic checks against existing GZH common/rts modules before adoption. Required future validation: proposed: renegade_campaign_tests::vehicles_motion; required runtime receipt: campaign/vehicles.motion.json.
behavior:campaign.vehicles.script_transport,behavior,campaign.vehicles.script_transport,Code/Scripts/Mission00.cpp:971,games/renegade/gameplay/vehicles,,,not_started,,2,Acceptance: Tutorial vehicle and campaign troop drops receive real Custom/Entered/Exited/Action_Complete from containment/motion; spawn/unload/death order deferred. Reuse: shared ECS scheduler/access/command barriers; game-local authored schemas/rules. Proposed generic common/fps capability requires semantic checks against existing GZH common/rts modules before adoption. Required future validation: proposed: renegade_campaign_tests::vehicles_script_transport; required runtime receipt: campaign/vehicles.script_transport.json.
behavior:campaign.weapons.hit_queries,behavior,campaign.weapons.hit_queries,Code/Combat/bullet.cpp:456,engine/gameplay/fps/ballistics,,,not_started,,2,Acceptance: Muzzle-to-hit/projectile integration/owner filters/surfaces/secondary hits match source; shared queries consume game-local ammo/warheads. Reuse: shared ECS scheduler/access/command barriers; game-local authored schemas/rules. Proposed generic common/fps capability requires semantic checks against existing GZH common/rts modules before adoption. Required future validation: proposed: renegade_campaign_tests::weapons_hit_queries; required runtime receipt: campaign/weapons.hit_queries.json.
behavior:campaign.weapons.inventory_pickups,behavior,campaign.weapons.inventory_pickups,Code/Combat/weaponbag.cpp:49,games/renegade/gameplay/inventory,,,not_started,,2,Acceptance: Exact source weapon/ammo/key grants and slot selection; duplicate/full/disabled pickups; preserve restart/mission carry with retail presets. Reuse: shared ECS scheduler/access/command barriers; game-local authored schemas/rules. Proposed generic common/fps capability requires semantic checks against existing GZH common/rts modules before adoption. Required future validation: proposed: renegade_campaign_tests::weapons_inventory_pickups; required runtime receipt: campaign/weapons.inventory_pickups.json.
behavior:campaign.weapons.special_devices,behavior,campaign.weapons.special_devices,Code/Combat/c4.cpp:64,games/renegade/gameplay/c4,,,not_started,,2,Acceptance: Campaign remote/timed/proximity C4 attachment/countdown/disarm/placement matches source; fuse save resumes once; canonical beacon requirements remain open. Reuse: shared ECS scheduler/access/command barriers; game-local authored schemas/rules. Proposed generic common/fps capability requires semantic checks against existing GZH common/rts modules before adoption. Required future validation: proposed: renegade_campaign_tests::weapons_special_devices; required runtime receipt: campaign/weapons.special_devices.json.
behavior:campaign.weapons.splash,behavior,campaign.weapons.splash,Code/Combat/explosion.cpp:59,engine/gameplay/fps/ballistics,,,not_started,,2,Acceptance: Source obstruction/falloff/attribution/effects for adjacent/blocked targets; preset/falloff policy game-local. Reuse: shared ECS scheduler/access/command barriers; game-local authored schemas/rules. Proposed generic common/fps capability requires semantic checks against existing GZH common/rts modules before adoption. Required future validation: proposed: renegade_campaign_tests::weapons_splash; required runtime receipt: campaign/weapons.splash.json.
behavior:campaign.weapons.trigger_states,behavior,campaign.weapons.trigger_states,Code/Combat/weapons.cpp:434,games/renegade/gameplay/weapons,,,not_started,,2,"Acceptance: Primary/secondary edges/locks/fire/reload/switch timers/ammo match source; fixed-tick boundaries, empty clip and interruption tests. Reuse: shared ECS scheduler/access/command barriers; game-local authored schemas/rules. Proposed generic common/fps capability requires semantic checks against existing GZH common/rts modules before adoption. Required future validation: proposed: renegade_campaign_tests::weapons_trigger_states; required runtime receipt: campaign/weapons.trigger_states.json."
behavior:content.armor_ini,behavior,content.armor_ini,Code/Combat/damage.cpp,games/renegade/content,games/renegade/content/armor/armor_catalog.cppm,games/renegade/content/armor/armor_catalog.test;games/renegade/content/install/install_mount.test,verified,games/renegade/migration/validation.json,parity,"Retail armor.ini definitions, names, save ids, multipliers and absorption"
behavior:content.camera_profiles,behavior,content.camera_profiles,Code/Combat/ccamera.cpp:184,games/renegade/content/cameras,games/renegade/content/cameras/camera_profiles.cppm;games/renegade/content/campaign/campaign_content.cppm,games/renegade/content/cameras/camera_profiles.test;games/renegade/content/campaign/campaign_content.test,verified,games/renegade/migration/campaign-loading-validation.json,2,"Typed structs bound through shared Schema/INI document adapters: source Profile_List order, case-folded names, duplicate-name replacement, constructor defaults, all profile fields, unlisted-section exclusion and diagnostics. Retail 26-profile fixture; camera movement/lag/clipping/profile switching remain open."
behavior:content.definitions,behavior,content.definitions,Code/Combat,games/renegade/content,,,not_started,,parity,Preset definitions and dependencies from objects.ddb
behavior:content.levels,behavior,content.levels,Code/Combat,games/renegade/content,,,not_started,,parity,"LDD/LSD scene objects, spawners, physics, lighting, waypaths and zones"
behavior:content.localization,behavior,content.localization,Code/wwtranslatedb,engine/localization,,,not_started,,parity,Retail string database and language fallback
behavior:content.menu_asset_resolution,behavior,content.menu_asset_resolution,Code/wwui/stylemgr.cpp:173,games/renegade/content/presentation,games/renegade/content/presentation/asset_paths.cppm;games/renegade/content/install/install_mount.cppm;engine/assets/texture/TextureAsset.cppm,games/renegade/content/presentation/intro_assets.test;games/renegade/content/install/install_mount.test,in_progress,,1,"Parent content.menu_style. Shared mounts/decoders/bindings; menu names/DDS aliases/font roles local. Inventory confirms always.dat IF_MENUPARTS9.dds and four menu W3Ds; metadata is not parity. Acceptance: explicit actual menu asset manifest resolves fonts/textures/models/animations/music/sounds/intros through precedence, dimensions plus nonempty meaningful GPU/PCM evidence. No verification claim from this audit. Additional source anchors: Code/wwui/tabctrl.cpp:115;Code/Commando/dlgmainmenu.cpp:87. Shared/local composition placement: games/renegade/content/presentation;engine/assets;engine/filesystem."
behavior:content.menu_localization_runtime,behavior,content.menu_localization_runtime,Code/wwui/dialogparser.cpp:264,games/renegade/content/presentation,games/renegade/content/presentation/strings.cppm;games/renegade/content/presentation/style.cppm;engine/gui/text/font_face.cppm;games/renegade/hosts/game/main.cppm,games/renegade/content/presentation/strings.test;games/renegade/content/presentation/style.test;games/renegade/hosts/game/menu_runtime_test.py,in_progress,,1,"Parent content.menu_strings. Descriptor/UTF16 slices exist; English receipts do not prove full localized widgets/live labels/fallback fonts. Language schema/game composition local, font/layout shared. Acceptance: alternate retail language or source fixtures through shipped dialogs/popups, missing/long/supplementary strings, no IDS leakage and caption/hit bounds aligned. No verification claim from this audit. Additional source anchors: Code/wwui/stylemgr.cpp:246. Shared/local composition placement: games/renegade/content/presentation;engine/gui/text."
behavior:content.menu_strings,behavior,content.menu_strings,Code/wwtranslatedb,games/renegade/content/presentation,games/renegade/content/presentation/strings.cppm,games/renegade/content/presentation/strings.test,in_progress,,1,"Retail descriptor lookup, UTF-16 menu strings and language fallback; not complete localization UI"
behavior:content.menu_style,behavior,content.menu_style,Code/wwui/stylemgr.cpp,games/renegade/content/presentation,games/renegade/content/presentation/style.cppm,games/renegade/content/presentation/style.test,in_progress,,1,"Retail font roles/files and interface audio; vertical font scaling, minimum point size and small-font bold policy; not full widget styling"
behavior:content.mix1,behavior,content.mix1,Code/wwlib/mixfile.cpp,engine/filesystem/adapters/mix,engine/filesystem/adapters/mix/mix_archive_source.cppm,games/renegade/content/install/install_mount.test,verified,games/renegade/migration/validation.json,parity,"Read-only MIX1 metadata, CRC and bounded payload reads"
behavior:content.mods,behavior,content.mods,Code/Commando/modpackagemgr.cpp,games/renegade/content,,,not_started,,parity,"Mod package precedence, manifest/content hashes and Lua overrides"
behavior:content.mount,behavior,content.mount,Code/Commando/init.cpp,games/renegade/content/install,games/renegade/content/install/install_mount.cppm,games/renegade/content/install/install_mount.test,verified,games/renegade/migration/validation.json,parity,"Loose data/save/config then Always2, dbs, dat; map enumeration made lexical"
behavior:content.pe_resources,behavior,content.pe_resources,Code/wwui/dialogparser.cpp,engine/filesystem/adapters/pe,engine/filesystem/adapters/pe/resources.cppm;engine/gui/w3d/dialog_template.cppm,engine/filesystem/adapters/pe/resources.test;engine/gui/w3d/dialog_template.test,in_progress,,1,Portable bounded PE resource lookup and dialog templates; no native resource APIs or DLL imports
behavior:defense.authority,behavior,defense.authority,Code/Combat/damage.cpp,games/renegade/session,,,not_started,,parity,Authoritative validation replaces the trusted-client path; document protocol upgrade
behavior:defense.difficulty,behavior,defense.difficulty,Code/Combat/damage.cpp,games/renegade/gameplay/defense,,,not_started,,parity,Mission combat-star scaling and punishment bookkeeping
behavior:defense.reservoirs,behavior,defense.reservoirs,Code/Combat/damage.cpp,games/renegade/gameplay/defense,games/renegade/gameplay/defense/algorithms/apply_damage.cppm;games/renegade/gameplay/defense/systems/defense_system.cppm,games/renegade/gameplay/defense/defense.test,verified,games/renegade/migration/validation.json,parity,"Shield allocation, exhaustion, repair, alternate skin, cannot-die; numeric slice only"
behavior:defense.scoring,behavior,defense.scoring,Code/Combat/damage.cpp,games/renegade/gameplay/scoring,,,not_started,,parity,"Damage/death points, team credit, score and money"
behavior:defense.special_damage,behavior,defense.special_damage,Code/Combat/damage.cpp,games/renegade/gameplay/defense,,,not_started,,parity,"Burning, chemical/electric damage, timers, impervious skins"
behavior:economy.purchase,behavior,economy.purchase,Code/Commando,games/renegade/gameplay/economy,,,not_started,,parity,"Purchase terminal prices, availability, character/vehicle transitions"
behavior:ecs.composition,behavior,ecs.composition,Code/Combat,games/renegade/session,,,in_progress,games/renegade/migration/campaign-loading-validation.json,parity,"Shared archetype SoA, stateless chunk systems, resources, declared access, deferred structural commands"
behavior:graphics.color_transfer,behavior,graphics.color_transfer,Code/ww3d2/dx8wrapper.cpp,engine/graphics/scene/screen,engine/graphics/scene/screen/ScreenFilterRenderer.cppm;engine/graphics/shaders/source/screen_filter.slang;games/renegade/presentation/menu/video_settings.cppm;games/renegade/hosts/game/main.cppm,engine/graphics/scene/screen/ScreenFilterDrawing.test.cppm;games/renegade/presentation/menu/video_settings.test;games/renegade/hosts/game/video_runtime_test.py,in_progress,,1,"Generic operation extends existing shared screen filter with independent 256-entry RGB lookup curves and preserved source alpha. ColorTransferFrame owns application frame/curve resources and handles stable reuse, updates and resizing using existing generic RHI; no RHI/backend API changes or game constants in engine. Four-backend GPU tests cover all 256 input values on independent channels, unchanged alpha, missing curve, invalid geometry/data, target alias rejection, resource reuse/update/resize and existing copy/tint/mask/swap operations. Renegade supplies source WORD-quantized gamma/brightness/contrast curves and applies them to complete UI/3D/video output; live retail checks compare raw and transferred frames after every control change. Application calibration replaces native global gamma ramps deliberately. HDR/display calibration and non-Windows runtime remain open."
behavior:graphics.effects,behavior,graphics.effects,Code/ww3d2,engine/effects,,,in_progress,games/renegade/migration/cinematic-validation.json,parity,"Particles, decals, tracers, dazzle, shadows and explosions"
behavior:graphics.level,behavior,graphics.level,Code/ww3d2,games/renegade/presentation,,,not_started,,parity,"Retail level scene extraction, culling, collision and lighting"
behavior:graphics.ssao,behavior,graphics.ssao,Code/ww3d2,engine/graphics,,,not_started,,parity,Compose existing shared SSAO pass with depth/normal resources; image tests
behavior:graphics.upgrades,behavior,graphics.upgrades,Code/ww3d2,engine/graphics,,,not_started,,parity,"Use existing postprocessing, lighting and modern backend capabilities"
behavior:graphics.w3d,behavior,graphics.w3d,Code/ww3d2,engine/graphics,,,in_progress,games/renegade/migration/cinematic-validation.json,parity,Reuse shared W3D asset/model/animation/material pipeline
behavior:gui.audio_device_apply_lifecycle,behavior,gui.audio_device_apply_lifecycle,Code/Commando/dlgconfigaudiotab.cpp:482,engine/audio,games/renegade/presentation/menu/audio_preferences.cppm;engine/audio/output/audio_output.cppm;games/renegade/hosts/game/main.cppm,games/renegade/presentation/menu/audio_preferences.test;games/renegade/hosts/game/menu_runtime_test.py,not_started,,1,"Parent gui.audio_persistence. Tech destruction applies every tab, saves selections and reopens only when device/bits/rate/stereo changed. Resource replacement shared; apply boundary local. Acceptance: each triggering field reopens once; unchanged/volume-only closes avoid reopen; audible playback survives and second process restores all values. No verification claim from this audit. Additional source anchors: Code/Commando/dlgconfigaudiotab.cpp:575;Code/Commando/dlgtechoptions.cpp:105. Shared/local composition placement: engine/audio;games/renegade/presentation/menu."
behavior:gui.audio_device_selection,behavior,gui.audio_device_selection,Code/Commando/dlgconfigaudiotab.cpp:409,engine/audio,engine/audio/output/audio_output.cppm;engine/audio/adapters/preferred_output.cppm;games/renegade/presentation/menu/audio_settings.cppm;games/renegade/hosts/game/main.cppm,games/renegade/hosts/game/menu_runtime_test.py,not_started,,1,Parent gui.audio_settings. Current-name match/first-device fallback; source Miles identities require reviewed portable capability mapping. Shared audio owns enumeration/reconfiguration; game owns labels/schema. Acceptance: SDL list selects actual adapter with non-silent delivered PCM; independent restart restores selection; unavailable stored device visibly falls back. No verification claim from this audit. Additional source anchors: Code/Commando/dlgconfigaudiotab.cpp:522. Shared/local composition placement: engine/audio;games/renegade/presentation/menu.
behavior:gui.audio_format_selectors,behavior,gui.audio_format_selectors,Code/Commando/dlgconfigaudiotab.cpp:252,engine/audio,games/renegade/presentation/menu/audio_settings.cppm;engine/audio/output/audio_output.cppm;engine/audio/mixing/mixer.cppm;games/renegade/hosts/game/main.cppm,games/renegade/presentation/menu/audio_settings.test;games/renegade/hosts/game/menu_runtime_test.py,not_started,,1,"Parent gui.audio_settings. Source 11025/22050/44100 Hz, 8/16-bit and independent stereo choices; current shared output fixes 48000 Hz and does not establish these semantics. Shared audio negotiates/emulates supported formats; authored choice set local. Acceptance: every choice via SDL combo/checkbox, effective output/resampling/quantization evidence and persisted restore; unsupported options represented honestly. No verification claim from this audit. Additional source anchors: Code/Commando/dlgconfigaudiotab.cpp:342;Code/Commando/dlgconfigaudiotab.cpp:537. Shared/local composition placement: engine/audio;games/renegade/presentation/menu."
behavior:gui.audio_persistence,behavior,gui.audio_persistence,Code/WWAudio/WWAudio.cpp,games/renegade/presentation/menu,games/renegade/presentation/menu/audio_preferences.cppm;engine/filesystem/core/text_files.cppm;engine/platform/adapters/sdl3/application/SDL3ApplicationService.cppm,games/renegade/presentation/menu/audio_preferences.test;engine/filesystem/text_files.test;games/renegade/hosts/game/menu_runtime_test.py,in_progress,,1,"Portable Options.ini replaces registry storage, retaining percent defaults and integer-one enable rules. SDL3 supplies the normal per-user path. Disposable runtime fixture changes music through pointer/keyboard input, checks saved settings on options close while the host is alive and starts another full game process. Device/output settings and non-Windows runtime validation remain open."
behavior:gui.audio_previews,behavior,gui.audio_previews,Code/Commando/dlgconfigaudiotab.cpp,games/renegade/presentation/menu,games/renegade/presentation/menu/audio_preview.cppm;engine/audio/mixing/mixer.cppm,games/renegade/presentation/menu/audio_preview.test;engine/audio/audio.test;games/renegade/hosts/game/menu_runtime_test.py,in_progress,,1,"Source-backed preview timing, non-rewinding loop changes and cleanup. Retail executable playback checks all four decoded non-silent assets, voice starts and timeout actions. Acoustic output parity and full audio dialog remain open."
behavior:gui.audio_settings,behavior,gui.audio_settings,Code/Commando/dlgconfigaudiotab.cpp,games/renegade/presentation/menu,games/renegade/presentation/menu/audio_settings.cppm,games/renegade/presentation/menu/audio_settings.test,in_progress,,1,"Volume defaults/INI overrides, live muting, slider enablement and reset retaining checkbox state. Devices, quality/rate and speaker setup remain open."
behavior:gui.audio_speaker_selection,behavior,gui.audio_speaker_selection,Code/Commando/dlgconfigaudiotab.cpp:293,engine/audio,games/renegade/presentation/menu/audio_settings.cppm;engine/audio/mixing/spatial.cppm;games/renegade/hosts/game/main.cppm,games/renegade/presentation/menu/audio_settings.test;engine/audio/audio.test,not_started,,1,Parent gui.audio_settings. Source two speakers/headphones/surround/four speakers. Shared channel/spatial processing consumes supported semantics; labels/order local. Acceptance: all source indices through SDL and restart plus measurable actual channel mapping; integer preference/stereo buffer alone cannot prove acoustic parity. No verification claim from this audit. Additional source anchors: Code/Commando/dlgconfigaudiotab.cpp:561. Shared/local composition placement: engine/audio;games/renegade/presentation/menu.
behavior:gui.campaign_difficulty_preview,behavior,gui.campaign_difficulty_preview,Code/Commando/dialogtests.cpp:1397,games/renegade/presentation/menu,games/renegade/presentation/menu/navigation.cppm;games/renegade/hosts/game/main.cppm,games/renegade/presentation/menu/main_menu.test;games/renegade/hosts/game/menu_runtime_test.py,not_started,,1,"Parent gui.shell. Difficulty template opens but source focused Easy/Medium/Hard updates five localized characteristic fields or N/A when no choice focused. Three shipped buttons differ from fourth source command case. Game owns descriptors/table; shared observables paint. Acceptance: SDL focus/pointer/keyboard independently asserts five fields for every choice/N-A, reviewed GPU text and parent focus. No verification claim from this audit. Additional source anchors: Code/Commando/chat.rc:114."
behavior:gui.campaign_launch_requests,behavior,gui.campaign_launch_requests,Code/Commando/dialogtests.cpp:1042,games/renegade/session,games/renegade/presentation/menu/navigation.cppm;games/renegade/session/session.cppm;games/renegade/hosts/game/main.cppm,games/renegade/presentation/menu/main_menu.test;games/renegade/hosts/game/menu_runtime_test.py,not_started,,1,Parent gui.shell. Tutorial requests M00_Tutorial.mix/backdrop90/inventory+campaign reset; difficulty requests campaign or replay. Source map/difficulty/reset policy stays game-local; ECS SoA session owns world execution. Acceptance: exact typed handoff/order through SDL activation and safe cancel; menu request generation does not prove playable mission completion. No verification claim from this audit. Additional source anchors: Code/Commando/dialogtests.cpp:1470. Shared/local composition placement: games/renegade/session;games/renegade/presentation/menu.
behavior:gui.combo_dropdown_appearance,behavior,gui.combo_dropdown_appearance,Code/wwui/comboboxctrl.cpp:122,engine/gui/w3d/rendering,engine/gui/w3d/rendering/list_view.cppm;engine/gui/w3d/rendering/button_view.cppm;engine/gui/text/renderer.cppm,engine/gui/w3d/rendering/text_view.test.cppm,not_started,,1,Parent gui.dialogs. Shared Renderer2D/font/image binding compose text rectangle/arrow/clipping/selected-disabled skin; game supplies IF_MENUPARTS9 atlas and palette. Acceptance: independent GPU geometry/UV/palette tests and reviewed retail open/disabled/overflow/screen-edge Audio dropdowns at multiple sizes. No verification claim from this audit. Additional source anchors: Code/wwui/comboboxctrl.cpp:262;Code/wwui/dropdownctrl.cpp:99;Code/wwui/dropdownctrl.cpp:220.
behavior:gui.combo_dropdown_lifecycle,behavior,gui.combo_dropdown_lifecycle,Code/wwui/comboboxctrl.cpp:553,engine/gui/w3d,engine/gui/w3d/dialog_input.cppm;engine/gui/w3d/list_selection.cppm,engine/gui/wnd/tests/input/WNDInput.test.cppm,not_started,,1,"Parent gui.dialogs. Pointer-down toggles dropdown; selection closes transient child/restores combo or embedded edit focus. Shared MVVM input/lifetime; caller styles/content. Acceptance: SDL open/select/outside click/Escape/reopen/parent close, transient disposal and one activation with no click-through. No verification claim from this audit. Additional source anchors: Code/wwui/comboboxctrl.cpp:580;Code/wwui/dropdownctrl.cpp:334;Code/wwui/dropdownctrl.cpp:419."
behavior:gui.combo_selection_input,behavior,gui.combo_selection_input,Code/wwui/comboboxctrl.cpp:393,engine/gui/w3d,engine/gui/w3d/value_controls.cppm;engine/gui/w3d/list_selection.cppm,engine/gui/wnd/tests/input/WNDInput.test.cppm,not_started,,1,"Parent gui.dialogs. Home/End/arrows/wheel and source notifications/handler-return semantics. Inspect shared WND GadgetComboBox before extracting compatible selection primitives; resource styles local. Acceptance: independent source tables for empty/single/multiple entries, boundaries/repeats/flipped wheel and exact notifications; Audio combo focus retained. No verification claim from this audit. Additional source anchors: Code/wwui/comboboxctrl.cpp:476;Code/wwui/comboboxctrl.cpp:626."
behavior:gui.component_buttons,behavior,gui.component_buttons,Code/wwui/buttonctrl.cpp,engine/gui/w3d/rendering,engine/gui/images/images.cppm;engine/gui/wnd/renderer/WNDRenderer.cppm;engine/gui/w3d/rendering/button_view.cppm;games/renegade/content/presentation/style.cppm;games/renegade/hosts/game/main.cppm,engine/gui/images/images.test;engine/gui/w3d/rendering/text_view.test.cppm;engine/gui/wnd/tests/renderer/WNDRenderer.test.cppm;engine/gui/wnd/tests/texture/WNDTextureDrawing.test.cppm;games/renegade/content/presentation/style.test;games/renegade/hosts/game/menu_runtime_test.py,in_progress,,1,"Source buttonctrl.cpp Create_Component_Button/Create_Text_Renderers/Render, exact atlas regions, unscaled 10px tiled edges, partial UVs, additive pressed fill beneath border and focus text glow. Game owns atlas path, dimensions and style constants; WND delegates existing texture binding and tiling to common engine/gui/images. Boost checks geometry and malformed-work bounds; GPU checks additive border/fill/glow and decoded-asset binding stability across restart. Retail ordinary buttons use the decoded atlas. Bitmap buttons, capture/focus-loss and complete GUI remain open."
behavior:gui.control_profiles,behavior,gui.control_profiles,Code/Commando/dlgcontrolsaveload.cpp:75,games/renegade/presentation/menu,games/renegade/presentation/menu/control_profiles.cppm;games/renegade/hosts/game/main.cppm;engine/gui/w3d/text_edit.cppm;engine/gui/w3d/rendering/text_edit_view.cppm,games/renegade/presentation/menu/control_profiles.test;games/renegade/presentation/menu/controls_settings.test;games/renegade/hosts/game/profiles_runtime_test.py,in_progress,,1,"Source dialog216 composes shared MVVM list/text editing and game-local sorted profile rows. Default first, custom before other builtin, empty slot last/initially selected; builtins read-only, Save/Delete no-op. Source popup210 empty-name and popup209 overwrite/delete Yes/No, Enter Save, load/close, current-delete default reload and menu return are implemented. Opening Save/Load preserves unapplied Look edits; reload uses applied camera state. Each DX11/DX12 host requires21 source state checks through SDL3; wrapper independently parses persisted catalog and bindings, checks deletion and a second process restore. List Enter/double-click is consumed without loading, matching the source dialog lacking its callback. Shared scrollbar/64-profile runtime coverage is tracked independently; broader list/modal lifetimes and non-Windows graphical runs remain open."
behavior:gui.control_text,behavior,gui.control_text,Code/wwui/dialogtext.cpp,engine/gui/w3d,engine/gui/w3d/rendering/text_view.cppm;engine/gui/text/layout.cppm;engine/gui/text/renderer.cppm;games/renegade/hosts/game/main.cppm,engine/gui/w3d/rendering/text_view.test.cppm,in_progress,,1,"Reuses WND wrapping and batching, with optional per-glyph pixel anchors, per-line center/right alignment, shadow and clip intersection/restoration. Renegade title flags/colors remain game-local; additive title glow and timed menu entries separately tracked. Complete widget skinning remains open."
behavior:gui.controls,behavior,gui.controls,Code/Commando/dlgcontroltabs.cpp,games/renegade/presentation/menu,games/renegade/presentation/menu/controls_settings.cppm;games/renegade/hosts/game/main.cppm;engine/gui/w3d/input_capture.cppm;engine/gui/w3d/rendering/input_view.cppm,games/renegade/presentation/menu/controls_settings.test;games/renegade/hosts/game/controls_runtime_test.py,in_progress,,1,"Five original child dialogs reuse the Tech tab/child rendering composition, W3D MVVM values/input fields and SDL3 queue. Game-local source control IDs are noncontiguous; multiplayer visual order differs from conflict scan order. Boost checks 1296 remappable destination/existing pairs, zoom exceptions, reserved keys, clearing/aliases, provisional captions, cancel and full-dictionary confirmation clearing, strict 500ms primary delay, pending keys and defaults. Independent retail DX11/DX12 playback runs 27 SDL3 steps and 15 state checks through five tabs, conflict No/Yes, Delete, modifier rejection, delayed primary mouse conflict, defaults, weapon/map bindings, attack/look options, saving and return. A second process restores input settings. Reviewed original-resolution captures show actual fields, look options and original localized conflict message. Save/Load now has independent catalog/store/dialog rows; gameplay/world application remains unfinished. Non-Windows graphical validation is open."
behavior:gui.controls_profile_apply_save,behavior,gui.controls_profile_apply_save,Code/Commando/dlgcontrols.cpp:139,games/renegade/presentation/menu,games/renegade/presentation/menu/controls_settings.cppm;games/renegade/content/presentation/input_profile_store.cppm;games/renegade/hosts/game/main.cppm,games/renegade/presentation/menu/controls_settings.test;games/renegade/content/presentation/input_profile_store.test;games/renegade/hosts/game/controls_runtime_test.py,in_progress,,1,"Parent gui.controls. Back/Escape applies all tabs and saves current; builtin implicit save creates localized Custom copy. New catalog replaced earlier single-file path. Acceptance: baseline Controls runtime after catalog changes, promotion once, full action/acceleration restart, nested remap/profile modals do not prematurely apply and source camera setting lifetime retained. No verification claim from this audit. Additional source anchors: Code/Commando/inputconfigmgr.cpp:385. Shared/local composition placement: games/renegade/presentation/menu;games/renegade/content/presentation."
behavior:gui.controls_profile_create,behavior,gui.controls_profile_create,Code/Commando/dlgcontrolsaveload.cpp:287,games/renegade/presentation/menu,games/renegade/presentation/menu/control_profiles.cppm;games/renegade/content/presentation/input_profile_store.cppm;games/renegade/hosts/game/main.cppm,games/renegade/presentation/menu/control_profiles.test;games/renegade/content/presentation/input_profile_store.test;games/renegade/hosts/game/profiles_runtime_test.py,in_progress,,1,"Parent gui.control_profiles. Empty-slot create requires nonempty name and first unused inputNN.cfg; Save/Load closes back to retained Controls. Source filenames/schema local, IO shared. Acceptance: pointer Save and typed Enter, occupied filename holes/empty-name modal, exact dictionary+misc+acceleration save and second-process current-profile/focus restore. No verification claim from this audit. Additional source anchors: Code/Commando/inputconfigmgr.cpp:430. Shared/local composition placement: games/renegade/presentation/menu;games/renegade/content/presentation."
behavior:gui.controls_profile_delete,behavior,gui.controls_profile_delete,Code/Commando/dlgcontrolsaveload.cpp:150,games/renegade/presentation/menu,games/renegade/presentation/menu/control_profiles.cppm;games/renegade/content/presentation/input_profile_store.cppm;games/renegade/hosts/game/main.cppm,games/renegade/presentation/menu/control_profiles.test;games/renegade/content/presentation/input_profile_store.test;games/renegade/hosts/game/profiles_runtime_test.py,in_progress,,1,"Parent gui.control_profiles. Only custom profiles delete after Yes; deleting current reloads default. Current Store commits catalog before removing file, so failure divergence needs review. Acceptance: No/Yes/Escape/builtin/empty, current fallback vs noncurrent preservation, selection/tab reload and restart catalog/file agreement; injected remove/write failure stays truthful. No verification claim from this audit. Additional source anchors: Code/Commando/dlgcontrolsaveload.cpp:200;Code/Commando/inputconfigmgr.cpp:233. Shared/local composition placement: games/renegade/presentation/menu;games/renegade/content/presentation."
behavior:gui.controls_profile_load,behavior,gui.controls_profile_load,Code/Commando/dlgcontrolsaveload.cpp:250,games/renegade/presentation/menu,games/renegade/presentation/menu/control_profiles.cppm;games/renegade/content/presentation/input_profile_store.cppm;games/renegade/hosts/game/main.cppm,games/renegade/presentation/menu/control_profiles.test;games/renegade/content/presentation/input_profile_store.test;games/renegade/hosts/game/profiles_runtime_test.py,in_progress,,1,"Parent gui.control_profiles. Selected Load sets current/reloads all Controls tabs/closes profile screen; game owns remap aliases/gates and camera-option lifetime. Acceptance: builtin/custom/empty guards, all five tabs reflect selected data without premature parent apply, second process restores selected identity and primary/secondary input mappings. No verification claim from this audit. Additional source anchors: Code/Commando/inputconfigmgr.cpp:356."
behavior:gui.controls_profile_overwrite,behavior,gui.controls_profile_overwrite,Code/Commando/dlgcontrolsaveload.cpp:309,games/renegade/presentation/menu,games/renegade/presentation/menu/control_profiles.cppm;games/renegade/content/presentation/input_profile_store.cppm;games/renegade/hosts/game/main.cppm,games/renegade/presentation/menu/control_profiles.test;games/renegade/content/presentation/input_profile_store.test;games/renegade/hosts/game/profiles_runtime_test.py,in_progress,,1,"Parent gui.control_profiles. Custom Save prompts Yes/No, confirmed rename/write closes screen; builtin screen Save protected while implicit Controls-close Save may create Custom copy. Acceptance: Yes/No/Escape, edited names/bindings unchanged on cancel, exactly one intended write and correct parent return; independent process loads renamed data. No verification claim from this audit. Additional source anchors: Code/Commando/dlgcontrolsaveload.cpp:230."
behavior:gui.credits,behavior,gui.credits,Code/Commando/dlgcredits.cpp,games/renegade/presentation/menu,games/renegade/content/presentation/credits.cppm;games/renegade/content/presentation/style.cppm;engine/gui/w3d/marquee.cppm;engine/gui/w3d/rendering/marquee_view.cppm;engine/gui/text/renderer.cppm;games/renegade/hosts/game/main.cppm,games/renegade/content/presentation/credits.test;games/renegade/content/presentation/style.test;engine/gui/w3d/marquee.test;engine/gui/w3d/rendering/text_view.test.cppm;games/renegade/hosts/game/menu_runtime_test.py;games/renegade/hosts/game/credits_runtime_test.py,in_progress,,1,"Source CreditsMenu::On_Init_Dialog unsigned ANSI conversion/removal of CR and TextMarqueeCtrl markup, centered wrapped rows, clipping, integer client inset, normal font-height rate and two blank pages. Game owns retail decoding and style constants; shared widget uses the existing text layout/font atlas/glyph batching, also used by WND. Boost verifies all 568 retail logical rows, 130 blank rows, 30 bold rows and source colors. Real-time menu fixtures capture both fonts and return through Escape with restored Options focus. Two independent DX11/DX12 full-roll hosts use deterministic quarter-second steps through the ordinary marquee, require every one of 568 rows to become fully visible, GPU source-color coverage for all 438 nonempty rows, exactly one cycle reset and SDL3 return to the main menu. Start/middle/final/restart captures retained. Resize continuity, repeated text replacement and non-Windows runtime validation remain open."
behavior:gui.credits_resize_text_replacement,behavior,gui.credits_resize_text_replacement,Code/wwui/textmarqueectrl.cpp:242,engine/gui/w3d,engine/gui/w3d/marquee.cppm;engine/gui/w3d/rendering/marquee_view.cppm;games/renegade/hosts/game/main.cppm,engine/gui/w3d/marquee.test;games/renegade/hosts/game/credits_runtime_test.py,in_progress,,1,"Parent gui.credits. Full retail roll receipt exists; nonzero-progress resize/repeated text replacement open. Expected source reset/continuity must be stated independently; shared layout/font services, local decode/style. Acceptance: source-reviewed scroll position after resize/replacement, no stale/lost rows/glyphs, wrap/reset and normal Back/focus/audio. No verification claim from this audit. Additional source anchors: Code/wwui/textmarqueectrl.cpp:504;Code/Commando/dlgcredits.cpp:60. Shared/local composition placement: engine/gui/w3d;games/renegade/presentation/menu."
behavior:gui.dialog_capture_loss,behavior,gui.dialog_capture_loss,Code/wwui/dialogmgr.cpp:772,engine/gui/w3d,engine/gui/w3d/dialog_input.cppm;engine/platform/adapters/sdl3/events/SDL3EventService.cppm;games/renegade/hosts/game/main.cppm,engine/gui/w3d/dialog_input.test;engine/platform/adapters/sdl3/events/events.test,not_started,,1,"Parent gui.dialog_input. Shared capture survives outside motion until valid release and clears on destruction/window focus loss; retained pressed state alone is insufficient. Acceptance: lose/regain focus and close popup/parent while every draggable widget held; release leaves no stale press, crash, unintended command or cross-dialog input. No verification claim from this audit. Additional source anchors: Code/wwui/dialogmgr.cpp:785;Code/wwui/dialogbase.cpp:1345."
behavior:gui.dialog_focus,behavior,gui.dialog_focus,Code/wwui/dialogbase.cpp,engine/gui/w3d,engine/gui/w3d/dialog_input.cppm;games/renegade/presentation/menu/navigation.cppm;games/renegade/hosts/game/main.cppm,engine/gui/w3d/dialog_input.test;games/renegade/presentation/menu/main_menu.test;games/renegade/hosts/game/menu_runtime_test.py,in_progress,,1,"Source DialogBase::Build_Control_List/Set_Default_Focus/On_Activate and TabCtrl::On_Key_Down/Set_Curr_Tab. Shared activation clears transient input, restores eligible focus or selects the first eligible resource control. Game navigation frames preserve parent focus and discard closed child instances. Runtime asserts source defaults/restoration through Options, Audio, Single Player, Load and Quit, keyboard entry traversal and tab arrows/Home/End with retained control focus. A third independent host confirms default Yes with SDL3 Enter and shuts down successfully. Remaining widget eligibility, capture loss, grouping/wheel and parent default commands remain open."
behavior:gui.dialog_input,behavior,gui.dialog_input,Code/wwui/dialogbase.cpp,engine/gui/w3d,engine/gui/w3d/dialog_input.cppm;engine/gui/w3d/dialog_layout.cppm,engine/gui/w3d/dialog_input.test;engine/gui/w3d/dialog_layout.test,in_progress,,1,"Shared control hit tests, press/release activation, hover and focus traversal; not full widget keyboard behavior"
behavior:gui.dialog_parent_default_commands,behavior,gui.dialog_parent_default_commands,Code/wwui/dialogbase.cpp:998,engine/gui/w3d,engine/gui/w3d/dialog_input.cppm;games/renegade/hosts/game/main.cppm,engine/gui/w3d/dialog_input.test;games/renegade/hosts/game/menu_runtime_test.py,in_progress,,1,Parent gui.dialog_input. Escape routes parent cancel; Enter from nonbutton/non-menu-entry sends parent IDOK then focused widget input. Host gallery/profile special cases are incomplete routing. Shared ordered dispatch accepts game bindings. Acceptance: traces for list/edit/checkbox/slider/button/entry plus modal/capture; exact parent/widget order and no duplicate save/play/load. No verification claim from this audit. Additional source anchors: Code/Commando/dlgloadspgame.cpp:489;Code/Commando/dlgcontrolsaveload.cpp:551.
behavior:gui.dialog_resource_focus_eligibility,behavior,gui.dialog_resource_focus_eligibility,Code/wwui/dialogbase.cpp:1586,engine/gui/w3d,engine/gui/w3d/dialog_input.cppm;engine/gui/w3d/navigation.cppm;games/renegade/hosts/game/main.cppm,engine/gui/w3d/dialog_input.test;engine/gui/w3d/navigation.test,in_progress,,1,"Parent gui.dialog_focus. Shared CanFocus supports visibility/enabled/focusable; game must bind complete resource/child eligibility; source default/group eligibility differ. Acceptance: independent resource WS_TABSTOP/group/visibility oracle through every shipped dialog, Shift-Tab/disabled boundaries/default focus and live-parent restore after modal close. No verification claim from this audit. Additional source anchors: Code/wwui/dialogbase.cpp:1168;Code/wwui/dialogbase.cpp:1204."
behavior:gui.dialog_stack_flush,behavior,gui.dialog_stack_flush,Code/wwui/dialogmgr.cpp:798,engine/gui/w3d,games/renegade/presentation/menu/navigation.cppm;games/renegade/hosts/game/main.cppm,games/renegade/presentation/menu/main_menu.test;games/renegade/hosts/game/menu_runtime_test.py,not_started,,1,"Parent gui.menu_close_feedback. Flush/rollback/end-game differ from ordinary Back. Game navigation/session requests own destinations; shared subscriptions/capture dispose safely. Acceptance: nested menus/modal rollback and flush verify disposal/focus/audio order, zero Back sounds during flush and clean reentry without settings loss. No verification claim from this audit. Additional source anchors: Code/wwui/dialogmgr.cpp:933;Code/wwui/menudialog.cpp:230. Shared/local composition placement: engine/gui/w3d;games/renegade/presentation/menu."
behavior:gui.dialogs,behavior,gui.dialogs,Code/wwui,engine/gui/w3d,,,in_progress,,parity,"Resource templates, controls, focus, hit testing, styling and W3D drawing"
behavior:gui.drawable_dpi_transition,behavior,gui.drawable_dpi_transition,Code/wwui/stylemgr.cpp:180,engine/platform,engine/platform/display/DisplayService.cppm;engine/platform/window/WindowService.cppm;games/renegade/content/presentation/style.cppm;games/renegade/hosts/game/main.cppm,games/renegade/content/presentation/style.test;games/renegade/hosts/game/menu_runtime_test.py,in_progress,,1,Parent gui.window_resize. Existing window resize excludes real monitor/DPI logical-vs-drawable transitions. Shared platform extent/scale and font/target rebuilds; source 800x600 style composition local. Acceptance: scale transition while menu/edit/list/dropdown/intro active; actual dimensions/transformed hit/caret candidate rect/fonts and retained selection/navigation. No verification claim from this audit. Additional source anchors: Code/wwui/stylemgr.cpp:254;Code/wwui/tabctrl.cpp:96. Shared/local composition placement: engine/platform;engine/gui;games/renegade/content/presentation.
behavior:gui.group_navigation,behavior,gui.group_navigation,Code/wwui/dialogbase.cpp,engine/gui/w3d,engine/gui/w3d/navigation.cppm;engine/platform/adapters/sdl3/events/SDL3EventService.cppm;games/renegade/presentation/menu/audio_settings.cppm;games/renegade/hosts/game/main.cppm,engine/gui/w3d/navigation.test;engine/platform/adapters/sdl3/events/events.test;games/renegade/presentation/menu/audio_settings.test;games/renegade/hosts/game/menu_runtime_test.py,in_progress,,1,"Source DialogBase::Find_Next_Group_Control removes disabled controls before WS_GROUP partitioning; MenuEntryCtrl arrows/wheel and Center_Mouse; TabCtrl selection/key clamping. Shared mechanisms accept generic ordering/eligibility/geometry and caller-owned tab counts. Boost checks 24,576 independent partition-oracle cases, disabled boundaries, isolated groups, notifications and integer cursor anchors. Shared SDL3 posting roundtrips fractional/flipped wheel input and rejects non-finite deltas. Retail playback asserts grouped wrap without entering Back and real platform cursor movement on normal/flipped wheel input. Full widget and capture integration remain open."
behavior:gui.hud,behavior,gui.hud,Code/Combat,games/renegade/hud,,,in_progress,,parity,"Health/armor, reticle, ammo, radar, objectives, chat, team/scoreboard"
behavior:gui.image_control_assets,behavior,gui.image_control_assets,Code/wwui/imagectrl.cpp:135,engine/assets,engine/assets/texture/TextureAsset.cppm;engine/gui/w3d/rendering/button_view.cppm;games/renegade/content/presentation/asset_paths.cppm,engine/assets/texture/TextureAsset.test.cppm;engine/gui/w3d/rendering/text_view.test.cppm,not_started,,1,Parent gui.dialogs. Shared image binding/Renderer2D paints source frame/style; Renegade owns authored image names. Retail has esrb_rating.dds/if_menuparts9.dds instead of loose source TGA spellings. Acceptance: VFS/decode/GPU frame-disabled-clipping tests and missing-image fallback; require only image controls actually present in shipped templates. No verification claim from this audit. Additional source anchors: Code/wwui/imagectrl.cpp:158;Code/Commando/dlgmainmenu.cpp:203. Shared/local composition placement: engine/assets;engine/gui/w3d/rendering;games/renegade/content/presentation.
behavior:gui.input_capture,behavior,gui.input_capture,Code/wwui/inputctrl.cpp,engine/gui/w3d,engine/gui/w3d/input_capture.cppm;engine/gui/w3d/rendering/input_view.cppm;engine/platform/adapters/sdl3/input/SDL3Keys.cppm;engine/platform/input/InputService.cppm,engine/gui/w3d/input_capture.test;engine/gui/w3d/rendering/text_view.test.cppm;engine/platform/adapters/sdl3/events/events.test,in_progress,,1,"Shared capture retains the latest pending keyboard request until rendering and consumes it once, even after focus changes. Primary-pointer acceptance is strictly beyond a caller-supplied deadline; other pointer inputs are immediate when focused. Invalid assignments preserve caption and identity atomically. Shared rendering preserves the source one-pixel inset, centered/shadowed caption and additive focus overlay. SDL3 event posting/polling and typed borrowed keyboard state share one portable physical-key map, tested for every supported key. Generic timing/limits/palette/identities come from callers. Renegade constants, lexical names, aliases and conflicts stay game-local. Four graphics-backend/driver combinations pass actual input-widget pixel checks. Non-Windows runtime remains open."
behavior:gui.interface_sounds,behavior,gui.interface_sounds,Code/wwui/menuentryctrl.cpp,games/renegade/presentation/menu,engine/gui/w3d/menu_entry.cppm;games/renegade/presentation/menu/menu_entry.cppm;games/renegade/hosts/game/main.cppm,engine/gui/w3d/menu_entry.test;games/renegade/presentation/menu/menu_entry.test;games/renegade/hosts/game/menu_runtime_test.py,in_progress,,1,Source menuentryctrl.cpp On_Set_Focus/Set_State and buttonctrl.cpp On_LButton_Down/On_Key_Down. Shared entry reports acquired highlight without duplicate timer/retained-press feedback; game binding selects original sound indices. Host no longer clicks on every command or plays hover over value controls/tabs. Boost checks classified resource styles and interaction sequences; runtime audits real retail mixer voices and trigger edges. Implemented quit-popup opening separately tracked; complete back-stack audio and full controls remain open.
behavior:gui.lan_host_options_frontend,behavior,gui.lan_host_options_frontend,Code/Commando/dlgmplanhostoptions.cpp:97,games/renegade/presentation/menu,games/renegade/presentation/menu/navigation.cppm;games/renegade/hosts/game/main.cppm,games/renegade/hosts/game/menu_runtime_test.py,not_started,,1,"Parent gui.shell. Source active local Basic/Advanced/MapCycle/Victory/C&C options. Shared tabs/edit/list/values compose local package/team/economy/victory schema; ECS session executes world. Acceptance: independent tab enable/value tables, cycle add-remove-reorder/package filtering, validation/persisted host configuration and exact typed request; no world effect claim. No verification claim from this audit. Additional source anchors: Code/Commando/dlgmplanhostoptions.cpp:336;Code/Commando/dlgmplanhostoptions.cpp:633;Code/Commando/dlgmplanhostoptions.cpp:1037;Code/Commando/dlgmplanhostoptions.cpp:1607."
behavior:gui.lan_menu_frontend,behavior,gui.lan_menu_frontend,Code/Commando/dlgmainmenu.cpp:391,games/renegade/presentation/menu,games/renegade/presentation/menu/navigation.cppm;engine/platform/network/NetworkService.cppm;games/renegade/hosts/game/main.cppm,games/renegade/hosts/game/menu_runtime_test.py,not_started,,1,"Parent gui.shell. LAN resource174 opens but discovery/host/join/nickname callbacks incomplete. Shared net/platform transport/interfaces; local server schema/validation/session requests. Acceptance: no-interface error, nickname rules, injected discovery add/update/remove, host/join/password/cancel and shutdown/return; actual network match separate. WOL exclusion does not exclude LAN. No verification claim from this audit. Additional source anchors: Code/Commando/dlgmplangamelist.cpp:106;Code/Commando/dlgmplangamelist.cpp:198;Code/Commando/dlgmpchangelannickname.cpp:79. Shared/local composition placement: games/renegade/presentation/menu;engine/net."
behavior:gui.list_columns_sort_icons,behavior,gui.list_columns_sort_icons,Code/wwui/listctrl.cpp:451,engine/gui/w3d,engine/gui/w3d/list_selection.cppm;engine/gui/w3d/rendering/list_view.cppm,engine/gui/w3d/list_selection.test;engine/gui/w3d/rendering/text_view.test.cppm,not_started,,1,"Parent gui.list_selection. Multi-column widths/clickable headers/sort markers/per-cell icons for Load/LAN. Shared caller row/comparator/icon handles; mission rank/date/name policy local; inspect WND GadgetListBox. Acceptance: 25/25/50 columns, sort toggles preserve identity selection, star clipping and duplicate/empty cases plus reviewed GPU captures. No verification claim from this audit. Additional source anchors: Code/Commando/dlgloadspgame.cpp:85;Code/Commando/dlgloadspgame.cpp:357;Code/Commando/dlgloadspgame.cpp:238."
behavior:gui.list_scrollbar_integration,behavior,gui.list_scrollbar_integration,Code/wwui/listctrl.cpp:680,engine/gui/w3d,engine/gui/w3d/list_selection.cppm;engine/gui/w3d/scrollbar.cppm;engine/gui/w3d/rendering/list_view.cppm;engine/gui/w3d/rendering/scrollbar_view.cppm;games/renegade/hosts/game/main.cppm,engine/gui/w3d/list_selection.test;engine/gui/w3d/scrollbar.test;engine/gui/w3d/rendering/text_view.test.cppm;games/renegade/hosts/game/scrollbars_runtime_test.py,in_progress,,1,"Existing shared list composes the shared scrollbar instead of a game-specific list. Cumulative height at or beyond the page exposes the bar, reduces outer/client/header width and remeasures wrapped rows. Source zero PageSize dispatches variable-height paging; changed bar position updates view without selection changes, and wheel/reveal synchronizes silently. Shrinking range explicitly notifies parent while it still observes old list top, then advise updates the list. Four backend GPU cases check independent exact-fit visibility and list/atlas overlap. A 64-profile test-only catalog drives actual retail list rendering through SDL3 with source paging, three arrow render steps, thumb/outside capture, live resize, End/Home/wheel, Tab cleanup and restored list focus. Wrapper verifies all fixture profiles remain intact and ordinary Controls close creates a separate custom profile. Multi-column/icons/sorting, complete large-list removal/readdition/modality lifetimes, other menu list consumers and non-Windows graphical runs remain open."
behavior:gui.list_selection,behavior,gui.list_selection,Code/wwui/listctrl.cpp,engine/gui/w3d,engine/gui/w3d/list_selection.cppm;engine/gui/w3d/rendering/list_view.cppm;engine/platform/core/PlatformTypes.cppm;engine/platform/adapters/sdl3/events/SDL3EventService.cppm;games/renegade/content/presentation/style.cppm;games/renegade/hosts/game/main.cppm,engine/gui/w3d/list_selection.test;engine/gui/w3d/rendering/text_view.test.cppm;engine/platform/adapters/sdl3/events/events.test;games/renegade/content/presentation/style.test;games/renegade/hosts/game/gallery_runtime_test.py,in_progress,,1,"Source ListCtrl single selection, variable row heights, inclusive hit edges and per-row integer anchors, distinct Page/EndPage/LastPage boundaries, header font W margin and underline, wrapping, omitted exact-fit text row and independently painted exact-fit selected outline. Shared MVVM model uses caller data/geometry; game owns style constants and 256-to-255 truncating focus color. Boost covers notifications, wheel, variable heights, paging and bounds; four-backend GPU checks cover text, additive highlight, exact-fit outline and clipping. SDL3 roundtrips Page Up/Down and double-click metadata; retail gallery exercises ordinary list input. Multi-column sorting, icons, complete capture/modal lifetimes and multi-column list integration remain open; the shared scrollbar has independent rows."
behavior:gui.load_game_catalog,behavior,gui.load_game_catalog,Code/Commando/dlgloadspgame.cpp:85,games/renegade/content,games/renegade/presentation/menu/navigation.cppm;games/renegade/hosts/game/main.cppm,games/renegade/hosts/game/menu_runtime_test.py,not_started,,1,"Parent gui.shell. Existing template lacks source allowed mission MIX/SAV catalog, metadata/time/date/descriptions/rank stars/sort/first selection. Shared file metadata reusable; rank/unlock/save-description schemas local. Acceptance: independent allowed/filter/rank/corrupt/empty fixture oracle and real retail rows with reviewed selected/star/column captures. No verification claim from this audit. Additional source anchors: Code/Commando/dlgloadspgame.cpp:143;Code/Commando/dlgloadspgame.cpp:269;Code/Commando/dlgloadspgame.cpp:298. Shared/local composition placement: games/renegade/content;games/renegade/presentation/menu."
behavior:gui.load_game_delete_confirm,behavior,gui.load_game_delete_confirm,Code/Commando/dlgloadspgame.cpp:614,games/renegade/presentation/menu,games/renegade/presentation/menu/navigation.cppm;games/renegade/hosts/game/main.cppm,games/renegade/hosts/game/menu_runtime_test.py,not_started,,1,"Parent gui.shell. Delete only actual save files, never mission MIX; translated confirmation names row and removes row only on successful file delete. Shared removal, game eligibility. Acceptance: temporary test save SDL Delete/No/Yes, protected MIX, failed removal preserves truthful row, selection/focus and independent restart confirm only intended file removed. No verification claim from this audit. Additional source anchors: Code/Commando/dlgloadspgame.cpp:681;Code/Commando/dlgloadspgame.cpp:745."
behavior:gui.load_game_request_routing,behavior,gui.load_game_request_routing,Code/Commando/dlgloadspgame.cpp:514,games/renegade/presentation/menu,games/renegade/presentation/menu/navigation.cppm;games/renegade/session/session.cppm;games/renegade/hosts/game/main.cppm,games/renegade/hosts/game/menu_runtime_test.py,not_started,,1,"Parent gui.shell. Button/IDOK/double-click dispatch selected save-load or ranked-mission replay difficulty; map/save backdrop and inventory reset are local policy. Shared list emits activation. Acceptance: same typed request via all inputs, ranked context/no-selection guard/suspended-session shutdown trace; world restoration needs separate parity proof. No verification claim from this audit. Additional source anchors: Code/Commando/dlgloadspgame.cpp:663. Shared/local composition placement: games/renegade/presentation/menu;games/renegade/session."
behavior:gui.main_backdrop_asset_lifecycle,behavior,gui.main_backdrop_asset_lifecycle,Code/Commando/dlgmainmenu.cpp:80,engine/assets,engine/assets/model/AnimationAsset.cppm;engine/graphics/scene/props/PropAssetBinding.cppm;games/renegade/presentation/menu/main_menu.cppm;games/renegade/hosts/game/main.cppm,games/renegade/presentation/menu/main_menu.test;games/renegade/hosts/game/menu_runtime_test.py,in_progress,,1,"Parent gui.menu_transition. Four retail models use shared assets; source gizmo IF_GIZMOBONE attachment, logo remove/restore and DisableMenuAnim differ from unconditional motion. Names/settings local. Acceptance: independent bone/camera/loop/visibility checks and GPU frames, disabled/missing animation, repeated navigation with no duplicate bindings/voices. No verification claim from this audit. Additional source anchors: Code/Commando/dlgmainmenu.cpp:146;Code/Commando/dlgmainmenu.cpp:430;Code/wwui/menubackdrop.cpp:148. Shared/local composition placement: engine/assets;engine/graphics;games/renegade/presentation/menu."
behavior:gui.main_retail_version_caption,behavior,gui.main_retail_version_caption,Code/Commando/dlgmainmenu.cpp:188,games/renegade/content/presentation,games/renegade/content/presentation/strings.cppm;games/renegade/hosts/game/main.cppm,games/renegade/content/presentation/strings.test;games/renegade/hosts/game/menu_runtime_test.py,not_started,,1,"Parent gui.shell. Source updates version/build caption/hides nonbeta marker; template captions do not prove dynamic fields. Modern build identity is explicitly documented local substitution. Acceptance: GPU modern version/branding from actual metadata and hidden beta marker with preserved styles, no copied false legacy version or raw IDS descriptors. No verification claim from this audit. Additional source anchors: Code/Commando/dlgmainmenu.cpp:480;Code/Commando/chat.rc:200."
behavior:gui.main_transition_control_projection,behavior,gui.main_transition_control_projection,Code/Commando/mainmenutransition.cpp:156,games/renegade/presentation/menu,games/renegade/presentation/menu/main_menu.cppm;engine/assets/model/AnimationAsset.cppm;games/renegade/hosts/game/main.cppm,games/renegade/presentation/menu/main_menu.test;games/renegade/hosts/game/menu_runtime_test.py,in_progress,,1,"Parent gui.menu_transition. Frame segments insufficient: controls project animated bones through camera, popup/practice/model-invalid guards differ. Shared sampling/projection; authored names/segments local. Acceptance: independently expected frame anchors/aspect ratios, popup returns no inappropriate transition, long-frame clamp/hide, missing/disabled model handling and pointer/GPU alignment. No verification claim from this audit. Additional source anchors: Code/Commando/mainmenutransition.cpp:238;Code/Commando/dlgmainmenu.cpp:218;Code/Commando/dlgmainmenu.cpp:267. Shared/local composition placement: games/renegade/presentation/menu;engine/graphics."
behavior:gui.menu_close_feedback,behavior,gui.menu_close_feedback,Code/wwui/menudialog.cpp,games/renegade/presentation/menu,games/renegade/presentation/menu/navigation.cppm;games/renegade/hosts/game/main.cppm,games/renegade/presentation/menu/main_menu.test;games/renegade/hosts/game/menu_runtime_test.py,in_progress,,1,"Source MenuDialogClass::End_Dialog emits EVENT_MENU_BACK for stacked menu closing outside flush, not for all Escape presses. Game VM reports menu closings independently of input method and popup lifecycle; host binds the retail sound. Boost covers Back controls, keyboard back, root popup opening/cancel and no duplicates. Retail SDL3 playback uses both Escape and timed Back entry activation and requires exactly five real voice starts, including Credits. Flush/end-game and remaining dialog lifecycles remain open."
behavior:gui.menu_entry_press,behavior,gui.menu_entry_press,Code/wwui/menuentryctrl.cpp,games/renegade/presentation/menu,engine/gui/w3d/menu_entry.cppm;engine/gui/w3d/rendering/text_view.cppm;games/renegade/presentation/menu/menu_entry.cppm;games/renegade/hosts/game/main.cppm,engine/gui/w3d/menu_entry.test;engine/gui/w3d/rendering/text_view.test.cppm;games/renegade/presentation/menu/menu_entry.test;engine/platform/adapters/sdl3/events/events.test;games/renegade/hosts/game/menu_runtime_test.py,ported,,1,"Source menuentryctrl.cpp press/focus state, 300 ms command deadline, 1000 ms pulse, midpoint colors/radii and caption hit bounds. Shared state/painting take game-composed timings, offsets and colors. Boost checks release/focus-loss retention, reentry cancellation, phase deadlines and GPU embossed layers on four backends; retail SDL3 pointer/Space/Enter playback rejects early commands. Modern targets use source 32bpp palette. Original grouping, wheel navigation and full GUI remain open."
behavior:gui.menu_music_lifecycle,behavior,gui.menu_music_lifecycle,Code/Commando/gamemenu.cpp:116,engine/audio,engine/audio/mixing/mixer.cppm;games/renegade/presentation/menu/movie_audio.cppm;games/renegade/hosts/game/main.cppm,games/renegade/presentation/menu/movie_audio.test;games/renegade/hosts/game/gallery_runtime_test.py,in_progress,,1,Parent gui.interface_sounds. menu.mp3 loops TYPE_MUSIC priority1 active solo/no-game menu and stops inactive. Gallery restore is tested subset. Shared mixer routing; mode/file policy local. Acceptance: independent active/solo/multiplayer/muted/completed/gallery lifecycle traces with audible delivered PCM and no duplicate simultaneous music voices. No verification claim from this audit. Additional source anchors: Code/Commando/gamemenu.cpp:161. Shared/local composition placement: engine/audio;games/renegade/presentation/menu.
behavior:gui.menu_transition,behavior,gui.menu_transition,Code/Commando/mainmenutransition.cpp,games/renegade/presentation/menu,games/renegade/presentation/menu/main_menu.cppm,games/renegade/presentation/menu/main_menu.test,in_progress,,1,"Authored menu entry/exit frame segments, clamping, visibility and transition sound selection"
behavior:gui.movie_gallery,behavior,gui.movie_gallery,Code/Commando/dlgmovieoptions.cpp,games/renegade/presentation/menu,games/renegade/presentation/menu/movie_gallery.cppm;games/renegade/hosts/game/main.cppm;engine/config/adapters/preferences/preferences_file.cppm;engine/gui/w3d/list_selection.cppm;engine/gui/w3d/rendering/list_view.cppm;engine/video/adapters/MemorySource.cppm,games/renegade/presentation/menu/movie_gallery.test;engine/config/adapters/preferences/preferences_file.test;engine/gui/w3d/list_selection.test;games/renegade/hosts/game/gallery_runtime_test.py,in_progress,,1,"Source MovieOptions intro-first/no-initial-selection list and playback guards. Game-local portable campaign unlock schema composes shared sorted preferences, W3D list, SDL3, virtual filesystem, FFmpeg player and existing media audio route. Boost verifies fresh profiles, unlock updates/roundtrip/unknown settings, valid paths, selection lifetime, request-once and bounded gallery updates. Independent real-time DX11/DX12 hosts exercise pointer Play, double-click, list Enter, all 475 intro frames through natural completion, two Escape stops retaining selection, three gameplay bus restorations/music restarts and ordinary return with parent focus. Every play requires decoded PCM and delivered non-silent output, with GPU list/movie/final-menu checks. Deliberate differences: lexical unlock order, paths constrained to data/movies, local VFS replaces CD prompt. Campaign unlock integration, optional subtitles, complete mission voice restart, other list features and non-Windows runtime remain open."
behavior:gui.multiplayer_local_name_option,behavior,gui.multiplayer_local_name_option,Code/Commando/dlgmultiplayoptions.cpp:71,games/renegade/presentation/menu,games/renegade/presentation/menu/multiplayer_options.cppm;games/renegade/hosts/game/main.cppm;engine/gui/w3d/value_controls.cppm;engine/gui/w3d/rendering/value_view.cppm,games/renegade/presentation/menu/multiplayer_options.test;games/renegade/hosts/game/multiplayer_options_runtime_test.py,in_progress,,1,"Source dialog166 local ShowNamesOnSoldier preference uses the original exact-integer-one boolean normalization. Game-local MVVM composes shared W3D checkbox rendering, focus and keyboard handling; obsolete WOL-only controls are visible but unavailable without inventing a service backend. Boost covers pending/application/reopen and unknown preference retention. Independent DX11/DX12 retail hosts pass 13 SDL3 state checks through pointer, Space, Enter, disabled control input, Back/Escape application and reopening; second processes restore the independently checked saved setting. Reviewed original-resolution capture retains the retail 3D background and localized controls. Player-name HUD/world consumption, full widget focus/capture lifecycle and non-Windows runtime remain open; menu validation does not prove actual player-name rendering."
behavior:gui.mvvm,behavior,gui.mvvm,Code/wwui,engine/gui/w3d,engine/gui/w3d/binding.cppm,engine/gui/w3d/binding.test,verified,games/renegade/migration/validation.json,parity,"Shared observable/command bindings, disposal, retained control state"
behavior:gui.performance_controls,behavior,gui.performance_controls,Code/Commando/dlgconfigperformancetab.cpp,games/renegade/presentation/menu,games/renegade/presentation/menu/performance_settings.cppm;games/renegade/hosts/game/main.cppm;engine/graphics/resources/loading/MipChain.cppm;engine/graphics/scene/props/PropAssetBinding.cppm,games/renegade/presentation/menu/performance_settings.test;engine/graphics/scene/props/PropAssetBinding.test.cppm;games/renegade/hosts/game/performance_runtime_test.py,in_progress,,1,"Source DlgConfigPerformanceTab preset table, five expert ranges, checkbox visibility by resource y, non-updating rating during expert edits, source duplicate-match averaging plus 0.4, dynamic geometry boundaries 1000/5000 and application budgets 0/5000/10000. Boost source oracle enumerates all 648 supported tuples. Tech close applies settings, writes portable system keys and replaces all four menu model GPU bindings through existing shared mip-chain uploader, retaining animation poses. Shared reduction is explicit per binding and defaults to zero, preserving other callers; one-level images stay unreduced. Unsupported NPatches remains disabled/false in the view and its stored value is retained; source unmatched-rating divide-by-zero is hardened. Independent DX11/DX12 retail hosts pass 26 SDL3 state checks and GPU value-control visibility/outline checks, four presets, every expert slider, keyboard repeat and checkbox input, tab retention, deferred texture replacement, reopening with re-rated master slider, parent focus and return to menu. A second process restores applied preferences. Resource.h associations for all five labeled expert sliders are asserted, and reviewed corrected retail captures show the intended label/value pairs. World budgets/projectors/shadow mode/particles/surface settings are preserved preferences and application values until playable world composition; those effects are not complete. Non-Windows graphical validation remains open."
behavior:gui.popup_presentation,behavior,gui.popup_presentation,Code/wwui/popupdialog.cpp,engine/gui/w3d/rendering,engine/gui/w3d/rendering/popup_view.cppm;engine/gui/w3d/rendering/value_view.cppm;games/renegade/content/presentation/style.cppm;games/renegade/presentation/menu/navigation.cppm;games/renegade/hosts/game/main.cppm,engine/gui/w3d/rendering/text_view.test.cppm;games/renegade/content/presentation/style.test;games/renegade/presentation/menu/main_menu.test;games/renegade/hosts/game/menu_runtime_test.py,in_progress,,1,"Source popupdialog.cpp Build_Background_Renderers/On_Init_Dialog and chat.rc quit caption. Shared painting reuses checkbox/slider filled outlines, darkens the full screen, paints a translucent body and measures/truncates the scaled title rectangle with the header font. Original blackout/padding and implemented popup classification remain game-local. Boost checks source style, fractional layout, lifecycle and GPU darkening/text on four backends. Runtime requires one decoded retail opening-sound voice. Remaining popup types, default focus/commands and back-stack audio remain open."
behavior:gui.practice_launch_request,behavior,gui.practice_launch_request,Code/Commando/dlgmainmenu.cpp:301,games/renegade/session,games/renegade/presentation/menu/main_menu.cppm;games/renegade/presentation/menu/navigation.cppm;games/renegade/hosts/game/main.cppm,games/renegade/presentation/menu/main_menu.test;games/renegade/hosts/game/menu_runtime_test.py,not_started,,1,"Parent gui.shell. Practice disabled; source skirmish*.mix first then c&c_*.mix fallback, random choice, backdrop96/repeating one-map cycle. Policy/seed/request local; enumeration shared. Acceptance: injected candidate/random oracle for preferred/fallback/empty, exact request/cycle/backdrop/transition bypass and retail SDL activation; request does not prove playable practice. No verification claim from this audit. Additional source anchors: Code/Commando/dlgmainmenu.cpp:369. Shared/local composition placement: games/renegade/session;games/renegade/presentation/menu."
behavior:gui.scrollbar_model_input,behavior,gui.scrollbar_model_input,Code/wwui/scrollbarctrl.cpp:434,engine/gui/w3d,engine/gui/w3d/scrollbar.cppm;engine/gui/w3d/rendering/scrollbar_view.cppm;games/renegade/content/presentation/style.cppm;games/renegade/hosts/game/main.cppm,engine/gui/w3d/scrollbar.test;engine/gui/w3d/rendering/text_view.test.cppm;games/renegade/hosts/game/scrollbars_runtime_test.py,in_progress,,1,"Shared MVVM range changes preserve position; changed position reaches parent then advise before parent/advise page callbacks, including clamped and zero-size pages. Original held arrows advance exactly once per actual control render; GPU drawing does not mutate input state. Independent Boost traces check bounds, silent assignments, held/page/drag behavior, grab offsets and notification ordering. Shared view reuses image bindings and Renderer2D gradient quads; Renegade owns both authored atlas modes, scale, offsets, UV divisor and palette. Four graphics-backend/driver cases check source integer geometry, atlas state/UVs, strict small-thumb flip, gradients and protruding-thumb compositing. Independent DX11/DX12 retail hosts exercise 14 state checks, exactly three rendered hold steps, outside drag/release, keyboard/wheel, resize, Tab capture cleanup and return. Equal/short track has finite no-travel hardening; arrows remain usable, while thumb drag is inactive. Capture loss/detach clears stale held flags deliberately. Other widget capture paths, small-mode retail integration and non-Windows runtime remain open."
behavior:gui.shell,behavior,gui.shell,Code/Commando,games/renegade/shell,,,in_progress,,parity,"Retail main menu models/intros and a navigation subset run through SDL3; settings, lists, campaign launch and complete menu behavior remain open"
behavior:gui.tab_skin_animation,behavior,gui.tab_skin_animation,Code/wwui/tabctrl.cpp:96,engine/gui/w3d/rendering,engine/gui/w3d/navigation.cppm;engine/gui/w3d/rendering/button_view.cppm;games/renegade/hosts/game/main.cppm,engine/gui/w3d/navigation.test;engine/gui/w3d/rendering/text_view.test.cppm,not_started,,1,"Parent gui.dialogs. Host plain captions omit original textured selector/bubble/glow. Shared geometry/animation state/painting accept caller atlas/colors/timing; source IF_MENUPARTS9 constants local. Acceptance: independently expected start/middle/settled frames and GPU skin, resize during motion, pointer/keyboard parity and retained child focus. No verification claim from this audit. Additional source anchors: Code/wwui/tabctrl.cpp:115;Code/wwui/tabctrl.cpp:745;Code/wwui/tabctrl.cpp:781."
behavior:gui.text_edit,behavior,gui.text_edit,Code/wwui/editctrl.cpp:373,engine/gui/w3d,engine/gui/w3d/text_edit.cppm;engine/platform/adapters/sdl3/events/SDL3EventService.cppm,engine/gui/w3d/text_edit.test;engine/platform/adapters/sdl3/events/events.test;games/renegade/hosts/game/profiles_runtime_test.py,in_progress,,1,"Shared MVVM UTF-16 editor implements source focus/select-all, selection anchors, word and scalar movement, Home/End, Delete/Backspace, Enter submit and strict greater-than-500ms blink. Strict UTF-8 decoding rejects malformed sequences atomically and keeps surrogate pairs together. SDL composition scalar offsets map to UTF-16; synthetic SDL3 events own copied UTF-8 until poll. Boost covers independent selection/movement/blink/Unicode cases and mutable posting-buffer lifetime. Retail profile hosts type via SDL3 and create/rename persistent profiles. Complete composition target styling, capture/focus-loss and non-Windows runtime remain open; the current shared platform event has a 31-byte UTF-8 payload limit."
behavior:gui.text_edit_clipboard,behavior,gui.text_edit_clipboard,Code/wwui/editctrl.cpp:694,engine/gui/w3d,,,not_started,,optional,"Optional modernization candidate, not an established original-parity requirement. Pinned wwui/EditCtrl::On_Key_Down (editctrl.cpp:694-839) has no Ctrl-X/C/V cases; On_Unicode_Char filters control characters below 32. Searches across wwui and Commando found no clipboard implementation. The previous source-backed clipboard inference was incorrect. Existing shared ClipboardService can support an optional portable extension; no game-native APIs. This row does not block original M1 scope. If added, validate Unicode selection copy/cut/paste, limits, disabled state and multiline filtering independently. No implementation or verification claim."
behavior:gui.text_edit_ime,behavior,gui.text_edit_ime,Code/wwui/editctrl.cpp:1312,engine/gui/w3d,engine/gui/w3d/text_edit.cppm;engine/gui/w3d/rendering/text_edit_view.cppm;engine/platform/input/TextInputService.cppm;engine/platform/adapters/sdl3/input/SDL3TextInputService.cppm;games/renegade/hosts/game/main.cppm,engine/gui/w3d/text_edit.test;engine/platform/adapters/sdl3/events/events.test,in_progress,,1,"Parent gui.text_edit. Composition events exist; full IME candidate/typing behavior unproven. Shared SDL text service owns OS IME and view composition; game supplies field rect/content policy. Acceptance: non-ASCII/supplementary composition/commit/cancel, modal/focus/resize traces plus actual OS candidate placement coverage. No verification claim from this audit. Additional source anchors: Code/wwui/editctrl.cpp:1337. Shared/local composition placement: engine/gui/w3d;engine/platform."
behavior:gui.text_edit_rendering,behavior,gui.text_edit_rendering,Code/wwui/editctrl.cpp:135,engine/gui/w3d/rendering,engine/gui/w3d/rendering/text_edit_view.cppm;engine/gui/w3d/text_edit.cppm,engine/gui/w3d/rendering/text_view.test.cppm;games/renegade/hosts/game/profiles_runtime_test.py,in_progress,,1,"Shared W3D editor view reuses font/text/2D drawing also used by GeneralsZH. Source font-I margin, two-pixel vertical inset, outline/fill, clipped vertically centered shadowed text, additive selection and caret ordering. Horizontal scroll and pointer midpoint hit tests preserve Unicode boundaries. Independent actual glyph/selection/caret pixel checks pass four backend/driver combinations; original-resolution retail profile list and popup captures reviewed. Exact long-scroll oddities, complete IME target styling and non-Windows graphical validation remain open."
behavior:gui.title_glow,behavior,gui.title_glow,Code/wwui/stylemgr.cpp,games/renegade/content/presentation,engine/gui/text/font_face.cppm;engine/gui/text/renderer.cppm;engine/gui/w3d/rendering/text_view.cppm;games/renegade/content/presentation/style.cppm;games/renegade/hosts/game/main.cppm,games/renegade/content/presentation/style.test;engine/gui/w3d/rendering/text_view.test.cppm;games/renegade/hosts/game/menu_runtime_test.py,ported,,1,"Source stylemgr.cpp Render_Glow and dialogtext.cpp title parameters; render2dsentence.cpp nonzero-coverage RGB mask and ONE/ONE additive mode. Shared radial offsets and batched text use a separately owned ink atlas, preserving ordinary alpha text. Boost checks integer radius steps, source colors, 28 sample geometry, GPU accumulation/zero-ink holes and stable atlas rebuilds on four backends; retail configuration title manually reviewed. Menu entry press animation separately tracked; complete widget skinning remains open."
behavior:gui.tooltip_lifecycle,behavior,gui.tooltip_lifecycle,Code/wwui/tooltipmgr.cpp:132,engine/gui,engine/gui/w3d/dialog_input.cppm;engine/gui/text/renderer.cppm,engine/gui/wnd/tests/input/WNDInput.test.cppm,not_started,,1,"Parent gui.dialogs. Stationary-pointer delay/reset/control lookup and bounded placement shared; game supplies tooltip text/eligibility. Inspect WND tooltip plumbing. Acceptance: before/at/after delay, movement reset, destroyed control/dialog and screen edges, translated tooltip GPU capture using source tooltip font role. No verification claim from this audit. Additional source anchors: Code/wwui/tooltipmgr.cpp:119."
behavior:gui.value_appearance,behavior,gui.value_appearance,Code/wwui/checkboxctrl.cpp,engine/gui/w3d/rendering,engine/gui/w3d/rendering/value_view.cppm;games/renegade/content/presentation/style.cppm;games/renegade/hosts/game/main.cppm,games/renegade/content/presentation/style.test;engine/gui/w3d/rendering/text_view.test.cppm;games/renegade/hosts/game/menu_runtime_test.py,in_progress,,1,"Source checkboxctrl.cpp and sliderctrl.cpp integer anchors, caption-width hit bounds, 2px checkmark/shadow, additive caption highlight, split outlined slider bars and focused thumb fill. Original enabled/disabled ARGB palettes and bar height stay game-local. Boost checks fractional/odd geometry and source colors; GPU tests check transparency, clipping and additive highlight on four backends. DX11/DX12 retail Audio captures reviewed. Remaining skins, complete controls and non-Windows graphical validation remain open."
behavior:gui.value_input,behavior,gui.value_input,Code/wwui/checkboxctrl.cpp,engine/gui/w3d,engine/gui/w3d/value_controls.cppm;engine/platform/adapters/sdl3/events/SDL3EventService.cppm;games/renegade/hosts/game/main.cppm,engine/gui/w3d/value_controls.test;engine/platform/adapters/sdl3/events/events.test;games/renegade/hosts/game/menu_runtime_test.py,in_progress,,1,"Source checkboxctrl.cpp On_LButton_Down and Space-only key toggle; sliderctrl.cpp consumes arrows/Home/End before focus navigation. Shared W3D models classify keys; host translates SDL3 portable keys and retains value-control autorepeat. Runtime holds a checkbox press across a rendered frame, verifies its state before release, releases outside and checks retention; posted keys assert all slider values and retained focus including a repeated Up key, plus Space toggling. Parent default commands, focus-loss capture and remaining widget integration remain open."
behavior:gui.value_models,behavior,gui.value_models,Code/wwui/sliderctrl.cpp,engine/gui/w3d,engine/gui/w3d/value_controls.cppm,engine/gui/w3d/value_controls.test,in_progress,,1,"Observable checkbox and integer slider models, clamping, thumb-biased mouse mapping and disabled input; visual styling separately tracked"
behavior:gui.video_controls,behavior,gui.video_controls,Code/Commando/dlgconfigvideotab.cpp,games/renegade/presentation/menu,games/renegade/presentation/menu/video_settings.cppm;games/renegade/hosts/game/main.cppm;engine/gui/w3d/value_controls.cppm;engine/graphics/scene/screen/ScreenFilterRenderer.cppm;engine/graphics/shaders/source/screen_filter.slang,games/renegade/presentation/menu/video_settings.test;engine/graphics/scene/screen/ScreenFilterDrawing.test.cppm;games/renegade/hosts/game/video_runtime_test.py,in_progress,,1,"Source DlgConfigVideoTab and SystemSettings registry entries: original ranges 60..210/-45..45/50..200, defaults 90/0/130, hundredths including negative captions and atomic initialization. Game-local DX8Wrapper source curve uses i/256, clamp, powf and truncating 16-bit ramp; shared renderer consumes arbitrary RGB curves. Portable preferences preserve unknown settings. SDL3 events drive Home/End, autorepeat and pointer values; independent DX11/DX12 hosts verify all 12 changes through 225 raw/calibrated GPU samples and three caption ink regions each, resize and return, followed by independent restoration process. Read-only resolution/32-bit depth report actual frame properties; driver shows actual adapter IDs. Deliberate per-application shader transfer replaces global desktop gamma APIs; help describes resizing rather than the unavailable legacy configuration utility. Friendly hardware descriptions, localized modern help, HDR/display calibration and non-Windows runtime remain open."
behavior:gui.window_resize,behavior,gui.window_resize,Code/wwui/stylemgr.cpp,games/renegade/hosts/game,engine/platform/core/PlatformTypes.cppm;engine/platform/adapters/sdl3/events/SDL3EventService.cppm;games/renegade/hosts/game/main.cppm,engine/platform/adapters/sdl3/events/events.test;games/renegade/hosts/game/menu_runtime_test.py,in_progress,,1,"Shared SDL3 adapter already maps size/pixel/display-scale events to current drawable extent. Default minimum_size explicitly zero fixes accidental Extent2D 1280x720 minimum; explicit game minima remain supported. Boost drives real native SDL3 window sizes. Retail hosts resize both movies and restore, then resize Audio settings and continue ordinary SDL3 input after retail font rebuilds; capture dimensions match live drawable extent and GPU movie samples match decoded pixels. Original normalized full-screen movie mapping is retained. Actual monitor/DPI changes and non-Windows graphical runs remain open."
behavior:input.profile,behavior,input.profile,Code/Combat/input.cpp,games/renegade/content/input,games/renegade/content/input/schema.cppm;games/renegade/content/presentation/input_configuration.cppm,games/renegade/content/input/configuration.test;games/renegade/hosts/game/controls_runtime_test.py,in_progress,,1,"EA Combat/input.cpp source-backed 134 action names and 122 input file/translation names; physical identities use shared portable keys and aggregate modifiers/sliders remain game-local. Read uses shared case-insensitive bracketed INI, original primary-nonempty secondary gate, direct load independent of edit aliases, recomputed mouse scale and named accelerated definitions. Edits copy secondary-fire/crouch/jump aliases in both slots. Save retains unknown mod entries and named sections. Boost loads the effective higher-priority 5534-byte retail DEFAULT_INPUT.CFG, not the older 5499-byte always.dat entry; all bindings, misc values and four accelerated definitions reopen. Portable SDL3 user storage replaces the legacy registry/config path. Gameplay consumption remains unfinished; catalog/store and Save/Load are tracked independently."
behavior:input.profile_catalog,behavior,input.profile_catalog,Code/Commando/inputconfigmgr.cpp:508,games/renegade/content/input,games/renegade/content/input/profile_catalog.cppm,games/renegade/content/input/profile_catalog.test;games/renegade/hosts/game/profiles_runtime_test.py,in_progress,,1,"Game-local bounded catalog preserves names, filenames, default/custom flags, list order and current filename. Independent original CONFIG.DAT nested/microchunk byte fixture proves import; versioned portable format preserves long UTF-16 names and rejects every truncated prefix, invalid flags, duplicate identities and unsafe paths. Source empty-catalog default and first unoccupied inputNN.cfg search are covered. Portable ASCII name folding replaces locale-dependent wcsicmp; long lengths avoid the original eight-bit microchunk overflow and current identity is stable by filename. The retail install contained no legacy custom CONFIG.DAT, so actual existing-profile migration remains fixture-proven only."
behavior:input.profile_persistence,behavior,input.profile_persistence,Code/Commando/inputconfigmgr.cpp:178,games/renegade/content/presentation,games/renegade/content/presentation/input_profile_store.cppm;games/renegade/content/input/profile_catalog.cppm;engine/filesystem/core/text_files.cppm,games/renegade/content/presentation/input_profile_store.test;engine/filesystem/text_files.test;games/renegade/hosts/game/profiles_runtime_test.py,in_progress,,1,"Game-local store composes shared bounded reads, atomic writes, path existence and regular-file deletion, plus retail VFS builtin/legacy fallback. Builtin SaveCurrent creates a custom profile; create/save/load/delete/current-default fallback retain original behavior. Boost exercises real files, independent reopen, occupied slots, old Input.cfg adoption, invalid paths and failed metadata write without publishing incomplete catalog state. Independent DX11/DX12 game processes restore actual selected input01.cfg and full 134-action dictionaries; deleting current input02 removes the file and selects default. Case-sensitive userdata migration and non-Windows runtime remain open."
behavior:lan.admission_checks,behavior,lan.admission_checks,Code/Commando/cnetwork.cpp:1395,games/renegade/session,,,not_started,,4,Source anchor: cNetwork::Application_Acceptance_Handler. Acceptance: Nonempty unique nickname/password/protocol schema/MaxPlayers checked before ownership allocation; admitted connection establishes peer identity. Document modernization from spoofable packet SenderId and reject replay/forged admission.
behavior:lan.browser_details,behavior,lan.browser_details,Code/Commando/dlgmplangamelist.cpp:312,games/renegade/presentation,,,not_started,,4,Source anchor: MPLanGameListMenuClass::Update_Game_List. Acceptance: Source headers/details/sort/selection/double-click show map/mod/password/capacity/version/compatibility; selected row survives refresh and stale host removal safely; live MVVM.
behavior:lan.cnc_defaults,behavior,lan.cnc_defaults,Code/Commando/gdcnc.cpp:52,games/renegade/gameplay/match,,,not_started,,4,"Source anchor: cGameDataCnc::cGameDataCnc. Acceptance: Fresh LAN C&C 25 min/0 credits/team changes false/remix true/teammates radar/base-beacon ending true; local defaults and validated config overrides, distinct from practice."
behavior:lan.content_handshake,behavior,lan.content_handshake,Code/Commando/gamedata.cpp:812,games/renegade/session,,,not_started,,4,"Source anchor: cGameData::Export_Tier_1_Data. Acceptance: Map/mod/version metadata and Tier2 full rules retain bounded schemas; modern manifest/hash mismatch vs missing asset refusal; Renegade IDs/codecs local, no content schema in transport."
behavior:lan.direct_endpoint,behavior,lan.direct_endpoint,Code/Commando/cnetwork.cpp:130,games/renegade/session,,,not_started,,4,Source anchor: void cNetwork::Init_Client. Acceptance: Direct address/port uses same admission without discovery/WOL/GameSpy; validated endpoint/failure/cancel/retry; source default game port 4848 stays game-local and configurable; shared net handles endpoints.
behavior:lan.disconnect_client,behavior,lan.disconnect_client,Code/Commando/cnetwork.cpp:242,games/renegade/presentation,,,not_started,,4,Source anchor: cNetwork::Cleanup_Client. Acceptance: Host exit/crash/refusal/timeout/user quit clears transport/replicas/input/audio/world and returns LAN screen/reason; rejoin new generation/baseline with no stale trusted state.
behavior:lan.disconnect_server,behavior,lan.disconnect_server,Code/Commando/cnetwork.cpp:1173,games/renegade/session,,,not_started,,4,Source anchor: cNetwork::Server_Broken_Connection_Handler. Acceptance: Leave/timeout removes ownership/player and resolves soldier/seat/purchase; peers keep ticking/team count changes/opponent-loss result once; actual match disconnect proof between independent game processes over network transport; recommend additional cross-host timeout/interface-loss validation.
behavior:lan.discovery_advertise,behavior,lan.discovery_advertise,Code/Commando/lanchat.cpp:187,games/renegade/session,,,not_started,,4,Source anchor: cLanChat::Send_Position_Broadcast. Acceptance: Shared portable UDP caller-selected port; source Renegade 3373/strictly-over-1000ms cadence/owner-nickname-sequence/hosting/Tier1 metadata; advertises active server Combat world; timing/schema constants game-local.
behavior:lan.discovery_catalog,behavior,lan.discovery_catalog,Code/Commando/lanchat.cpp:228,games/renegade/session,,,not_started,,4,"Source anchor: cLanChat::Process_Position_Broadcast. Acceptance: Bound decoder/nickname case-fold collision/first-arrival/map availability/update/remove/expired channel handling; source nonhosting removes channel. Exercise actual discovery datagrams between independent game processes through OS network transport. Cross-host/interface broadcast validation is recommended additional coverage, not a mandatory user-supplied two-machine constraint."
behavior:lan.end_type,behavior,lan.end_type,Code/Commando/gdcnc.cpp:266,games/renegade/gameplay/match,,,not_started,,4,"Source anchor: cGameDataCnc::Is_Game_Over. Acceptance: LAN distinguishes beacon vs base win using Did_Beacon_Destroy_Base, preserves base option and 5000 reward/nudge; all clients reliably display same winner/score/time/result."
behavior:lan.hit_history,behavior,lan.hit_history,Code/Combat/damage.cpp:699,engine/net,,,not_started,,4,Source anchor: DefenseObjectClass::Apply_Damage. Acceptance: Shared bounded server history/rewind mechanism validates ray/projectile hits from local weapon data; reject future/too-old/forged victim; original IsClientTrusted route cannot authorize client damage.
behavior:lan.host_config,behavior,lan.host_config,Code/Commando/dlgmplanhostoptions.cpp:97,games/renegade/presentation,,,not_started,,4,Source anchor: MPLanHostOptionsMenuClass::On_Init_Dialog. Acceptance: Source host tabs/map-mod cycles/player count/password/dedicated/friendly fire/time/repair/driver-gunner/spawning/radar/credits bound to game-local setup with source clamps and portable roundtrip config.
behavior:lan.input_ownership,behavior,lan.input_ownership,Code/Combat/soldier.cpp:1611,games/renegade/session,,,not_started,,4,Source anchor: SoldierGameObj::Apply_Control. Acceptance: Validate ownership/sequence/tick horizon/action rate/ammo/reload/movement/seat against server components; client sends intent not trusted damage/credits/transforms. Malicious replay fixture plus UDP process trace.
behavior:lan.intermission_rotation,behavior,lan.intermission_rotation,Code/Commando/gamedata.cpp:2158,games/renegade/session,,,not_started,,4,"Source anchor: cGameData::Rotate_Map. Acceptance: Source map cycle/loop/end and default 15-second intermission; tear down old scripts/world/baselines, load next map/reset teams/money; disconnect during rotation never revives old entities."
behavior:lan.join_password_refusal,behavior,lan.join_password_refusal,Code/Commando/dlgmplangamelist.cpp:481,games/renegade/presentation,,,not_started,,4,Source anchor: MPLanGameListMenuClass::Join_Game. Acceptance: Selected host/password prompt starts admission; bad-password/full/duplicate-empty nickname/version mismatch distinct; cancel tears down peer and returns correct screen.
behavior:lan.listen_dedicated_start,behavior,lan.listen_dedicated_start,Code/Commando/dlgmplanhostoptions.cpp:289,games/renegade/session,,,not_started,,4,"Source anchor: MPLanHostOptionsMenuClass::Start_Game. Acceptance: Host starts playable world immediately; listen composes local client, dedicated does not; no Generals ready/countdown requirement before Renegade hosting. One-tick defense headless program is not dedicated server."
behavior:lan.loading_join,behavior,lan.loading_join,Code/Commando/DlgMPConnect.cpp:231,games/renegade/session,,,not_started,,4,Source anchor: DlgMPConnect::On_Periodic. Acceptance: Admission/Tier2/rules/map compatibility complete before Start_Game; cancel/refuse cleans client; late join gets assigned player/team and full baseline while host ticks.
behavior:lan.opponent_gate,behavior,lan.opponent_gate,Code/Commando/gdcnc.cpp:464,games/renegade/gameplay/match,,,not_started,,4,Source anchor: cGameDataCnc::Is_Gameplay_Permitted. Acceptance: MaxPlayers>1 requires Nod and GDI players; gated time/harvest/combat and forced finish after started match loses required opponents; MaxPlayers=1 distinct source case.
behavior:lan.prediction_reconcile,behavior,lan.prediction_reconcile,Code/Combat/soldier.cpp:1156,engine/gameplay/fps/prediction,,,not_started,,4,"Source anchor: SoldierGameObj::Import_Frequent. Acceptance: Generic input-history/correction/interpolation with caller movement codec; stance/weapon/camera rules local. Delayed/lost input, jump/crouch/collision/seat transition no drift or duplicated action."
behavior:lan.purchase_roundtrip,behavior,lan.purchase_roundtrip,Code/Commando/purchaserequestevent.cpp:88,games/renegade/session,,,not_started,,4,Source anchor: cPurchaseRequestEvent::Act. Acceptance: Owned live soldier sends bounded item intent; server computes price/stock/factory and returns pending/success/source failure. Replayed sequence/stale soldier/wrong-team/invalid-index cannot mutate funds.
behavior:lan.replication_budget,behavior,lan.replication_budget,Code/Commando/cnetwork.cpp:1132,engine/net,,,not_started,,4,Source anchor: cNetwork::Get_Client_Rhost_Threshold_Priority. Acceptance: Shared spatial interest/priority/budget/delta extension; nearby combat reliable and timely while distant state coalesces; current authority Publish sends opaque full snapshot to everyone with no interest/delta implementation.
behavior:lan.replication_creation,behavior,lan.replication_creation,Code/Commando/cnetwork.cpp:1455,games/renegade/session,,,not_started,,4,Source anchor: cNetwork::Connection_Handler. Acceptance: Stable entity/generation plus versioned game-local component codecs for soldiers/vehicles/weapons/buildings/economy/harvesters/C4/beacons/match; late-join full baseline then ordered deltas; resolve references before visibility.
behavior:lan.replication_tombstones,behavior,lan.replication_tombstones,Code/wwnet/networkobject.cpp:261,engine/net,,,not_started,,4,Source anchor: NetworkObjectClass::Set_Delete_Pending. Acceptance: Shared stable ID/generation/baseline/ack/tombstone extension handles reordered/duplicate/lost create-delete/ID reuse; game codecs local; delayed packet never resurrects deleted/disconnected actor.
behavior:lan.socket_portable_composition,behavior,lan.socket_portable_composition,Code/Commando/lanchat.cpp:149,engine/net/transport,engine/net/transport/udp_socket.cppm;engine/net/transport/udp_socket.cpp;engine/platform/network/NetworkService.cppm;engine/platform/adapters/sdl3/network/SDL3NetworkService.cppm,engine/net/transport/udp_socket.test,in_progress,,4,"Source anchor: cLanChat::Init_Lan_Protocol_And_Socket. Acceptance: Compose shared transport/socket service under engine/platform SDL3 boundary; game imports no Winsock/POSIX/Win32/socket DLL. Existing engine native UDP and SDL3_net adapters need deliberate common composition, never a Renegade-only native layer."
behavior:lan.team_chat,behavior,lan.team_chat,Code/Commando/dlgmpingameteamchat.cpp:69,games/renegade/presentation,,,not_started,,4,Source anchor: MPIngameTeamChatPopupClass::On_Key_Down. Acceptance: Source team chat routing/nickname/length and global counterpart through independent processes; wrong-team message cannot leak; repeated send/close leaves no stale callbacks.
behavior:lan.teams_assignment,behavior,lan.teams_assignment,Code/Commando/gamedata.cpp:1407,games/renegade/gameplay/match,,,not_started,,4,"Source anchor: cGameData::Choose_Smallest_Team. Acceptance: Side preference/source availability, smaller team then lower score then seeded random tie; team-lock/change/remix/rebalance/waiting player source behavior through stateless ECS systems."
behavior:lan.tick_ingress,behavior,lan.tick_ingress,Code/Commando/cnetwork.cpp:765,engine/net/authority,engine/net/authority/server.cppm;engine/net/transport/reliable_udp.cppm,engine/net/authority/server.test;engine/net/transport/reliable_udp.test,in_progress,,4,Source anchor: void cNetwork::Update. Acceptance: Reuse admitted-peer bounded sequence/tick ingress and monotonic Publish with real continuous Renegade ECS and UDP reliability; game-specific validation required; slow peer never stalls. Existing opaque payload test does not establish gameplay.
behavior:lan.weapon_spawner_option,behavior,lan.weapon_spawner_option,Code/Commando/gamedata.cpp:2227,games/renegade/gameplay/spawning,,,not_started,,4,Source anchor: cGameData::Filter_Spawners. Acceptance: SpawnWeapons=false disables only Is_Multiplay_Weapon_Spawner; soldier auto-spawn instead restricted by IS_SOLOPLAY in SpawnManager::Update; do not remove harvesters/scripts/all AI.
behavior:match.population,behavior,match.population,Code/Commando,games/renegade/session,,,not_started,,parity,"Join/leave, spectators, player limits and matchmaking adapters"
behavior:match.rules,behavior,match.rules,Code/Commando,games/renegade/gameplay/match,,,not_started,,parity,"C&C mode, base destruction, time/score victory, respawn, teams"
behavior:missions.command_api,behavior,missions.command_api,Code/Combat/scriptcommands.cpp,games/renegade/scripting,,,not_started,,parity,"Script command vocabulary -> ECS commands, timers, objectives, conversations"
behavior:missions.events,behavior,missions.events,Code/Combat/scripts.cpp,games/renegade/scripting,,,not_started,,parity,"Attachment lifecycle, timer/custom ordering, zones and action completion"
behavior:missions.lua,behavior,missions.lua,Code/Scripts,games/renegade/content/scripts,engine/gameplay/common/scripts/components/lua_behavior.cppm;engine/gameplay/common/scripts/resources/behavior_programs.cppm;engine/gameplay/common/scripts/systems/lua_behavior_system.cppm;engine/gameplay/common/scripts/systems/behavior_attachment_system.cppm;engine/gameplay/common/input/components/input_permission.cppm;engine/gameplay/common/input/systems/input_permission_system.cppm;games/renegade/content/campaign/behavior_programs.cppm;games/renegade/content/scripts/MTU_Commando_Startup.lua;games/renegade/content/scripts/MTU_Commando.lua;games/renegade/gameplay/missions/systems/mission_command_system.cppm;games/renegade/gameplay/humans/systems/motion_system.cppm;games/renegade/session/session.cppm;games/renegade/presentation/player/input.cppm;games/renegade/presentation/scene/level_view.cppm;games/renegade/hosts/game/main.cppm,engine/gameplay/common/scripts/behavior_events.test;engine/gameplay/common/input/input_permission.test;games/renegade/content/campaign/behavior_programs.test;games/renegade/gameplay/humans/motion.test;games/renegade/presentation/player/input.test;games/renegade/scripting/mission.test;games/renegade/session/scene.test;games/renegade/hosts/game/tutorial_runtime_test.py,in_progress,games/renegade/migration/behavior-runtime-validation.json,parity,"All scripts and callbacks separately inventoried; no C++ mission replacement Current increment: saved player startup, shared deferred Lua attachments and persistent input permission; source custom control messages verified with directly injected live events and actual SDL3 movement. Complete callback branches, source lesson sequencing, weapon/action effects and mission saves remain open."
behavior:missions.save,behavior,missions.save,Code/Scripts/scripts.cpp,games/renegade/scripting,,,not_started,,parity,"Versioned Lua state, timer/checkpoint persistence and reload"
behavior:net.authority,behavior,net.authority,Code/wwnet,engine/net/authority,,,in_progress,,parity,"Shared transport, bounded peer inputs, monotonic ticks and snapshots"
behavior:net.input_validation,behavior,net.input_validation,Code/Combat,games/renegade/session,,,not_started,,parity,"Input ownership, sequence, rate, ability and weapon validation"
behavior:net.interest,behavior,net.interest,Code/wwnet,engine/net,,,not_started,,parity,"Spatial interest, priority budgets, delta/baseline and tombstones"
behavior:net.internet,behavior,net.internet,Code/wwnet,engine/net,,,not_started,,parity,"UDP multi-process server, reconnect, timeouts, loss/jitter, admission"
behavior:net.lag_compensation,behavior,net.lag_compensation,Code/Combat,engine/net,,,not_started,,parity,Server history and bounded rewind for hit validation
behavior:net.prediction,behavior,net.prediction,Code/Combat,engine/gameplay/fps/prediction,,,not_started,,parity,Local movement prediction and authoritative reconciliation
behavior:net.scale,behavior,net.scale,Code/wwnet,games/renegade/session,,,not_started,,parity,Measured many-player bandwidth/tick/load budgets; loopback alone is insufficient
behavior:platform.portability,behavior,platform.portability,Code/Commando,engine/platform,,,in_progress,,parity,Windows/Linux/macOS and x64/ARM64 CI; portable simulation is first layer
behavior:practice.ai_3d_routes,behavior,practice.ai_3d_routes,Code/Combat/pathaction.cpp:153,engine/navigation,,,not_started,,3,"Source anchor: PathActionClass::Process. Acceptance: Extend shared topology/waypath/collision mechanism for retail corridors/ramps/tunnels/ladders, keeping authored schemas local; existing shared RTS terrain pathfinder does not prove Renegade 3D route parity; unreachable route terminates correctly."
behavior:practice.ai_action_completion,behavior,practice.ai_action_completion,Code/Combat/action.cpp:3127,engine/gameplay/common/actions,,,not_started,,3,Source anchor: ActionClass::Done. Acceptance: Shared priority/cancel/target-lifetime/action-result mechanism with game-local action bindings/constants; completion/failure fires once after deferred structural changes and feeds Lua callbacks.
behavior:practice.ai_hearing,behavior,practice.ai_hearing,Code/Combat/soldierobserver.cpp:443,games/renegade/gameplay/ai,,,not_started,,3,"Source anchor: SoldierObserverClass::Sound_Heard. Acceptance: Footstep/gunshot/bullet type, range and team stimulus choose source investigation state; generic hearing/spatial mechanism shared, Renegade priorities/durations local; seeded fixture traces."
behavior:practice.ai_sight_damage,behavior,practice.ai_sight_damage,Code/Combat/soldierobserver.cpp:507,games/renegade/gameplay/ai,,,not_started,,3,Source anchor: SoldierObserverClass::Enemy_Seen. Acceptance: Sight obstruction/team/target lifetime and damage stimulus preserve observer priorities; friendly/occluded units not acquired and deleted target cleared; verify source Damaged callback too.
behavior:practice.ai_state_timers,behavior,practice.ai_state_timers,Code/Combat/soldierobserver.cpp:646,games/renegade/gameplay/ai,,,not_started,,3,Source anchor: SoldierObserverClass::Set_State. Acceptance: Priority/duration/state/attack-idle transitions become components and stateless declared-access systems; no mutable object hierarchy or stateful AI system; one/many-worker seeded traces equal.
behavior:practice.authored_friendly_ai,behavior,practice.authored_friendly_ai,Code/Commando/gdskirmish.cpp:372,games/renegade/gameplay/ai,,,not_started,,3,Source anchor: void cGameDataSkirmish::Filter_Soldiers. Acceptance: Friendly AI deletion and friendly spawner disabling are commented out in pinned source: retain authored friendly/opposing AI through load and team changes. No invented RTS-style bot build/economy model.
behavior:practice.base_lifecycle,behavior,practice.base_lifecycle,Code/Commando/gdskirmish.cpp:104,games/renegade/gameplay/match,,,not_started,,3,Source anchor: cGameDataSkirmish::Reset_Game. Acceptance: Initialize GDI/Nod bases on reset; On_Game_Begin gates base ticking and On_Game_End shuts both down; repeated start/reset does not duplicate harvesters/funds/scripts.
behavior:practice.base_victory,behavior,practice.base_victory,Code/Commando/gdskirmish.cpp:254,games/renegade/gameplay/match,,,not_started,,3,Source anchor: cGameDataSkirmish::Is_Game_Over. Acceptance: Source base-end option/Is_Game_Over precedence; reward destroyer 5000 then nudge to other score+1 if still tied/behind; practice records base-destruction win type even on beacon base destruction.
behavior:practice.beacon_victory,behavior,practice.beacon_victory,Code/Combat/basecontroller.cpp:959,games/renegade/gameplay/beacons,,,not_started,,3,Source anchor: BaseControllerClass::Set_Beacon_Destroyed_Base. Acceptance: Arming/disarm/countdown and valid enemy beacon zone/pedestal with option connect to authoritative base destruction; canceled/wrong-zone beacon cannot end match; actual retail effects/audio mandatory.
behavior:practice.building_component_damage,behavior,practice.building_component_damage,Code/Combat/building.cpp:590,games/renegade/gameplay/buildings,,,not_started,,3,"Source anchor: BuildingGameObj::Apply_Damage_Building. Acceptance: Retail static/interior/exterior/MCT parts map to one building; MCT multiplier/skin, damage materials and repair flag preserve source; one hit cannot apply multiple times via aggregate parts."
behavior:practice.building_destroy_effects,behavior,practice.building_destroy_effects,Code/Combat/basecontroller.cpp:253,games/renegade/gameplay/buildings,,,not_started,,3,"Source anchor: BaseControllerClass::On_Building_Destroyed. Acceptance: Barracks/HON loss blocks paid characters, vehicle factory loss blocks production, refinery loss halts income, power plant loss updates power; source EVA/score/destruction effects emitted once."
behavior:practice.damage_rewards,behavior,practice.damage_rewards,Code/Combat/damage.cpp:699,games/renegade/gameplay/scoring,,,not_started,,3,"Source anchor: DefenseObjectClass::Apply_Damage. Acceptance: Existing reservoir slice connects to real weapon hits; damage/kill/repair score/money and team attribution once, respecting friendly fire/death/team change. Retail rifle/repair/building trace mandatory."
behavior:practice.default_map,behavior,practice.default_map,Code/Commando/gamedata.cpp:211,games/renegade/content,,,not_started,,3,"Source anchor: MapName.Format(""C&C_Under.mix""). Acceptance: Fresh practice loads retail C&C_Under.mix; honor configured MapName, diagnose missing dependencies before gameplay. Archive enumeration alone proves neither scene nor practice map parity."
behavior:practice.defaults,behavior,practice.defaults,Code/Commando/gdskirmish.cpp:51,games/renegade/gameplay/match,,,not_started,,3,"Source anchor: cGameDataSkirmish::cGameDataSkirmish. Acceptance: Fresh defaults 25 minutes, 400 credits, one player, team changes true, teammate radar, base/beacon end true; portable svrcfg_skirmish.ini overrides retain source clamps; all mode constants game-local."
behavior:practice.defense_agt,behavior,practice.defense_agt,Code/Scripts/Toolkit.cpp:705,games/renegade/content/scripts,,,not_started,,3,"Source anchor: DECLARE_SCRIPT (M00_Advanced_Guard_Tower,. Acceptance: Lua AGT root/gun/missile scripts retain Created/Destroyed/power/target/timer semantics; inventory callback rows remain intact. Generic target/ray/audio mechanisms shared, Renegade script constants/parameters local."
behavior:practice.defense_obelisk,behavior,practice.defense_obelisk,Code/Scripts/Toolkit.cpp:1240,games/renegade/content/scripts,,,not_started,,3,"Source anchor: DECLARE_SCRIPT(M00_Nod_Obelisk_CNC,. Acceptance: Lua Obelisk root/weapon charge/target/fire/power-loss/destruction events preserve source; test target deletion during charge, repeated power toggles and beam/audio in playable map."
behavior:practice.factory_delivery,behavior,practice.factory_delivery,Code/Combat/vehiclefactorygameobj.cpp:606,games/renegade/gameplay/buildings,,,not_started,,3,"Source anchor: VehicleFactoryGameObj::Request_Vehicle. Acceptance: Shared production clock/exit arbitration generalized only where equivalent; source busy/limit/owner, war-factory doors and airstrip delivery preserved, including blocked exits/destroyed factory/concurrent purchase."
behavior:practice.finish_restart,behavior,practice.finish_restart,Code/Commando/gameinitmgr.cpp:464,games/renegade/presentation,,,not_started,,3,"Source anchor: GameInitMgrClass::Display_End_Game_Menu. Acceptance: Actual finish displays source result/score, closes gameplay and supports restart/return; reset bases/money/scripts once; runtime capture/event trace required, not Is_Game_Over unit assertion."
behavior:practice.fractional_money_score,behavior,practice.fractional_money_score,Code/Combat/playerdata.h:95,games/renegade/gameplay/economy,,,not_started,,3,"Source anchor: float	Get_Money. Acceptance: Original Money/Score are safe_float with float access, while shared PlayerMoney is whole-credit int64. Preserve fractional damage/reward/repair balances and exact displayed truncation; generalize shared wallet numeric mechanism only with compatible cross-game API, or game-local numeric policy over shared transaction events."
behavior:practice.harvester_replacement,behavior,practice.harvester_replacement,Code/Combat/basecontroller.cpp:608,games/renegade/gameplay/harvesting,,,not_started,,3,"Source anchor: BaseControllerClass::Request_Harvester. Acceptance: Factory vs map-spawner replacement, refinery/vehicle lifecycle and gameplay gate preserve source; destroy harvester then create exactly one replacement without duplicate cargo income."
behavior:practice.harvester_route,behavior,practice.harvester_route,Code/Combat/harvester.cpp:103,games/renegade/gameplay/harvesting,,,not_started,,3,"Source anchor: HarvesterClass::Go_Harvest. Acceptance: Source randomized field route, harvest/reverse/dock/unload state and action/animation completion use seeded component state/stateless chunk systems; obstruction/failure produces correct follow-up."
behavior:practice.initial_credits_once,behavior,practice.initial_credits_once,Code/Commando/gdskirmish.cpp:162,games/renegade/gameplay/economy,,,not_started,,3,Source anchor: cGameDataSkirmish::Soldier_Added. Acceptance: Grant configured money only for player data with game time zero; death/respawn/character purchase must not reset balance or mint starting funds again.
behavior:practice.launch_authority,behavior,practice.launch_authority,Code/Commando/gameinitmgr.cpp:723,games/renegade/session,,,not_started,,3,"Source anchor: GameInitMgrClass::Initialize_Skirmish. Acceptance: SDL3 Practice action starts local authoritative ECS world and local presentation, skirmish game type and Renegade nickname; quit/re-enter clears server, entities, scripts and timers. Current menu practice command disabled."
behavior:practice.map_catalog,behavior,practice.map_catalog,Code/Commando/dlgmplanhostoptions.cpp:1538,games/renegade/content,,,not_started,,3,"Source anchor: MPLanHostMapCycleOptionsTabClass::Build_Map_List (void). Acceptance: Enumerate all physical retail C&C_*.mix already inventoried, resolve mod precedence, DEP/LDD/LSD and dependencies; each selectable map requires own rendered/runtime result, including tunnels, collision, lights, zones, waypaths, spawn definitions and scripts."
behavior:practice.power_no_plant_map,behavior,practice.power_no_plant_map,Code/Combat/basecontroller.cpp:474,games/renegade/gameplay/buildings,,,not_started,,3,Source anchor: BaseControllerClass::Check_Base_Power. Acceptance: No plant means powered; multiple plants powered while any survives; all destroyed means offline. Generals energy surplus/deficit semantics cannot replace these Renegade rules.
behavior:practice.power_operation_factor,behavior,practice.power_operation_factor,Code/Combat/basecontroller.cpp:508,games/renegade/gameplay/buildings,,,not_started,,3,Source anchor: BaseControllerClass::Power_Base. Acceptance: Powered factor one/unpowered factor two affects purchases/duration/refinery/defenses; re-enable cannot revive destroyed buildings; source offline announcement once per transition.
behavior:practice.purchase_catalog,behavior,practice.purchase_catalog,Code/Commando/vendor.cpp:401,games/renegade/content,,,not_started,,3,"Source anchor: VendorClass::Get_Merchandise_Information. Acceptance: Resolve GDI/Nod normal/secret character/vehicle/enlisted/beacon definitions, alt skins, prices/icons/translation; bound enum/item/alt indices; source non-ladder secrets policy and every content schema game-local."
behavior:practice.purchase_character,behavior,practice.purchase_character,Code/Commando/vendor.cpp:200,games/renegade/gameplay/economy,,,not_started,,3,Source anchor: VendorClass::Purchase_Character. Acceptance: Funds/preset class/living factory validated; zero-cost enlisted remains available after factory loss; deferred Re_Init/Post_Re_Init preserves player identity/position/score/money and debits once on success.
behavior:practice.purchase_power_prices,behavior,practice.purchase_power_prices,Code/Commando/vendor.cpp:263,games/renegade/gameplay/economy,,,not_started,,3,Source anchor: VendorClass::Purchase_Item. Acceptance: Power loss doubles every source purchase cost except TYPE_BEACON; free items remain free. Display/server quote agree and pending requests validate current power state.
behavior:practice.purchase_powerup,behavior,practice.purchase_powerup,Code/Commando/vendor.cpp:140,games/renegade/gameplay/economy,,,not_started,,3,Source anchor: VendorClass::Purchase_Powerup. Acceptance: Preset class and funds validated before granting powerup; repeated/invalid requests cannot mint beacon inventory or debit without successful grant.
behavior:practice.purchase_terminal,behavior,practice.purchase_terminal,Code/Commando/renegadeplayerterminal.cpp:104,games/renegade/presentation,,,not_started,,3,"Source anchor: RenegadePlayerTerminalClass::Display_Terminal. Acceptance: Playable soldier interacts with correct team terminal; retail category/cart/selection/alternate skins, keyboard/double-click, credits and building status bound via shared MVVM to immutable session view."
behavior:practice.purchase_vehicle,behavior,practice.purchase_vehicle,Code/Commando/vendor.cpp:70,games/renegade/gameplay/economy,,,not_started,,3,"Source anchor: VendorClass::Purchase_Vehicle. Acceptance: No-funds/no-factory/not-stock/busy/limit failures never debit; success reserves factory/debits once, source five-second time times operation factor; ownership survives delivery."
behavior:practice.refinery_trickle,behavior,practice.refinery_trickle,Code/Combat/refinerygameobj.cpp:516,games/renegade/gameplay/harvesting,,,not_started,,3,"Source anchor: RefineryGameObj::Think. Acceptance: Living authoritative refinery when gameplay permitted/not docked distributes int(FundsDistributedPerSec/operationFactor) once per source second to EACH teammate, never population division; destruction/intermission/team changes tested."
behavior:practice.refinery_unload,behavior,practice.refinery_unload,Code/Combat/refinerygameobj.cpp:807,games/renegade/gameplay/harvesting,,,not_started,,3,"Source anchor: RefineryGameObj::On_Harvester_Docked. Acceptance: Dock starts source funds/timer, logical seconds divided by operation factor; bounded integer payouts then remaining balance once at completion to each teammate; undock/restart route; compare timestep conversion/rounding."
behavior:practice.respawn_location,behavior,practice.respawn_location,Code/Combat/spawn.cpp:863,games/renegade/gameplay/spawning,,,not_started,,3,Source anchor: SpawnManager::Get_Multiplayer_Spawn_Location. Acceptance: Death/team-change selects team soldier-startup spawn with source occupancy/distance/collision; deferred replacement preserves player ledger and does not accept client-supplied spawn transform.
behavior:practice.spawn_placement,behavior,practice.spawn_placement,Code/Combat/spawn.cpp:451,games/renegade/gameplay/spawning,,,not_started,,3,Source anchor: SpawnerClass::Determine_Spawn_TM. Acceptance: Authored/alternate transforms and occupancy/collision select valid spawn; malformed content produces bounded diagnostic rather than silently successful origin spawn; document this modernization.
behavior:practice.spawn_scripts,behavior,practice.spawn_scripts,Code/Combat/spawn.cpp:645,games/renegade/scripting,,,not_started,,3,"Source anchor: SpawnerClass::Spawn(. Acceptance: Attach definition/spawner script parameters in source order; Lua Created/Destroyed callbacks and visual spawn effects use existing inventory, with generation-safe deferred ECS changes."
behavior:practice.spawner_count_delay,behavior,practice.spawner_count_delay,Code/Combat/spawn.cpp:579,games/renegade/gameplay/spawning,,,not_started,,3,"Source anchor: SpawnerClass::Check_Auto_Spawn. Acceptance: Enabled state, SpawnMax, delay/variation, child lifetime and initial/post-visual delay preserve source; deferred creation/removal and seeded RNG give equal results at one/many workers."
behavior:practice.spawner_mode_gate,behavior,practice.spawner_mode_gate,Code/Combat/spawn.cpp:1002,games/renegade/gameplay/spawning,,,not_started,,3,"Source anchor: void	SpawnManager::Update. Acceptance: Server checks AUTO_SPAWN_CHECK_DELAY; soldier-startup auto-spawns only when IS_SOLOPLAY, including practice; non-soldier spawners still run in LAN. Compare identical authored definitions in both modes."
behavior:practice.supply_refill,behavior,practice.supply_refill,Code/Commando/vendor.cpp:367,games/renegade/gameplay/economy,,,not_started,,3,Source anchor: VendorClass::Grant_Supplies. Acceptance: Free full health/shield and clip/inventory refill only for CanReceiveGenericCnCAmmo weapons; excluded explosives unchanged; no score/money changes.
behavior:practice.time_winner,behavior,practice.time_winner,Code/Commando/gamedata.cpp:1553,games/renegade/gameplay/match,,,not_started,,3,Source anchor: cGameData::Game_Over_Processing. Acceptance: Time expiry uses team leader and exact tie behavior; winner/MVP/duration/intermission emitted once; forced/time/base types distinct; no invented score-threshold victory absent source.
behavior:runtime.backend_world_proof,behavior,runtime.backend_world_proof,Code/ww3d2/dx8wrapper.cpp:91,engine/graphics,,,not_started,,5,"Source anchor: DX8Wrapper::. Acceptance: Reuse shared RHI/W3D models/animation/material/particles/lighting/spatial audio; retail gameplay GPU images/device audio on supported backends. DX11/DX12 menu/movie receipts do not verify world rendering, SSAO or physics."
behavior:runtime.ecs_practice_lan_composition,behavior,runtime.ecs_practice_lan_composition,Code/Combat/gameobjmanager.cpp:70,games/renegade/session,games/renegade/session/session.cppm;engine/ecs/core/world.cppm;engine/ecs/scheduler/scheduler.cppm;engine/ecs/system/chunk_outputs.cppm;engine/ecs/commands/command_buffer.cppm,engine/ecs/scheduler/access_declarations.test;engine/ecs/commands/command_buffer.test;engine/ecs/system/chunk_outputs.test,in_progress,,5,"Source anchor: GameObjManager::Init. Acceptance: Existing Overwatch archetype ECS SoA hard requirement; stateless declared component/resource access, parallel chunks, deterministic per-chunk outputs and deferred structural commands. Whole match equality across workers/chunk capacities and generation-safe lifetimes required. Session only registers defense currently."
behavior:runtime.lan_independent_processes,behavior,runtime.lan_independent_processes,Code/Commando/cnetwork.cpp:607,games/renegade/hosts,,,not_started,,5,Source anchor: void cNetwork::Init_Server. Acceptance: Mandatory: distinct server/client game-process OS PIDs/endpoints/sockets exchange actual OS-network packets in matches exercising map loading/progression/authoritative motion/hits/purchase/destruction/spawn/disconnect/finish; recommend two clients for additional ownership/broadcast coverage; same-process mock/queues/socket pair never satisfies. Record topology/logs/state comparisons.
behavior:runtime.lan_nonloopback,behavior,runtime.lan_nonloopback,Code/Commando/lanchat.cpp:334,games/renegade/hosts,,,not_started,,5,"Source anchor: cLanChat::Think. Acceptance: Recommended additional validation: two hosts or externally networked runners for non-loopback broadcast/direct/join/interface/firewall/play/disconnect/finish; record endpoints/interfaces/packet captures. Mandatory LAN minimum remains actual matches between independent game processes over OS network transport, with loading, progression and disconnect evidence. Same-host independent game processes may satisfy that minimum; loopback unit tests alone cannot. No user-supplied two-machine hardware requirement."
behavior:runtime.multiplayer_scale,behavior,runtime.multiplayer_scale,Code/wwnet/BWBalance.cpp:149,engine/net,,,not_started,,5,Source anchor: BandwidthBalancerClass::Adjust. Acceptance: Measure player count/entity peak/packet-byte budgets/delta rates/p50-p95-p99 tick/backlog/memory on independent network processes; Limits.players=4096 and loopback tests are not scale evidence.
behavior:runtime.network_impairment,behavior,runtime.network_impairment,Code/wwnet/connect.cpp:1834,engine/net,,,not_started,,5,"Source anchor: cConnection::Service_Read. Acceptance: Actual independent game processes over OS network transport exercise loss/jitter/reorder/duplicate/MTU/slow-loading peer/bandwidth/reconnect/refusal/long-tick match progression; specify settings/duration/counters/queue bounds and reconciliation outcome. Additional cross-host/non-loopback impairment runs recommended, not a mandatory user-supplied hardware constraint."
behavior:runtime.platform_graphical_matrix,behavior,runtime.platform_graphical_matrix,Code/Commando/init.cpp:693,engine/platform,,,not_started,,5,Source anchor: bool Game_Init. Acceptance: Recommended validation matrix for portability claims: native Windows/Linux/macOS x64 and available ARM64 SDL3 startup/events/input/focus/text/audio/retail-world/practice/LAN runs; record OS/arch/toolchain/backend/content hashes. Verify only exercised cells; compile/headless-only does not verify graphical runtime. Unavailable cells remain open without inventing mandatory user-supplied machines; portable architecture remains required.
behavior:runtime.practice_playthrough,behavior,runtime.practice_playthrough,Code/Commando/gameinitmgr.cpp:128,games/renegade/hosts/game,,,not_started,,5,"Source anchor: GameInitMgrClass::Start_Game. Acceptance: Real SDL3 process loads Under, moves/aims/fires/reloads/fights authored AI/dies-respawns/purchases character-vehicle/drives/harvests/damages-repairs buildings and time-base-beacon finish. Hash-bound captures/events/score-money/input replay required."
behavior:runtime.receipt_scope,behavior,runtime.receipt_scope,Code/Commando/gameinitmgr.cpp:961,games/renegade/migration,,,not_started,,5,Source anchor: GameInitMgrClass::Think. Acceptance: Fresh source/binary/content/platform/toolchain hashes and actual per-behavior runtime receipts only; no milestone complete. Menu foundation/archive inventory/one-tick headless/generic transport unit tests cannot verify practice/LAN.
behavior:runtime.repeatable_cleanup,behavior,runtime.repeatable_cleanup,Code/Commando/gameinitmgr.cpp:624,games/renegade/hosts,,,not_started,,5,Source anchor: GameInitMgrClass::End_Client_Server. Acceptance: Repeated practice/LAN start/join/finish/cancel/crash-timeout/map rotation returns to menu with no growing entities/scripts/timers/audio/sockets/handles; generation-safe deferred teardown and counters.
behavior:save.checkpoints,behavior,save.checkpoints,Code/wwsaveload,games/renegade/session,,,not_started,,parity,"Stable component schemas, game resources, migration and retail-save compatibility"
behavior:scope.exclude_gamespy_auth,behavior,scope.exclude_gamespy_auth,Code/Commando/gamespyauthmgr.cpp:54,games/renegade/session,,,not_started,,4,Source anchor: cGameSpyAuthMgr::Think. Acceptance: Exclude only legacy GameSpy CD-key authentication and remote challenge services; preserve UDP/direct/LAN/admission/ban-refusal and local validation. Other GameSpy listing/launcher dependencies tracked separately; no file-family waiver.
behavior:scope.exclude_gamespy_launcher,behavior,scope.exclude_gamespy_launcher,Code/Commando/GameSpy_QnR.cpp:172,games/renegade/session,,,not_started,,4,Source anchor: CGameSpyQnR::LaunchArcade. Acceptance: Exclude original GameSpy Arcade download/external-launch/usage-report service flow; portable local host/join menu and explicit direct endpoint remain required; never import launcher DLLs/Win32 APIs into game modules.
behavior:scope.exclude_gamespy_listing,behavior,scope.exclude_gamespy_listing,Code/Commando/GameSpy_QnR.cpp:259,games/renegade/session,,,not_started,,4,"Source anchor: CGameSpyQnR::Init. Acceptance: Exclude only obsolete master-server heartbeat/listing/query-service dependency and its original service product keys; preserve local server metadata/browser, UDP endpoints and direct/LAN gameplay. Pending explicit exclusion evidence, not not_applicable file family."
behavior:scope.exclude_ladder_upload,behavior,scope.exclude_ladder_upload,Code/Commando/GameResSend.cpp:74,games/renegade/session,,,not_started,,4,Source anchor: void SendGameResults. Acceptance: Exclude only result upload to obsolete central Westwood/GameRes ladder service; retain local scores/winner/MVP/duration/result UI and local stat computations used by gameplay/results. All inventories preserved.
behavior:scope.exclude_wol_auth,behavior,scope.exclude_wol_auth,Code/Commando/WOLLogonMgr.cpp:84,games/renegade/session,,,not_started,,4,"Source anchor: WOLLogonMgr::Logon. Acceptance: Exclude only obsolete original Westwood Online account/login/COM-service dependency; local nickname/password/admission/direct/LAN remain mandatory. Pending explicit exclusion decision, not whole network family waiver."
behavior:scope.exclude_wol_matchmaking,behavior,scope.exclude_wol_matchmaking,Code/Commando/WOLQuickMatch.cpp:188,games/renegade/session,,,not_started,,4,Source anchor: WOLQuickMatch::ConnectClient. Acceptance: Exclude only obsolete central WOL listing/quickmatch/clan matchmaking service; local C&C teams/remix/options/rules/results retained. Public service UI can show unavailable reason; no gameplay exclusion.
behavior:soldier.camera,behavior,soldier.camera,Code/Combat/ccamera.cpp,games/renegade/presentation,,,not_started,,parity,"First/third-person aiming, camera collision, sniping"
behavior:soldier.input,behavior,soldier.input,Code/Combat/soldier.cpp,engine/gameplay/fps/input,,,not_started,,parity,Input intent components and frame-to-tick conversion
behavior:soldier.inventory,behavior,soldier.inventory,Code/Combat/weaponbag.cpp,games/renegade/gameplay/inventory,,,not_started,,parity,"Weapon switching, ammunition, pickups, death drops"
behavior:soldier.movement,behavior,soldier.movement,Code/Combat/soldier.cpp,engine/gameplay/fps/movement,,,not_started,,parity,"Walking, running, crouch, jump, ladders, slopes, landing"
behavior:soldier.state,behavior,soldier.state,Code/Combat/humanstate.cpp,games/renegade/gameplay/soldier,,,not_started,,parity,Human animation/state transitions and restrictions
behavior:vehicles.harvester,behavior,vehicles.harvester,Code/Combat/harvester.cpp,games/renegade/gameplay/harvesting,,,not_started,,parity,"Tiberium routes, gathering, refinery docking, income"
behavior:vehicles.motion,behavior,vehicles.motion,Code/wwphys,engine/gameplay/fps/vehicles,,,not_started,,parity,Wheeled/tracked/flying motion and collision
behavior:vehicles.seats,behavior,vehicles.seats,Code/Combat/vehicle.cpp,engine/gameplay/common/containment,,,not_started,,parity,"Entry/exit, seat ownership, driver/gunner/passenger"
behavior:video.cinematics,behavior,video.cinematics,Code/BinkMovie,engine/video,,,in_progress,,parity,"Shared FFmpeg presentation, movie controls, mission cutscenes"
behavior:video.intro_audio_route,behavior,video.intro_audio_route,Code/BinkMovie/BINKMovie.cpp,games/renegade/presentation/menu,engine/audio/definitions/sound_event.cppm;engine/audio/mixing/mixer.cppm;games/renegade/presentation/menu/movie_audio.cppm;games/renegade/hosts/game/main.cppm,engine/audio/audio.test;games/renegade/presentation/menu/movie_audio.test;games/renegade/hosts/game/menu_runtime_test.py,ported,,1,"BINKMovie.cpp Init and BinkOpen do not apply WWAudio category gain. Game-local route selects shared Media bus, preserving MovieSound default Speech routing for GeneralsZH. Boost covers all 16 gameplay enable combinations at three volumes and output counters after bus/master gain. Real DX11/DX12 hosts start with all gameplay volumes/flags zero and require each full intro to deliver non-silent frames to the device adapter. This does not measure loudspeaker output or establish mission movie voice suppression/restart parity."
behavior:video.intro_skip_policy,behavior,video.intro_skip_policy,Code/Commando/movie.cpp,games/renegade/presentation/menu,games/renegade/presentation/menu/intro.cppm;games/renegade/hosts/game/main.cppm,games/renegade/presentation/menu/main_menu.test;games/renegade/hosts/game/intro_skip_runtime_test.py,ported,,1,Source movie.cpp Init/Think/Startup_Movies/Movie_Done and registry.cpp Get_Bool. Boost checks fresh/seen/skip-all state and nonzero flags; DX11/DX12 SDL3 runtime tests use three independent processes each. Original registry persistence is modernized to shared portable Options.ini; non-Windows graphical validation remains open.
behavior:video.intros,behavior,video.intros,Code/Commando/movie.cpp,games/renegade/presentation/menu,games/renegade/presentation/menu/intro.cppm;games/renegade/hosts/game/main.cppm;engine/graphics/video/VideoRenderer.cppm;engine/video/playback/FFmpegPlayer.cppm,games/renegade/presentation/menu/main_menu.test;games/renegade/content/presentation/intro_assets.test;engine/graphics/video/VideoRenderer.test.cppm;games/renegade/hosts/game/menu_runtime_test.py,in_progress,,1,"Full retail movie decode and non-silent audio Boost fixture; shared graphics video renderer. Both DX11/DX12 runtime cases present 230/230 and 475/475 frames, compare 225 GPU color samples with decoded source and save movie captures. First-view skip/persistence separately tracked; subtitles and resize flows remain open."
behavior:video.menu_missing_corrupt_assets,behavior,video.menu_missing_corrupt_assets,Code/Commando/movie.cpp:153,games/renegade/presentation/menu,games/renegade/presentation/menu/intro.cppm;games/renegade/presentation/menu/movie_gallery.cppm;engine/video/adapters/MemorySource.cppm;games/renegade/hosts/game/main.cppm,games/renegade/presentation/menu/movie_gallery.test;games/renegade/content/presentation/intro_assets.test,in_progress,,1,"Parent video.virtual_source. VFS replaces CD paths/prompts; successful intros/gallery do not prove missing/truncated/undecodable media lifecycle. Shared decoder errors, game continuation/message/skip preference policy. Acceptance: fault-injected open/decode/end with no hung pending state, restoration once, proper skip-permission mutation and usable menu/error UI. No verification claim from this audit. Additional source anchors: Code/Commando/movie.cpp:182;Code/BinkMovie/BINKMovie.cpp:125. Shared/local composition placement: games/renegade/presentation/menu;engine/video."
behavior:video.menu_subtitles,behavior,video.menu_subtitles,Code/Commando/movie.cpp:194,engine/video,engine/video/adapters/MemorySource.cppm;engine/gui/text/renderer.cppm;games/renegade/presentation/menu/movie_gallery.cppm;games/renegade/hosts/game/main.cppm,games/renegade/presentation/menu/movie_gallery.test;games/renegade/hosts/game/gallery_runtime_test.py,not_started,,1,"Parent video.intros. Original supplies data/subtitle.ini/font. Shared timed captions reusable; original subtitle schema/files/font/locale local. Acceptance: independent parser/timing exact start/end/frame fixtures, skip/seek/cancel/absent file and GPU captions when real retail subtitle exists; otherwise record absence and fixture scope. Mission subtitles remain separately tracked. No verification claim from this audit. Additional source anchors: Code/BinkMovie/BINKMovie.cpp:218;Code/BinkMovie/subtitlemanager.cpp:64;Code/BinkMovie/subtitlemanager.cpp:348. Shared/local composition placement: engine/video;engine/gui/text;games/renegade/content."
behavior:video.virtual_source,behavior,video.virtual_source,Code/BinkMovie/BINKMovie.cpp,engine/video/adapters,engine/video/adapters/MemorySource.cppm;engine/video/playback/FFmpegPlayer.cppm;games/renegade/hosts/game/main.cppm,engine/video/adapters/MemorySource.test.cppm;games/renegade/hosts/game/menu_runtime_test.py;games/renegade/hosts/game/gallery_runtime_test.py,in_progress,,1,"Reusable owned-byte Source implements partial/end reads and checked Begin/Current/End seeking without signed overflow; invalid seeks retain position. No game schema or filesystem coupling. Renegade composes shared VFS reads with existing FFmpeg decoder/player for intros and movie gallery, including GPU full-frame coverage and delivered audio checks. Boost covers empty input, partial reads, invalid origins, end points and extreme signed offsets. File/stream adapters and non-Windows graphical validation remain open."
behavior:weapons.ballistics,behavior,weapons.ballistics,Code/Combat/bullet.cpp,engine/gameplay/fps/ballistics,,,in_progress,games/renegade/migration/cinematic-validation.json,parity,Ray queries and projectile integration; data-driven warheads
behavior:weapons.beacons,behavior,weapons.beacons,Code/Combat/beacongameobj.cpp,games/renegade/gameplay/beacons,,,not_started,,parity,"Ion/nuclear deploy, countdown, disarm, pedestal victory"
behavior:weapons.c4,behavior,weapons.c4,Code/Combat/c4.cpp,games/renegade/gameplay/c4,,,not_started,,parity,"Remote/timed/proximity C4, attachment, disarm, limits"
behavior:weapons.explosions,behavior,weapons.explosions,Code/Combat/explosion.cpp,games/renegade/gameplay/weapons,,,not_started,,parity,"Splash, obstruction, falloff, credit and effects"
behavior:weapons.state,behavior,weapons.state,Code/Combat/weapons.cpp,games/renegade/gameplay/weapons,,,in_progress,games/renegade/migration/cinematic-validation.json,parity,"Ready/fire/reload state machines, primary/secondary modes"
