id,kind,feature,legacy_source,placement,target_paths,tests,status,verification,milestone,notes
callback:BMG_Look_Test.Created,callback,BMG_Look_Test.Created,Code/Scripts/Test_BMG.cpp:748,games/renegade/content/scripts,,,not_started,,parity,
callback:BMG_Look_Test.Timer_Expired,callback,BMG_Look_Test.Timer_Expired,Code/Scripts/Test_BMG.cpp:753,games/renegade/content/scripts,,,not_started,,parity,
callback:BMG_Monitor_Events.Created,callback,BMG_Monitor_Events.Created,Code/Scripts/Test_BMG.cpp:291,games/renegade/content/scripts,,,not_started,,parity,
callback:BMG_Monitor_Events.Custom,callback,BMG_Monitor_Events.Custom,Code/Scripts/Test_BMG.cpp:297,games/renegade/content/scripts,,,not_started,,parity,
callback:BMG_Monitor_Events.Enemy_Seen,callback,BMG_Monitor_Events.Enemy_Seen,Code/Scripts/Test_BMG.cpp:316,games/renegade/content/scripts,,,not_started,,parity,
callback:BMG_Set_Home.Created,callback,BMG_Set_Home.Created,Code/Scripts/Test_BMG.cpp:733,games/renegade/content/scripts,,,not_started,,parity,
callback:BMG_Set_Home.Timer_Expired,callback,BMG_Set_Home.Timer_Expired,Code/Scripts/Test_BMG.cpp:738,games/renegade/content/scripts,,,not_started,,parity,
callback:BMG_Shooter.Created,callback,BMG_Shooter.Created,Code/Scripts/Test_BMG.cpp:795,games/renegade/content/scripts,,,not_started,,parity,
callback:BMG_Spray_Shooter.Action_Complete,callback,BMG_Spray_Shooter.Action_Complete,Code/Scripts/Test_BMG.cpp:275,games/renegade/content/scripts,,,not_started,,parity,
callback:BMG_Spray_Shooter.Created,callback,BMG_Spray_Shooter.Created,Code/Scripts/Test_BMG.cpp:249,games/renegade/content/scripts,,,not_started,,parity,
callback:BMG_Spray_Shooter.Timer_Expired,callback,BMG_Spray_Shooter.Timer_Expired,Code/Scripts/Test_BMG.cpp:280,games/renegade/content/scripts,,,not_started,,parity,
callback:BMG_Test_Anim.Created,callback,BMG_Test_Anim.Created,Code/Scripts/Test_BMG.cpp:1144,games/renegade/content/scripts,,,not_started,,parity,
callback:BMG_Test_Anim.Timer_Expired,callback,BMG_Test_Anim.Timer_Expired,Code/Scripts/Test_BMG.cpp:1149,games/renegade/content/scripts,,,not_started,,parity,
callback:BMG_Test_Anim_Speed.Created,callback,BMG_Test_Anim_Speed.Created,Code/Scripts/Test_BMG.cpp:468,games/renegade/content/scripts,,,not_started,,parity,
callback:BMG_Test_Anim_Speed.Timer_Expired,callback,BMG_Test_Anim_Speed.Timer_Expired,Code/Scripts/Test_BMG.cpp:473,games/renegade/content/scripts,,,not_started,,parity,
callback:BMG_Test_Animation.Created,callback,BMG_Test_Animation.Created,Code/Scripts/Test_BMG.cpp:557,games/renegade/content/scripts,,,not_started,,parity,
callback:BMG_Test_Animation.Timer_Expired,callback,BMG_Test_Animation.Timer_Expired,Code/Scripts/Test_BMG.cpp:563,games/renegade/content/scripts,,,not_started,,parity,
callback:BMG_Test_Attach.Created,callback,BMG_Test_Attach.Created,Code/Scripts/Test_BMG.cpp:666,games/renegade/content/scripts,,,not_started,,parity,
callback:BMG_Test_Attach.Timer_Expired,callback,BMG_Test_Attach.Timer_Expired,Code/Scripts/Test_BMG.cpp:671,games/renegade/content/scripts,,,not_started,,parity,
callback:BMG_Test_Attack.Created,callback,BMG_Test_Attack.Created,Code/Scripts/Test_BMG.cpp:577,games/renegade/content/scripts,,,not_started,,parity,
callback:BMG_Test_C130_DropOff_Cinematic.Animation_Complete,callback,BMG_Test_C130_DropOff_Cinematic.Animation_Complete,Code/Scripts/Test_BMG.cpp:1017,games/renegade/content/scripts,,,not_started,,parity,
callback:BMG_Test_C130_DropOff_Cinematic.Created,callback,BMG_Test_C130_DropOff_Cinematic.Created,Code/Scripts/Test_BMG.cpp:1003,games/renegade/content/scripts,,,not_started,,parity,
callback:BMG_Test_C130_DropOff_Cinematic.Killed,callback,BMG_Test_C130_DropOff_Cinematic.Killed,Code/Scripts/Test_BMG.cpp:1023,games/renegade/content/scripts,,,not_started,,parity,
callback:BMG_Test_C130_DropOff_Cinematic.Timer_Expired,callback,BMG_Test_C130_DropOff_Cinematic.Timer_Expired,Code/Scripts/Test_BMG.cpp:1012,games/renegade/content/scripts,,,not_started,,parity,
callback:BMG_Test_Cinematic.Created,callback,BMG_Test_Cinematic.Created,Code/Scripts/Test_BMG.cpp:981,games/renegade/content/scripts,,,not_started,,parity,
callback:BMG_Test_Cinematic.Timer_Expired,callback,BMG_Test_Cinematic.Timer_Expired,Code/Scripts/Test_BMG.cpp:990,games/renegade/content/scripts,,,not_started,,parity,
callback:BMG_Test_Complete.Created,callback,BMG_Test_Complete.Created,Code/Scripts/Test_BMG.cpp:1109,games/renegade/content/scripts,,,not_started,,parity,
callback:BMG_Test_Complete.Timer_Expired,callback,BMG_Test_Complete.Timer_Expired,Code/Scripts/Test_BMG.cpp:1114,games/renegade/content/scripts,,,not_started,,parity,
callback:BMG_Test_Custom.Custom,callback,BMG_Test_Custom.Custom,Code/Scripts/Test_BMG.cpp:698,games/renegade/content/scripts,,,not_started,,parity,
callback:BMG_Test_Damage.Created,callback,BMG_Test_Damage.Created,Code/Scripts/Test_BMG.cpp:591,games/renegade/content/scripts,,,not_started,,parity,
callback:BMG_Test_Damage.Timer_Expired,callback,BMG_Test_Damage.Timer_Expired,Code/Scripts/Test_BMG.cpp:596,games/renegade/content/scripts,,,not_started,,parity,
callback:BMG_Test_Debug.Created,callback,BMG_Test_Debug.Created,Code/Scripts/Test_BMG.cpp:1123,games/renegade/content/scripts,,,not_started,,parity,
callback:BMG_Test_Debug.Timer_Expired,callback,BMG_Test_Debug.Timer_Expired,Code/Scripts/Test_BMG.cpp:1135,games/renegade/content/scripts,,,not_started,,parity,
callback:BMG_Test_Display_Text.Created,callback,BMG_Test_Display_Text.Created,Code/Scripts/Test_BMG.cpp:813,games/renegade/content/scripts,,,not_started,,parity,
callback:BMG_Test_Enter_Vehicle.Action_Complete,callback,BMG_Test_Enter_Vehicle.Action_Complete,Code/Scripts/Test_BMG.cpp:121,games/renegade/content/scripts,,,not_started,,parity,
callback:BMG_Test_Enter_Vehicle.Created,callback,BMG_Test_Enter_Vehicle.Created,Code/Scripts/Test_BMG.cpp:104,games/renegade/content/scripts,,,not_started,,parity,
callback:BMG_Test_Enter_Vehicle.Timer_Expired,callback,BMG_Test_Enter_Vehicle.Timer_Expired,Code/Scripts/Test_BMG.cpp:110,games/renegade/content/scripts,,,not_started,,parity,
callback:BMG_Test_Flash.Created,callback,BMG_Test_Flash.Created,Code/Scripts/Test_BMG.cpp:407,games/renegade/content/scripts,,,not_started,,parity,
callback:BMG_Test_Flash.Timer_Expired,callback,BMG_Test_Flash.Timer_Expired,Code/Scripts/Test_BMG.cpp:412,games/renegade/content/scripts,,,not_started,,parity,
callback:BMG_Test_Follow.Created,callback,BMG_Test_Follow.Created,Code/Scripts/Test_BMG.cpp:1092,games/renegade/content/scripts,,,not_started,,parity,
callback:BMG_Test_Messages.Created,callback,BMG_Test_Messages.Created,Code/Scripts/Test_BMG.cpp:443,games/renegade/content/scripts,,,not_started,,parity,
callback:BMG_Test_Messages.Custom,callback,BMG_Test_Messages.Custom,Code/Scripts/Test_BMG.cpp:458,games/renegade/content/scripts,,,not_started,,parity,
callback:BMG_Test_Messages.Damaged,callback,BMG_Test_Messages.Damaged,Code/Scripts/Test_BMG.cpp:453,games/renegade/content/scripts,,,not_started,,parity,
callback:BMG_Test_Messages.Killed,callback,BMG_Test_Messages.Killed,Code/Scripts/Test_BMG.cpp:448,games/renegade/content/scripts,,,not_started,,parity,
callback:BMG_Test_Misc_Script.Action_Complete,callback,BMG_Test_Misc_Script.Action_Complete,Code/Scripts/Test_BMG.cpp:205,games/renegade/content/scripts,,,not_started,,parity,
callback:BMG_Test_Misc_Script.Created,callback,BMG_Test_Misc_Script.Created,Code/Scripts/Test_BMG.cpp:179,games/renegade/content/scripts,,,not_started,,parity,
callback:BMG_Test_Misc_Script.Damaged,callback,BMG_Test_Misc_Script.Damaged,Code/Scripts/Test_BMG.cpp:223,games/renegade/content/scripts,,,not_started,,parity,
callback:BMG_Test_Misc_Script.Sound_Heard,callback,BMG_Test_Misc_Script.Sound_Heard,Code/Scripts/Test_BMG.cpp:218,games/renegade/content/scripts,,,not_started,,parity,
callback:BMG_Test_Misc_Script.Timer_Expired,callback,BMG_Test_Misc_Script.Timer_Expired,Code/Scripts/Test_BMG.cpp:210,games/renegade/content/scripts,,,not_started,,parity,
callback:BMG_Test_Objective.Created,callback,BMG_Test_Objective.Created,Code/Scripts/Test_BMG.cpp:424,games/renegade/content/scripts,,,not_started,,parity,
callback:BMG_Test_Objective.Timer_Expired,callback,BMG_Test_Objective.Timer_Expired,Code/Scripts/Test_BMG.cpp:432,games/renegade/content/scripts,,,not_started,,parity,
callback:BMG_Test_Objectives.Created,callback,BMG_Test_Objectives.Created,Code/Scripts/Test_BMG.cpp:862,games/renegade/content/scripts,,,not_started,,parity,
callback:BMG_Test_Objectives.Timer_Expired,callback,BMG_Test_Objectives.Timer_Expired,Code/Scripts/Test_BMG.cpp:873,games/renegade/content/scripts,,,not_started,,parity,
callback:BMG_Test_Orca_Attack_Cinematic.Created,callback,BMG_Test_Orca_Attack_Cinematic.Created,Code/Scripts/Test_BMG.cpp:1039,games/renegade/content/scripts,,,not_started,,parity,
callback:BMG_Test_Orca_Attack_Cinematic.Timer_Expired,callback,BMG_Test_Orca_Attack_Cinematic.Timer_Expired,Code/Scripts/Test_BMG.cpp:1049,games/renegade/content/scripts,,,not_started,,parity,
callback:BMG_Test_Pogs.Created,callback,BMG_Test_Pogs.Created,Code/Scripts/Test_BMG.cpp:142,games/renegade/content/scripts,,,not_started,,parity,
callback:BMG_Test_Pogs.Timer_Expired,callback,BMG_Test_Pogs.Timer_Expired,Code/Scripts/Test_BMG.cpp:147,games/renegade/content/scripts,,,not_started,,parity,
callback:BMG_Test_Poked.Poked,callback,BMG_Test_Poked.Poked,Code/Scripts/Test_BMG.cpp:829,games/renegade/content/scripts,,,not_started,,parity,
callback:BMG_Test_Powerup.Custom,callback,BMG_Test_Powerup.Custom,Code/Scripts/Test_BMG.cpp:326,games/renegade/content/scripts,,,not_started,,parity,
callback:BMG_Test_Priority_1.Action_Complete,callback,BMG_Test_Priority_1.Action_Complete,Code/Scripts/Test_BMG.cpp:919,games/renegade/content/scripts,,,not_started,,parity,
callback:BMG_Test_Priority_1.Created,callback,BMG_Test_Priority_1.Created,Code/Scripts/Test_BMG.cpp:895,games/renegade/content/scripts,,,not_started,,parity,
callback:BMG_Test_Priority_1.Custom,callback,BMG_Test_Priority_1.Custom,Code/Scripts/Test_BMG.cpp:924,games/renegade/content/scripts,,,not_started,,parity,
callback:BMG_Test_Priority_1.Timer_Expired,callback,BMG_Test_Priority_1.Timer_Expired,Code/Scripts/Test_BMG.cpp:901,games/renegade/content/scripts,,,not_started,,parity,
callback:BMG_Test_Priority_2.Action_Complete,callback,BMG_Test_Priority_2.Action_Complete,Code/Scripts/Test_BMG.cpp:951,games/renegade/content/scripts,,,not_started,,parity,
callback:BMG_Test_Priority_2.Created,callback,BMG_Test_Priority_2.Created,Code/Scripts/Test_BMG.cpp:932,games/renegade/content/scripts,,,not_started,,parity,
callback:BMG_Test_Priority_2.Custom,callback,BMG_Test_Priority_2.Custom,Code/Scripts/Test_BMG.cpp:956,games/renegade/content/scripts,,,not_started,,parity,
callback:BMG_Test_Priority_2.Timer_Expired,callback,BMG_Test_Priority_2.Timer_Expired,Code/Scripts/Test_BMG.cpp:938,games/renegade/content/scripts,,,not_started,,parity,
callback:BMG_Test_Radar.Created,callback,BMG_Test_Radar.Created,Code/Scripts/Test_BMG.cpp:497,games/renegade/content/scripts,,,not_started,,parity,
callback:BMG_Test_Radar.Timer_Expired,callback,BMG_Test_Radar.Timer_Expired,Code/Scripts/Test_BMG.cpp:514,games/renegade/content/scripts,,,not_started,,parity,
callback:BMG_Test_Running.Action_Complete@Code/Scripts/Test_BMG.cpp:716,callback,BMG_Test_Running.Action_Complete,Code/Scripts/Test_BMG.cpp:716,games/renegade/content/scripts,,,not_started,,parity,
callback:BMG_Test_Running.Action_Complete@Code/Scripts/Test_BMG.cpp:845,callback,BMG_Test_Running.Action_Complete,Code/Scripts/Test_BMG.cpp:845,games/renegade/content/scripts,,,not_started,,parity,
callback:BMG_Test_Running.Created@Code/Scripts/Test_BMG.cpp:710,callback,BMG_Test_Running.Created,Code/Scripts/Test_BMG.cpp:710,games/renegade/content/scripts,,,not_started,,parity,
callback:BMG_Test_Running.Created@Code/Scripts/Test_BMG.cpp:839,callback,BMG_Test_Running.Created,Code/Scripts/Test_BMG.cpp:839,games/renegade/content/scripts,,,not_started,,parity,
callback:BMG_Test_SAPO.Created,callback,BMG_Test_SAPO.Created,Code/Scripts/Test_BMG.cpp:1068,games/renegade/content/scripts,,,not_started,,parity,
callback:BMG_Test_SAPO.Timer_Expired,callback,BMG_Test_SAPO.Timer_Expired,Code/Scripts/Test_BMG.cpp:1074,games/renegade/content/scripts,,,not_started,,parity,
callback:BMG_Test_Save_Load.Created,callback,BMG_Test_Save_Load.Created,Code/Scripts/Test_BMG.cpp:617,games/renegade/content/scripts,,,not_started,,parity,
callback:BMG_Test_Save_Load.Load_Data,callback,BMG_Test_Save_Load.Load_Data,Code/Scripts/Test_BMG.cpp:653,games/renegade/content/scripts,,,not_started,,parity,
callback:BMG_Test_Save_Load.Save_Data,callback,BMG_Test_Save_Load.Save_Data,Code/Scripts/Test_BMG.cpp:645,games/renegade/content/scripts,,,not_started,,parity,
callback:BMG_Test_Save_Load.Timer_Expired,callback,BMG_Test_Save_Load.Timer_Expired,Code/Scripts/Test_BMG.cpp:625,games/renegade/content/scripts,,,not_started,,parity,
callback:BMG_Test_Score.Created,callback,BMG_Test_Score.Created,Code/Scripts/Test_BMG.cpp:388,games/renegade/content/scripts,,,not_started,,parity,
callback:BMG_Test_Score.Timer_Expired,callback,BMG_Test_Score.Timer_Expired,Code/Scripts/Test_BMG.cpp:393,games/renegade/content/scripts,,,not_started,,parity,
callback:BMG_Test_Script.Created,callback,BMG_Test_Script.Created,Code/Scripts/Test_BMG.cpp:40,games/renegade/content/scripts,,,not_started,,parity,
callback:BMG_Test_Script.Sound_Heard,callback,BMG_Test_Script.Sound_Heard,Code/Scripts/Test_BMG.cpp:52,games/renegade/content/scripts,,,not_started,,parity,
callback:BMG_Test_Script.Timer_Expired,callback,BMG_Test_Script.Timer_Expired,Code/Scripts/Test_BMG.cpp:57,games/renegade/content/scripts,,,not_started,,parity,
callback:BMG_Test_Spawn.Created,callback,BMG_Test_Spawn.Created,Code/Scripts/Test_BMG.cpp:683,games/renegade/content/scripts,,,not_started,,parity,
callback:BMG_Test_Spawn.Timer_Expired,callback,BMG_Test_Spawn.Timer_Expired,Code/Scripts/Test_BMG.cpp:688,games/renegade/content/scripts,,,not_started,,parity,
callback:BMG_Test_Walking.Action_Complete,callback,BMG_Test_Walking.Action_Complete,Code/Scripts/Test_BMG.cpp:346,games/renegade/content/scripts,,,not_started,,parity,
callback:BMG_Test_Walking.Created,callback,BMG_Test_Walking.Created,Code/Scripts/Test_BMG.cpp:340,games/renegade/content/scripts,,,not_started,,parity,
callback:BMG_Test_Zone.Entered,callback,BMG_Test_Zone.Entered,Code/Scripts/Test_BMG.cpp:967,games/renegade/content/scripts,,,not_started,,parity,
callback:BMG_Test_Zone.Exited,callback,BMG_Test_Zone.Exited,Code/Scripts/Test_BMG.cpp:972,games/renegade/content/scripts,,,not_started,,parity,
callback:BMG_Timer_Test.Created,callback,BMG_Timer_Test.Created,Code/Scripts/Test_BMG.cpp:778,games/renegade/content/scripts,,,not_started,,parity,
callback:BMG_Timer_Test.Timer_Expired,callback,BMG_Timer_Test.Timer_Expired,Code/Scripts/Test_BMG.cpp:784,games/renegade/content/scripts,,,not_started,,parity,
callback:BMG_Toggle_Control.Created,callback,BMG_Toggle_Control.Created,Code/Scripts/Test_BMG.cpp:84,games/renegade/content/scripts,,,not_started,,parity,
callback:BMG_Toggle_Control.Timer_Expired,callback,BMG_Toggle_Control.Timer_Expired,Code/Scripts/Test_BMG.cpp:90,games/renegade/content/scripts,,,not_started,,parity,
callback:BMG_Vehicle_Awareness.Created,callback,BMG_Vehicle_Awareness.Created,Code/Scripts/Test_BMG.cpp:368,games/renegade/content/scripts,,,not_started,,parity,
callback:BMG_Vehicle_Awareness.Enemy_Seen,callback,BMG_Vehicle_Awareness.Enemy_Seen,Code/Scripts/Test_BMG.cpp:378,games/renegade/content/scripts,,,not_started,,parity,
callback:BMG_Vehicle_Awareness.Sound_Heard,callback,BMG_Vehicle_Awareness.Sound_Heard,Code/Scripts/Test_BMG.cpp:373,games/renegade/content/scripts,,,not_started,,parity,
callback:DAK_Electric_Death_DAK.Created,callback,DAK_Electric_Death_DAK.Created,Code/Scripts/Test_DAK.cpp:147,games/renegade/content/scripts,,,not_started,,parity,
callback:DAK_Electric_Death_DAK.Custom,callback,DAK_Electric_Death_DAK.Custom,Code/Scripts/Test_DAK.cpp:158,games/renegade/content/scripts,,,not_started,,parity,
callback:DAK_Electric_Death_DAK.Damaged,callback,DAK_Electric_Death_DAK.Damaged,Code/Scripts/Test_DAK.cpp:153,games/renegade/content/scripts,,,not_started,,parity,
callback:DAK_Fire_Gas_Elec_Death_DAK.Action_Complete,callback,DAK_Fire_Gas_Elec_Death_DAK.Action_Complete,Code/Scripts/Test_DAK.cpp:112,games/renegade/content/scripts,,,not_started,,parity,
callback:DAK_Fire_Gas_Elec_Death_DAK.Damaged,callback,DAK_Fire_Gas_Elec_Death_DAK.Damaged,Code/Scripts/Test_DAK.cpp:75,games/renegade/content/scripts,,,not_started,,parity,
callback:DAK_MX0_Sec_3_Humvee.Entered,callback,DAK_MX0_Sec_3_Humvee.Entered,Code/Scripts/MissionX0.cpp:1372,games/renegade/content/scripts,,,not_started,,parity,
callback:DAK_PCT_Pokable_DAK.Created,callback,DAK_PCT_Pokable_DAK.Created,Code/Scripts/Test_DAK.cpp:181,games/renegade/content/scripts,,,not_started,,parity,
callback:DAK_PlayerSpotted.Damaged,callback,DAK_PlayerSpotted.Damaged,Code/Scripts/Test_DAK.cpp:51,games/renegade/content/scripts,,,not_started,,parity,
callback:DAK_TestScriptOne.Damaged,callback,DAK_TestScriptOne.Damaged,Code/Scripts/Test_DAK.cpp:37,games/renegade/content/scripts,,,not_started,,parity,
callback:DAK_Vehicle_Regen_DAK.Created,callback,DAK_Vehicle_Regen_DAK.Created,Code/Scripts/Test_DAK.cpp:125,games/renegade/content/scripts,,,not_started,,parity,
callback:DAK_Vehicle_Regen_DAK.Custom,callback,DAK_Vehicle_Regen_DAK.Custom,Code/Scripts/Test_DAK.cpp:130,games/renegade/content/scripts,,,not_started,,parity,
callback:DAY_TestScriptOne.Created,callback,DAY_TestScriptOne.Created,Code/Scripts/Test_DAY.cpp:73,games/renegade/content/scripts,,,not_started,,parity,
callback:DAY_TestScriptOne.Custom,callback,DAY_TestScriptOne.Custom,Code/Scripts/Test_DAY.cpp:86,games/renegade/content/scripts,,,not_started,,parity,
callback:DAY_TestScriptThree.Created,callback,DAY_TestScriptThree.Created,Code/Scripts/Test_DAY.cpp:129,games/renegade/content/scripts,,,not_started,,parity,
callback:DAY_TestScriptTwo.Created,callback,DAY_TestScriptTwo.Created,Code/Scripts/Test_DAY.cpp:120,games/renegade/content/scripts,,,not_started,,parity,
callback:DAY_VTOL_CircleAttack.Created,callback,DAY_VTOL_CircleAttack.Created,Code/Scripts/Test_DAY.cpp:159,games/renegade/content/scripts,,,not_started,,parity,
callback:DAY_VTOL_CircleAttack.Custom,callback,DAY_VTOL_CircleAttack.Custom,Code/Scripts/Test_DAY.cpp:172,games/renegade/content/scripts,,,not_started,,parity,
callback:DAY_VTOL_CircleAttack.Damaged,callback,DAY_VTOL_CircleAttack.Damaged,Code/Scripts/Test_DAY.cpp:163,games/renegade/content/scripts,,,not_started,,parity,
callback:DEL_VehicleEnterTest.Created,callback,DEL_VehicleEnterTest.Created,Code/Scripts/Test_DEL.cpp:47,games/renegade/content/scripts,,,not_started,,parity,
callback:DLS_ActionComplete_Test.Action_Complete,callback,DLS_ActionComplete_Test.Action_Complete,Code/Scripts/Test_DLS.cpp:1394,games/renegade/content/scripts,,,not_started,,parity,
callback:DLS_ActionComplete_Test.Created,callback,DLS_ActionComplete_Test.Created,Code/Scripts/Test_DLS.cpp:1384,games/renegade/content/scripts,,,not_started,,parity,
callback:DLS_Artillery_Test.Created,callback,DLS_Artillery_Test.Created,Code/Scripts/Test_DLS.cpp:1413,games/renegade/content/scripts,,,not_started,,parity,
callback:DLS_Artillery_Test.Timer_Expired,callback,DLS_Artillery_Test.Timer_Expired,Code/Scripts/Test_DLS.cpp:1422,games/renegade/content/scripts,,,not_started,,parity,
callback:DLS_Blink.Created,callback,DLS_Blink.Created,Code/Scripts/Test_DLS.cpp:1663,games/renegade/content/scripts,,,not_started,,parity,
callback:DLS_Blink.Damaged,callback,DLS_Blink.Damaged,Code/Scripts/Test_DLS.cpp:1671,games/renegade/content/scripts,,,not_started,,parity,
callback:DLS_CNC_Sound.Damaged,callback,DLS_CNC_Sound.Damaged,Code/Scripts/Test_DLS.cpp:1249,games/renegade/content/scripts,,,not_started,,parity,
callback:DLS_Camera_Test.Action_Complete,callback,DLS_Camera_Test.Action_Complete,Code/Scripts/Test_DLS.cpp:213,games/renegade/content/scripts,,,not_started,,parity,
callback:DLS_Camera_Test.Created,callback,DLS_Camera_Test.Created,Code/Scripts/Test_DLS.cpp:191,games/renegade/content/scripts,,,not_started,,parity,
callback:DLS_Camera_Test.Enemy_Seen,callback,DLS_Camera_Test.Enemy_Seen,Code/Scripts/Test_DLS.cpp:257,games/renegade/content/scripts,,,not_started,,parity,
callback:DLS_Camera_Test.Timer_Expired,callback,DLS_Camera_Test.Timer_Expired,Code/Scripts/Test_DLS.cpp:242,games/renegade/content/scripts,,,not_started,,parity,
callback:DLS_Cargo_Plane_Test.Damaged,callback,DLS_Cargo_Plane_Test.Damaged,Code/Scripts/Test_DLS.cpp:951,games/renegade/content/scripts,,,not_started,,parity,
callback:DLS_Cinematic_Test.Created,callback,DLS_Cinematic_Test.Created,Code/Scripts/Test_DLS.cpp:1435,games/renegade/content/scripts,,,not_started,,parity,
callback:DLS_Cinematic_Test.Damaged,callback,DLS_Cinematic_Test.Damaged,Code/Scripts/Test_DLS.cpp:1443,games/renegade/content/scripts,,,not_started,,parity,
callback:DLS_Cinematic_Test2.Created,callback,DLS_Cinematic_Test2.Created,Code/Scripts/Test_DLS.cpp:1499,games/renegade/content/scripts,,,not_started,,parity,
callback:DLS_Cinematic_Test2.Damaged,callback,DLS_Cinematic_Test2.Damaged,Code/Scripts/Test_DLS.cpp:1507,games/renegade/content/scripts,,,not_started,,parity,
callback:DLS_Created_Too_Early.Created,callback,DLS_Created_Too_Early.Created,Code/Scripts/Test_DLS.cpp:1645,games/renegade/content/scripts,,,not_started,,parity,
callback:DLS_Created_Too_Early.Damaged,callback,DLS_Created_Too_Early.Damaged,Code/Scripts/Test_DLS.cpp:1653,games/renegade/content/scripts,,,not_started,,parity,
callback:DLS_Drop_Unit.Damaged,callback,DLS_Drop_Unit.Damaged,Code/Scripts/Test_DLS.cpp:1219,games/renegade/content/scripts,,,not_started,,parity,
callback:DLS_Filing_Cabinet.Created,callback,DLS_Filing_Cabinet.Created,Code/Scripts/Test_DLS.cpp:495,games/renegade/content/scripts,,,not_started,,parity,
callback:DLS_Filing_Cabinet.Damaged,callback,DLS_Filing_Cabinet.Damaged,Code/Scripts/Test_DLS.cpp:502,games/renegade/content/scripts,,,not_started,,parity,
callback:DLS_Filing_Cabinet.Killed,callback,DLS_Filing_Cabinet.Killed,Code/Scripts/Test_DLS.cpp:575,games/renegade/content/scripts,,,not_started,,parity,
callback:DLS_Filing_Cabinet.Timer_Expired,callback,DLS_Filing_Cabinet.Timer_Expired,Code/Scripts/Test_DLS.cpp:520,games/renegade/content/scripts,,,not_started,,parity,
callback:DLS_Flame_Tank_Test.Created,callback,DLS_Flame_Tank_Test.Created,Code/Scripts/Test_DLS.cpp:882,games/renegade/content/scripts,,,not_started,,parity,
callback:DLS_Goto_Unit.Created,callback,DLS_Goto_Unit.Created,Code/Scripts/Test_DLS.cpp:1329,games/renegade/content/scripts,,,not_started,,parity,
callback:DLS_Goto_Unit.Timer_Expired,callback,DLS_Goto_Unit.Timer_Expired,Code/Scripts/Test_DLS.cpp:1337,games/renegade/content/scripts,,,not_started,,parity,
callback:DLS_Gun_Test.Action_Complete,callback,DLS_Gun_Test.Action_Complete,Code/Scripts/Test_DLS.cpp:307,games/renegade/content/scripts,,,not_started,,parity,
callback:DLS_Gun_Test.Custom,callback,DLS_Gun_Test.Custom,Code/Scripts/Test_DLS.cpp:317,games/renegade/content/scripts,,,not_started,,parity,
callback:DLS_InnateIsStationary_Test.Created,callback,DLS_InnateIsStationary_Test.Created,Code/Scripts/Test_DLS.cpp:150,games/renegade/content/scripts,,,not_started,,parity,
callback:DLS_InnateIsStationary_Test.Poked,callback,DLS_InnateIsStationary_Test.Poked,Code/Scripts/Test_DLS.cpp:156,games/renegade/content/scripts,,,not_started,,parity,
callback:DLS_Innate_Disable.Created,callback,DLS_Innate_Disable.Created,Code/Scripts/Test_DLS.cpp:1729,games/renegade/content/scripts,,,not_started,,parity,
callback:DLS_Innate_Force_State.Created,callback,DLS_Innate_Force_State.Created,Code/Scripts/Test_DLS.cpp:900,games/renegade/content/scripts,,,not_started,,parity,
callback:DLS_Innate_Force_State.Timer_Expired,callback,DLS_Innate_Force_State.Timer_Expired,Code/Scripts/Test_DLS.cpp:905,games/renegade/content/scripts,,,not_started,,parity,
callback:DLS_Invulnerable_Test.Created,callback,DLS_Invulnerable_Test.Created,Code/Scripts/Test_DLS.cpp:126,games/renegade/content/scripts,,,not_started,,parity,
callback:DLS_Math.Created,callback,DLS_Math.Created,Code/Scripts/Test_DLS.cpp:1681,games/renegade/content/scripts,,,not_started,,parity,
callback:DLS_No_Innate.Created,callback,DLS_No_Innate.Created,Code/Scripts/Test_DLS.cpp:1371,games/renegade/content/scripts,,,not_started,,parity,
callback:DLS_Playertype.Created,callback,DLS_Playertype.Created,Code/Scripts/Test_DLS.cpp:1354,games/renegade/content/scripts,,,not_started,,parity,
callback:DLS_Playertype.Poked,callback,DLS_Playertype.Poked,Code/Scripts/Test_DLS.cpp:1359,games/renegade/content/scripts,,,not_started,,parity,
callback:DLS_Rappelling_Activate.Damaged,callback,DLS_Rappelling_Activate.Damaged,Code/Scripts/Test_DLS.cpp:380,games/renegade/content/scripts,,,not_started,,parity,
callback:DLS_SSM_Test.Created,callback,DLS_SSM_Test.Created,Code/Scripts/Test_DLS.cpp:1478,games/renegade/content/scripts,,,not_started,,parity,
callback:DLS_SSM_Test.Damaged,callback,DLS_SSM_Test.Damaged,Code/Scripts/Test_DLS.cpp:1486,games/renegade/content/scripts,,,not_started,,parity,
callback:DLS_SpawnTest.Created,callback,DLS_SpawnTest.Created,Code/Scripts/Test_DLS.cpp:37,games/renegade/content/scripts,,,not_started,,parity,
callback:DLS_SpawnTest.Entered,callback,DLS_SpawnTest.Entered,Code/Scripts/Test_DLS.cpp:43,games/renegade/content/scripts,,,not_started,,parity,
callback:DLS_Spawn_Engineer.Damaged,callback,DLS_Spawn_Engineer.Damaged,Code/Scripts/Test_DLS.cpp:1262,games/renegade/content/scripts,,,not_started,,parity,
callback:DLS_Spawn_Engineer2.Damaged,callback,DLS_Spawn_Engineer2.Damaged,Code/Scripts/Test_DLS.cpp:1276,games/renegade/content/scripts,,,not_started,,parity,
callback:DLS_Spawner.Created,callback,DLS_Spawner.Created,Code/Scripts/Test_DLS.cpp:63,games/renegade/content/scripts,,,not_started,,parity,
callback:DLS_Star_No_Fall.Created,callback,DLS_Star_No_Fall.Created,Code/Scripts/Test_DLS.cpp:3238,games/renegade/content/scripts,,,not_started,,parity,
callback:DLS_Star_No_Fall.Timer_Expired,callback,DLS_Star_No_Fall.Timer_Expired,Code/Scripts/Test_DLS.cpp:3243,games/renegade/content/scripts,,,not_started,,parity,
callback:DLS_Tank_Path_Test.Created,callback,DLS_Tank_Path_Test.Created,Code/Scripts/Test_DLS.cpp:404,games/renegade/content/scripts,,,not_started,,parity,
callback:DLS_Tank_Path_Test.Damaged,callback,DLS_Tank_Path_Test.Damaged,Code/Scripts/Test_DLS.cpp:412,games/renegade/content/scripts,,,not_started,,parity,
callback:DLS_Tank_Path_Test.Timer_Expired,callback,DLS_Tank_Path_Test.Timer_Expired,Code/Scripts/Test_DLS.cpp:422,games/renegade/content/scripts,,,not_started,,parity,
callback:DLS_Test_Apache.Created,callback,DLS_Test_Apache.Created,Code/Scripts/Test_DLS.cpp:1297,games/renegade/content/scripts,,,not_started,,parity,
callback:DLS_Test_Conversation.Action_Complete,callback,DLS_Test_Conversation.Action_Complete,Code/Scripts/Test_DLS.cpp:1182,games/renegade/content/scripts,,,not_started,,parity,
callback:DLS_Test_Conversation.Created,callback,DLS_Test_Conversation.Created,Code/Scripts/Test_DLS.cpp:1165,games/renegade/content/scripts,,,not_started,,parity,
callback:DLS_Test_Conversation.Poked,callback,DLS_Test_Conversation.Poked,Code/Scripts/Test_DLS.cpp:1170,games/renegade/content/scripts,,,not_started,,parity,
callback:DLS_Test_Evac.Action_Complete,callback,DLS_Test_Evac.Action_Complete,Code/Scripts/Test_DLS.cpp:1715,games/renegade/content/scripts,,,not_started,,parity,
callback:DLS_Test_Evac.Created,callback,DLS_Test_Evac.Created,Code/Scripts/Test_DLS.cpp:1703,games/renegade/content/scripts,,,not_started,,parity,
callback:DLS_Test_Flyovers.Created,callback,DLS_Test_Flyovers.Created,Code/Scripts/Test_DLS.cpp:1583,games/renegade/content/scripts,,,not_started,,parity,
callback:DLS_Test_Flyovers.Timer_Expired,callback,DLS_Test_Flyovers.Timer_Expired,Code/Scripts/Test_DLS.cpp:1591,games/renegade/content/scripts,,,not_started,,parity,
callback:DLS_Test_Hand_Over_Head.Created,callback,DLS_Test_Hand_Over_Head.Created,Code/Scripts/Test_DLS.cpp:1629,games/renegade/content/scripts,,,not_started,,parity,
callback:DLS_Test_Homepoint.Created,callback,DLS_Test_Homepoint.Created,Code/Scripts/Test_DLS.cpp:1287,games/renegade/content/scripts,,,not_started,,parity,
callback:DLS_Test_NULL.Created,callback,DLS_Test_NULL.Created,Code/Scripts/Test_DLS.cpp:346,games/renegade/content/scripts,,,not_started,,parity,
callback:DLS_Test_NULL.Poked,callback,DLS_Test_NULL.Poked,Code/Scripts/Test_DLS.cpp:351,games/renegade/content/scripts,,,not_started,,parity,
callback:DLS_Test_Pickup.Created,callback,DLS_Test_Pickup.Created,Code/Scripts/Test_DLS.cpp:815,games/renegade/content/scripts,,,not_started,,parity,
callback:DLS_Test_Pickup.Custom,callback,DLS_Test_Pickup.Custom,Code/Scripts/Test_DLS.cpp:856,games/renegade/content/scripts,,,not_started,,parity,
callback:DLS_Test_Pickup.Entered,callback,DLS_Test_Pickup.Entered,Code/Scripts/Test_DLS.cpp:848,games/renegade/content/scripts,,,not_started,,parity,
callback:DLS_Test_Pickup.Timer_Expired,callback,DLS_Test_Pickup.Timer_Expired,Code/Scripts/Test_DLS.cpp:822,games/renegade/content/scripts,,,not_started,,parity,
callback:DLS_Test_Tank.Created,callback,DLS_Test_Tank.Created,Code/Scripts/Test_DLS.cpp:1313,games/renegade/content/scripts,,,not_started,,parity,
callback:DLS_Test_Zone_Timer.Created,callback,DLS_Test_Zone_Timer.Created,Code/Scripts/Test_DLS.cpp:1196,games/renegade/content/scripts,,,not_started,,parity,
callback:DLS_Test_Zone_Timer.Timer_Expired,callback,DLS_Test_Zone_Timer.Timer_Expired,Code/Scripts/Test_DLS.cpp:1205,games/renegade/content/scripts,,,not_started,,parity,
callback:DLS_Two_Way.Action_Complete,callback,DLS_Two_Way.Action_Complete,Code/Scripts/Test_DLS.cpp:89,games/renegade/content/scripts,,,not_started,,parity,
callback:DLS_Two_Way.Created,callback,DLS_Two_Way.Created,Code/Scripts/Test_DLS.cpp:80,games/renegade/content/scripts,,,not_started,,parity,
callback:DLS_Vehicle_Follow.Created,callback,DLS_Vehicle_Follow.Created,Code/Scripts/Test_DLS.cpp:455,games/renegade/content/scripts,,,not_started,,parity,
callback:DLS_Vehicle_Follow.Timer_Expired,callback,DLS_Vehicle_Follow.Timer_Expired,Code/Scripts/Test_DLS.cpp:464,games/renegade/content/scripts,,,not_started,,parity,
callback:DLS_Volcano_Active.Created,callback,DLS_Volcano_Active.Created,Code/Scripts/Mission03.cpp:5410,games/renegade/content/scripts,,,not_started,,parity,
callback:DLS_Volcano_Active.Custom,callback,DLS_Volcano_Active.Custom,Code/Scripts/Mission03.cpp:5445,games/renegade/content/scripts,,,not_started,,parity,
callback:DLS_Volcano_Active.Entered,callback,DLS_Volcano_Active.Entered,Code/Scripts/Mission03.cpp:5528,games/renegade/content/scripts,,,not_started,,parity,
callback:DLS_Volcano_Active.Timer_Expired,callback,DLS_Volcano_Active.Timer_Expired,Code/Scripts/Mission03.cpp:5465,games/renegade/content/scripts,,,not_started,,parity,
callback:DLS_Volcano_Stumble.Action_Complete,callback,DLS_Volcano_Stumble.Action_Complete,Code/Scripts/Mission03.cpp:5646,games/renegade/content/scripts,,,not_started,,parity,
callback:DLS_Volcano_Stumble.Created,callback,DLS_Volcano_Stumble.Created,Code/Scripts/Mission03.cpp:5558,games/renegade/content/scripts,,,not_started,,parity,
callback:DLS_Volcano_Stumble.Sound_Heard,callback,DLS_Volcano_Stumble.Sound_Heard,Code/Scripts/Mission03.cpp:5605,games/renegade/content/scripts,,,not_started,,parity,
callback:DLS_Waypath_Test.Action_Complete,callback,DLS_Waypath_Test.Action_Complete,Code/Scripts/Test_DLS.cpp:612,games/renegade/content/scripts,,,not_started,,parity,
callback:DLS_Waypath_Test.Created,callback,DLS_Waypath_Test.Created,Code/Scripts/Test_DLS.cpp:598,games/renegade/content/scripts,,,not_started,,parity,
callback:DLS_Where_Am_I.Created,callback,DLS_Where_Am_I.Created,Code/Scripts/Test_DLS.cpp:1542,games/renegade/content/scripts,,,not_started,,parity,
callback:DLS_Where_Am_I.Timer_Expired,callback,DLS_Where_Am_I.Timer_Expired,Code/Scripts/Test_DLS.cpp:1553,games/renegade/content/scripts,,,not_started,,parity,
callback:DME_Cinematic_Test.Created,callback,DME_Cinematic_Test.Created,Code/Scripts/Test_DME.cpp:1016,games/renegade/content/scripts,,,not_started,,parity,
callback:DME_Cinematic_Test.Damaged,callback,DME_Cinematic_Test.Damaged,Code/Scripts/Test_DME.cpp:1024,games/renegade/content/scripts,,,not_started,,parity,
callback:DME_Cinematic_Zone.Created,callback,DME_Cinematic_Zone.Created,Code/Scripts/Mission10.cpp:2909,games/renegade/content/scripts,,,not_started,,parity,
callback:DME_Cinematic_Zone.Custom,callback,DME_Cinematic_Zone.Custom,Code/Scripts/Mission10.cpp:2967,games/renegade/content/scripts,,,not_started,,parity,
callback:DME_Cinematic_Zone.Entered,callback,DME_Cinematic_Zone.Entered,Code/Scripts/Mission10.cpp:2922,games/renegade/content/scripts,,,not_started,,parity,
callback:DME_Cinematic_Zone.Timer_Expired,callback,DME_Cinematic_Zone.Timer_Expired,Code/Scripts/Mission10.cpp:2942,games/renegade/content/scripts,,,not_started,,parity,
callback:DME_Destroy_Item.Created,callback,DME_Destroy_Item.Created,Code/Scripts/Test_DME.cpp:200,games/renegade/content/scripts,,,not_started,,parity,
callback:DME_Destroy_Item.Timer_Expired,callback,DME_Destroy_Item.Timer_Expired,Code/Scripts/Test_DME.cpp:206,games/renegade/content/scripts,,,not_started,,parity,
callback:DME_Test_Ejected_Soldier.Killed,callback,DME_Test_Ejected_Soldier.Killed,Code/Scripts/Test_DME.cpp:235,games/renegade/content/scripts,,,not_started,,parity,
callback:DME_Test_Paradrop.Created,callback,DME_Test_Paradrop.Created,Code/Scripts/Test_DME.cpp:253,games/renegade/content/scripts,,,not_started,,parity,
callback:DME_Test_Paradrop.Timer_Expired,callback,DME_Test_Paradrop.Timer_Expired,Code/Scripts/Test_DME.cpp:283,games/renegade/content/scripts,,,not_started,,parity,
callback:DME_Test_Powerup.Killed,callback,DME_Test_Powerup.Killed,Code/Scripts/Test_DME.cpp:48,games/renegade/content/scripts,,,not_started,,parity,
callback:DME_Test_Work_Area.Created,callback,DME_Test_Work_Area.Created,Code/Scripts/Test_DME.cpp:675,games/renegade/content/scripts,,,not_started,,parity,
callback:DME_Test_Work_Area.Custom,callback,DME_Test_Work_Area.Custom,Code/Scripts/Test_DME.cpp:680,games/renegade/content/scripts,,,not_started,,parity,
callback:DME_Test_Worker_Wander.Action_Complete,callback,DME_Test_Worker_Wander.Action_Complete,Code/Scripts/Test_DME.cpp:379,games/renegade/content/scripts,,,not_started,,parity,
callback:DME_Test_Worker_Wander.Created,callback,DME_Test_Worker_Wander.Created,Code/Scripts/Test_DME.cpp:403,games/renegade/content/scripts,,,not_started,,parity,
callback:DME_Test_Worker_Wander.Custom,callback,DME_Test_Worker_Wander.Custom,Code/Scripts/Test_DME.cpp:329,games/renegade/content/scripts,,,not_started,,parity,
callback:DME_Test_Worker_Wander.Enemy_Seen,callback,DME_Test_Worker_Wander.Enemy_Seen,Code/Scripts/Test_DME.cpp:515,games/renegade/content/scripts,,,not_started,,parity,
callback:DME_Test_Worker_Wander.Poked,callback,DME_Test_Worker_Wander.Poked,Code/Scripts/Test_DME.cpp:543,games/renegade/content/scripts,,,not_started,,parity,
callback:DME_Test_Worker_Wander.Timer_Expired,callback,DME_Test_Worker_Wander.Timer_Expired,Code/Scripts/Test_DME.cpp:469,games/renegade/content/scripts,,,not_started,,parity,
callback:DME_Waypath_test.Created,callback,DME_Waypath_test.Created,Code/Scripts/Test_DME.cpp:218,games/renegade/content/scripts,,,not_started,,parity,
callback:Dr_Mobius_Script.Created,callback,Dr_Mobius_Script.Created,Code/Scripts/DrMobius.cpp:47,games/renegade/content/scripts,,,not_started,,parity,
callback:Dr_Mobius_Script.Timer_Expired,callback,Dr_Mobius_Script.Timer_Expired,Code/Scripts/DrMobius.cpp:57,games/renegade/content/scripts,,,not_started,,parity,
callback:GTH_Create_Object_On_Enter.Entered,callback,GTH_Create_Object_On_Enter.Entered,Code/Scripts/Test_GTH.cpp:204,games/renegade/content/scripts,,,not_started,,parity,
callback:GTH_Create_Object_On_Enter.Timer_Expired,callback,GTH_Create_Object_On_Enter.Timer_Expired,Code/Scripts/Test_GTH.cpp:252,games/renegade/content/scripts,,,not_started,,parity,
callback:GTH_Create_Objective.Created,callback,GTH_Create_Objective.Created,Code/Scripts/Test_GTH.cpp:478,games/renegade/content/scripts,,,not_started,,parity,
callback:GTH_Create_Objective.Entered,callback,GTH_Create_Objective.Entered,Code/Scripts/Test_GTH.cpp:479,games/renegade/content/scripts,,,not_started,,parity,
callback:GTH_Create_Objective.Killed,callback,GTH_Create_Objective.Killed,Code/Scripts/Test_GTH.cpp:481,games/renegade/content/scripts,,,not_started,,parity,
callback:GTH_Create_Objective.Poked,callback,GTH_Create_Objective.Poked,Code/Scripts/Test_GTH.cpp:480,games/renegade/content/scripts,,,not_started,,parity,
callback:GTH_Credit_Trickle.Created,callback,GTH_Credit_Trickle.Created,Code/Scripts/Test_GTH.cpp:773,games/renegade/content/scripts,,,not_started,,parity,
callback:GTH_Credit_Trickle.Timer_Expired,callback,GTH_Credit_Trickle.Timer_Expired,Code/Scripts/Test_GTH.cpp:779,games/renegade/content/scripts,,,not_started,,parity,
callback:GTH_Drop_Object_On_Death.Killed,callback,GTH_Drop_Object_On_Death.Killed,Code/Scripts/Test_GTH.cpp:45,games/renegade/content/scripts,,,not_started,,parity,
callback:GTH_Drop_Object_On_Death_Zone.Created,callback,GTH_Drop_Object_On_Death_Zone.Created,Code/Scripts/Test_GTH.cpp:88,games/renegade/content/scripts,,,not_started,,parity,
callback:GTH_Drop_Object_On_Death_Zone.Custom,callback,GTH_Drop_Object_On_Death_Zone.Custom,Code/Scripts/Test_GTH.cpp:93,games/renegade/content/scripts,,,not_started,,parity,
callback:GTH_Drop_Object_On_Death_Zone.Killed,callback,GTH_Drop_Object_On_Death_Zone.Killed,Code/Scripts/Test_GTH.cpp:101,games/renegade/content/scripts,,,not_started,,parity,
callback:GTH_Enable_Spawner_On_Enter.Entered,callback,GTH_Enable_Spawner_On_Enter.Entered,Code/Scripts/Test_GTH.cpp:801,games/renegade/content/scripts,,,not_started,,parity,
callback:GTH_Objective_Complete_Enter_Kill_Poke.Created,callback,GTH_Objective_Complete_Enter_Kill_Poke.Created,Code/Scripts/Test_GTH.cpp:536,games/renegade/content/scripts,,,not_started,,parity,
callback:GTH_Objective_Complete_Enter_Kill_Poke.Entered,callback,GTH_Objective_Complete_Enter_Kill_Poke.Entered,Code/Scripts/Test_GTH.cpp:539,games/renegade/content/scripts,,,not_started,,parity,
callback:GTH_Objective_Complete_Enter_Kill_Poke.Killed,callback,GTH_Objective_Complete_Enter_Kill_Poke.Killed,Code/Scripts/Test_GTH.cpp:538,games/renegade/content/scripts,,,not_started,,parity,
callback:GTH_Objective_Complete_Enter_Kill_Poke.Poked,callback,GTH_Objective_Complete_Enter_Kill_Poke.Poked,Code/Scripts/Test_GTH.cpp:537,games/renegade/content/scripts,,,not_started,,parity,
callback:GTH_On_Enter_Mission_Complete.Entered,callback,GTH_On_Enter_Mission_Complete.Entered,Code/Scripts/Test_GTH.cpp:381,games/renegade/content/scripts,,,not_started,,parity,
callback:GTH_On_Killed_Mission_Complete.Killed,callback,GTH_On_Killed_Mission_Complete.Killed,Code/Scripts/Test_GTH.cpp:422,games/renegade/content/scripts,,,not_started,,parity,
callback:GTH_Speed_Controlled_Anim.Created,callback,GTH_Speed_Controlled_Anim.Created,Code/Scripts/Test_GTH.cpp:286,games/renegade/content/scripts,,,not_started,,parity,
callback:GTH_Speed_Controlled_Anim.Timer_Expired,callback,GTH_Speed_Controlled_Anim.Timer_Expired,Code/Scripts/Test_GTH.cpp:301,games/renegade/content/scripts,,,not_started,,parity,
callback:GTH_User_Controllable_Base_Defense.Action_Complete,callback,GTH_User_Controllable_Base_Defense.Action_Complete,Code/Scripts/Test_GTH.cpp:721,games/renegade/content/scripts,,,not_started,,parity,
callback:GTH_User_Controllable_Base_Defense.Created,callback,GTH_User_Controllable_Base_Defense.Created,Code/Scripts/Test_GTH.cpp:600,games/renegade/content/scripts,,,not_started,,parity,
callback:GTH_User_Controllable_Base_Defense.Custom,callback,GTH_User_Controllable_Base_Defense.Custom,Code/Scripts/Test_GTH.cpp:729,games/renegade/content/scripts,,,not_started,,parity,
callback:GTH_User_Controllable_Base_Defense.Enemy_Seen,callback,GTH_User_Controllable_Base_Defense.Enemy_Seen,Code/Scripts/Test_GTH.cpp:702,games/renegade/content/scripts,,,not_started,,parity,
callback:GTH_User_Controllable_Base_Defense.Timer_Expired,callback,GTH_User_Controllable_Base_Defense.Timer_Expired,Code/Scripts/Test_GTH.cpp:646,games/renegade/content/scripts,,,not_started,,parity,
callback:GTH_Zone_Send_Custom.Entered,callback,GTH_Zone_Send_Custom.Entered,Code/Scripts/Test_GTH.cpp:151,games/renegade/content/scripts,,,not_started,,parity,
callback:GTH_Zone_Send_Custom.Exited,callback,GTH_Zone_Send_Custom.Exited,Code/Scripts/Test_GTH.cpp:160,games/renegade/content/scripts,,,not_started,,parity,
callback:Havoc_Script.Killed,callback,Havoc_Script.Killed,Code/Scripts/MissionX0.cpp:464,games/renegade/content/scripts,,,not_started,,parity,
callback:M00_5MetalBarrels_ChainRxn_Controller_JDG.Created,callback,M00_5MetalBarrels_ChainRxn_Controller_JDG.Created,Code/Scripts/Toolkit.cpp:436,games/renegade/content/scripts,,,not_started,,parity,
callback:M00_5MetalBarrels_ChainRxn_Controller_JDG.Custom,callback,M00_5MetalBarrels_ChainRxn_Controller_JDG.Custom,Code/Scripts/Toolkit.cpp:518,games/renegade/content/scripts,,,not_started,,parity,
callback:M00_Action.Action_Complete,callback,M00_Action.Action_Complete,Code/Scripts/Toolkit_Actions.cpp:263,games/renegade/content/scripts,,,not_started,,parity,
callback:M00_Action.Created,callback,M00_Action.Created,Code/Scripts/Toolkit_Actions.cpp:86,games/renegade/content/scripts,,,not_started,,parity,
callback:M00_Action.Custom,callback,M00_Action.Custom,Code/Scripts/Toolkit_Actions.cpp:173,games/renegade/content/scripts,,,not_started,,parity,
callback:M00_Action_Innate_Follow_Player.Created,callback,M00_Action_Innate_Follow_Player.Created,Code/Scripts/Toolkit_Actions.cpp:376,games/renegade/content/scripts,,,not_started,,parity,
callback:M00_Action_Innate_Follow_Player.Timer_Expired,callback,M00_Action_Innate_Follow_Player.Timer_Expired,Code/Scripts/Toolkit_Actions.cpp:381,games/renegade/content/scripts,,,not_started,,parity,
callback:M00_Action_Innate_Follow_Waypath.Action_Complete,callback,M00_Action_Innate_Follow_Waypath.Action_Complete,Code/Scripts/Toolkit_Actions.cpp:348,games/renegade/content/scripts,,,not_started,,parity,
callback:M00_Action_Innate_Follow_Waypath.Created,callback,M00_Action_Innate_Follow_Waypath.Created,Code/Scripts/Toolkit_Actions.cpp:343,games/renegade/content/scripts,,,not_started,,parity,
callback:M00_Action_Innate_Follow_Waypath.Timer_Expired,callback,M00_Action_Innate_Follow_Waypath.Timer_Expired,Code/Scripts/Toolkit_Actions.cpp:353,games/renegade/content/scripts,,,not_started,,parity,
callback:M00_Action_Set_Home_Location.Created,callback,M00_Action_Set_Home_Location.Created,Code/Scripts/Toolkit_Actions.cpp:315,games/renegade/content/scripts,,,not_started,,parity,
callback:M00_Action_Set_Home_Location.Custom,callback,M00_Action_Set_Home_Location.Custom,Code/Scripts/Toolkit_Actions.cpp:323,games/renegade/content/scripts,,,not_started,,parity,
callback:M00_Activate_Weapon_At_Location_On_Frame_RMV.Created,callback,M00_Activate_Weapon_At_Location_On_Frame_RMV.Created,Code/Scripts/Toolkit.cpp:242,games/renegade/content/scripts,,,not_started,,parity,
callback:M00_Activate_Weapon_At_Location_On_Frame_RMV.Timer_Expired,callback,M00_Activate_Weapon_At_Location_On_Frame_RMV.Timer_Expired,Code/Scripts/Toolkit.cpp:253,games/renegade/content/scripts,,,not_started,,parity,
callback:M00_Activate_Weapon_At_Location_On_Timer_RMV.Created,callback,M00_Activate_Weapon_At_Location_On_Timer_RMV.Created,Code/Scripts/Toolkit.cpp:276,games/renegade/content/scripts,,,not_started,,parity,
callback:M00_Activate_Weapon_At_Location_On_Timer_RMV.Timer_Expired,callback,M00_Activate_Weapon_At_Location_On_Timer_RMV.Timer_Expired,Code/Scripts/Toolkit.cpp:287,games/renegade/content/scripts,,,not_started,,parity,
callback:M00_Activate_Weapon_At_Object_On_Frame_RMV.Created,callback,M00_Activate_Weapon_At_Object_On_Frame_RMV.Created,Code/Scripts/Toolkit.cpp:163,games/renegade/content/scripts,,,not_started,,parity,
callback:M00_Activate_Weapon_At_Object_On_Frame_RMV.Timer_Expired,callback,M00_Activate_Weapon_At_Object_On_Frame_RMV.Timer_Expired,Code/Scripts/Toolkit.cpp:177,games/renegade/content/scripts,,,not_started,,parity,
callback:M00_Activate_Weapon_At_Object_On_Timer_RMV.Created,callback,M00_Activate_Weapon_At_Object_On_Timer_RMV.Created,Code/Scripts/Toolkit.cpp:203,games/renegade/content/scripts,,,not_started,,parity,
callback:M00_Activate_Weapon_At_Object_On_Timer_RMV.Timer_Expired,callback,M00_Activate_Weapon_At_Object_On_Timer_RMV.Timer_Expired,Code/Scripts/Toolkit.cpp:217,games/renegade/content/scripts,,,not_started,,parity,
callback:M00_Advanced_Guard_Tower.Created,callback,M00_Advanced_Guard_Tower.Created,Code/Scripts/Toolkit.cpp:725,games/renegade/content/scripts,,,not_started,,parity,
callback:M00_Advanced_Guard_Tower.Custom,callback,M00_Advanced_Guard_Tower.Custom,Code/Scripts/Toolkit.cpp:896,games/renegade/content/scripts,,,not_started,,parity,
callback:M00_Advanced_Guard_Tower.Killed,callback,M00_Advanced_Guard_Tower.Killed,Code/Scripts/Toolkit.cpp:796,games/renegade/content/scripts,,,not_started,,parity,
callback:M00_Advanced_Guard_Tower.Timer_Expired,callback,M00_Advanced_Guard_Tower.Timer_Expired,Code/Scripts/Toolkit.cpp:825,games/renegade/content/scripts,,,not_started,,parity,
callback:M00_Advanced_Guard_Tower_Gun.Created,callback,M00_Advanced_Guard_Tower_Gun.Created,Code/Scripts/Toolkit.cpp:958,games/renegade/content/scripts,,,not_started,,parity,
callback:M00_Advanced_Guard_Tower_Gun.Custom,callback,M00_Advanced_Guard_Tower_Gun.Custom,Code/Scripts/Toolkit.cpp:1001,games/renegade/content/scripts,,,not_started,,parity,
callback:M00_Advanced_Guard_Tower_Gun.Enemy_Seen,callback,M00_Advanced_Guard_Tower_Gun.Enemy_Seen,Code/Scripts/Toolkit.cpp:968,games/renegade/content/scripts,,,not_started,,parity,
callback:M00_Advanced_Guard_Tower_Gun.Timer_Expired,callback,M00_Advanced_Guard_Tower_Gun.Timer_Expired,Code/Scripts/Toolkit.cpp:993,games/renegade/content/scripts,,,not_started,,parity,
callback:M00_Advanced_Guard_Tower_Missile.Created,callback,M00_Advanced_Guard_Tower_Missile.Created,Code/Scripts/Toolkit.cpp:1032,games/renegade/content/scripts,,,not_started,,parity,
callback:M00_Advanced_Guard_Tower_Missile.Custom,callback,M00_Advanced_Guard_Tower_Missile.Custom,Code/Scripts/Toolkit.cpp:1039,games/renegade/content/scripts,,,not_started,,parity,
callback:M00_Advanced_Guard_Tower_Missile.Timer_Expired,callback,M00_Advanced_Guard_Tower_Missile.Timer_Expired,Code/Scripts/Toolkit.cpp:1066,games/renegade/content/scripts,,,not_started,,parity,
callback:M00_Animation_Play_Drop_Object_Attach_Script_RMV.Created,callback,M00_Animation_Play_Drop_Object_Attach_Script_RMV.Created,Code/Scripts/Toolkit_Animations.cpp:218,games/renegade/content/scripts,,,not_started,,parity,
callback:M00_Animation_Play_Drop_Object_Attach_Script_RMV.Custom,callback,M00_Animation_Play_Drop_Object_Attach_Script_RMV.Custom,Code/Scripts/Toolkit_Animations.cpp:237,games/renegade/content/scripts,,,not_started,,parity,
callback:M00_Animation_Play_Drop_Object_RMV.Created,callback,M00_Animation_Play_Drop_Object_RMV.Created,Code/Scripts/Toolkit_Animations.cpp:149,games/renegade/content/scripts,,,not_started,,parity,
callback:M00_Animation_Play_Drop_Object_RMV.Custom,callback,M00_Animation_Play_Drop_Object_RMV.Custom,Code/Scripts/Toolkit_Animations.cpp:167,games/renegade/content/scripts,,,not_started,,parity,
callback:M00_Animation_Play_RMV.Created,callback,M00_Animation_Play_RMV.Created,Code/Scripts/Toolkit_Animations.cpp:92,games/renegade/content/scripts,,,not_started,,parity,
callback:M00_Animation_Play_RMV.Custom,callback,M00_Animation_Play_RMV.Custom,Code/Scripts/Toolkit_Animations.cpp:104,games/renegade/content/scripts,,,not_started,,parity,
callback:M00_ArmorMedal_TextMessage_JDG.Custom,callback,M00_ArmorMedal_TextMessage_JDG.Custom,Code/Scripts/Toolkit.cpp:1733,games/renegade/content/scripts,,,not_started,,parity,
callback:M00_BUILDING_EXPLODE_NO_DAMAGE_DAK.Killed,callback,M00_BUILDING_EXPLODE_NO_DAMAGE_DAK.Killed,Code/Scripts/Test_DAK.cpp:191,games/renegade/content/scripts,,,not_started,,parity,
callback:M00_Base_Defense.Action_Complete,callback,M00_Base_Defense.Action_Complete,Code/Scripts/Toolkit.cpp:2051,games/renegade/content/scripts,,,not_started,,parity,
callback:M00_Base_Defense.Created,callback,M00_Base_Defense.Created,Code/Scripts/Toolkit.cpp:1938,games/renegade/content/scripts,,,not_started,,parity,
callback:M00_Base_Defense.Enemy_Seen,callback,M00_Base_Defense.Enemy_Seen,Code/Scripts/Toolkit.cpp:2034,games/renegade/content/scripts,,,not_started,,parity,
callback:M00_Base_Defense.Exited,callback,M00_Base_Defense.Exited,Code/Scripts/Toolkit.cpp:2059,games/renegade/content/scripts,,,not_started,,parity,
callback:M00_Base_Defense.Timer_Expired,callback,M00_Base_Defense.Timer_Expired,Code/Scripts/Toolkit.cpp:1983,games/renegade/content/scripts,,,not_started,,parity,
callback:M00_Broadcaster_Activator_RAD.Created,callback,M00_Broadcaster_Activator_RAD.Created,Code/Scripts/Toolkit_Broadcaster.cpp:508,games/renegade/content/scripts,,,not_started,,parity,
callback:M00_Broadcaster_Activator_RAD.Custom,callback,M00_Broadcaster_Activator_RAD.Custom,Code/Scripts/Toolkit_Broadcaster.cpp:517,games/renegade/content/scripts,,,not_started,,parity,
callback:M00_Broadcaster_Register_RAD.Created,callback,M00_Broadcaster_Register_RAD.Created,Code/Scripts/Toolkit_Broadcaster.cpp:68,games/renegade/content/scripts,,,not_started,,parity,
callback:M00_Broadcaster_Register_RAD.Custom,callback,M00_Broadcaster_Register_RAD.Custom,Code/Scripts/Toolkit_Broadcaster.cpp:110,games/renegade/content/scripts,,,not_started,,parity,
callback:M00_Broadcaster_Register_RAD.Destroyed,callback,M00_Broadcaster_Register_RAD.Destroyed,Code/Scripts/Toolkit_Broadcaster.cpp:123,games/renegade/content/scripts,,,not_started,,parity,
callback:M00_Broadcaster_Register_RAD.Timer_Expired,callback,M00_Broadcaster_Register_RAD.Timer_Expired,Code/Scripts/Toolkit_Broadcaster.cpp:83,games/renegade/content/scripts,,,not_started,,parity,
callback:M00_Broadcaster_Terminal_RAD.Created,callback,M00_Broadcaster_Terminal_RAD.Created,Code/Scripts/Toolkit_Broadcaster.cpp:176,games/renegade/content/scripts,,,not_started,,parity,
callback:M00_Broadcaster_Terminal_RAD.Custom,callback,M00_Broadcaster_Terminal_RAD.Custom,Code/Scripts/Toolkit_Broadcaster.cpp:198,games/renegade/content/scripts,,,not_started,,parity,
callback:M00_BuildingStateSoundController.Created,callback,M00_BuildingStateSoundController.Created,Code/Scripts/Toolkit_Sounds.cpp:930,games/renegade/content/scripts,,,not_started,,parity,
callback:M00_BuildingStateSoundController.Custom,callback,M00_BuildingStateSoundController.Custom,Code/Scripts/Toolkit_Sounds.cpp:946,games/renegade/content/scripts,,,not_started,,parity,
callback:M00_BuildingStateSoundController.Killed,callback,M00_BuildingStateSoundController.Killed,Code/Scripts/Toolkit_Sounds.cpp:935,games/renegade/content/scripts,,,not_started,,parity,
callback:M00_BuildingStateSoundSpeaker.Created,callback,M00_BuildingStateSoundSpeaker.Created,Code/Scripts/Toolkit_Sounds.cpp:785,games/renegade/content/scripts,,,not_started,,parity,
callback:M00_BuildingStateSoundSpeaker.Custom,callback,M00_BuildingStateSoundSpeaker.Custom,Code/Scripts/Toolkit_Sounds.cpp:857,games/renegade/content/scripts,,,not_started,,parity,
callback:M00_BuildingStateSoundSpeaker.Timer_Expired,callback,M00_BuildingStateSoundSpeaker.Timer_Expired,Code/Scripts/Toolkit_Sounds.cpp:811,games/renegade/content/scripts,,,not_started,,parity,
callback:M00_C130_Dropoff_RMV.Animation_Complete,callback,M00_C130_Dropoff_RMV.Animation_Complete,Code/Scripts/Test_RMV.cpp:87,games/renegade/content/scripts,,,not_started,,parity,
callback:M00_C130_Dropoff_RMV.Created,callback,M00_C130_Dropoff_RMV.Created,Code/Scripts/Test_RMV.cpp:59,games/renegade/content/scripts,,,not_started,,parity,
callback:M00_C130_Dropoff_RMV.Killed,callback,M00_C130_Dropoff_RMV.Killed,Code/Scripts/Test_RMV.cpp:69,games/renegade/content/scripts,,,not_started,,parity,
callback:M00_C130_Dropoff_RMV.Timer_Expired,callback,M00_C130_Dropoff_RMV.Timer_Expired,Code/Scripts/Test_RMV.cpp:74,games/renegade/content/scripts,,,not_started,,parity,
callback:M00_C130_Explosion.Killed,callback,M00_C130_Explosion.Killed,Code/Scripts/Toolkit.cpp:321,games/renegade/content/scripts,,,not_started,,parity,
callback:M00_C130_ParaDrop.Created,callback,M00_C130_ParaDrop.Created,Code/Scripts/Test_DLS.cpp:975,games/renegade/content/scripts,,,not_started,,parity,
callback:M00_C130_ParaDrop.Custom,callback,M00_C130_ParaDrop.Custom,Code/Scripts/Test_DLS.cpp:1130,games/renegade/content/scripts,,,not_started,,parity,
callback:M00_C130_ParaDrop.Timer_Expired,callback,M00_C130_ParaDrop.Timer_Expired,Code/Scripts/Test_DLS.cpp:1011,games/renegade/content/scripts,,,not_started,,parity,
callback:M00_CNC_Crate.Custom,callback,M00_CNC_Crate.Custom,Code/Scripts/Toolkit_Powerup.cpp:404,games/renegade/content/scripts,,,not_started,,parity,
callback:M00_ChainRxn_Barrel_JDG.Created,callback,M00_ChainRxn_Barrel_JDG.Created,Code/Scripts/Toolkit.cpp:618,games/renegade/content/scripts,,,not_started,,parity,
callback:M00_ChainRxn_Barrel_JDG.Custom,callback,M00_ChainRxn_Barrel_JDG.Custom,Code/Scripts/Toolkit.cpp:643,games/renegade/content/scripts,,,not_started,,parity,
callback:M00_ChainRxn_Barrel_JDG.Damaged,callback,M00_ChainRxn_Barrel_JDG.Damaged,Code/Scripts/Toolkit.cpp:624,games/renegade/content/scripts,,,not_started,,parity,
callback:M00_Change_L3Mutant_RadarMarker_JDG.Created,callback,M00_Change_L3Mutant_RadarMarker_JDG.Created,Code/Scripts/Toolkit.cpp:1755,games/renegade/content/scripts,,,not_started,,parity,
callback:M00_Cinematic_Attack_Command_DLS.Created,callback,M00_Cinematic_Attack_Command_DLS.Created,Code/Scripts/Test_Cinematic.cpp:46,games/renegade/content/scripts,,,not_started,,parity,
callback:M00_Cinematic_Attack_Command_DLS.Custom,callback,M00_Cinematic_Attack_Command_DLS.Custom,Code/Scripts/Test_Cinematic.cpp:63,games/renegade/content/scripts,,,not_started,,parity,
callback:M00_Cinematic_Kill_Object_DAY.Created,callback,M00_Cinematic_Kill_Object_DAY.Created,Code/Scripts/Test_DAY.cpp:321,games/renegade/content/scripts,,,not_started,,parity,
callback:M00_Commando_Death_Taunt.Killed,callback,M00_Commando_Death_Taunt.Killed,Code/Scripts/Test_RMV.cpp:95,games/renegade/content/scripts,,,not_started,,parity,
callback:M00_Create_Anim_Effect_DAY.Action_Complete,callback,M00_Create_Anim_Effect_DAY.Action_Complete,Code/Scripts/Toolkit_Objects.cpp:345,games/renegade/content/scripts,,,not_started,,parity,
callback:M00_Create_Anim_Effect_DAY.Created,callback,M00_Create_Anim_Effect_DAY.Created,Code/Scripts/Toolkit_Objects.cpp:337,games/renegade/content/scripts,,,not_started,,parity,
callback:M00_Create_Random_Explosion_DLS.Created,callback,M00_Create_Random_Explosion_DLS.Created,Code/Scripts/Toolkit_Explosions.cpp:154,games/renegade/content/scripts,,,not_started,,parity,
callback:M00_Create_Random_Explosion_DLS.Custom,callback,M00_Create_Random_Explosion_DLS.Custom,Code/Scripts/Toolkit_Explosions.cpp:172,games/renegade/content/scripts,,,not_started,,parity,
callback:M00_Create_Random_Explosion_DLS.Timer_Expired,callback,M00_Create_Random_Explosion_DLS.Timer_Expired,Code/Scripts/Toolkit_Explosions.cpp:188,games/renegade/content/scripts,,,not_started,,parity,
callback:M00_Damage_Modifier_DME.Created,callback,M00_Damage_Modifier_DME.Created,Code/Scripts/Toolkit.cpp:1843,games/renegade/content/scripts,,,not_started,,parity,
callback:M00_Damage_Modifier_DME.Custom,callback,M00_Damage_Modifier_DME.Custom,Code/Scripts/Toolkit.cpp:1854,games/renegade/content/scripts,,,not_started,,parity,
callback:M00_Damage_Modifier_DME.Damaged,callback,M00_Damage_Modifier_DME.Damaged,Code/Scripts/Toolkit.cpp:1869,games/renegade/content/scripts,,,not_started,,parity,
callback:M00_Damaged_Warning.Created,callback,M00_Damaged_Warning.Created,Code/Scripts/Test_RMV.cpp:124,games/renegade/content/scripts,,,not_started,,parity,
callback:M00_Damaged_Warning.Damaged,callback,M00_Damaged_Warning.Damaged,Code/Scripts/Test_RMV.cpp:129,games/renegade/content/scripts,,,not_started,,parity,
callback:M00_Damaged_Warning.Timer_Expired,callback,M00_Damaged_Warning.Timer_Expired,Code/Scripts/Test_RMV.cpp:142,games/renegade/content/scripts,,,not_started,,parity,
callback:M00_Death_Powerup.Custom,callback,M00_Death_Powerup.Custom,Code/Scripts/Toolkit_Powerup.cpp:416,games/renegade/content/scripts,,,not_started,,parity,
callback:M00_Debug_Text_File_RMV.Action_Complete,callback,M00_Debug_Text_File_RMV.Action_Complete,Code/Scripts/Toolkit.cpp:127,games/renegade/content/scripts,,,not_started,,parity,
callback:M00_Debug_Text_File_RMV.Created,callback,M00_Debug_Text_File_RMV.Created,Code/Scripts/Toolkit.cpp:94,games/renegade/content/scripts,,,not_started,,parity,
callback:M00_Debug_Text_File_RMV.Custom,callback,M00_Debug_Text_File_RMV.Custom,Code/Scripts/Toolkit.cpp:104,games/renegade/content/scripts,,,not_started,,parity,
callback:M00_Debug_Text_File_RMV.Damaged,callback,M00_Debug_Text_File_RMV.Damaged,Code/Scripts/Toolkit.cpp:110,games/renegade/content/scripts,,,not_started,,parity,
callback:M00_Debug_Text_File_RMV.Destroyed,callback,M00_Debug_Text_File_RMV.Destroyed,Code/Scripts/Toolkit.cpp:139,games/renegade/content/scripts,,,not_started,,parity,
callback:M00_Debug_Text_File_RMV.Enemy_Seen,callback,M00_Debug_Text_File_RMV.Enemy_Seen,Code/Scripts/Toolkit.cpp:121,games/renegade/content/scripts,,,not_started,,parity,
callback:M00_Debug_Text_File_RMV.Killed,callback,M00_Debug_Text_File_RMV.Killed,Code/Scripts/Toolkit.cpp:133,games/renegade/content/scripts,,,not_started,,parity,
callback:M00_Debug_Text_File_RMV.Sound_Heard,callback,M00_Debug_Text_File_RMV.Sound_Heard,Code/Scripts/Toolkit.cpp:116,games/renegade/content/scripts,,,not_started,,parity,
callback:M00_DestroyedStateObject_DAY.Destroyed,callback,M00_DestroyedStateObject_DAY.Destroyed,Code/Scripts/Test_DAY.cpp:228,games/renegade/content/scripts,,,not_started,,parity,
callback:M00_Destroyed_Turret.Killed,callback,M00_Destroyed_Turret.Killed,Code/Scripts/Test_RMV.cpp:467,games/renegade/content/scripts,,,not_started,,parity,
callback:M00_Disable_Loiter_DAY.Created,callback,M00_Disable_Loiter_DAY.Created,Code/Scripts/Test_DAY.cpp:303,games/renegade/content/scripts,,,not_started,,parity,
callback:M00_Disable_Loiter_DAY.Custom,callback,M00_Disable_Loiter_DAY.Custom,Code/Scripts/Test_DAY.cpp:308,games/renegade/content/scripts,,,not_started,,parity,
callback:M00_Disable_Physical_Collision_JDG.Created,callback,M00_Disable_Physical_Collision_JDG.Created,Code/Scripts/Toolkit.cpp:305,games/renegade/content/scripts,,,not_started,,parity,
callback:M00_Disable_Transition.Created,callback,M00_Disable_Transition.Created,Code/Scripts/Toolkit_Objects.cpp:447,games/renegade/content/scripts,,,not_started,,parity,
callback:M00_Enable_Physical_Collision_JDG.Created,callback,M00_Enable_Physical_Collision_JDG.Created,Code/Scripts/Toolkit.cpp:313,games/renegade/content/scripts,,,not_started,,parity,
callback:M00_Explosion_Create_At_Bone_RMV.Created,callback,M00_Explosion_Create_At_Bone_RMV.Created,Code/Scripts/Toolkit_Explosions.cpp:108,games/renegade/content/scripts,,,not_started,,parity,
callback:M00_Explosion_Create_At_Bone_RMV.Custom,callback,M00_Explosion_Create_At_Bone_RMV.Custom,Code/Scripts/Toolkit_Explosions.cpp:122,games/renegade/content/scripts,,,not_started,,parity,
callback:M00_Explosion_Create_RMV.Created,callback,M00_Explosion_Create_RMV.Created,Code/Scripts/Toolkit_Explosions.cpp:58,games/renegade/content/scripts,,,not_started,,parity,
callback:M00_Explosion_Create_RMV.Custom,callback,M00_Explosion_Create_RMV.Custom,Code/Scripts/Toolkit_Explosions.cpp:78,games/renegade/content/scripts,,,not_started,,parity,
callback:M00_Fire_Gas_Elec_Death_DAK.Action_Complete,callback,M00_Fire_Gas_Elec_Death_DAK.Action_Complete,Code/Scripts/Toolkit_Objects.cpp:528,games/renegade/content/scripts,,,not_started,,parity,
callback:M00_Fire_Gas_Elec_Death_DAK.Created,callback,M00_Fire_Gas_Elec_Death_DAK.Created,Code/Scripts/Toolkit_Objects.cpp:523,games/renegade/content/scripts,,,not_started,,parity,
callback:M00_Fire_Gas_Elec_Death_DAK.Damaged,callback,M00_Fire_Gas_Elec_Death_DAK.Damaged,Code/Scripts/Toolkit_Objects.cpp:468,games/renegade/content/scripts,,,not_started,,parity,
callback:M00_Fire_Gas_Elec_Death_DAK.Killed,callback,M00_Fire_Gas_Elec_Death_DAK.Killed,Code/Scripts/Toolkit_Objects.cpp:503,games/renegade/content/scripts,,,not_started,,parity,
callback:M00_Generic_Conv_DME.Created,callback,M00_Generic_Conv_DME.Created,Code/Scripts/Toolkit.cpp:1815,games/renegade/content/scripts,,,not_started,,parity,
callback:M00_Generic_Wandering_PMP.Created,callback,M00_Generic_Wandering_PMP.Created,Code/Scripts/PRDemo.cpp:571,games/renegade/content/scripts,,,not_started,,parity,
callback:M00_Generic_Wandering_PMP.Timer_Expired,callback,M00_Generic_Wandering_PMP.Timer_Expired,Code/Scripts/PRDemo.cpp:588,games/renegade/content/scripts,,,not_started,,parity,
callback:M00_Global_Objective_Controller_RMV.Created,callback,M00_Global_Objective_Controller_RMV.Created,Code/Scripts/Toolkit_Objectives.cpp:350,games/renegade/content/scripts,,,not_started,,parity,
callback:M00_Global_Objective_Controller_RMV.Custom,callback,M00_Global_Objective_Controller_RMV.Custom,Code/Scripts/Toolkit_Objectives.cpp:357,games/renegade/content/scripts,,,not_started,,parity,
callback:M00_GrantMoney_Powerup.Custom,callback,M00_GrantMoney_Powerup.Custom,Code/Scripts/Toolkit_Powerup.cpp:349,games/renegade/content/scripts,,,not_started,,parity,
callback:M00_GrantPowerup_Created.Created,callback,M00_GrantPowerup_Created.Created,Code/Scripts/Test_DAY.cpp:198,games/renegade/content/scripts,,,not_started,,parity,
callback:M00_GrantScore_Powerup.Custom,callback,M00_GrantScore_Powerup.Custom,Code/Scripts/Toolkit_Powerup.cpp:318,games/renegade/content/scripts,,,not_started,,parity,
callback:M00_HealthMedal_TextMessage_JDG.Custom,callback,M00_HealthMedal_TextMessage_JDG.Custom,Code/Scripts/Toolkit.cpp:1744,games/renegade/content/scripts,,,not_started,,parity,
callback:M00_InnateIsStationary.Created,callback,M00_InnateIsStationary.Created,Code/Scripts/Mission05.cpp:6739,games/renegade/content/scripts,,,not_started,,parity,
callback:M00_Ion_Cannon_Sound.Created,callback,M00_Ion_Cannon_Sound.Created,Code/Scripts/Test_RMV.cpp:604,games/renegade/content/scripts,,,not_started,,parity,
callback:M00_Monitor_Attached_Primary.Created,callback,M00_Monitor_Attached_Primary.Created,Code/Scripts/Toolkit.cpp:344,games/renegade/content/scripts,,,not_started,,parity,
callback:M00_Monitor_Attached_Primary.Custom,callback,M00_Monitor_Attached_Primary.Custom,Code/Scripts/Toolkit.cpp:350,games/renegade/content/scripts,,,not_started,,parity,
callback:M00_Monitor_Attached_Primary.Killed,callback,M00_Monitor_Attached_Primary.Killed,Code/Scripts/Toolkit.cpp:370,games/renegade/content/scripts,,,not_started,,parity,
callback:M00_Monitor_Attached_Primary.Timer_Expired,callback,M00_Monitor_Attached_Primary.Timer_Expired,Code/Scripts/Toolkit.cpp:361,games/renegade/content/scripts,,,not_started,,parity,
callback:M00_MutantHeal_Script_JDG.Created,callback,M00_MutantHeal_Script_JDG.Created,Code/Scripts/Mission11.cpp:5082,games/renegade/content/scripts,,,not_started,,parity,
callback:M00_MutantHeal_Script_JDG.Damaged,callback,M00_MutantHeal_Script_JDG.Damaged,Code/Scripts/Mission11.cpp:5087,games/renegade/content/scripts,,,not_started,,parity,
callback:M00_No_Falling_Damage_DME.Created,callback,M00_No_Falling_Damage_DME.Created,Code/Scripts/Toolkit_Objects.cpp:377,games/renegade/content/scripts,,,not_started,,parity,
callback:M00_No_Falling_Damage_DME.Custom,callback,M00_No_Falling_Damage_DME.Custom,Code/Scripts/Toolkit_Objects.cpp:383,games/renegade/content/scripts,,,not_started,,parity,
callback:M00_No_Falling_Damage_DME.Damaged,callback,M00_No_Falling_Damage_DME.Damaged,Code/Scripts/Toolkit_Objects.cpp:393,games/renegade/content/scripts,,,not_started,,parity,
callback:M00_Nod_Obelisk.Created,callback,M00_Nod_Obelisk.Created,Code/Scripts/Toolkit.cpp:1500,games/renegade/content/scripts,,,not_started,,parity,
callback:M00_Nod_Obelisk.Custom,callback,M00_Nod_Obelisk.Custom,Code/Scripts/Toolkit.cpp:1543,games/renegade/content/scripts,,,not_started,,parity,
callback:M00_Nod_Obelisk.Timer_Expired,callback,M00_Nod_Obelisk.Timer_Expired,Code/Scripts/Toolkit.cpp:1517,games/renegade/content/scripts,,,not_started,,parity,
callback:M00_Nod_Obelisk_CNC.Created,callback,M00_Nod_Obelisk_CNC.Created,Code/Scripts/Toolkit.cpp:1249,games/renegade/content/scripts,,,not_started,,parity,
callback:M00_Nod_Obelisk_CNC.Custom,callback,M00_Nod_Obelisk_CNC.Custom,Code/Scripts/Toolkit.cpp:1300,games/renegade/content/scripts,,,not_started,,parity,
callback:M00_Nod_Obelisk_CNC.Killed,callback,M00_Nod_Obelisk_CNC.Killed,Code/Scripts/Toolkit.cpp:1265,games/renegade/content/scripts,,,not_started,,parity,
callback:M00_Nod_Obelisk_CNC.Timer_Expired,callback,M00_Nod_Obelisk_CNC.Timer_Expired,Code/Scripts/Toolkit.cpp:1274,games/renegade/content/scripts,,,not_started,,parity,
callback:M00_Nod_Turret.Action_Complete,callback,M00_Nod_Turret.Action_Complete,Code/Scripts/Toolkit.cpp:1230,games/renegade/content/scripts,,,not_started,,parity,
callback:M00_Nod_Turret.Created,callback,M00_Nod_Turret.Created,Code/Scripts/Toolkit.cpp:1116,games/renegade/content/scripts,,,not_started,,parity,
callback:M00_Nod_Turret.Enemy_Seen,callback,M00_Nod_Turret.Enemy_Seen,Code/Scripts/Toolkit.cpp:1207,games/renegade/content/scripts,,,not_started,,parity,
callback:M00_Nod_Turret.Killed,callback,M00_Nod_Turret.Killed,Code/Scripts/Toolkit.cpp:1221,games/renegade/content/scripts,,,not_started,,parity,
callback:M00_Nod_Turret.Timer_Expired,callback,M00_Nod_Turret.Timer_Expired,Code/Scripts/Toolkit.cpp:1156,games/renegade/content/scripts,,,not_started,,parity,
callback:M00_NukeStrike_Anim.Created,callback,M00_NukeStrike_Anim.Created,Code/Scripts/Toolkit_Explosions.cpp:210,games/renegade/content/scripts,,,not_started,,parity,
callback:M00_NukeStrike_Anim.Custom,callback,M00_NukeStrike_Anim.Custom,Code/Scripts/Toolkit_Explosions.cpp:226,games/renegade/content/scripts,,,not_started,,parity,
callback:M00_Obelisk_Weapon.Created,callback,M00_Obelisk_Weapon.Created,Code/Scripts/Toolkit.cpp:1572,games/renegade/content/scripts,,,not_started,,parity,
callback:M00_Obelisk_Weapon.Custom,callback,M00_Obelisk_Weapon.Custom,Code/Scripts/Toolkit.cpp:1597,games/renegade/content/scripts,,,not_started,,parity,
callback:M00_Obelisk_Weapon.Enemy_Seen,callback,M00_Obelisk_Weapon.Enemy_Seen,Code/Scripts/Toolkit.cpp:1591,games/renegade/content/scripts,,,not_started,,parity,
callback:M00_Obelisk_Weapon.Timer_Expired,callback,M00_Obelisk_Weapon.Timer_Expired,Code/Scripts/Toolkit.cpp:1654,games/renegade/content/scripts,,,not_started,,parity,
callback:M00_Obelisk_Weapon_CNC.Created,callback,M00_Obelisk_Weapon_CNC.Created,Code/Scripts/Toolkit.cpp:1334,games/renegade/content/scripts,,,not_started,,parity,
callback:M00_Obelisk_Weapon_CNC.Custom,callback,M00_Obelisk_Weapon_CNC.Custom,Code/Scripts/Toolkit.cpp:1364,games/renegade/content/scripts,,,not_started,,parity,
callback:M00_Obelisk_Weapon_CNC.Enemy_Seen,callback,M00_Obelisk_Weapon_CNC.Enemy_Seen,Code/Scripts/Toolkit.cpp:1355,games/renegade/content/scripts,,,not_started,,parity,
callback:M00_Obelisk_Weapon_CNC.Timer_Expired,callback,M00_Obelisk_Weapon_CNC.Timer_Expired,Code/Scripts/Toolkit.cpp:1431,games/renegade/content/scripts,,,not_started,,parity,
callback:M00_Object_Create_Attach_Script_RMV.Created,callback,M00_Object_Create_Attach_Script_RMV.Created,Code/Scripts/Toolkit_Objects.cpp:140,games/renegade/content/scripts,,,not_started,,parity,
callback:M00_Object_Create_Attach_Script_RMV.Custom,callback,M00_Object_Create_Attach_Script_RMV.Custom,Code/Scripts/Toolkit_Objects.cpp:154,games/renegade/content/scripts,,,not_started,,parity,
callback:M00_Object_Create_RMV.Created,callback,M00_Object_Create_RMV.Created,Code/Scripts/Toolkit_Objects.cpp:60,games/renegade/content/scripts,,,not_started,,parity,
callback:M00_Object_Create_RMV.Custom,callback,M00_Object_Create_RMV.Custom,Code/Scripts/Toolkit_Objects.cpp:71,games/renegade/content/scripts,,,not_started,,parity,
callback:M00_Object_Destroy_RMV.Created,callback,M00_Object_Destroy_RMV.Created,Code/Scripts/Toolkit_Objects.cpp:110,games/renegade/content/scripts,,,not_started,,parity,
callback:M00_Object_Destroy_RMV.Custom,callback,M00_Object_Destroy_RMV.Custom,Code/Scripts/Toolkit_Objects.cpp:116,games/renegade/content/scripts,,,not_started,,parity,
callback:M00_Object_Destroy_Self_RMV.Created,callback,M00_Object_Destroy_Self_RMV.Created,Code/Scripts/Toolkit_Objects.cpp:222,games/renegade/content/scripts,,,not_started,,parity,
callback:M00_Object_Destroy_Self_RMV.Custom,callback,M00_Object_Destroy_Self_RMV.Custom,Code/Scripts/Toolkit_Objects.cpp:232,games/renegade/content/scripts,,,not_started,,parity,
callback:M00_Objective_Controller_For_Locations_RMV.Created,callback,M00_Objective_Controller_For_Locations_RMV.Created,Code/Scripts/Toolkit_Objectives.cpp:158,games/renegade/content/scripts,,,not_started,,parity,
callback:M00_Objective_Controller_For_Locations_RMV.Custom,callback,M00_Objective_Controller_For_Locations_RMV.Custom,Code/Scripts/Toolkit_Objectives.cpp:200,games/renegade/content/scripts,,,not_started,,parity,
callback:M00_Objective_Controller_For_Objects_Multiple_Triggers_RMV.Created,callback,M00_Objective_Controller_For_Objects_Multiple_Triggers_RMV.Created,Code/Scripts/Toolkit_Objectives.cpp:272,games/renegade/content/scripts,,,not_started,,parity,
callback:M00_Objective_Controller_For_Objects_Multiple_Triggers_RMV.Custom,callback,M00_Objective_Controller_For_Objects_Multiple_Triggers_RMV.Custom,Code/Scripts/Toolkit_Objectives.cpp:311,games/renegade/content/scripts,,,not_started,,parity,
callback:M00_Objective_Controller_For_Objects_RMV.Created,callback,M00_Objective_Controller_For_Objects_RMV.Created,Code/Scripts/Toolkit_Objectives.cpp:61,games/renegade/content/scripts,,,not_started,,parity,
callback:M00_Objective_Controller_For_Objects_RMV.Custom,callback,M00_Objective_Controller_For_Objects_RMV.Custom,Code/Scripts/Toolkit_Objectives.cpp:103,games/renegade/content/scripts,,,not_started,,parity,
callback:M00_Objective_Radar_Blip_On_Object_RMV.Created,callback,M00_Objective_Radar_Blip_On_Object_RMV.Created,Code/Scripts/Toolkit_Objectives.cpp:234,games/renegade/content/scripts,,,not_started,,parity,
callback:M00_Objective_Radar_Blip_On_Object_RMV.Custom,callback,M00_Objective_Radar_Blip_On_Object_RMV.Custom,Code/Scripts/Toolkit_Objectives.cpp:242,games/renegade/content/scripts,,,not_started,,parity,
callback:M00_PCT_Pokable_DAK.Created,callback,M00_PCT_Pokable_DAK.Created,Code/Scripts/Toolkit_Objects.cpp:571,games/renegade/content/scripts,,,not_started,,parity,
callback:M00_Permanent_No_Falling_Damage_IML.Created,callback,M00_Permanent_No_Falling_Damage_IML.Created,Code/Scripts/Toolkit_Objects.cpp:423,games/renegade/content/scripts,,,not_started,,parity,
callback:M00_Permanent_No_Falling_Damage_IML.Custom,callback,M00_Permanent_No_Falling_Damage_IML.Custom,Code/Scripts/Toolkit_Objects.cpp:428,games/renegade/content/scripts,,,not_started,,parity,
callback:M00_Permanent_No_Falling_Damage_IML.Damaged,callback,M00_Permanent_No_Falling_Damage_IML.Damaged,Code/Scripts/Toolkit_Objects.cpp:436,games/renegade/content/scripts,,,not_started,,parity,
callback:M00_PlayAnimation_DestroyObject_DAY.Animation_Complete,callback,M00_PlayAnimation_DestroyObject_DAY.Animation_Complete,Code/Scripts/Test_DAY.cpp:292,games/renegade/content/scripts,,,not_started,,parity,
callback:M00_PlayAnimation_DestroyObject_DAY.Created,callback,M00_PlayAnimation_DestroyObject_DAY.Created,Code/Scripts/Test_DAY.cpp:286,games/renegade/content/scripts,,,not_started,,parity,
callback:M00_Play_Sound.Created,callback,M00_Play_Sound.Created,Code/Scripts/Test_RMV_Toolkit.cpp:506,games/renegade/content/scripts,,,not_started,,parity,
callback:M00_Play_Sound.Custom,callback,M00_Play_Sound.Custom,Code/Scripts/Test_RMV_Toolkit.cpp:545,games/renegade/content/scripts,,,not_started,,parity,
callback:M00_Play_Sound.Timer_Expired,callback,M00_Play_Sound.Timer_Expired,Code/Scripts/Test_RMV_Toolkit.cpp:519,games/renegade/content/scripts,,,not_started,,parity,
callback:M00_Play_Sound_Object_Bone_DAY.Created,callback,M00_Play_Sound_Object_Bone_DAY.Created,Code/Scripts/Test_DAY.cpp:242,games/renegade/content/scripts,,,not_started,,parity,
callback:M00_Play_Sound_Object_Bone_DAY.Custom,callback,M00_Play_Sound_Object_Bone_DAY.Custom,Code/Scripts/Test_DAY.cpp:269,games/renegade/content/scripts,,,not_started,,parity,
callback:M00_Play_Sound_Object_Bone_DAY.Timer_Expired,callback,M00_Play_Sound_Object_Bone_DAY.Timer_Expired,Code/Scripts/Test_DAY.cpp:255,games/renegade/content/scripts,,,not_started,,parity,
callback:M00_PowerUp_Create_When_Killed_JDG.Killed,callback,M00_PowerUp_Create_When_Killed_JDG.Killed,Code/Scripts/Toolkit_Objects.cpp:275,games/renegade/content/scripts,,,not_started,,parity,
callback:M00_Powerup_Destroy.Created,callback,M00_Powerup_Destroy.Created,Code/Scripts/Toolkit_Powerup.cpp:209,games/renegade/content/scripts,,,not_started,,parity,
callback:M00_Powerup_Destroy.Timer_Expired,callback,M00_Powerup_Destroy.Timer_Expired,Code/Scripts/Toolkit_Powerup.cpp:216,games/renegade/content/scripts,,,not_started,,parity,
callback:M00_Purchase_Terminal_GDI.Poked,callback,M00_Purchase_Terminal_GDI.Poked,Code/Scripts/Toolkit.cpp:1079,games/renegade/content/scripts,,,not_started,,parity,
callback:M00_Purchase_Terminal_Mutant.Poked,callback,M00_Purchase_Terminal_Mutant.Poked,Code/Scripts/Toolkit.cpp:1096,games/renegade/content/scripts,,,not_started,,parity,
callback:M00_Purchase_Terminal_NOD.Poked,callback,M00_Purchase_Terminal_NOD.Poked,Code/Scripts/Toolkit.cpp:1087,games/renegade/content/scripts,,,not_started,,parity,
callback:M00_Put_Script_On_Commando.Created,callback,M00_Put_Script_On_Commando.Created,Code/Scripts/Test_RMV.cpp:152,games/renegade/content/scripts,,,not_started,,parity,
callback:M00_Put_Script_On_Commando.Custom,callback,M00_Put_Script_On_Commando.Custom,Code/Scripts/Test_RMV.cpp:174,games/renegade/content/scripts,,,not_started,,parity,
callback:M00_Put_Script_On_Commando.Timer_Expired,callback,M00_Put_Script_On_Commando.Timer_Expired,Code/Scripts/Test_RMV.cpp:157,games/renegade/content/scripts,,,not_started,,parity,
callback:M00_Reinforcement_C130.Created,callback,M00_Reinforcement_C130.Created,Code/Scripts/Test_DLS.cpp:1148,games/renegade/content/scripts,,,not_started,,parity,
callback:M00_Reinforcement_C130.Killed,callback,M00_Reinforcement_C130.Killed,Code/Scripts/Test_DLS.cpp:1153,games/renegade/content/scripts,,,not_started,,parity,
callback:M00_Reveal_Enc_Building_DAY.Custom,callback,M00_Reveal_Enc_Building_DAY.Custom,Code/Scripts/Toolkit_Powerup.cpp:235,games/renegade/content/scripts,,,not_started,,parity,
callback:M00_Reveal_Enc_Character_DAY.Custom,callback,M00_Reveal_Enc_Character_DAY.Custom,Code/Scripts/Toolkit_Powerup.cpp:253,games/renegade/content/scripts,,,not_started,,parity,
callback:M00_Reveal_Enc_Vehicle_DAY.Custom,callback,M00_Reveal_Enc_Vehicle_DAY.Custom,Code/Scripts/Toolkit_Powerup.cpp:271,games/renegade/content/scripts,,,not_started,,parity,
callback:M00_Reveal_Enc_Weapon_DAY.Custom,callback,M00_Reveal_Enc_Weapon_DAY.Custom,Code/Scripts/Toolkit_Powerup.cpp:290,games/renegade/content/scripts,,,not_started,,parity,
callback:M00_SSM_DLS.Created,callback,M00_SSM_DLS.Created,Code/Scripts/Toolkit.cpp:1774,games/renegade/content/scripts,,,not_started,,parity,
callback:M00_SSM_DLS.Custom,callback,M00_SSM_DLS.Custom,Code/Scripts/Toolkit.cpp:1784,games/renegade/content/scripts,,,not_started,,parity,
callback:M00_SSM_DLS.Killed,callback,M00_SSM_DLS.Killed,Code/Scripts/Toolkit.cpp:1803,games/renegade/content/scripts,,,not_started,,parity,
callback:M00_SSM_DLS.Timer_Expired,callback,M00_SSM_DLS.Timer_Expired,Code/Scripts/Toolkit.cpp:1795,games/renegade/content/scripts,,,not_started,,parity,
callback:M00_Screenshot_Poser_DAY.Action_Complete,callback,M00_Screenshot_Poser_DAY.Action_Complete,Code/Scripts/Test_DAY.cpp:55,games/renegade/content/scripts,,,not_started,,parity,
callback:M00_Screenshot_Poser_DAY.Created,callback,M00_Screenshot_Poser_DAY.Created,Code/Scripts/Test_DAY.cpp:39,games/renegade/content/scripts,,,not_started,,parity,
callback:M00_Select_Empty_Hands.Created,callback,M00_Select_Empty_Hands.Created,Code/Scripts/Toolkit.cpp:1713,games/renegade/content/scripts,,,not_started,,parity,
callback:M00_Select_Empty_Hands.Custom,callback,M00_Select_Empty_Hands.Custom,Code/Scripts/Toolkit.cpp:1722,games/renegade/content/scripts,,,not_started,,parity,
callback:M00_Send_Object_ID.Created,callback,M00_Send_Object_ID.Created,Code/Scripts/Toolkit_Objects.cpp:589,games/renegade/content/scripts,,,not_started,,parity,
callback:M00_Set_Background_Music_DAY.Created,callback,M00_Set_Background_Music_DAY.Created,Code/Scripts/Test_DAY.cpp:331,games/renegade/content/scripts,,,not_started,,parity,
callback:M00_Siege_Actor_RAD.Created,callback,M00_Siege_Actor_RAD.Created,Code/Scripts/Toolkit_Siege.cpp:175,games/renegade/content/scripts,,,not_started,,parity,
callback:M00_Siege_Actor_RAD.Custom,callback,M00_Siege_Actor_RAD.Custom,Code/Scripts/Toolkit_Siege.cpp:204,games/renegade/content/scripts,,,not_started,,parity,
callback:M00_Siege_Actor_RAD.Destroyed,callback,M00_Siege_Actor_RAD.Destroyed,Code/Scripts/Toolkit_Siege.cpp:245,games/renegade/content/scripts,,,not_started,,parity,
callback:M00_Siege_Actor_RAD.Sound_Heard,callback,M00_Siege_Actor_RAD.Sound_Heard,Code/Scripts/Toolkit_Siege.cpp:192,games/renegade/content/scripts,,,not_started,,parity,
callback:M00_Siege_Zone_RAD.Created,callback,M00_Siege_Zone_RAD.Created,Code/Scripts/Toolkit_Siege.cpp:47,games/renegade/content/scripts,,,not_started,,parity,
callback:M00_Siege_Zone_RAD.Custom,callback,M00_Siege_Zone_RAD.Custom,Code/Scripts/Toolkit_Siege.cpp:108,games/renegade/content/scripts,,,not_started,,parity,
callback:M00_Siege_Zone_RAD.Timer_Expired,callback,M00_Siege_Zone_RAD.Timer_Expired,Code/Scripts/Toolkit_Siege.cpp:69,games/renegade/content/scripts,,,not_started,,parity,
callback:M00_Soldier_Powerup_Disable.Created,callback,M00_Soldier_Powerup_Disable.Created,Code/Scripts/Toolkit_Powerup.cpp:190,games/renegade/content/scripts,,,not_started,,parity,
callback:M00_Soldier_Powerup_Disable.Timer_Expired,callback,M00_Soldier_Powerup_Disable.Timer_Expired,Code/Scripts/Toolkit_Powerup.cpp:195,games/renegade/content/scripts,,,not_started,,parity,
callback:M00_Soldier_Powerup_Grant.Created,callback,M00_Soldier_Powerup_Grant.Created,Code/Scripts/Toolkit_Powerup.cpp:82,games/renegade/content/scripts,,,not_started,,parity,
callback:M00_Soldier_Powerup_Grant.Custom,callback,M00_Soldier_Powerup_Grant.Custom,Code/Scripts/Toolkit_Powerup.cpp:177,games/renegade/content/scripts,,,not_started,,parity,
callback:M00_Soldier_Powerup_Grant.Killed,callback,M00_Soldier_Powerup_Grant.Killed,Code/Scripts/Toolkit_Powerup.cpp:101,games/renegade/content/scripts,,,not_started,,parity,
callback:M00_Sound_Play_2D_RAD.Created,callback,M00_Sound_Play_2D_RAD.Created,Code/Scripts/Toolkit_Sounds.cpp:88,games/renegade/content/scripts,,,not_started,,parity,
callback:M00_Sound_Play_2D_RAD.Custom,callback,M00_Sound_Play_2D_RAD.Custom,Code/Scripts/Toolkit_Sounds.cpp:108,games/renegade/content/scripts,,,not_started,,parity,
callback:M00_Sound_Play_2D_RAD.Timer_Expired,callback,M00_Sound_Play_2D_RAD.Timer_Expired,Code/Scripts/Toolkit_Sounds.cpp:137,games/renegade/content/scripts,,,not_started,,parity,
callback:M00_Sound_Play_3D_At_Bone_RMV.Created,callback,M00_Sound_Play_3D_At_Bone_RMV.Created,Code/Scripts/Toolkit_Sounds.cpp:443,games/renegade/content/scripts,,,not_started,,parity,
callback:M00_Sound_Play_3D_At_Bone_RMV.Custom,callback,M00_Sound_Play_3D_At_Bone_RMV.Custom,Code/Scripts/Toolkit_Sounds.cpp:463,games/renegade/content/scripts,,,not_started,,parity,
callback:M00_Sound_Play_3D_At_Bone_RMV.Timer_Expired,callback,M00_Sound_Play_3D_At_Bone_RMV.Timer_Expired,Code/Scripts/Toolkit_Sounds.cpp:497,games/renegade/content/scripts,,,not_started,,parity,
callback:M00_Sound_Play_3D_At_Location_RMV.Created,callback,M00_Sound_Play_3D_At_Location_RMV.Created,Code/Scripts/Toolkit_Sounds.cpp:341,games/renegade/content/scripts,,,not_started,,parity,
callback:M00_Sound_Play_3D_At_Location_RMV.Custom,callback,M00_Sound_Play_3D_At_Location_RMV.Custom,Code/Scripts/Toolkit_Sounds.cpp:362,games/renegade/content/scripts,,,not_started,,parity,
callback:M00_Sound_Play_3D_At_Location_RMV.Timer_Expired,callback,M00_Sound_Play_3D_At_Location_RMV.Timer_Expired,Code/Scripts/Toolkit_Sounds.cpp:390,games/renegade/content/scripts,,,not_started,,parity,
callback:M00_Sound_Play_3D_On_Object_RAD.Created,callback,M00_Sound_Play_3D_On_Object_RAD.Created,Code/Scripts/Toolkit_Sounds.cpp:195,games/renegade/content/scripts,,,not_started,,parity,
callback:M00_Sound_Play_3D_On_Object_RAD.Custom,callback,M00_Sound_Play_3D_On_Object_RAD.Custom,Code/Scripts/Toolkit_Sounds.cpp:215,games/renegade/content/scripts,,,not_started,,parity,
callback:M00_Sound_Play_3D_On_Object_RAD.Timer_Expired,callback,M00_Sound_Play_3D_On_Object_RAD.Timer_Expired,Code/Scripts/Toolkit_Sounds.cpp:260,games/renegade/content/scripts,,,not_started,,parity,
callback:M00_Spawner_Controller_RMV.Created,callback,M00_Spawner_Controller_RMV.Created,Code/Scripts/Toolkit_Spawners.cpp:45,games/renegade/content/scripts,,,not_started,,parity,
callback:M00_Spawner_Controller_RMV.Custom,callback,M00_Spawner_Controller_RMV.Custom,Code/Scripts/Toolkit_Spawners.cpp:54,games/renegade/content/scripts,,,not_started,,parity,
callback:M00_Test_Sound_RAD.Created,callback,M00_Test_Sound_RAD.Created,Code/Scripts/Test_RAD.cpp:3213,games/renegade/content/scripts,,,not_started,,parity,
callback:M00_Tiberium_Refinery.Created,callback,M00_Tiberium_Refinery.Created,Code/Scripts/Toolkit_Powerup.cpp:382,games/renegade/content/scripts,,,not_started,,parity,
callback:M00_Tiberium_Refinery.Timer_Expired,callback,M00_Tiberium_Refinery.Timer_Expired,Code/Scripts/Toolkit_Powerup.cpp:387,games/renegade/content/scripts,,,not_started,,parity,
callback:M00_Trigger_State_Sequence_RAD.Created,callback,M00_Trigger_State_Sequence_RAD.Created,Code/Scripts/Toolkit_Triggers.cpp:1327,games/renegade/content/scripts,,,not_started,,parity,
callback:M00_Trigger_State_Sequence_RAD.Custom,callback,M00_Trigger_State_Sequence_RAD.Custom,Code/Scripts/Toolkit_Triggers.cpp:1338,games/renegade/content/scripts,,,not_started,,parity,
callback:M00_Trigger_Timer_Expired_RAD.Created,callback,M00_Trigger_Timer_Expired_RAD.Created,Code/Scripts/Toolkit_Triggers.cpp:1193,games/renegade/content/scripts,,,not_started,,parity,
callback:M00_Trigger_Timer_Expired_RAD.Custom,callback,M00_Trigger_Timer_Expired_RAD.Custom,Code/Scripts/Toolkit_Triggers.cpp:1291,games/renegade/content/scripts,,,not_started,,parity,
callback:M00_Trigger_Timer_Expired_RAD.Timer_Expired,callback,M00_Trigger_Timer_Expired_RAD.Timer_Expired,Code/Scripts/Toolkit_Triggers.cpp:1240,games/renegade/content/scripts,,,not_started,,parity,
callback:M00_Trigger_When_Action_Complete_RMV.Action_Complete,callback,M00_Trigger_When_Action_Complete_RMV.Action_Complete,Code/Scripts/Toolkit_Triggers.cpp:1030,games/renegade/content/scripts,,,not_started,,parity,
callback:M00_Trigger_When_Action_Complete_RMV.Created,callback,M00_Trigger_When_Action_Complete_RMV.Created,Code/Scripts/Toolkit_Triggers.cpp:1013,games/renegade/content/scripts,,,not_started,,parity,
callback:M00_Trigger_When_Action_Complete_RMV.Custom,callback,M00_Trigger_When_Action_Complete_RMV.Custom,Code/Scripts/Toolkit_Triggers.cpp:1071,games/renegade/content/scripts,,,not_started,,parity,
callback:M00_Trigger_When_Animation_Complete_RMV.Animation_Complete,callback,M00_Trigger_When_Animation_Complete_RMV.Animation_Complete,Code/Scripts/Toolkit_Triggers.cpp:1125,games/renegade/content/scripts,,,not_started,,parity,
callback:M00_Trigger_When_Animation_Complete_RMV.Created,callback,M00_Trigger_When_Animation_Complete_RMV.Created,Code/Scripts/Toolkit_Triggers.cpp:1108,games/renegade/content/scripts,,,not_started,,parity,
callback:M00_Trigger_When_Animation_Complete_RMV.Custom,callback,M00_Trigger_When_Animation_Complete_RMV.Custom,Code/Scripts/Toolkit_Triggers.cpp:1167,games/renegade/content/scripts,,,not_started,,parity,
callback:M00_Trigger_When_Created_RMV.Created,callback,M00_Trigger_When_Created_RMV.Created,Code/Scripts/Toolkit_Triggers.cpp:270,games/renegade/content/scripts,,,not_started,,parity,
callback:M00_Trigger_When_Damaged_RMV.Created,callback,M00_Trigger_When_Damaged_RMV.Created,Code/Scripts/Toolkit_Triggers.cpp:919,games/renegade/content/scripts,,,not_started,,parity,
callback:M00_Trigger_When_Damaged_RMV.Custom,callback,M00_Trigger_When_Damaged_RMV.Custom,Code/Scripts/Toolkit_Triggers.cpp:976,games/renegade/content/scripts,,,not_started,,parity,
callback:M00_Trigger_When_Damaged_RMV.Damaged,callback,M00_Trigger_When_Damaged_RMV.Damaged,Code/Scripts/Toolkit_Triggers.cpp:938,games/renegade/content/scripts,,,not_started,,parity,
callback:M00_Trigger_When_Destroyed_RMV.Created,callback,M00_Trigger_When_Destroyed_RMV.Created,Code/Scripts/Toolkit_Triggers.cpp:191,games/renegade/content/scripts,,,not_started,,parity,
callback:M00_Trigger_When_Destroyed_RMV.Custom,callback,M00_Trigger_When_Destroyed_RMV.Custom,Code/Scripts/Toolkit_Triggers.cpp:234,games/renegade/content/scripts,,,not_started,,parity,
callback:M00_Trigger_When_Destroyed_RMV.Destroyed,callback,M00_Trigger_When_Destroyed_RMV.Destroyed,Code/Scripts/Toolkit_Triggers.cpp:206,games/renegade/content/scripts,,,not_started,,parity,
callback:M00_Trigger_When_Enemy_Seen_RMV.Created,callback,M00_Trigger_When_Enemy_Seen_RMV.Created,Code/Scripts/Toolkit_Triggers.cpp:828,games/renegade/content/scripts,,,not_started,,parity,
callback:M00_Trigger_When_Enemy_Seen_RMV.Custom,callback,M00_Trigger_When_Enemy_Seen_RMV.Custom,Code/Scripts/Toolkit_Triggers.cpp:883,games/renegade/content/scripts,,,not_started,,parity,
callback:M00_Trigger_When_Enemy_Seen_RMV.Enemy_Seen,callback,M00_Trigger_When_Enemy_Seen_RMV.Enemy_Seen,Code/Scripts/Toolkit_Triggers.cpp:844,games/renegade/content/scripts,,,not_started,,parity,
callback:M00_Trigger_When_Killed_RMV.Created,callback,M00_Trigger_When_Killed_RMV.Created,Code/Scripts/Toolkit_Triggers.cpp:110,games/renegade/content/scripts,,,not_started,,parity,
callback:M00_Trigger_When_Killed_RMV.Custom,callback,M00_Trigger_When_Killed_RMV.Custom,Code/Scripts/Toolkit_Triggers.cpp:153,games/renegade/content/scripts,,,not_started,,parity,
callback:M00_Trigger_When_Killed_RMV.Killed,callback,M00_Trigger_When_Killed_RMV.Killed,Code/Scripts/Toolkit_Triggers.cpp:125,games/renegade/content/scripts,,,not_started,,parity,
callback:M00_Trigger_Zone_Entered_Or_Exited_RMV.Created,callback,M00_Trigger_Zone_Entered_Or_Exited_RMV.Created,Code/Scripts/Toolkit_Triggers.cpp:628,games/renegade/content/scripts,,,not_started,,parity,
callback:M00_Trigger_Zone_Entered_Or_Exited_RMV.Custom,callback,M00_Trigger_Zone_Entered_Or_Exited_RMV.Custom,Code/Scripts/Toolkit_Triggers.cpp:792,games/renegade/content/scripts,,,not_started,,parity,
callback:M00_Trigger_Zone_Entered_Or_Exited_RMV.Entered,callback,M00_Trigger_Zone_Entered_Or_Exited_RMV.Entered,Code/Scripts/Toolkit_Triggers.cpp:718,games/renegade/content/scripts,,,not_started,,parity,
callback:M00_Trigger_Zone_Entered_Or_Exited_RMV.Exited,callback,M00_Trigger_Zone_Entered_Or_Exited_RMV.Exited,Code/Scripts/Toolkit_Triggers.cpp:644,games/renegade/content/scripts,,,not_started,,parity,
callback:M00_Trigger_Zone_Entered_RMV.Created,callback,M00_Trigger_Zone_Entered_RMV.Created,Code/Scripts/Toolkit_Triggers.cpp:337,games/renegade/content/scripts,,,not_started,,parity,
callback:M00_Trigger_Zone_Entered_RMV.Custom,callback,M00_Trigger_Zone_Entered_RMV.Custom,Code/Scripts/Toolkit_Triggers.cpp:428,games/renegade/content/scripts,,,not_started,,parity,
callback:M00_Trigger_Zone_Entered_RMV.Entered,callback,M00_Trigger_Zone_Entered_RMV.Entered,Code/Scripts/Toolkit_Triggers.cpp:354,games/renegade/content/scripts,,,not_started,,parity,
callback:M00_Trigger_Zone_Exited_RMV.Created,callback,M00_Trigger_Zone_Exited_RMV.Created,Code/Scripts/Toolkit_Triggers.cpp:488,games/renegade/content/scripts,,,not_started,,parity,
callback:M00_Trigger_Zone_Exited_RMV.Custom,callback,M00_Trigger_Zone_Exited_RMV.Custom,Code/Scripts/Toolkit_Triggers.cpp:578,games/renegade/content/scripts,,,not_started,,parity,
callback:M00_Trigger_Zone_Exited_RMV.Exited,callback,M00_Trigger_Zone_Exited_RMV.Exited,Code/Scripts/Toolkit_Triggers.cpp:504,games/renegade/content/scripts,,,not_started,,parity,
callback:M00_Vehicle_Regen_DAK.Created,callback,M00_Vehicle_Regen_DAK.Created,Code/Scripts/Toolkit_Objects.cpp:549,games/renegade/content/scripts,,,not_started,,parity,
callback:M00_Vehicle_Regen_DAK.Custom,callback,M00_Vehicle_Regen_DAK.Custom,Code/Scripts/Toolkit_Objects.cpp:554,games/renegade/content/scripts,,,not_started,,parity,
callback:M00_VisceroidInnate_DAY.Created,callback,M00_VisceroidInnate_DAY.Created,Code/Scripts/Test_DAY.cpp:209,games/renegade/content/scripts,,,not_started,,parity,
callback:M00_VisceroidInnate_DAY.Killed,callback,M00_VisceroidInnate_DAY.Killed,Code/Scripts/Test_DAY.cpp:215,games/renegade/content/scripts,,,not_started,,parity,
callback:M01_AccessDenied_Zone_JDG.Entered,callback,M01_AccessDenied_Zone_JDG.Entered,Code/Scripts/Mission01.cpp:17462,games/renegade/content/scripts,,,not_started,,parity,
callback:M01_Airstrike_Controller_JDG.Custom,callback,M01_Airstrike_Controller_JDG.Custom,Code/Scripts/Mission01.cpp:17124,games/renegade/content/scripts,,,not_started,,parity,
callback:M01_Ambient_Sound_Controller_JDG.Created,callback,M01_Ambient_Sound_Controller_JDG.Created,Code/Scripts/Mission01.cpp:2680,games/renegade/content/scripts,,,not_started,,parity,
callback:M01_Ambient_Sound_Controller_JDG.Custom,callback,M01_Ambient_Sound_Controller_JDG.Custom,Code/Scripts/Mission01.cpp:2699,games/renegade/content/scripts,,,not_started,,parity,
callback:M01_Announce_Barn_Objective_Zone.Entered,callback,M01_Announce_Barn_Objective_Zone.Entered,Code/Scripts/Mission01.cpp:4401,games/renegade/content/scripts,,,not_started,,parity,
callback:M01_Announce_First_ObjectiveZone_JDG.Created,callback,M01_Announce_First_ObjectiveZone_JDG.Created,Code/Scripts/Mission01.cpp:17325,games/renegade/content/scripts,,,not_started,,parity,
callback:M01_Announce_First_ObjectiveZone_JDG.Entered,callback,M01_Announce_First_ObjectiveZone_JDG.Entered,Code/Scripts/Mission01.cpp:17337,games/renegade/content/scripts,,,not_started,,parity,
callback:M01_Announce_Hand_of_Nod_Zone.Entered,callback,M01_Announce_Hand_of_Nod_Zone.Entered,Code/Scripts/Mission01.cpp:4379,games/renegade/content/scripts,,,not_started,,parity,
callback:M01_Announce_Prisoner_Objective_Zone.Entered,callback,M01_Announce_Prisoner_Objective_Zone.Entered,Code/Scripts/Mission01.cpp:3141,games/renegade/content/scripts,,,not_started,,parity,
callback:M01_Announce_TankAirstrikeZone_JDG.Entered,callback,M01_Announce_TankAirstrikeZone_JDG.Entered,Code/Scripts/Mission01.cpp:19736,games/renegade/content/scripts,,,not_started,,parity,
callback:M01_BackPath_EntranceZone_JDG.Custom,callback,M01_BackPath_EntranceZone_JDG.Custom,Code/Scripts/Mission01.cpp:21581,games/renegade/content/scripts,,,not_started,,parity,
callback:M01_BackPath_EntranceZone_JDG.Entered,callback,M01_BackPath_EntranceZone_JDG.Entered,Code/Scripts/Mission01.cpp:21572,games/renegade/content/scripts,,,not_started,,parity,
callback:M01_BackPath_NodGuy_JDG.Created,callback,M01_BackPath_NodGuy_JDG.Created,Code/Scripts/Mission01.cpp:10354,games/renegade/content/scripts,,,not_started,,parity,
callback:M01_BarnArea_AI_ExitZone_JDG.Created,callback,M01_BarnArea_AI_ExitZone_JDG.Created,Code/Scripts/Mission01.cpp:7982,games/renegade/content/scripts,,,not_started,,parity,
callback:M01_BarnArea_AI_ExitZone_JDG.Custom,callback,M01_BarnArea_AI_ExitZone_JDG.Custom,Code/Scripts/Mission01.cpp:7987,games/renegade/content/scripts,,,not_started,,parity,
callback:M01_BarnArea_AI_ExitZone_JDG.Entered,callback,M01_BarnArea_AI_ExitZone_JDG.Entered,Code/Scripts/Mission01.cpp:7995,games/renegade/content/scripts,,,not_started,,parity,
callback:M01_BarnArea_Air_Evac_Chopper_JDG.Animation_Complete,callback,M01_BarnArea_Air_Evac_Chopper_JDG.Animation_Complete,Code/Scripts/Mission01.cpp:12691,games/renegade/content/scripts,,,not_started,,parity,
callback:M01_BarnArea_Air_Evac_Chopper_JDG.Created,callback,M01_BarnArea_Air_Evac_Chopper_JDG.Created,Code/Scripts/Mission01.cpp:12650,games/renegade/content/scripts,,,not_started,,parity,
callback:M01_BarnArea_Air_Evac_Chopper_JDG.Custom,callback,M01_BarnArea_Air_Evac_Chopper_JDG.Custom,Code/Scripts/Mission01.cpp:12727,games/renegade/content/scripts,,,not_started,,parity,
callback:M01_BarnArea_Air_Evac_Chopper_JDG.Damaged,callback,M01_BarnArea_Air_Evac_Chopper_JDG.Damaged,Code/Scripts/Mission01.cpp:12685,games/renegade/content/scripts,,,not_started,,parity,
callback:M01_BarnArea_Air_Evac_Rope_JDG.Animation_Complete,callback,M01_BarnArea_Air_Evac_Rope_JDG.Animation_Complete,Code/Scripts/Mission01.cpp:12592,games/renegade/content/scripts,,,not_started,,parity,
callback:M01_BarnArea_Air_Evac_Rope_JDG.Created,callback,M01_BarnArea_Air_Evac_Rope_JDG.Created,Code/Scripts/Mission01.cpp:12581,games/renegade/content/scripts,,,not_started,,parity,
callback:M01_BarnArea_Air_Evac_Rope_JDG.Custom,callback,M01_BarnArea_Air_Evac_Rope_JDG.Custom,Code/Scripts/Mission01.cpp:12600,games/renegade/content/scripts,,,not_started,,parity,
callback:M01_BarnArea_Air_Evac_Waypath_JDG.Animation_Complete,callback,M01_BarnArea_Air_Evac_Waypath_JDG.Animation_Complete,Code/Scripts/Mission01.cpp:12626,games/renegade/content/scripts,,,not_started,,parity,
callback:M01_BarnArea_Air_Evac_Waypath_JDG.Created,callback,M01_BarnArea_Air_Evac_Waypath_JDG.Created,Code/Scripts/Mission01.cpp:12616,games/renegade/content/scripts,,,not_started,,parity,
callback:M01_BarnArea_Air_Evac_Waypath_JDG.Custom,callback,M01_BarnArea_Air_Evac_Waypath_JDG.Custom,Code/Scripts/Mission01.cpp:12634,games/renegade/content/scripts,,,not_started,,parity,
callback:M01_BarnArea_EvacMonitor_JDG.Action_Complete,callback,M01_BarnArea_EvacMonitor_JDG.Action_Complete,Code/Scripts/Mission01.cpp:15481,games/renegade/content/scripts,,,not_started,,parity,
callback:M01_BarnArea_EvacMonitor_JDG.Created,callback,M01_BarnArea_EvacMonitor_JDG.Created,Code/Scripts/Mission01.cpp:15473,games/renegade/content/scripts,,,not_started,,parity,
callback:M01_BarnArea_EvacMonitor_JDG.Custom,callback,M01_BarnArea_EvacMonitor_JDG.Custom,Code/Scripts/Mission01.cpp:15497,games/renegade/content/scripts,,,not_started,,parity,
callback:M01_BarnArea_NOD_Commander_Trigger_Zone02_JDG.Created,callback,M01_BarnArea_NOD_Commander_Trigger_Zone02_JDG.Created,Code/Scripts/Mission01.cpp:18177,games/renegade/content/scripts,,,not_started,,parity,
callback:M01_BarnArea_NOD_Commander_Trigger_Zone02_JDG.Entered,callback,M01_BarnArea_NOD_Commander_Trigger_Zone02_JDG.Entered,Code/Scripts/Mission01.cpp:18182,games/renegade/content/scripts,,,not_started,,parity,
callback:M01_BarnArea_NOD_Commander_Trigger_Zone_JDG.Entered,callback,M01_BarnArea_NOD_Commander_Trigger_Zone_JDG.Entered,Code/Scripts/Mission01.cpp:14680,games/renegade/content/scripts,,,not_started,,parity,
callback:M01_Barn_Babushkas_Conversation_Zone_JDG.Created,callback,M01_Barn_Babushkas_Conversation_Zone_JDG.Created,Code/Scripts/Mission01.cpp:7782,games/renegade/content/scripts,,,not_started,,parity,
callback:M01_Barn_Babushkas_Conversation_Zone_JDG.Custom,callback,M01_Barn_Babushkas_Conversation_Zone_JDG.Custom,Code/Scripts/Mission01.cpp:7788,games/renegade/content/scripts,,,not_started,,parity,
callback:M01_Barn_Babushkas_Conversation_Zone_JDG.Entered,callback,M01_Barn_Babushkas_Conversation_Zone_JDG.Entered,Code/Scripts/Mission01.cpp:7828,games/renegade/content/scripts,,,not_started,,parity,
callback:M01_Barn_Babushkas_Conversation_Zone_JDG.Exited,callback,M01_Barn_Babushkas_Conversation_Zone_JDG.Exited,Code/Scripts/Mission01.cpp:7820,games/renegade/content/scripts,,,not_started,,parity,
callback:M01_Barn_Door_Guard_JDG.Created,callback,M01_Barn_Door_Guard_JDG.Created,Code/Scripts/Mission01.cpp:7937,games/renegade/content/scripts,,,not_started,,parity,
callback:M01_Barn_Door_Guard_JDG.Killed,callback,M01_Barn_Door_Guard_JDG.Killed,Code/Scripts/Mission01.cpp:7948,games/renegade/content/scripts,,,not_started,,parity,
callback:M01_Barn_EntryZone_JDG.Entered,callback,M01_Barn_EntryZone_JDG.Entered,Code/Scripts/Mission01.cpp:15379,games/renegade/content/scripts,,,not_started,,parity,
callback:M01_Barn_Point_Guard_01_JDG.Created,callback,M01_Barn_Point_Guard_01_JDG.Created,Code/Scripts/Mission01.cpp:7840,games/renegade/content/scripts,,,not_started,,parity,
callback:M01_Barn_Point_Guard_01_JDG.Damaged,callback,M01_Barn_Point_Guard_01_JDG.Damaged,Code/Scripts/Mission01.cpp:7845,games/renegade/content/scripts,,,not_started,,parity,
callback:M01_Barn_Point_Guard_01_JDG.Killed,callback,M01_Barn_Point_Guard_01_JDG.Killed,Code/Scripts/Mission01.cpp:7862,games/renegade/content/scripts,,,not_started,,parity,
callback:M01_Barn_Point_Guard_02_JDG.Created,callback,M01_Barn_Point_Guard_02_JDG.Created,Code/Scripts/Mission01.cpp:7877,games/renegade/content/scripts,,,not_started,,parity,
callback:M01_Barn_Point_Guard_02_JDG.Damaged,callback,M01_Barn_Point_Guard_02_JDG.Damaged,Code/Scripts/Mission01.cpp:7901,games/renegade/content/scripts,,,not_started,,parity,
callback:M01_Barn_Point_Guard_02_JDG.Killed,callback,M01_Barn_Point_Guard_02_JDG.Killed,Code/Scripts/Mission01.cpp:7927,games/renegade/content/scripts,,,not_started,,parity,
callback:M01_Barn_Prisoner_01_JDG.Action_Complete,callback,M01_Barn_Prisoner_01_JDG.Action_Complete,Code/Scripts/Mission01.cpp:12874,games/renegade/content/scripts,,,not_started,,parity,
callback:M01_Barn_Prisoner_01_JDG.Animation_Complete,callback,M01_Barn_Prisoner_01_JDG.Animation_Complete,Code/Scripts/Mission01.cpp:12866,games/renegade/content/scripts,,,not_started,,parity,
callback:M01_Barn_Prisoner_01_JDG.Created,callback,M01_Barn_Prisoner_01_JDG.Created,Code/Scripts/Mission01.cpp:12788,games/renegade/content/scripts,,,not_started,,parity,
callback:M01_Barn_Prisoner_01_JDG.Custom,callback,M01_Barn_Prisoner_01_JDG.Custom,Code/Scripts/Mission01.cpp:12817,games/renegade/content/scripts,,,not_started,,parity,
callback:M01_Barn_Prisoner_01_JDG.Killed,callback,M01_Barn_Prisoner_01_JDG.Killed,Code/Scripts/Mission01.cpp:12800,games/renegade/content/scripts,,,not_started,,parity,
callback:M01_Barn_Prisoner_02_JDG.Action_Complete,callback,M01_Barn_Prisoner_02_JDG.Action_Complete,Code/Scripts/Mission01.cpp:13035,games/renegade/content/scripts,,,not_started,,parity,
callback:M01_Barn_Prisoner_02_JDG.Animation_Complete,callback,M01_Barn_Prisoner_02_JDG.Animation_Complete,Code/Scripts/Mission01.cpp:13027,games/renegade/content/scripts,,,not_started,,parity,
callback:M01_Barn_Prisoner_02_JDG.Created,callback,M01_Barn_Prisoner_02_JDG.Created,Code/Scripts/Mission01.cpp:12964,games/renegade/content/scripts,,,not_started,,parity,
callback:M01_Barn_Prisoner_02_JDG.Custom,callback,M01_Barn_Prisoner_02_JDG.Custom,Code/Scripts/Mission01.cpp:12987,games/renegade/content/scripts,,,not_started,,parity,
callback:M01_Barn_Prisoner_02_JDG.Killed,callback,M01_Barn_Prisoner_02_JDG.Killed,Code/Scripts/Mission01.cpp:12975,games/renegade/content/scripts,,,not_started,,parity,
callback:M01_Barn_Prisoner_03_JDG.Action_Complete,callback,M01_Barn_Prisoner_03_JDG.Action_Complete,Code/Scripts/Mission01.cpp:13204,games/renegade/content/scripts,,,not_started,,parity,
callback:M01_Barn_Prisoner_03_JDG.Animation_Complete,callback,M01_Barn_Prisoner_03_JDG.Animation_Complete,Code/Scripts/Mission01.cpp:13138,games/renegade/content/scripts,,,not_started,,parity,
callback:M01_Barn_Prisoner_03_JDG.Created,callback,M01_Barn_Prisoner_03_JDG.Created,Code/Scripts/Mission01.cpp:13114,games/renegade/content/scripts,,,not_started,,parity,
callback:M01_Barn_Prisoner_03_JDG.Custom,callback,M01_Barn_Prisoner_03_JDG.Custom,Code/Scripts/Mission01.cpp:13146,games/renegade/content/scripts,,,not_started,,parity,
callback:M01_Barn_Prisoner_03_JDG.Killed,callback,M01_Barn_Prisoner_03_JDG.Killed,Code/Scripts/Mission01.cpp:13126,games/renegade/content/scripts,,,not_started,,parity,
callback:M01_Barn_Talk_Guard_01_JDG.Created,callback,M01_Barn_Talk_Guard_01_JDG.Created,Code/Scripts/Mission01.cpp:7956,games/renegade/content/scripts,,,not_started,,parity,
callback:M01_Barn_Talk_Guard_01_JDG.Killed,callback,M01_Barn_Talk_Guard_01_JDG.Killed,Code/Scripts/Mission01.cpp:7967,games/renegade/content/scripts,,,not_started,,parity,
callback:M01_Barn_Truck_JDG.Killed,callback,M01_Barn_Truck_JDG.Killed,Code/Scripts/Mission01.cpp:10102,games/renegade/content/scripts,,,not_started,,parity,
callback:M01_BasalBuilding_Population_JDG.Created,callback,M01_BasalBuilding_Population_JDG.Created,Code/Scripts/Mission01.cpp:7628,games/renegade/content/scripts,,,not_started,,parity,
callback:M01_Base_GDI_Fodder_JDG.Created,callback,M01_Base_GDI_Fodder_JDG.Created,Code/Scripts/Mission01.cpp:18036,games/renegade/content/scripts,,,not_started,,parity,
callback:M01_Base_GDI_Fodder_JDG.Custom,callback,M01_Base_GDI_Fodder_JDG.Custom,Code/Scripts/Mission01.cpp:18051,games/renegade/content/scripts,,,not_started,,parity,
callback:M01_Base_GDI_Grenadier_JDG.Action_Complete,callback,M01_Base_GDI_Grenadier_JDG.Action_Complete,Code/Scripts/Mission01.cpp:19111,games/renegade/content/scripts,,,not_started,,parity,
callback:M01_Base_GDI_Grenadier_JDG.Animation_Complete,callback,M01_Base_GDI_Grenadier_JDG.Animation_Complete,Code/Scripts/Mission01.cpp:18944,games/renegade/content/scripts,,,not_started,,parity,
callback:M01_Base_GDI_Grenadier_JDG.Created,callback,M01_Base_GDI_Grenadier_JDG.Created,Code/Scripts/Mission01.cpp:18898,games/renegade/content/scripts,,,not_started,,parity,
callback:M01_Base_GDI_Grenadier_JDG.Custom,callback,M01_Base_GDI_Grenadier_JDG.Custom,Code/Scripts/Mission01.cpp:18952,games/renegade/content/scripts,,,not_started,,parity,
callback:M01_Base_GDI_Grenadier_JDG.Damaged,callback,M01_Base_GDI_Grenadier_JDG.Damaged,Code/Scripts/Mission01.cpp:18909,games/renegade/content/scripts,,,not_started,,parity,
callback:M01_Base_GDI_Grenadier_JDG.Enemy_Seen,callback,M01_Base_GDI_Grenadier_JDG.Enemy_Seen,Code/Scripts/Mission01.cpp:19097,games/renegade/content/scripts,,,not_started,,parity,
callback:M01_Base_GDI_Minigunner_JDG.Action_Complete,callback,M01_Base_GDI_Minigunner_JDG.Action_Complete,Code/Scripts/Mission01.cpp:21917,games/renegade/content/scripts,,,not_started,,parity,
callback:M01_Base_GDI_Minigunner_JDG.Animation_Complete,callback,M01_Base_GDI_Minigunner_JDG.Animation_Complete,Code/Scripts/Mission01.cpp:21661,games/renegade/content/scripts,,,not_started,,parity,
callback:M01_Base_GDI_Minigunner_JDG.Created,callback,M01_Base_GDI_Minigunner_JDG.Created,Code/Scripts/Mission01.cpp:21638,games/renegade/content/scripts,,,not_started,,parity,
callback:M01_Base_GDI_Minigunner_JDG.Custom,callback,M01_Base_GDI_Minigunner_JDG.Custom,Code/Scripts/Mission01.cpp:21704,games/renegade/content/scripts,,,not_started,,parity,
callback:M01_Base_GDI_Minigunner_JDG.Damaged,callback,M01_Base_GDI_Minigunner_JDG.Damaged,Code/Scripts/Mission01.cpp:21669,games/renegade/content/scripts,,,not_started,,parity,
callback:M01_Base_GDI_Minigunner_JDG.Enemy_Seen,callback,M01_Base_GDI_Minigunner_JDG.Enemy_Seen,Code/Scripts/Mission01.cpp:21903,games/renegade/content/scripts,,,not_started,,parity,
callback:M01_Base_Nod_Minigunner_JDG.Created,callback,M01_Base_Nod_Minigunner_JDG.Created,Code/Scripts/Mission01.cpp:17731,games/renegade/content/scripts,,,not_started,,parity,
callback:M01_Base_POW01_JDG.Action_Complete,callback,M01_Base_POW01_JDG.Action_Complete,Code/Scripts/Mission01.cpp:19423,games/renegade/content/scripts,,,not_started,,parity,
callback:M01_Base_POW01_JDG.Animation_Complete,callback,M01_Base_POW01_JDG.Animation_Complete,Code/Scripts/Mission01.cpp:19366,games/renegade/content/scripts,,,not_started,,parity,
callback:M01_Base_POW01_JDG.Created,callback,M01_Base_POW01_JDG.Created,Code/Scripts/Mission01.cpp:19336,games/renegade/content/scripts,,,not_started,,parity,
callback:M01_Base_POW01_JDG.Custom,callback,M01_Base_POW01_JDG.Custom,Code/Scripts/Mission01.cpp:19374,games/renegade/content/scripts,,,not_started,,parity,
callback:M01_Base_POW01_JDG.Damaged,callback,M01_Base_POW01_JDG.Damaged,Code/Scripts/Mission01.cpp:19348,games/renegade/content/scripts,,,not_started,,parity,
callback:M01_Base_POW01_JDG.Killed,callback,M01_Base_POW01_JDG.Killed,Code/Scripts/Mission01.cpp:19357,games/renegade/content/scripts,,,not_started,,parity,
callback:M01_Base_POW02_JDG.Action_Complete,callback,M01_Base_POW02_JDG.Action_Complete,Code/Scripts/Mission01.cpp:19545,games/renegade/content/scripts,,,not_started,,parity,
callback:M01_Base_POW02_JDG.Animation_Complete,callback,M01_Base_POW02_JDG.Animation_Complete,Code/Scripts/Mission01.cpp:19495,games/renegade/content/scripts,,,not_started,,parity,
callback:M01_Base_POW02_JDG.Created,callback,M01_Base_POW02_JDG.Created,Code/Scripts/Mission01.cpp:19475,games/renegade/content/scripts,,,not_started,,parity,
callback:M01_Base_POW02_JDG.Custom,callback,M01_Base_POW02_JDG.Custom,Code/Scripts/Mission01.cpp:19512,games/renegade/content/scripts,,,not_started,,parity,
callback:M01_Base_POW02_JDG.Damaged,callback,M01_Base_POW02_JDG.Damaged,Code/Scripts/Mission01.cpp:19486,games/renegade/content/scripts,,,not_started,,parity,
callback:M01_Base_POW02_JDG.Killed,callback,M01_Base_POW02_JDG.Killed,Code/Scripts/Mission01.cpp:19503,games/renegade/content/scripts,,,not_started,,parity,
callback:M01_Base_StartZone_JDG.Entered,callback,M01_Base_StartZone_JDG.Entered,Code/Scripts/Mission01.cpp:18067,games/renegade/content/scripts,,,not_started,,parity,
callback:M01_Beach_Datadisc_JDG.Custom,callback,M01_Beach_Datadisc_JDG.Custom,Code/Scripts/Mission01.cpp:21145,games/renegade/content/scripts,,,not_started,,parity,
callback:M01_Billys_Conversation_Zone_JDG.Created,callback,M01_Billys_Conversation_Zone_JDG.Created,Code/Scripts/Mission01.cpp:5482,games/renegade/content/scripts,,,not_started,,parity,
callback:M01_Billys_Conversation_Zone_JDG.Custom,callback,M01_Billys_Conversation_Zone_JDG.Custom,Code/Scripts/Mission01.cpp:5488,games/renegade/content/scripts,,,not_started,,parity,
callback:M01_Billys_Conversation_Zone_JDG.Entered,callback,M01_Billys_Conversation_Zone_JDG.Entered,Code/Scripts/Mission01.cpp:5527,games/renegade/content/scripts,,,not_started,,parity,
callback:M01_Billys_Conversation_Zone_JDG.Exited,callback,M01_Billys_Conversation_Zone_JDG.Exited,Code/Scripts/Mission01.cpp:5519,games/renegade/content/scripts,,,not_started,,parity,
callback:M01_BuggyNew_Controller_JDG.Created,callback,M01_BuggyNew_Controller_JDG.Created,Code/Scripts/Mission01.cpp:8913,games/renegade/content/scripts,,,not_started,,parity,
callback:M01_BuggyNew_Controller_JDG.Custom,callback,M01_BuggyNew_Controller_JDG.Custom,Code/Scripts/Mission01.cpp:8919,games/renegade/content/scripts,,,not_started,,parity,
callback:M01_BuggyScript_New_JDG.Action_Complete,callback,M01_BuggyScript_New_JDG.Action_Complete,Code/Scripts/Mission01.cpp:9003,games/renegade/content/scripts,,,not_started,,parity,
callback:M01_BuggyScript_New_JDG.Created,callback,M01_BuggyScript_New_JDG.Created,Code/Scripts/Mission01.cpp:8970,games/renegade/content/scripts,,,not_started,,parity,
callback:M01_BuggyScript_New_JDG.Custom,callback,M01_BuggyScript_New_JDG.Custom,Code/Scripts/Mission01.cpp:9019,games/renegade/content/scripts,,,not_started,,parity,
callback:M01_BuggyScript_New_JDG.Killed,callback,M01_BuggyScript_New_JDG.Killed,Code/Scripts/Mission01.cpp:8994,games/renegade/content/scripts,,,not_started,,parity,
callback:M01_C130_Dropoff_Dude_JDG.Animation_Complete,callback,M01_C130_Dropoff_Dude_JDG.Animation_Complete,Code/Scripts/Mission01.cpp:18014,games/renegade/content/scripts,,,not_started,,parity,
callback:M01_C4_TutorialScript_JDG.Custom,callback,M01_C4_TutorialScript_JDG.Custom,Code/Scripts/Mission01.cpp:17432,games/renegade/content/scripts,,,not_started,,parity,
callback:M01_C4_Tutorial_Zone_JDG.Entered,callback,M01_C4_Tutorial_Zone_JDG.Entered,Code/Scripts/Mission01.cpp:18101,games/renegade/content/scripts,,,not_started,,parity,
callback:M01_CHURCH_Chinook_Spawned_Soldier01_GDI.Action_Complete,callback,M01_CHURCH_Chinook_Spawned_Soldier01_GDI.Action_Complete,Code/Scripts/Mission01.cpp:9389,games/renegade/content/scripts,,,not_started,,parity,
callback:M01_CHURCH_Chinook_Spawned_Soldier01_GDI.Animation_Complete,callback,M01_CHURCH_Chinook_Spawned_Soldier01_GDI.Animation_Complete,Code/Scripts/Mission01.cpp:9378,games/renegade/content/scripts,,,not_started,,parity,
callback:M01_CHURCH_Chinook_Spawned_Soldier01_GDI.Created,callback,M01_CHURCH_Chinook_Spawned_Soldier01_GDI.Created,Code/Scripts/Mission01.cpp:9357,games/renegade/content/scripts,,,not_started,,parity,
callback:M01_CHURCH_Chinook_Spawned_Soldier01_GDI.Custom,callback,M01_CHURCH_Chinook_Spawned_Soldier01_GDI.Custom,Code/Scripts/Mission01.cpp:9424,games/renegade/content/scripts,,,not_started,,parity,
callback:M01_CHURCH_Chinook_Spawned_Soldier01_GDI.Damaged,callback,M01_CHURCH_Chinook_Spawned_Soldier01_GDI.Damaged,Code/Scripts/Mission01.cpp:9600,games/renegade/content/scripts,,,not_started,,parity,
callback:M01_CHURCH_Chinook_Spawned_Soldier01_GDI.Enemy_Seen,callback,M01_CHURCH_Chinook_Spawned_Soldier01_GDI.Enemy_Seen,Code/Scripts/Mission01.cpp:9585,games/renegade/content/scripts,,,not_started,,parity,
callback:M01_CHURCH_Chinook_Spawned_Soldier01_GDI.Killed,callback,M01_CHURCH_Chinook_Spawned_Soldier01_GDI.Killed,Code/Scripts/Mission01.cpp:9370,games/renegade/content/scripts,,,not_started,,parity,
callback:M01_CHURCH_Chinook_Spawned_Soldier01_GDI.Poked,callback,M01_CHURCH_Chinook_Spawned_Soldier01_GDI.Poked,Code/Scripts/Mission01.cpp:9362,games/renegade/content/scripts,,,not_started,,parity,
callback:M01_CHURCH_Chinook_Spawned_Soldier02_GDI.Action_Complete,callback,M01_CHURCH_Chinook_Spawned_Soldier02_GDI.Action_Complete,Code/Scripts/Mission01.cpp:9672,games/renegade/content/scripts,,,not_started,,parity,
callback:M01_CHURCH_Chinook_Spawned_Soldier02_GDI.Animation_Complete,callback,M01_CHURCH_Chinook_Spawned_Soldier02_GDI.Animation_Complete,Code/Scripts/Mission01.cpp:9664,games/renegade/content/scripts,,,not_started,,parity,
callback:M01_CHURCH_Chinook_Spawned_Soldier02_GDI.Created,callback,M01_CHURCH_Chinook_Spawned_Soldier02_GDI.Created,Code/Scripts/Mission01.cpp:9643,games/renegade/content/scripts,,,not_started,,parity,
callback:M01_CHURCH_Chinook_Spawned_Soldier02_GDI.Custom,callback,M01_CHURCH_Chinook_Spawned_Soldier02_GDI.Custom,Code/Scripts/Mission01.cpp:9691,games/renegade/content/scripts,,,not_started,,parity,
callback:M01_CHURCH_Chinook_Spawned_Soldier02_GDI.Damaged,callback,M01_CHURCH_Chinook_Spawned_Soldier02_GDI.Damaged,Code/Scripts/Mission01.cpp:9867,games/renegade/content/scripts,,,not_started,,parity,
callback:M01_CHURCH_Chinook_Spawned_Soldier02_GDI.Enemy_Seen,callback,M01_CHURCH_Chinook_Spawned_Soldier02_GDI.Enemy_Seen,Code/Scripts/Mission01.cpp:9852,games/renegade/content/scripts,,,not_started,,parity,
callback:M01_CHURCH_Chinook_Spawned_Soldier02_GDI.Killed,callback,M01_CHURCH_Chinook_Spawned_Soldier02_GDI.Killed,Code/Scripts/Mission01.cpp:9656,games/renegade/content/scripts,,,not_started,,parity,
callback:M01_CHURCH_Chinook_Spawned_Soldier02_GDI.Poked,callback,M01_CHURCH_Chinook_Spawned_Soldier02_GDI.Poked,Code/Scripts/Mission01.cpp:9648,games/renegade/content/scripts,,,not_started,,parity,
callback:M01_COMM_Chinook_Spawned_Soldier_GDI.Action_Complete,callback,M01_COMM_Chinook_Spawned_Soldier_GDI.Action_Complete,Code/Scripts/Mission01.cpp:9939,games/renegade/content/scripts,,,not_started,,parity,
callback:M01_COMM_Chinook_Spawned_Soldier_GDI.Animation_Complete,callback,M01_COMM_Chinook_Spawned_Soldier_GDI.Animation_Complete,Code/Scripts/Mission01.cpp:9931,games/renegade/content/scripts,,,not_started,,parity,
callback:M01_COMM_Chinook_Spawned_Soldier_GDI.Created,callback,M01_COMM_Chinook_Spawned_Soldier_GDI.Created,Code/Scripts/Mission01.cpp:9910,games/renegade/content/scripts,,,not_started,,parity,
callback:M01_COMM_Chinook_Spawned_Soldier_GDI.Custom,callback,M01_COMM_Chinook_Spawned_Soldier_GDI.Custom,Code/Scripts/Mission01.cpp:9954,games/renegade/content/scripts,,,not_started,,parity,
callback:M01_COMM_Chinook_Spawned_Soldier_GDI.Damaged,callback,M01_COMM_Chinook_Spawned_Soldier_GDI.Damaged,Code/Scripts/Mission01.cpp:10059,games/renegade/content/scripts,,,not_started,,parity,
callback:M01_COMM_Chinook_Spawned_Soldier_GDI.Enemy_Seen,callback,M01_COMM_Chinook_Spawned_Soldier_GDI.Enemy_Seen,Code/Scripts/Mission01.cpp:10044,games/renegade/content/scripts,,,not_started,,parity,
callback:M01_COMM_Chinook_Spawned_Soldier_GDI.Killed,callback,M01_COMM_Chinook_Spawned_Soldier_GDI.Killed,Code/Scripts/Mission01.cpp:9923,games/renegade/content/scripts,,,not_started,,parity,
callback:M01_COMM_Chinook_Spawned_Soldier_GDI.Poked,callback,M01_COMM_Chinook_Spawned_Soldier_GDI.Poked,Code/Scripts/Mission01.cpp:9915,games/renegade/content/scripts,,,not_started,,parity,
callback:M01_COMM_Commander_Guy.Killed,callback,M01_COMM_Commander_Guy.Killed,Code/Scripts/Mission01.cpp:3183,games/renegade/content/scripts,,,not_started,,parity,
callback:M01_CantBring_MediumTank_ThroughHereZone_JDG.Created,callback,M01_CantBring_MediumTank_ThroughHereZone_JDG.Created,Code/Scripts/Mission01.cpp:20823,games/renegade/content/scripts,,,not_started,,parity,
callback:M01_CantBring_MediumTank_ThroughHereZone_JDG.Custom,callback,M01_CantBring_MediumTank_ThroughHereZone_JDG.Custom,Code/Scripts/Mission01.cpp:20828,games/renegade/content/scripts,,,not_started,,parity,
callback:M01_CantBring_MediumTank_ThroughHereZone_JDG.Entered,callback,M01_CantBring_MediumTank_ThroughHereZone_JDG.Entered,Code/Scripts/Mission01.cpp:20849,games/renegade/content/scripts,,,not_started,,parity,
callback:M01_ChurchArea_Air_Evac_Chopper_JDG.Animation_Complete,callback,M01_ChurchArea_Air_Evac_Chopper_JDG.Animation_Complete,Code/Scripts/Mission01.cpp:12007,games/renegade/content/scripts,,,not_started,,parity,
callback:M01_ChurchArea_Air_Evac_Chopper_JDG.Created,callback,M01_ChurchArea_Air_Evac_Chopper_JDG.Created,Code/Scripts/Mission01.cpp:11985,games/renegade/content/scripts,,,not_started,,parity,
callback:M01_ChurchArea_Air_Evac_Chopper_JDG.Custom,callback,M01_ChurchArea_Air_Evac_Chopper_JDG.Custom,Code/Scripts/Mission01.cpp:12043,games/renegade/content/scripts,,,not_started,,parity,
callback:M01_ChurchArea_Air_Evac_Chopper_JDG.Damaged,callback,M01_ChurchArea_Air_Evac_Chopper_JDG.Damaged,Code/Scripts/Mission01.cpp:12001,games/renegade/content/scripts,,,not_started,,parity,
callback:M01_ChurchArea_Air_Evac_Rope_JDG.Animation_Complete,callback,M01_ChurchArea_Air_Evac_Rope_JDG.Animation_Complete,Code/Scripts/Mission01.cpp:11927,games/renegade/content/scripts,,,not_started,,parity,
callback:M01_ChurchArea_Air_Evac_Rope_JDG.Created,callback,M01_ChurchArea_Air_Evac_Rope_JDG.Created,Code/Scripts/Mission01.cpp:11916,games/renegade/content/scripts,,,not_started,,parity,
callback:M01_ChurchArea_Air_Evac_Rope_JDG.Custom,callback,M01_ChurchArea_Air_Evac_Rope_JDG.Custom,Code/Scripts/Mission01.cpp:11935,games/renegade/content/scripts,,,not_started,,parity,
callback:M01_ChurchArea_Air_Evac_Waypath_JDG.Animation_Complete,callback,M01_ChurchArea_Air_Evac_Waypath_JDG.Animation_Complete,Code/Scripts/Mission01.cpp:11961,games/renegade/content/scripts,,,not_started,,parity,
callback:M01_ChurchArea_Air_Evac_Waypath_JDG.Created,callback,M01_ChurchArea_Air_Evac_Waypath_JDG.Created,Code/Scripts/Mission01.cpp:11951,games/renegade/content/scripts,,,not_started,,parity,
callback:M01_ChurchArea_Air_Evac_Waypath_JDG.Custom,callback,M01_ChurchArea_Air_Evac_Waypath_JDG.Custom,Code/Scripts/Mission01.cpp:11969,games/renegade/content/scripts,,,not_started,,parity,
callback:M01_ChurchArea_EvacMonitor_JDG.Created,callback,M01_ChurchArea_EvacMonitor_JDG.Created,Code/Scripts/Mission01.cpp:10156,games/renegade/content/scripts,,,not_started,,parity,
callback:M01_ChurchArea_EvacMonitor_JDG.Custom,callback,M01_ChurchArea_EvacMonitor_JDG.Custom,Code/Scripts/Mission01.cpp:10161,games/renegade/content/scripts,,,not_started,,parity,
callback:M01_ChurchArea_NOD_Commander_JDG.Created,callback,M01_ChurchArea_NOD_Commander_JDG.Created,Code/Scripts/Mission01.cpp:7152,games/renegade/content/scripts,,,not_started,,parity,
callback:M01_ChurchArea_NOD_Commander_JDG.Custom,callback,M01_ChurchArea_NOD_Commander_JDG.Custom,Code/Scripts/Mission01.cpp:7228,games/renegade/content/scripts,,,not_started,,parity,
callback:M01_ChurchArea_NOD_Commander_JDG.Damaged,callback,M01_ChurchArea_NOD_Commander_JDG.Damaged,Code/Scripts/Mission01.cpp:7162,games/renegade/content/scripts,,,not_started,,parity,
callback:M01_ChurchArea_NOD_Commander_JDG.Enemy_Seen,callback,M01_ChurchArea_NOD_Commander_JDG.Enemy_Seen,Code/Scripts/Mission01.cpp:7185,games/renegade/content/scripts,,,not_started,,parity,
callback:M01_ChurchArea_NOD_Commander_JDG.Killed,callback,M01_ChurchArea_NOD_Commander_JDG.Killed,Code/Scripts/Mission01.cpp:7223,games/renegade/content/scripts,,,not_started,,parity,
callback:M01_ChurchArea_NOD_Commander_JDG.Sound_Heard,callback,M01_ChurchArea_NOD_Commander_JDG.Sound_Heard,Code/Scripts/Mission01.cpp:7193,games/renegade/content/scripts,,,not_started,,parity,
callback:M01_ChurchArea_Spawner_Controller_JDG.Created,callback,M01_ChurchArea_Spawner_Controller_JDG.Created,Code/Scripts/Mission01.cpp:6691,games/renegade/content/scripts,,,not_started,,parity,
callback:M01_ChurchArea_Spawner_Controller_JDG.Custom,callback,M01_ChurchArea_Spawner_Controller_JDG.Custom,Code/Scripts/Mission01.cpp:6698,games/renegade/content/scripts,,,not_started,,parity,
callback:M01_ChurchArea_Spawner_Guy_JDG.Killed,callback,M01_ChurchArea_Spawner_Guy_JDG.Killed,Code/Scripts/Mission01.cpp:6827,games/renegade/content/scripts,,,not_started,,parity,
callback:M01_Church_Balcony_MiniGunner_JDG.Action_Complete,callback,M01_Church_Balcony_MiniGunner_JDG.Action_Complete,Code/Scripts/Mission01.cpp:4295,games/renegade/content/scripts,,,not_started,,parity,
callback:M01_Church_Balcony_MiniGunner_JDG.Created,callback,M01_Church_Balcony_MiniGunner_JDG.Created,Code/Scripts/Mission01.cpp:4271,games/renegade/content/scripts,,,not_started,,parity,
callback:M01_Church_Balcony_MiniGunner_JDG.Custom,callback,M01_Church_Balcony_MiniGunner_JDG.Custom,Code/Scripts/Mission01.cpp:4276,games/renegade/content/scripts,,,not_started,,parity,
callback:M01_Church_EvacController_JDG.Action_Complete,callback,M01_Church_EvacController_JDG.Action_Complete,Code/Scripts/Mission01.cpp:11889,games/renegade/content/scripts,,,not_started,,parity,
callback:M01_Church_EvacController_JDG.Created,callback,M01_Church_EvacController_JDG.Created,Code/Scripts/Mission01.cpp:11801,games/renegade/content/scripts,,,not_started,,parity,
callback:M01_Church_EvacController_JDG.Custom,callback,M01_Church_EvacController_JDG.Custom,Code/Scripts/Mission01.cpp:11807,games/renegade/content/scripts,,,not_started,,parity,
callback:M01_Church_Exterior_MiniGunner_JDG.Action_Complete,callback,M01_Church_Exterior_MiniGunner_JDG.Action_Complete,Code/Scripts/Mission01.cpp:4187,games/renegade/content/scripts,,,not_started,,parity,
callback:M01_Church_Exterior_MiniGunner_JDG.Created,callback,M01_Church_Exterior_MiniGunner_JDG.Created,Code/Scripts/Mission01.cpp:4146,games/renegade/content/scripts,,,not_started,,parity,
callback:M01_Church_Exterior_MiniGunner_JDG.Custom,callback,M01_Church_Exterior_MiniGunner_JDG.Custom,Code/Scripts/Mission01.cpp:4151,games/renegade/content/scripts,,,not_started,,parity,
callback:M01_Church_Exterior_MiniGunner_JDG.Damaged,callback,M01_Church_Exterior_MiniGunner_JDG.Damaged,Code/Scripts/Mission01.cpp:4170,games/renegade/content/scripts,,,not_started,,parity,
callback:M01_Church_Guard_MiniGunner_JDG.Created,callback,M01_Church_Guard_MiniGunner_JDG.Created,Code/Scripts/Mission01.cpp:9196,games/renegade/content/scripts,,,not_started,,parity,
callback:M01_Church_Guard_MiniGunner_JDG.Damaged,callback,M01_Church_Guard_MiniGunner_JDG.Damaged,Code/Scripts/Mission01.cpp:9202,games/renegade/content/scripts,,,not_started,,parity,
callback:M01_Church_Guard_MiniGunner_JDG.Killed,callback,M01_Church_Guard_MiniGunner_JDG.Killed,Code/Scripts/Mission01.cpp:9217,games/renegade/content/scripts,,,not_started,,parity,
callback:M01_Church_Interior_Nun_JDG.Action_Complete,callback,M01_Church_Interior_Nun_JDG.Action_Complete,Code/Scripts/Mission01.cpp:12365,games/renegade/content/scripts,,,not_started,,parity,
callback:M01_Church_Interior_Nun_JDG.Animation_Complete,callback,M01_Church_Interior_Nun_JDG.Animation_Complete,Code/Scripts/Mission01.cpp:12357,games/renegade/content/scripts,,,not_started,,parity,
callback:M01_Church_Interior_Nun_JDG.Created,callback,M01_Church_Interior_Nun_JDG.Created,Code/Scripts/Mission01.cpp:12308,games/renegade/content/scripts,,,not_started,,parity,
callback:M01_Church_Interior_Nun_JDG.Custom,callback,M01_Church_Interior_Nun_JDG.Custom,Code/Scripts/Mission01.cpp:12323,games/renegade/content/scripts,,,not_started,,parity,
callback:M01_Church_Interior_Nun_JDG.Killed,callback,M01_Church_Interior_Nun_JDG.Killed,Code/Scripts/Mission01.cpp:12316,games/renegade/content/scripts,,,not_started,,parity,
callback:M01_Church_Interior_Nun_JDG.Poked,callback,M01_Church_Interior_Nun_JDG.Poked,Code/Scripts/Mission01.cpp:12437,games/renegade/content/scripts,,,not_started,,parity,
callback:M01_Church_LoveShack_MiniGunner_JDG.Created,callback,M01_Church_LoveShack_MiniGunner_JDG.Created,Code/Scripts/Mission01.cpp:4093,games/renegade/content/scripts,,,not_started,,parity,
callback:M01_Church_LoveShack_MiniGunner_JDG.Custom,callback,M01_Church_LoveShack_MiniGunner_JDG.Custom,Code/Scripts/Mission01.cpp:4127,games/renegade/content/scripts,,,not_started,,parity,
callback:M01_Church_LoveShack_MiniGunner_JDG.Damaged,callback,M01_Church_LoveShack_MiniGunner_JDG.Damaged,Code/Scripts/Mission01.cpp:4098,games/renegade/content/scripts,,,not_started,,parity,
callback:M01_Church_LoveShack_MiniGunner_JDG.Killed,callback,M01_Church_LoveShack_MiniGunner_JDG.Killed,Code/Scripts/Mission01.cpp:4115,games/renegade/content/scripts,,,not_started,,parity,
callback:M01_Church_LoveShack_Nun_JDG.Action_Complete,callback,M01_Church_LoveShack_Nun_JDG.Action_Complete,Code/Scripts/Mission01.cpp:12513,games/renegade/content/scripts,,,not_started,,parity,
callback:M01_Church_LoveShack_Nun_JDG.Animation_Complete,callback,M01_Church_LoveShack_Nun_JDG.Animation_Complete,Code/Scripts/Mission01.cpp:12505,games/renegade/content/scripts,,,not_started,,parity,
callback:M01_Church_LoveShack_Nun_JDG.Created,callback,M01_Church_LoveShack_Nun_JDG.Created,Code/Scripts/Mission01.cpp:12450,games/renegade/content/scripts,,,not_started,,parity,
callback:M01_Church_LoveShack_Nun_JDG.Custom,callback,M01_Church_LoveShack_Nun_JDG.Custom,Code/Scripts/Mission01.cpp:12467,games/renegade/content/scripts,,,not_started,,parity,
callback:M01_Church_LoveShack_Nun_JDG.Killed,callback,M01_Church_LoveShack_Nun_JDG.Killed,Code/Scripts/Mission01.cpp:12455,games/renegade/content/scripts,,,not_started,,parity,
callback:M01_Church_LoveShack_Nun_JDG.Poked,callback,M01_Church_LoveShack_Nun_JDG.Poked,Code/Scripts/Mission01.cpp:12568,games/renegade/content/scripts,,,not_started,,parity,
callback:M01_Church_Loveshack_InterrogationConv_Zone_JDG.Created,callback,M01_Church_Loveshack_InterrogationConv_Zone_JDG.Created,Code/Scripts/Mission01.cpp:9238,games/renegade/content/scripts,,,not_started,,parity,
callback:M01_Church_Loveshack_InterrogationConv_Zone_JDG.Entered,callback,M01_Church_Loveshack_InterrogationConv_Zone_JDG.Entered,Code/Scripts/Mission01.cpp:9243,games/renegade/content/scripts,,,not_started,,parity,
callback:M01_Church_Priest_JDG.Action_Complete,callback,M01_Church_Priest_JDG.Action_Complete,Code/Scripts/Mission01.cpp:12184,games/renegade/content/scripts,,,not_started,,parity,
callback:M01_Church_Priest_JDG.Animation_Complete,callback,M01_Church_Priest_JDG.Animation_Complete,Code/Scripts/Mission01.cpp:12176,games/renegade/content/scripts,,,not_started,,parity,
callback:M01_Church_Priest_JDG.Created,callback,M01_Church_Priest_JDG.Created,Code/Scripts/Mission01.cpp:12100,games/renegade/content/scripts,,,not_started,,parity,
callback:M01_Church_Priest_JDG.Custom,callback,M01_Church_Priest_JDG.Custom,Code/Scripts/Mission01.cpp:12122,games/renegade/content/scripts,,,not_started,,parity,
callback:M01_Church_Priest_JDG.Killed,callback,M01_Church_Priest_JDG.Killed,Code/Scripts/Mission01.cpp:12107,games/renegade/content/scripts,,,not_started,,parity,
callback:M01_Church_Priest_JDG.Poked,callback,M01_Church_Priest_JDG.Poked,Code/Scripts/Mission01.cpp:12114,games/renegade/content/scripts,,,not_started,,parity,
callback:M01_Civ_To_Minigunner_Guy_JDG.Created,callback,M01_Civ_To_Minigunner_Guy_JDG.Created,Code/Scripts/Mission01.cpp:5871,games/renegade/content/scripts,,,not_started,,parity,
callback:M01_CommCenter_Evacuator_JDG.Action_Complete,callback,M01_CommCenter_Evacuator_JDG.Action_Complete,Code/Scripts/Mission01.cpp:3271,games/renegade/content/scripts,,,not_started,,parity,
callback:M01_CommCenter_Evacuator_JDG.Created,callback,M01_CommCenter_Evacuator_JDG.Created,Code/Scripts/Mission01.cpp:3231,games/renegade/content/scripts,,,not_started,,parity,
callback:M01_CommCenter_Evacuator_JDG.Damaged,callback,M01_CommCenter_Evacuator_JDG.Damaged,Code/Scripts/Mission01.cpp:3260,games/renegade/content/scripts,,,not_started,,parity,
callback:M01_CommCenter_SAMSite_Script.Damaged,callback,M01_CommCenter_SAMSite_Script.Damaged,Code/Scripts/Mission01.cpp:15684,games/renegade/content/scripts,,,not_started,,parity,
callback:M01_CommCenter_SAMSite_Script.Killed,callback,M01_CommCenter_SAMSite_Script.Killed,Code/Scripts/Mission01.cpp:15695,games/renegade/content/scripts,,,not_started,,parity,
callback:M01_Comm_Base_Commander_Conv_Start_Zone_JDG.Entered,callback,M01_Comm_Base_Commander_Conv_Start_Zone_JDG.Entered,Code/Scripts/Mission01.cpp:6185,games/renegade/content/scripts,,,not_started,,parity,
callback:M01_Comm_Base_Commander_JDG.Created,callback,M01_Comm_Base_Commander_JDG.Created,Code/Scripts/Mission01.cpp:5896,games/renegade/content/scripts,,,not_started,,parity,
callback:M01_Comm_Base_Commander_JDG.Damaged,callback,M01_Comm_Base_Commander_JDG.Damaged,Code/Scripts/Mission01.cpp:5902,games/renegade/content/scripts,,,not_started,,parity,
callback:M01_Comm_Base_Commander_JDG.Enemy_Seen,callback,M01_Comm_Base_Commander_JDG.Enemy_Seen,Code/Scripts/Mission01.cpp:5915,games/renegade/content/scripts,,,not_started,,parity,
callback:M01_Comm_Base_Commander_JDG.Killed,callback,M01_Comm_Base_Commander_JDG.Killed,Code/Scripts/Mission01.cpp:5928,games/renegade/content/scripts,,,not_started,,parity,
callback:M01_Comm_Center_Building_Script_JDG.Damaged,callback,M01_Comm_Center_Building_Script_JDG.Damaged,Code/Scripts/Mission01.cpp:10465,games/renegade/content/scripts,,,not_started,,parity,
callback:M01_Comm_Center_Building_Script_JDG.Killed,callback,M01_Comm_Center_Building_Script_JDG.Killed,Code/Scripts/Mission01.cpp:10447,games/renegade/content/scripts,,,not_started,,parity,
callback:M01_Comm_Center_Exterior_Zone.Entered,callback,M01_Comm_Center_Exterior_Zone.Entered,Code/Scripts/Mission01.cpp:2997,games/renegade/content/scripts,,,not_started,,parity,
callback:M01_Comm_Center_Interior_Zone.Entered,callback,M01_Comm_Center_Interior_Zone.Entered,Code/Scripts/Mission01.cpp:2986,games/renegade/content/scripts,,,not_started,,parity,
callback:M01_Comm_Center_Pen_Gate.Created,callback,M01_Comm_Center_Pen_Gate.Created,Code/Scripts/Mission01.cpp:15650,games/renegade/content/scripts,,,not_started,,parity,
callback:M01_Comm_Center_Pen_Gate.Custom,callback,M01_Comm_Center_Pen_Gate.Custom,Code/Scripts/Mission01.cpp:15664,games/renegade/content/scripts,,,not_started,,parity,
callback:M01_Comm_Center_Pen_Gate.Poked,callback,M01_Comm_Center_Pen_Gate.Poked,Code/Scripts/Mission01.cpp:15656,games/renegade/content/scripts,,,not_started,,parity,
callback:M01_Comm_Center_Player_Terminal_Zone.Created,callback,M01_Comm_Center_Player_Terminal_Zone.Created,Code/Scripts/Mission01.cpp:11498,games/renegade/content/scripts,,,not_started,,parity,
callback:M01_Comm_Center_Player_Terminal_Zone.Custom,callback,M01_Comm_Center_Player_Terminal_Zone.Custom,Code/Scripts/Mission01.cpp:11529,games/renegade/content/scripts,,,not_started,,parity,
callback:M01_Comm_Center_Player_Terminal_Zone.Poked,callback,M01_Comm_Center_Player_Terminal_Zone.Poked,Code/Scripts/Mission01.cpp:11506,games/renegade/content/scripts,,,not_started,,parity,
callback:M01_Comm_ComputerRoom_Tech_JDG.Action_Complete,callback,M01_Comm_ComputerRoom_Tech_JDG.Action_Complete,Code/Scripts/Mission01.cpp:6083,games/renegade/content/scripts,,,not_started,,parity,
callback:M01_Comm_ComputerRoom_Tech_JDG.Created,callback,M01_Comm_ComputerRoom_Tech_JDG.Created,Code/Scripts/Mission01.cpp:6057,games/renegade/content/scripts,,,not_started,,parity,
callback:M01_Comm_ComputerRoom_Tech_JDG.Custom,callback,M01_Comm_ComputerRoom_Tech_JDG.Custom,Code/Scripts/Mission01.cpp:6063,games/renegade/content/scripts,,,not_started,,parity,
callback:M01_Comm_Kane_n_Havoc_Conv_Start_Zone_JDG.Entered,callback,M01_Comm_Kane_n_Havoc_Conv_Start_Zone_JDG.Entered,Code/Scripts/Mission01.cpp:6207,games/renegade/content/scripts,,,not_started,,parity,
callback:M01_Comm_MCT_Placeholder_JDG.Killed,callback,M01_Comm_MCT_Placeholder_JDG.Killed,Code/Scripts/Mission01.cpp:6227,games/renegade/content/scripts,,,not_started,,parity,
callback:M01_Comm_Mainframe_PogZone_01_JDG.Entered,callback,M01_Comm_Mainframe_PogZone_01_JDG.Entered,Code/Scripts/Mission01.cpp:11447,games/renegade/content/scripts,,,not_started,,parity,
callback:M01_Comm_Mainframe_PogZone_02_JDG.Entered,callback,M01_Comm_Mainframe_PogZone_02_JDG.Entered,Code/Scripts/Mission01.cpp:11461,games/renegade/content/scripts,,,not_started,,parity,
callback:M01_Comm_Mainframe_PogZone_03_JDG.Entered,callback,M01_Comm_Mainframe_PogZone_03_JDG.Entered,Code/Scripts/Mission01.cpp:11475,games/renegade/content/scripts,,,not_started,,parity,
callback:M01_Comm_Repair_Engineer_JDG.Created,callback,M01_Comm_Repair_Engineer_JDG.Created,Code/Scripts/Mission01.cpp:10381,games/renegade/content/scripts,,,not_started,,parity,
callback:M01_Comm_Repair_Engineer_JDG.Custom,callback,M01_Comm_Repair_Engineer_JDG.Custom,Code/Scripts/Mission01.cpp:10387,games/renegade/content/scripts,,,not_started,,parity,
callback:M01_Comm_Repair_Engineer_JDG.Timer_Expired,callback,M01_Comm_Repair_Engineer_JDG.Timer_Expired,Code/Scripts/Mission01.cpp:10416,games/renegade/content/scripts,,,not_started,,parity,
callback:M01_Comm_Stationary_Tech_JDG.Action_Complete,callback,M01_Comm_Stationary_Tech_JDG.Action_Complete,Code/Scripts/Mission01.cpp:6027,games/renegade/content/scripts,,,not_started,,parity,
callback:M01_Comm_Stationary_Tech_JDG.Created,callback,M01_Comm_Stationary_Tech_JDG.Created,Code/Scripts/Mission01.cpp:6001,games/renegade/content/scripts,,,not_started,,parity,
callback:M01_Comm_Stationary_Tech_JDG.Custom,callback,M01_Comm_Stationary_Tech_JDG.Custom,Code/Scripts/Mission01.cpp:6007,games/renegade/content/scripts,,,not_started,,parity,
callback:M01_Comm_Upstairs_Guard_JDG.Action_Complete,callback,M01_Comm_Upstairs_Guard_JDG.Action_Complete,Code/Scripts/Mission01.cpp:6134,games/renegade/content/scripts,,,not_started,,parity,
callback:M01_Comm_Upstairs_Guard_JDG.Created,callback,M01_Comm_Upstairs_Guard_JDG.Created,Code/Scripts/Mission01.cpp:6106,games/renegade/content/scripts,,,not_started,,parity,
callback:M01_Comm_Upstairs_Guard_JDG.Custom,callback,M01_Comm_Upstairs_Guard_JDG.Custom,Code/Scripts/Mission01.cpp:6111,games/renegade/content/scripts,,,not_started,,parity,
callback:M01_Comm_Upstairs_Guard_JDG.Timer_Expired,callback,M01_Comm_Upstairs_Guard_JDG.Timer_Expired,Code/Scripts/Mission01.cpp:6151,games/renegade/content/scripts,,,not_started,,parity,
callback:M01_Commander_Shack_Zone_JDG.Created,callback,M01_Commander_Shack_Zone_JDG.Created,Code/Scripts/Mission01.cpp:15724,games/renegade/content/scripts,,,not_started,,parity,
callback:M01_Commander_Shack_Zone_JDG.Custom,callback,M01_Commander_Shack_Zone_JDG.Custom,Code/Scripts/Mission01.cpp:15755,games/renegade/content/scripts,,,not_started,,parity,
callback:M01_Commander_Shack_Zone_JDG.Entered,callback,M01_Commander_Shack_Zone_JDG.Entered,Code/Scripts/Mission01.cpp:15732,games/renegade/content/scripts,,,not_started,,parity,
callback:M01_Commander_Shack_Zone_JDG.Exited,callback,M01_Commander_Shack_Zone_JDG.Exited,Code/Scripts/Mission01.cpp:15747,games/renegade/content/scripts,,,not_started,,parity,
callback:M01_ConDropZone_JDG.Entered,callback,M01_ConDropZone_JDG.Entered,Code/Scripts/Mission01.cpp:17988,games/renegade/content/scripts,,,not_started,,parity,
callback:M01_ConYard_Dropoff_Dude_JDG.Animation_Complete,callback,M01_ConYard_Dropoff_Dude_JDG.Animation_Complete,Code/Scripts/Mission01.cpp:18003,games/renegade/content/scripts,,,not_started,,parity,
callback:M01_DataDisc_TextController_JDG.Created,callback,M01_DataDisc_TextController_JDG.Created,Code/Scripts/Mission01.cpp:21413,games/renegade/content/scripts,,,not_started,,parity,
callback:M01_DataDisc_TextController_JDG.Custom,callback,M01_DataDisc_TextController_JDG.Custom,Code/Scripts/Mission01.cpp:21418,games/renegade/content/scripts,,,not_started,,parity,
callback:M01_Deco_LightTanks_JDG.Created,callback,M01_Deco_LightTanks_JDG.Created,Code/Scripts/Mission01.cpp:17077,games/renegade/content/scripts,,,not_started,,parity,
callback:M01_Deco_LightTanks_JDG.Custom,callback,M01_Deco_LightTanks_JDG.Custom,Code/Scripts/Mission01.cpp:17087,games/renegade/content/scripts,,,not_started,,parity,
callback:M01_Destroyed_SAMSITE_JDG.Created,callback,M01_Destroyed_SAMSITE_JDG.Created,Code/Scripts/Mission01.cpp:3214,games/renegade/content/scripts,,,not_started,,parity,
callback:M01_DetentionCiv_Air_Evac_Chopper_JDG.Animation_Complete,callback,M01_DetentionCiv_Air_Evac_Chopper_JDG.Animation_Complete,Code/Scripts/Mission01.cpp:8347,games/renegade/content/scripts,,,not_started,,parity,
callback:M01_DetentionCiv_Air_Evac_Chopper_JDG.Created,callback,M01_DetentionCiv_Air_Evac_Chopper_JDG.Created,Code/Scripts/Mission01.cpp:8333,games/renegade/content/scripts,,,not_started,,parity,
callback:M01_DetentionCiv_Air_Evac_Chopper_JDG.Custom,callback,M01_DetentionCiv_Air_Evac_Chopper_JDG.Custom,Code/Scripts/Mission01.cpp:8381,games/renegade/content/scripts,,,not_started,,parity,
callback:M01_DetentionCiv_Air_Evac_Chopper_JDG.Damaged,callback,M01_DetentionCiv_Air_Evac_Chopper_JDG.Damaged,Code/Scripts/Mission01.cpp:8341,games/renegade/content/scripts,,,not_started,,parity,
callback:M01_DetentionCiv_Air_Evac_Waypath_JDG.Animation_Complete,callback,M01_DetentionCiv_Air_Evac_Waypath_JDG.Animation_Complete,Code/Scripts/Mission01.cpp:8305,games/renegade/content/scripts,,,not_started,,parity,
callback:M01_DetentionCiv_Air_Evac_Waypath_JDG.Custom,callback,M01_DetentionCiv_Air_Evac_Waypath_JDG.Custom,Code/Scripts/Mission01.cpp:8318,games/renegade/content/scripts,,,not_started,,parity,
callback:M01_DetentionGDI_Air_Evac_Chopper_JDG.Animation_Complete,callback,M01_DetentionGDI_Air_Evac_Chopper_JDG.Animation_Complete,Code/Scripts/Mission01.cpp:8514,games/renegade/content/scripts,,,not_started,,parity,
callback:M01_DetentionGDI_Air_Evac_Chopper_JDG.Created,callback,M01_DetentionGDI_Air_Evac_Chopper_JDG.Created,Code/Scripts/Mission01.cpp:8500,games/renegade/content/scripts,,,not_started,,parity,
callback:M01_DetentionGDI_Air_Evac_Chopper_JDG.Custom,callback,M01_DetentionGDI_Air_Evac_Chopper_JDG.Custom,Code/Scripts/Mission01.cpp:8548,games/renegade/content/scripts,,,not_started,,parity,
callback:M01_DetentionGDI_Air_Evac_Chopper_JDG.Damaged,callback,M01_DetentionGDI_Air_Evac_Chopper_JDG.Damaged,Code/Scripts/Mission01.cpp:8508,games/renegade/content/scripts,,,not_started,,parity,
callback:M01_DetentionGDI_Air_Evac_Waypath_JDG.Animation_Complete,callback,M01_DetentionGDI_Air_Evac_Waypath_JDG.Animation_Complete,Code/Scripts/Mission01.cpp:8472,games/renegade/content/scripts,,,not_started,,parity,
callback:M01_DetentionGDI_Air_Evac_Waypath_JDG.Custom,callback,M01_DetentionGDI_Air_Evac_Waypath_JDG.Custom,Code/Scripts/Mission01.cpp:8485,games/renegade/content/scripts,,,not_started,,parity,
callback:M01_DetentionPen_CivDeathMonitor.Created,callback,M01_DetentionPen_CivDeathMonitor.Created,Code/Scripts/Mission01.cpp:8151,games/renegade/content/scripts,,,not_started,,parity,
callback:M01_DetentionPen_CivDeathMonitor.Custom,callback,M01_DetentionPen_CivDeathMonitor.Custom,Code/Scripts/Mission01.cpp:8172,games/renegade/content/scripts,,,not_started,,parity,
callback:M01_DetentionPen_CivDeathMonitor.Damaged,callback,M01_DetentionPen_CivDeathMonitor.Damaged,Code/Scripts/Mission01.cpp:8156,games/renegade/content/scripts,,,not_started,,parity,
callback:M01_DetentionPen_CivDeathMonitor.Killed,callback,M01_DetentionPen_CivDeathMonitor.Killed,Code/Scripts/Mission01.cpp:8165,games/renegade/content/scripts,,,not_started,,parity,
callback:M01_DetentionPen_Evac_Controller01_JDG.Created,callback,M01_DetentionPen_Evac_Controller01_JDG.Created,Code/Scripts/Mission01.cpp:8254,games/renegade/content/scripts,,,not_started,,parity,
callback:M01_DetentionPen_Evac_Controller01_JDG.Custom,callback,M01_DetentionPen_Evac_Controller01_JDG.Custom,Code/Scripts/Mission01.cpp:8259,games/renegade/content/scripts,,,not_started,,parity,
callback:M01_DetentionPen_Evac_Controller02_JDG.Custom,callback,M01_DetentionPen_Evac_Controller02_JDG.Custom,Code/Scripts/Mission01.cpp:8436,games/renegade/content/scripts,,,not_started,,parity,
callback:M01_DetentionPen_GDIDeathMonitor.Created,callback,M01_DetentionPen_GDIDeathMonitor.Created,Code/Scripts/Mission01.cpp:8199,games/renegade/content/scripts,,,not_started,,parity,
callback:M01_DetentionPen_GDIDeathMonitor.Custom,callback,M01_DetentionPen_GDIDeathMonitor.Custom,Code/Scripts/Mission01.cpp:8220,games/renegade/content/scripts,,,not_started,,parity,
callback:M01_DetentionPen_GDIDeathMonitor.Damaged,callback,M01_DetentionPen_GDIDeathMonitor.Damaged,Code/Scripts/Mission01.cpp:8204,games/renegade/content/scripts,,,not_started,,parity,
callback:M01_DetentionPen_GDIDeathMonitor.Killed,callback,M01_DetentionPen_GDIDeathMonitor.Killed,Code/Scripts/Mission01.cpp:8213,games/renegade/content/scripts,,,not_started,,parity,
callback:M01_Detention_GuardTower_Enter_Zone_JDG.Entered,callback,M01_Detention_GuardTower_Enter_Zone_JDG.Entered,Code/Scripts/Mission01.cpp:13954,games/renegade/content/scripts,,,not_started,,parity,
callback:M01_Detention_GuardTower_Enter_Zone_JDG.Exited,callback,M01_Detention_GuardTower_Enter_Zone_JDG.Exited,Code/Scripts/Mission01.cpp:13996,games/renegade/content/scripts,,,not_started,,parity,
callback:M01_Duncan_Assailer_JDG.Killed,callback,M01_Duncan_Assailer_JDG.Killed,Code/Scripts/Mission01.cpp:21504,games/renegade/content/scripts,,,not_started,,parity,
callback:M01_Duncan_InHere_ConvController_JDG.Created,callback,M01_Duncan_InHere_ConvController_JDG.Created,Code/Scripts/Mission01.cpp:21527,games/renegade/content/scripts,,,not_started,,parity,
callback:M01_Duncan_InHere_ConvController_JDG.Custom,callback,M01_Duncan_InHere_ConvController_JDG.Custom,Code/Scripts/Mission01.cpp:21533,games/renegade/content/scripts,,,not_started,,parity,
callback:M01_Entering_Church_Area_Zone.Entered,callback,M01_Entering_Church_Area_Zone.Entered,Code/Scripts/Mission01.cpp:2938,games/renegade/content/scripts,,,not_started,,parity,
callback:M01_Evac_TroopBone_JDG.Animation_Complete,callback,M01_Evac_TroopBone_JDG.Animation_Complete,Code/Scripts/Mission01.cpp:13369,games/renegade/content/scripts,,,not_started,,parity,
callback:M01_FP_BaseToBase_NorthSouth_Contoller_JDG.Created,callback,M01_FP_BaseToBase_NorthSouth_Contoller_JDG.Created,Code/Scripts/Mission01.cpp:16426,games/renegade/content/scripts,,,not_started,,parity,
callback:M01_FP_BaseToBase_NorthSouth_Contoller_JDG.Timer_Expired,callback,M01_FP_BaseToBase_NorthSouth_Contoller_JDG.Timer_Expired,Code/Scripts/Mission01.cpp:16432,games/renegade/content/scripts,,,not_started,,parity,
callback:M01_FP_BaseToBase_SouthNorth_Contoller_JDG.Created,callback,M01_FP_BaseToBase_SouthNorth_Contoller_JDG.Created,Code/Scripts/Mission01.cpp:16491,games/renegade/content/scripts,,,not_started,,parity,
callback:M01_FP_BaseToBase_SouthNorth_Contoller_JDG.Timer_Expired,callback,M01_FP_BaseToBase_SouthNorth_Contoller_JDG.Timer_Expired,Code/Scripts/Mission01.cpp:16501,games/renegade/content/scripts,,,not_started,,parity,
callback:M01_FP_GDIOcean_NorthSouth_Contoller_JDG.Created,callback,M01_FP_GDIOcean_NorthSouth_Contoller_JDG.Created,Code/Scripts/Mission01.cpp:16955,games/renegade/content/scripts,,,not_started,,parity,
callback:M01_FP_GDIOcean_NorthSouth_Contoller_JDG.Timer_Expired,callback,M01_FP_GDIOcean_NorthSouth_Contoller_JDG.Timer_Expired,Code/Scripts/Mission01.cpp:16961,games/renegade/content/scripts,,,not_started,,parity,
callback:M01_FP_GDIOcean_SouthNorth_Contoller_JDG.Created,callback,M01_FP_GDIOcean_SouthNorth_Contoller_JDG.Created,Code/Scripts/Mission01.cpp:17020,games/renegade/content/scripts,,,not_started,,parity,
callback:M01_FP_GDIOcean_SouthNorth_Contoller_JDG.Timer_Expired,callback,M01_FP_GDIOcean_SouthNorth_Contoller_JDG.Timer_Expired,Code/Scripts/Mission01.cpp:17026,games/renegade/content/scripts,,,not_started,,parity,
callback:M01_FP_NodBase_Dogfight_Contoller_JDG.Created,callback,M01_FP_NodBase_Dogfight_Contoller_JDG.Created,Code/Scripts/Mission01.cpp:16356,games/renegade/content/scripts,,,not_started,,parity,
callback:M01_FP_NodBase_Dogfight_Contoller_JDG.Timer_Expired,callback,M01_FP_NodBase_Dogfight_Contoller_JDG.Timer_Expired,Code/Scripts/Mission01.cpp:16362,games/renegade/content/scripts,,,not_started,,parity,
callback:M01_FP_NodBase_EastWest_Contoller_JDG.Created,callback,M01_FP_NodBase_EastWest_Contoller_JDG.Created,Code/Scripts/Mission01.cpp:16592,games/renegade/content/scripts,,,not_started,,parity,
callback:M01_FP_NodBase_EastWest_Contoller_JDG.Timer_Expired,callback,M01_FP_NodBase_EastWest_Contoller_JDG.Timer_Expired,Code/Scripts/Mission01.cpp:16598,games/renegade/content/scripts,,,not_started,,parity,
callback:M01_FP_NodBase_NorthSouth_Contoller_JDG.Created,callback,M01_FP_NodBase_NorthSouth_Contoller_JDG.Created,Code/Scripts/Mission01.cpp:16787,games/renegade/content/scripts,,,not_started,,parity,
callback:M01_FP_NodBase_NorthSouth_Contoller_JDG.Timer_Expired,callback,M01_FP_NodBase_NorthSouth_Contoller_JDG.Timer_Expired,Code/Scripts/Mission01.cpp:16793,games/renegade/content/scripts,,,not_started,,parity,
callback:M01_FP_NodBase_SouthNorth_Contoller_JDG.Created,callback,M01_FP_NodBase_SouthNorth_Contoller_JDG.Created,Code/Scripts/Mission01.cpp:16871,games/renegade/content/scripts,,,not_started,,parity,
callback:M01_FP_NodBase_SouthNorth_Contoller_JDG.Timer_Expired,callback,M01_FP_NodBase_SouthNorth_Contoller_JDG.Timer_Expired,Code/Scripts/Mission01.cpp:16877,games/renegade/content/scripts,,,not_started,,parity,
callback:M01_FP_NodBase_WestEast_Contoller_JDG.Created,callback,M01_FP_NodBase_WestEast_Contoller_JDG.Created,Code/Scripts/Mission01.cpp:16702,games/renegade/content/scripts,,,not_started,,parity,
callback:M01_FP_NodBase_WestEast_Contoller_JDG.Timer_Expired,callback,M01_FP_NodBase_WestEast_Contoller_JDG.Timer_Expired,Code/Scripts/Mission01.cpp:16708,games/renegade/content/scripts,,,not_started,,parity,
callback:M01_First_AutoRifle_JDG.Custom,callback,M01_First_AutoRifle_JDG.Custom,Code/Scripts/Mission01.cpp:17307,games/renegade/content/scripts,,,not_started,,parity,
callback:M01_Flamethrower_Point_Guard_JDG.Created,callback,M01_Flamethrower_Point_Guard_JDG.Created,Code/Scripts/Mission01.cpp:4604,games/renegade/content/scripts,,,not_started,,parity,
callback:M01_Flamethrower_Point_Guard_JDG.Custom,callback,M01_Flamethrower_Point_Guard_JDG.Custom,Code/Scripts/Mission01.cpp:4620,games/renegade/content/scripts,,,not_started,,parity,
callback:M01_Flamethrower_Point_Guard_JDG.Damaged,callback,M01_Flamethrower_Point_Guard_JDG.Damaged,Code/Scripts/Mission01.cpp:4649,games/renegade/content/scripts,,,not_started,,parity,
callback:M01_Flamethrower_Point_Guard_JDG.Enemy_Seen,callback,M01_Flamethrower_Point_Guard_JDG.Enemy_Seen,Code/Scripts/Mission01.cpp:4644,games/renegade/content/scripts,,,not_started,,parity,
callback:M01_Flamethrower_Point_Guard_JDG.Sound_Heard,callback,M01_Flamethrower_Point_Guard_JDG.Sound_Heard,Code/Scripts/Mission01.cpp:4636,games/renegade/content/scripts,,,not_started,,parity,
callback:M01_Flyover_Generic_Script_JDG.Created,callback,M01_Flyover_Generic_Script_JDG.Created,Code/Scripts/Mission01.cpp:2607,games/renegade/content/scripts,,,not_started,,parity,
callback:M01_FodderHovercraft_Script_JDG.Created,callback,M01_FodderHovercraft_Script_JDG.Created,Code/Scripts/Mission01.cpp:21067,games/renegade/content/scripts,,,not_started,,parity,
callback:M01_FodderHovercraft_Script_JDG.Custom,callback,M01_FodderHovercraft_Script_JDG.Custom,Code/Scripts/Mission01.cpp:21120,games/renegade/content/scripts,,,not_started,,parity,
callback:M01_FodderHovercraft_Script_JDG.Damaged,callback,M01_FodderHovercraft_Script_JDG.Damaged,Code/Scripts/Mission01.cpp:21085,games/renegade/content/scripts,,,not_started,,parity,
callback:M01_FodderHovercraft_Script_JDG.Killed,callback,M01_FodderHovercraft_Script_JDG.Killed,Code/Scripts/Mission01.cpp:21096,games/renegade/content/scripts,,,not_started,,parity,
callback:M01_GDIBaseCommander_Air_Evac_Chopper_JDG.Animation_Complete,callback,M01_GDIBaseCommander_Air_Evac_Chopper_JDG.Animation_Complete,Code/Scripts/Mission01.cpp:17520,games/renegade/content/scripts,,,not_started,,parity,
callback:M01_GDIBaseCommander_Air_Evac_Chopper_JDG.Created,callback,M01_GDIBaseCommander_Air_Evac_Chopper_JDG.Created,Code/Scripts/Mission01.cpp:17498,games/renegade/content/scripts,,,not_started,,parity,
callback:M01_GDIBaseCommander_Air_Evac_Chopper_JDG.Custom,callback,M01_GDIBaseCommander_Air_Evac_Chopper_JDG.Custom,Code/Scripts/Mission01.cpp:17555,games/renegade/content/scripts,,,not_started,,parity,
callback:M01_GDIBaseCommander_Air_Evac_Chopper_JDG.Damaged,callback,M01_GDIBaseCommander_Air_Evac_Chopper_JDG.Damaged,Code/Scripts/Mission01.cpp:17514,games/renegade/content/scripts,,,not_started,,parity,
callback:M01_GDIBaseCommander_Air_Evac_Rope_JDG.Animation_Complete,callback,M01_GDIBaseCommander_Air_Evac_Rope_JDG.Animation_Complete,Code/Scripts/Mission01.cpp:13427,games/renegade/content/scripts,,,not_started,,parity,
callback:M01_GDIBaseCommander_Air_Evac_Rope_JDG.Created,callback,M01_GDIBaseCommander_Air_Evac_Rope_JDG.Created,Code/Scripts/Mission01.cpp:13416,games/renegade/content/scripts,,,not_started,,parity,
callback:M01_GDIBaseCommander_Air_Evac_Rope_JDG.Custom,callback,M01_GDIBaseCommander_Air_Evac_Rope_JDG.Custom,Code/Scripts/Mission01.cpp:13435,games/renegade/content/scripts,,,not_started,,parity,
callback:M01_GDIBaseCommander_Air_Evac_Waypath_JDG.Animation_Complete,callback,M01_GDIBaseCommander_Air_Evac_Waypath_JDG.Animation_Complete,Code/Scripts/Mission01.cpp:13392,games/renegade/content/scripts,,,not_started,,parity,
callback:M01_GDIBaseCommander_Air_Evac_Waypath_JDG.Created,callback,M01_GDIBaseCommander_Air_Evac_Waypath_JDG.Created,Code/Scripts/Mission01.cpp:13382,games/renegade/content/scripts,,,not_started,,parity,
callback:M01_GDIBaseCommander_Air_Evac_Waypath_JDG.Custom,callback,M01_GDIBaseCommander_Air_Evac_Waypath_JDG.Custom,Code/Scripts/Mission01.cpp:13400,games/renegade/content/scripts,,,not_started,,parity,
callback:M01_GDIBaseCommander_EvacController_JDG.Created,callback,M01_GDIBaseCommander_EvacController_JDG.Created,Code/Scripts/Mission01.cpp:17614,games/renegade/content/scripts,,,not_started,,parity,
callback:M01_GDIBaseCommander_EvacController_JDG.Custom,callback,M01_GDIBaseCommander_EvacController_JDG.Custom,Code/Scripts/Mission01.cpp:17620,games/renegade/content/scripts,,,not_started,,parity,
callback:M01_GDIBasePOW_Air_Evac_Chopper_JDG.Animation_Complete,callback,M01_GDIBasePOW_Air_Evac_Chopper_JDG.Animation_Complete,Code/Scripts/Mission01.cpp:17915,games/renegade/content/scripts,,,not_started,,parity,
callback:M01_GDIBasePOW_Air_Evac_Chopper_JDG.Created,callback,M01_GDIBasePOW_Air_Evac_Chopper_JDG.Created,Code/Scripts/Mission01.cpp:17893,games/renegade/content/scripts,,,not_started,,parity,
callback:M01_GDIBasePOW_Air_Evac_Chopper_JDG.Custom,callback,M01_GDIBasePOW_Air_Evac_Chopper_JDG.Custom,Code/Scripts/Mission01.cpp:17945,games/renegade/content/scripts,,,not_started,,parity,
callback:M01_GDIBasePOW_Air_Evac_Chopper_JDG.Damaged,callback,M01_GDIBasePOW_Air_Evac_Chopper_JDG.Damaged,Code/Scripts/Mission01.cpp:17909,games/renegade/content/scripts,,,not_started,,parity,
callback:M01_GDIBasePOW_Air_Evac_Rope_JDG.Animation_Complete,callback,M01_GDIBasePOW_Air_Evac_Rope_JDG.Animation_Complete,Code/Scripts/Mission01.cpp:13302,games/renegade/content/scripts,,,not_started,,parity,
callback:M01_GDIBasePOW_Air_Evac_Rope_JDG.Created,callback,M01_GDIBasePOW_Air_Evac_Rope_JDG.Created,Code/Scripts/Mission01.cpp:13291,games/renegade/content/scripts,,,not_started,,parity,
callback:M01_GDIBasePOW_Air_Evac_Rope_JDG.Custom,callback,M01_GDIBasePOW_Air_Evac_Rope_JDG.Custom,Code/Scripts/Mission01.cpp:13310,games/renegade/content/scripts,,,not_started,,parity,
callback:M01_GDIBasePOW_Air_Evac_Waypath_JDG.Animation_Complete,callback,M01_GDIBasePOW_Air_Evac_Waypath_JDG.Animation_Complete,Code/Scripts/Mission01.cpp:13338,games/renegade/content/scripts,,,not_started,,parity,
callback:M01_GDIBasePOW_Air_Evac_Waypath_JDG.Created,callback,M01_GDIBasePOW_Air_Evac_Waypath_JDG.Created,Code/Scripts/Mission01.cpp:13328,games/renegade/content/scripts,,,not_started,,parity,
callback:M01_GDIBasePOW_Air_Evac_Waypath_JDG.Custom,callback,M01_GDIBasePOW_Air_Evac_Waypath_JDG.Custom,Code/Scripts/Mission01.cpp:13346,games/renegade/content/scripts,,,not_started,,parity,
callback:M01_GDIBase_AI_ExitZone_JDG.Entered,callback,M01_GDIBase_AI_ExitZone_JDG.Entered,Code/Scripts/Mission01.cpp:15082,games/renegade/content/scripts,,,not_started,,parity,
callback:M01_GDIBase_BackPath_NodGuy_JDG.Action_Complete,callback,M01_GDIBase_BackPath_NodGuy_JDG.Action_Complete,Code/Scripts/Mission01.cpp:15286,games/renegade/content/scripts,,,not_started,,parity,
callback:M01_GDIBase_BackPath_NodGuy_JDG.Created,callback,M01_GDIBase_BackPath_NodGuy_JDG.Created,Code/Scripts/Mission01.cpp:15264,games/renegade/content/scripts,,,not_started,,parity,
callback:M01_GDIBase_BackPath_NodGuy_JDG.Custom,callback,M01_GDIBase_BackPath_NodGuy_JDG.Custom,Code/Scripts/Mission01.cpp:15269,games/renegade/content/scripts,,,not_started,,parity,
callback:M01_GDIBase_BaseCommander_JDG.Action_Complete,callback,M01_GDIBase_BaseCommander_JDG.Action_Complete,Code/Scripts/Mission01.cpp:18772,games/renegade/content/scripts,,,not_started,,parity,
callback:M01_GDIBase_BaseCommander_JDG.Animation_Complete,callback,M01_GDIBase_BaseCommander_JDG.Animation_Complete,Code/Scripts/Mission01.cpp:18865,games/renegade/content/scripts,,,not_started,,parity,
callback:M01_GDIBase_BaseCommander_JDG.Created,callback,M01_GDIBase_BaseCommander_JDG.Created,Code/Scripts/Mission01.cpp:18621,games/renegade/content/scripts,,,not_started,,parity,
callback:M01_GDIBase_BaseCommander_JDG.Custom,callback,M01_GDIBase_BaseCommander_JDG.Custom,Code/Scripts/Mission01.cpp:18689,games/renegade/content/scripts,,,not_started,,parity,
callback:M01_GDIBase_BaseCommander_JDG.Damaged,callback,M01_GDIBase_BaseCommander_JDG.Damaged,Code/Scripts/Mission01.cpp:18680,games/renegade/content/scripts,,,not_started,,parity,
callback:M01_GDIBase_BaseCommander_JDG.Killed,callback,M01_GDIBase_BaseCommander_JDG.Killed,Code/Scripts/Mission01.cpp:18630,games/renegade/content/scripts,,,not_started,,parity,
callback:M01_GDIBase_EvacMonitor_JDG.Created,callback,M01_GDIBase_EvacMonitor_JDG.Created,Code/Scripts/Mission01.cpp:10118,games/renegade/content/scripts,,,not_started,,parity,
callback:M01_GDIBase_EvacMonitor_JDG.Custom,callback,M01_GDIBase_EvacMonitor_JDG.Custom,Code/Scripts/Mission01.cpp:10123,games/renegade/content/scripts,,,not_started,,parity,
callback:M01_GDIBase_FirstChinookFlamethrowerGuy_JDG.Created,callback,M01_GDIBase_FirstChinookFlamethrowerGuy_JDG.Created,Code/Scripts/Mission01.cpp:13561,games/renegade/content/scripts,,,not_started,,parity,
callback:M01_GDIBase_FirstChinookMinigunnerGuy_JDG.Created,callback,M01_GDIBase_FirstChinookMinigunnerGuy_JDG.Created,Code/Scripts/Mission01.cpp:17477,games/renegade/content/scripts,,,not_started,,parity,
callback:M01_GDIBase_FirstChinook_Script_JDG.Killed,callback,M01_GDIBase_FirstChinook_Script_JDG.Killed,Code/Scripts/Mission01.cpp:11766,games/renegade/content/scripts,,,not_started,,parity,
callback:M01_GDIBase_LightTank_JDG.Custom,callback,M01_GDIBase_LightTank_JDG.Custom,Code/Scripts/Mission01.cpp:15162,games/renegade/content/scripts,,,not_started,,parity,
callback:M01_GDIBase_LightTank_JDG.Killed,callback,M01_GDIBase_LightTank_JDG.Killed,Code/Scripts/Mission01.cpp:15146,games/renegade/content/scripts,,,not_started,,parity,
callback:M01_GDIBase_LightTank_PastTunnelZone_JDG.Entered,callback,M01_GDIBase_LightTank_PastTunnelZone_JDG.Entered,Code/Scripts/Mission01.cpp:15044,games/renegade/content/scripts,,,not_started,,parity,
callback:M01_GDIBase_POWEncounter02_Controller_JDG.Created,callback,M01_GDIBase_POWEncounter02_Controller_JDG.Created,Code/Scripts/Mission01.cpp:17780,games/renegade/content/scripts,,,not_started,,parity,
callback:M01_GDIBase_POWEncounter02_Controller_JDG.Custom,callback,M01_GDIBase_POWEncounter02_Controller_JDG.Custom,Code/Scripts/Mission01.cpp:17788,games/renegade/content/scripts,,,not_started,,parity,
callback:M01_GDIBase_POW_Conversation_Controller_JDG.Action_Complete,callback,M01_GDIBase_POW_Conversation_Controller_JDG.Action_Complete,Code/Scripts/Mission01.cpp:19662,games/renegade/content/scripts,,,not_started,,parity,
callback:M01_GDIBase_POW_Conversation_Controller_JDG.Created,callback,M01_GDIBase_POW_Conversation_Controller_JDG.Created,Code/Scripts/Mission01.cpp:19611,games/renegade/content/scripts,,,not_started,,parity,
callback:M01_GDIBase_POW_Conversation_Controller_JDG.Custom,callback,M01_GDIBase_POW_Conversation_Controller_JDG.Custom,Code/Scripts/Mission01.cpp:19616,games/renegade/content/scripts,,,not_started,,parity,
callback:M01_GDIBase_RealLightTank_JDG.Action_Complete,callback,M01_GDIBase_RealLightTank_JDG.Action_Complete,Code/Scripts/Mission01.cpp:17252,games/renegade/content/scripts,,,not_started,,parity,
callback:M01_GDIBase_RealLightTank_JDG.Custom,callback,M01_GDIBase_RealLightTank_JDG.Custom,Code/Scripts/Mission01.cpp:17221,games/renegade/content/scripts,,,not_started,,parity,
callback:M01_GDIBase_RealLightTank_JDG.Killed,callback,M01_GDIBase_RealLightTank_JDG.Killed,Code/Scripts/Mission01.cpp:17212,games/renegade/content/scripts,,,not_started,,parity,
callback:M01_GDI_BaseCommander_Backside_EntryZone_JDG.Created,callback,M01_GDI_BaseCommander_Backside_EntryZone_JDG.Created,Code/Scripts/Mission01.cpp:15404,games/renegade/content/scripts,,,not_started,,parity,
callback:M01_GDI_BaseCommander_Backside_EntryZone_JDG.Entered,callback,M01_GDI_BaseCommander_Backside_EntryZone_JDG.Entered,Code/Scripts/Mission01.cpp:15409,games/renegade/content/scripts,,,not_started,,parity,
callback:M01_GDI_Base_Artillery_Controller_JDG.Created,callback,M01_GDI_Base_Artillery_Controller_JDG.Created,Code/Scripts/Mission01.cpp:7319,games/renegade/content/scripts,,,not_started,,parity,
callback:M01_GDI_Base_Artillery_Controller_JDG.Custom,callback,M01_GDI_Base_Artillery_Controller_JDG.Custom,Code/Scripts/Mission01.cpp:7365,games/renegade/content/scripts,,,not_started,,parity,
callback:M01_GDI_Base_Spawner_Controller_JDG.Created,callback,M01_GDI_Base_Spawner_Controller_JDG.Created,Code/Scripts/Mission01.cpp:6398,games/renegade/content/scripts,,,not_started,,parity,
callback:M01_GDI_Base_Spawner_Controller_JDG.Custom,callback,M01_GDI_Base_Spawner_Controller_JDG.Custom,Code/Scripts/Mission01.cpp:6403,games/renegade/content/scripts,,,not_started,,parity,
callback:M01_GDI_Base_Spawner_Guy_JDG.Killed,callback,M01_GDI_Base_Spawner_Guy_JDG.Killed,Code/Scripts/Mission01.cpp:6513,games/renegade/content/scripts,,,not_started,,parity,
callback:M01_GDI_BeachGuy01_JDG.Action_Complete,callback,M01_GDI_BeachGuy01_JDG.Action_Complete,Code/Scripts/Mission01.cpp:19720,games/renegade/content/scripts,,,not_started,,parity,
callback:M01_GDI_BeachGuy01_JDG.Created,callback,M01_GDI_BeachGuy01_JDG.Created,Code/Scripts/Mission01.cpp:19701,games/renegade/content/scripts,,,not_started,,parity,
callback:M01_GDI_BeachGuy01_JDG.Damaged,callback,M01_GDI_BeachGuy01_JDG.Damaged,Code/Scripts/Mission01.cpp:19711,games/renegade/content/scripts,,,not_started,,parity,
callback:M01_GDI_Escort_Conversation_Controller_GDI.Created,callback,M01_GDI_Escort_Conversation_Controller_GDI.Created,Code/Scripts/Mission01.cpp:9277,games/renegade/content/scripts,,,not_started,,parity,
callback:M01_GDI_Escort_Conversation_Controller_GDI.Custom,callback,M01_GDI_Escort_Conversation_Controller_GDI.Custom,Code/Scripts/Mission01.cpp:9282,games/renegade/content/scripts,,,not_started,,parity,
callback:M01_GDI_GuardTower02_SniperRifle_JDG.Custom,callback,M01_GDI_GuardTower02_SniperRifle_JDG.Custom,Code/Scripts/Mission01.cpp:19784,games/renegade/content/scripts,,,not_started,,parity,
callback:M01_GDI_GuardTower_02_Enter_Zone_JDG.Entered,callback,M01_GDI_GuardTower_02_Enter_Zone_JDG.Entered,Code/Scripts/Mission01.cpp:19764,games/renegade/content/scripts,,,not_started,,parity,
callback:M01_GDI_GuardTower_NOD_Commander_JDG.Action_Complete,callback,M01_GDI_GuardTower_NOD_Commander_JDG.Action_Complete,Code/Scripts/Mission01.cpp:14851,games/renegade/content/scripts,,,not_started,,parity,
callback:M01_GDI_GuardTower_NOD_Commander_JDG.Created,callback,M01_GDI_GuardTower_NOD_Commander_JDG.Created,Code/Scripts/Mission01.cpp:14726,games/renegade/content/scripts,,,not_started,,parity,
callback:M01_GDI_GuardTower_NOD_Commander_JDG.Custom,callback,M01_GDI_GuardTower_NOD_Commander_JDG.Custom,Code/Scripts/Mission01.cpp:14864,games/renegade/content/scripts,,,not_started,,parity,
callback:M01_GDI_GuardTower_NOD_Commander_JDG.Damaged,callback,M01_GDI_GuardTower_NOD_Commander_JDG.Damaged,Code/Scripts/Mission01.cpp:14735,games/renegade/content/scripts,,,not_started,,parity,
callback:M01_GDI_GuardTower_NOD_Commander_JDG.Enemy_Seen,callback,M01_GDI_GuardTower_NOD_Commander_JDG.Enemy_Seen,Code/Scripts/Mission01.cpp:14758,games/renegade/content/scripts,,,not_started,,parity,
callback:M01_GDI_GuardTower_NOD_Commander_JDG.Killed,callback,M01_GDI_GuardTower_NOD_Commander_JDG.Killed,Code/Scripts/Mission01.cpp:14796,games/renegade/content/scripts,,,not_started,,parity,
callback:M01_GDI_GuardTower_NOD_Commander_JDG.Sound_Heard,callback,M01_GDI_GuardTower_NOD_Commander_JDG.Sound_Heard,Code/Scripts/Mission01.cpp:14766,games/renegade/content/scripts,,,not_started,,parity,
callback:M01_GDI_Toolshed_PatrolGuy_JDG.Action_Complete,callback,M01_GDI_Toolshed_PatrolGuy_JDG.Action_Complete,Code/Scripts/Mission01.cpp:6247,games/renegade/content/scripts,,,not_started,,parity,
callback:M01_GDI_Toolshed_PatrolGuy_JDG.Created,callback,M01_GDI_Toolshed_PatrolGuy_JDG.Created,Code/Scripts/Mission01.cpp:6235,games/renegade/content/scripts,,,not_started,,parity,
callback:M01_GateSwitch_Tutorial_Zone_JDG.Created,callback,M01_GateSwitch_Tutorial_Zone_JDG.Created,Code/Scripts/Mission01.cpp:18140,games/renegade/content/scripts,,,not_started,,parity,
callback:M01_GateSwitch_Tutorial_Zone_JDG.Custom,callback,M01_GateSwitch_Tutorial_Zone_JDG.Custom,Code/Scripts/Mission01.cpp:18155,games/renegade/content/scripts,,,not_started,,parity,
callback:M01_GateSwitch_Tutorial_Zone_JDG.Entered,callback,M01_GateSwitch_Tutorial_Zone_JDG.Entered,Code/Scripts/Mission01.cpp:18145,games/renegade/content/scripts,,,not_started,,parity,
callback:M01_GiveMCTSpeech_Zone_JDG.Action_Complete,callback,M01_GiveMCTSpeech_Zone_JDG.Action_Complete,Code/Scripts/Mission01.cpp:20574,games/renegade/content/scripts,,,not_started,,parity,
callback:M01_GiveMCTSpeech_Zone_JDG.Created,callback,M01_GiveMCTSpeech_Zone_JDG.Created,Code/Scripts/Mission01.cpp:20565,games/renegade/content/scripts,,,not_started,,parity,
callback:M01_GiveMCTSpeech_Zone_JDG.Custom,callback,M01_GiveMCTSpeech_Zone_JDG.Custom,Code/Scripts/Mission01.cpp:20598,games/renegade/content/scripts,,,not_started,,parity,
callback:M01_GiveMCTSpeech_Zone_JDG.Entered,callback,M01_GiveMCTSpeech_Zone_JDG.Entered,Code/Scripts/Mission01.cpp:20652,games/renegade/content/scripts,,,not_started,,parity,
callback:M01_GiveMCTSpeech_Zone_JDG.Exited,callback,M01_GiveMCTSpeech_Zone_JDG.Exited,Code/Scripts/Mission01.cpp:20661,games/renegade/content/scripts,,,not_started,,parity,
callback:M01_GuardTower02_NewSniperTarget_JDG.Action_Complete,callback,M01_GuardTower02_NewSniperTarget_JDG.Action_Complete,Code/Scripts/Mission01.cpp:20002,games/renegade/content/scripts,,,not_started,,parity,
callback:M01_GuardTower02_NewSniperTarget_JDG.Created,callback,M01_GuardTower02_NewSniperTarget_JDG.Created,Code/Scripts/Mission01.cpp:19990,games/renegade/content/scripts,,,not_started,,parity,
callback:M01_GuardTower02_NewSniperTarget_JDG.Custom,callback,M01_GuardTower02_NewSniperTarget_JDG.Custom,Code/Scripts/Mission01.cpp:20034,games/renegade/content/scripts,,,not_started,,parity,
callback:M01_GuardTower02_Sniper_Target01_JDG.Action_Complete,callback,M01_GuardTower02_Sniper_Target01_JDG.Action_Complete,Code/Scripts/Mission01.cpp:19868,games/renegade/content/scripts,,,not_started,,parity,
callback:M01_GuardTower02_Sniper_Target01_JDG.Created,callback,M01_GuardTower02_Sniper_Target01_JDG.Created,Code/Scripts/Mission01.cpp:19815,games/renegade/content/scripts,,,not_started,,parity,
callback:M01_GuardTower02_Sniper_Target01_JDG.Custom,callback,M01_GuardTower02_Sniper_Target01_JDG.Custom,Code/Scripts/Mission01.cpp:19852,games/renegade/content/scripts,,,not_started,,parity,
callback:M01_GuardTower02_Sniper_Target01_JDG.Killed,callback,M01_GuardTower02_Sniper_Target01_JDG.Killed,Code/Scripts/Mission01.cpp:19833,games/renegade/content/scripts,,,not_started,,parity,
callback:M01_GuardTower02_Sniper_Target02_JDG.Action_Complete,callback,M01_GuardTower02_Sniper_Target02_JDG.Action_Complete,Code/Scripts/Mission01.cpp:20092,games/renegade/content/scripts,,,not_started,,parity,
callback:M01_GuardTower02_Sniper_Target02_JDG.Created,callback,M01_GuardTower02_Sniper_Target02_JDG.Created,Code/Scripts/Mission01.cpp:20061,games/renegade/content/scripts,,,not_started,,parity,
callback:M01_GuardTower02_Sniper_Target02_JDG.Custom,callback,M01_GuardTower02_Sniper_Target02_JDG.Custom,Code/Scripts/Mission01.cpp:20112,games/renegade/content/scripts,,,not_started,,parity,
callback:M01_GuardTower02_Sniper_Target02_JDG.Killed,callback,M01_GuardTower02_Sniper_Target02_JDG.Killed,Code/Scripts/Mission01.cpp:20074,games/renegade/content/scripts,,,not_started,,parity,
callback:M01_GuardTower02_Sniper_TowerZone_JDG.Created,callback,M01_GuardTower02_Sniper_TowerZone_JDG.Created,Code/Scripts/Mission01.cpp:19938,games/renegade/content/scripts,,,not_started,,parity,
callback:M01_GuardTower02_Sniper_TowerZone_JDG.Custom,callback,M01_GuardTower02_Sniper_TowerZone_JDG.Custom,Code/Scripts/Mission01.cpp:19960,games/renegade/content/scripts,,,not_started,,parity,
callback:M01_GuardTower02_Sniper_TowerZone_JDG.Entered,callback,M01_GuardTower02_Sniper_TowerZone_JDG.Entered,Code/Scripts/Mission01.cpp:19944,games/renegade/content/scripts,,,not_started,,parity,
callback:M01_GuardTower02_Sniper_TowerZone_JDG.Exited,callback,M01_GuardTower02_Sniper_TowerZone_JDG.Exited,Code/Scripts/Mission01.cpp:19952,games/renegade/content/scripts,,,not_started,,parity,
callback:M01_GuardTower_Sniper_Target_JDG.Action_Complete,callback,M01_GuardTower_Sniper_Target_JDG.Action_Complete,Code/Scripts/Mission01.cpp:7551,games/renegade/content/scripts,,,not_started,,parity,
callback:M01_GuardTower_Sniper_Target_JDG.Created,callback,M01_GuardTower_Sniper_Target_JDG.Created,Code/Scripts/Mission01.cpp:7501,games/renegade/content/scripts,,,not_started,,parity,
callback:M01_GuardTower_Sniper_Target_JDG.Custom,callback,M01_GuardTower_Sniper_Target_JDG.Custom,Code/Scripts/Mission01.cpp:7537,games/renegade/content/scripts,,,not_started,,parity,
callback:M01_GuardTower_Sniper_Target_JDG.Killed,callback,M01_GuardTower_Sniper_Target_JDG.Killed,Code/Scripts/Mission01.cpp:7515,games/renegade/content/scripts,,,not_started,,parity,
callback:M01_GunboatAction_Controller_JDG.Created,callback,M01_GunboatAction_Controller_JDG.Created,Code/Scripts/Mission01.cpp:18345,games/renegade/content/scripts,,,not_started,,parity,
callback:M01_GunboatAction_Controller_JDG.Custom,callback,M01_GunboatAction_Controller_JDG.Custom,Code/Scripts/Mission01.cpp:18351,games/renegade/content/scripts,,,not_started,,parity,
callback:M01_HON_BackDoor_Evacuator_JDG.Action_Complete,callback,M01_HON_BackDoor_Evacuator_JDG.Action_Complete,Code/Scripts/Mission01.cpp:3377,games/renegade/content/scripts,,,not_started,,parity,
callback:M01_HON_BackDoor_Evacuator_JDG.Created,callback,M01_HON_BackDoor_Evacuator_JDG.Created,Code/Scripts/Mission01.cpp:3347,games/renegade/content/scripts,,,not_started,,parity,
callback:M01_HON_BackDoor_Evacuator_JDG.Damaged,callback,M01_HON_BackDoor_Evacuator_JDG.Damaged,Code/Scripts/Mission01.cpp:3366,games/renegade/content/scripts,,,not_started,,parity,
callback:M01_HON_Cafeteria_Eating_Guy_JDG.Action_Complete,callback,M01_HON_Cafeteria_Eating_Guy_JDG.Action_Complete,Code/Scripts/Mission01.cpp:3928,games/renegade/content/scripts,,,not_started,,parity,
callback:M01_HON_Cafeteria_Eating_Guy_JDG.Created,callback,M01_HON_Cafeteria_Eating_Guy_JDG.Created,Code/Scripts/Mission01.cpp:3851,games/renegade/content/scripts,,,not_started,,parity,
callback:M01_HON_Cafeteria_Eating_Guy_JDG.Custom,callback,M01_HON_Cafeteria_Eating_Guy_JDG.Custom,Code/Scripts/Mission01.cpp:3869,games/renegade/content/scripts,,,not_started,,parity,
callback:M01_HON_Cafeteria_Eating_Guy_JDG.Damaged,callback,M01_HON_Cafeteria_Eating_Guy_JDG.Damaged,Code/Scripts/Mission01.cpp:3858,games/renegade/content/scripts,,,not_started,,parity,
callback:M01_HON_Cafeteria_Walking_Guy_JDG.Action_Complete,callback,M01_HON_Cafeteria_Walking_Guy_JDG.Action_Complete,Code/Scripts/Mission01.cpp:4017,games/renegade/content/scripts,,,not_started,,parity,
callback:M01_HON_Cafeteria_Walking_Guy_JDG.Created,callback,M01_HON_Cafeteria_Walking_Guy_JDG.Created,Code/Scripts/Mission01.cpp:3939,games/renegade/content/scripts,,,not_started,,parity,
callback:M01_HON_Cafeteria_Walking_Guy_JDG.Custom,callback,M01_HON_Cafeteria_Walking_Guy_JDG.Custom,Code/Scripts/Mission01.cpp:3955,games/renegade/content/scripts,,,not_started,,parity,
callback:M01_HON_Cafeteria_Walking_Guy_JDG.Damaged,callback,M01_HON_Cafeteria_Walking_Guy_JDG.Damaged,Code/Scripts/Mission01.cpp:3944,games/renegade/content/scripts,,,not_started,,parity,
callback:M01_HON_Chinook_Spawned_Soldier_01_GDI_JDG.Action_Complete,callback,M01_HON_Chinook_Spawned_Soldier_01_GDI_JDG.Action_Complete,Code/Scripts/Mission01.cpp:20371,games/renegade/content/scripts,,,not_started,,parity,
callback:M01_HON_Chinook_Spawned_Soldier_01_GDI_JDG.Animation_Complete,callback,M01_HON_Chinook_Spawned_Soldier_01_GDI_JDG.Animation_Complete,Code/Scripts/Mission01.cpp:20230,games/renegade/content/scripts,,,not_started,,parity,
callback:M01_HON_Chinook_Spawned_Soldier_01_GDI_JDG.Created,callback,M01_HON_Chinook_Spawned_Soldier_01_GDI_JDG.Created,Code/Scripts/Mission01.cpp:20207,games/renegade/content/scripts,,,not_started,,parity,
callback:M01_HON_Chinook_Spawned_Soldier_01_GDI_JDG.Custom,callback,M01_HON_Chinook_Spawned_Soldier_01_GDI_JDG.Custom,Code/Scripts/Mission01.cpp:20251,games/renegade/content/scripts,,,not_started,,parity,
callback:M01_HON_Chinook_Spawned_Soldier_01_GDI_JDG.Killed,callback,M01_HON_Chinook_Spawned_Soldier_01_GDI_JDG.Killed,Code/Scripts/Mission01.cpp:20239,games/renegade/content/scripts,,,not_started,,parity,
callback:M01_HON_Chinook_Spawned_Soldier_02_GDI_JDG.Action_Complete,callback,M01_HON_Chinook_Spawned_Soldier_02_GDI_JDG.Action_Complete,Code/Scripts/Mission01.cpp:20518,games/renegade/content/scripts,,,not_started,,parity,
callback:M01_HON_Chinook_Spawned_Soldier_02_GDI_JDG.Animation_Complete,callback,M01_HON_Chinook_Spawned_Soldier_02_GDI_JDG.Animation_Complete,Code/Scripts/Mission01.cpp:20434,games/renegade/content/scripts,,,not_started,,parity,
callback:M01_HON_Chinook_Spawned_Soldier_02_GDI_JDG.Created,callback,M01_HON_Chinook_Spawned_Soldier_02_GDI_JDG.Created,Code/Scripts/Mission01.cpp:20412,games/renegade/content/scripts,,,not_started,,parity,
callback:M01_HON_Chinook_Spawned_Soldier_02_GDI_JDG.Custom,callback,M01_HON_Chinook_Spawned_Soldier_02_GDI_JDG.Custom,Code/Scripts/Mission01.cpp:20454,games/renegade/content/scripts,,,not_started,,parity,
callback:M01_HON_Chinook_Spawned_Soldier_02_GDI_JDG.Killed,callback,M01_HON_Chinook_Spawned_Soldier_02_GDI_JDG.Killed,Code/Scripts/Mission01.cpp:20442,games/renegade/content/scripts,,,not_started,,parity,
callback:M01_HON_Chinook_Spawned_Soldier_03_GDI_JDG.Action_Complete,callback,M01_HON_Chinook_Spawned_Soldier_03_GDI_JDG.Action_Complete,Code/Scripts/Mission01.cpp:8817,games/renegade/content/scripts,,,not_started,,parity,
callback:M01_HON_Chinook_Spawned_Soldier_03_GDI_JDG.Animation_Complete,callback,M01_HON_Chinook_Spawned_Soldier_03_GDI_JDG.Animation_Complete,Code/Scripts/Mission01.cpp:8805,games/renegade/content/scripts,,,not_started,,parity,
callback:M01_HON_Chinook_Spawned_Soldier_03_GDI_JDG.Custom,callback,M01_HON_Chinook_Spawned_Soldier_03_GDI_JDG.Custom,Code/Scripts/Mission01.cpp:8829,games/renegade/content/scripts,,,not_started,,parity,
callback:M01_HON_Chinook_Spawned_Soldier_04_GDI_JDG.Action_Complete,callback,M01_HON_Chinook_Spawned_Soldier_04_GDI_JDG.Action_Complete,Code/Scripts/Mission01.cpp:8887,games/renegade/content/scripts,,,not_started,,parity,
callback:M01_HON_Chinook_Spawned_Soldier_04_GDI_JDG.Animation_Complete,callback,M01_HON_Chinook_Spawned_Soldier_04_GDI_JDG.Animation_Complete,Code/Scripts/Mission01.cpp:8857,games/renegade/content/scripts,,,not_started,,parity,
callback:M01_HON_Chinook_Spawned_Soldier_04_GDI_JDG.Custom,callback,M01_HON_Chinook_Spawned_Soldier_04_GDI_JDG.Custom,Code/Scripts/Mission01.cpp:8869,games/renegade/content/scripts,,,not_started,,parity,
callback:M01_HON_Commander_Guy.Killed,callback,M01_HON_Commander_Guy.Killed,Code/Scripts/Mission01.cpp:3175,games/renegade/content/scripts,,,not_started,,parity,
callback:M01_HON_Dojo_Civ_01_JDG.Action_Complete,callback,M01_HON_Dojo_Civ_01_JDG.Action_Complete,Code/Scripts/Mission01.cpp:11326,games/renegade/content/scripts,,,not_started,,parity,
callback:M01_HON_Dojo_Civ_01_JDG.Created,callback,M01_HON_Dojo_Civ_01_JDG.Created,Code/Scripts/Mission01.cpp:11165,games/renegade/content/scripts,,,not_started,,parity,
callback:M01_HON_Dojo_Civ_01_JDG.Custom,callback,M01_HON_Dojo_Civ_01_JDG.Custom,Code/Scripts/Mission01.cpp:11196,games/renegade/content/scripts,,,not_started,,parity,
callback:M01_HON_Dojo_Civ_01_JDG.Killed,callback,M01_HON_Dojo_Civ_01_JDG.Killed,Code/Scripts/Mission01.cpp:11191,games/renegade/content/scripts,,,not_started,,parity,
callback:M01_HON_Dojo_Trainer_JDG.Action_Complete,callback,M01_HON_Dojo_Trainer_JDG.Action_Complete,Code/Scripts/Mission01.cpp:11110,games/renegade/content/scripts,,,not_started,,parity,
callback:M01_HON_Dojo_Trainer_JDG.Created,callback,M01_HON_Dojo_Trainer_JDG.Created,Code/Scripts/Mission01.cpp:10990,games/renegade/content/scripts,,,not_started,,parity,
callback:M01_HON_Dojo_Trainer_JDG.Custom,callback,M01_HON_Dojo_Trainer_JDG.Custom,Code/Scripts/Mission01.cpp:11069,games/renegade/content/scripts,,,not_started,,parity,
callback:M01_HON_Dojo_Trainer_JDG.Damaged,callback,M01_HON_Dojo_Trainer_JDG.Damaged,Code/Scripts/Mission01.cpp:11043,games/renegade/content/scripts,,,not_started,,parity,
callback:M01_HON_Dojo_Trainer_JDG.Killed,callback,M01_HON_Dojo_Trainer_JDG.Killed,Code/Scripts/Mission01.cpp:10998,games/renegade/content/scripts,,,not_started,,parity,
callback:M01_HON_Dorm_ChemGuy_JDG.Action_Complete,callback,M01_HON_Dorm_ChemGuy_JDG.Action_Complete,Code/Scripts/Mission01.cpp:3656,games/renegade/content/scripts,,,not_started,,parity,
callback:M01_HON_Dorm_ChemGuy_JDG.Created,callback,M01_HON_Dorm_ChemGuy_JDG.Created,Code/Scripts/Mission01.cpp:3580,games/renegade/content/scripts,,,not_started,,parity,
callback:M01_HON_Dorm_ChemGuy_JDG.Custom,callback,M01_HON_Dorm_ChemGuy_JDG.Custom,Code/Scripts/Mission01.cpp:3597,games/renegade/content/scripts,,,not_started,,parity,
callback:M01_HON_Dorm_ChemGuy_JDG.Damaged,callback,M01_HON_Dorm_ChemGuy_JDG.Damaged,Code/Scripts/Mission01.cpp:3586,games/renegade/content/scripts,,,not_started,,parity,
callback:M01_HON_Dorm_Crapper_JDG.Action_Complete,callback,M01_HON_Dorm_Crapper_JDG.Action_Complete,Code/Scripts/Mission01.cpp:3464,games/renegade/content/scripts,,,not_started,,parity,
callback:M01_HON_Dorm_Crapper_JDG.Created,callback,M01_HON_Dorm_Crapper_JDG.Created,Code/Scripts/Mission01.cpp:3388,games/renegade/content/scripts,,,not_started,,parity,
callback:M01_HON_Dorm_Crapper_JDG.Custom,callback,M01_HON_Dorm_Crapper_JDG.Custom,Code/Scripts/Mission01.cpp:3405,games/renegade/content/scripts,,,not_started,,parity,
callback:M01_HON_Dorm_Crapper_JDG.Damaged,callback,M01_HON_Dorm_Crapper_JDG.Damaged,Code/Scripts/Mission01.cpp:3394,games/renegade/content/scripts,,,not_started,,parity,
callback:M01_HON_Dorm_Crapper_JDG.Killed,callback,M01_HON_Dorm_Crapper_JDG.Killed,Code/Scripts/Mission01.cpp:3483,games/renegade/content/scripts,,,not_started,,parity,
callback:M01_HON_Dorm_FlameGuy_JDG.Action_Complete,callback,M01_HON_Dorm_FlameGuy_JDG.Action_Complete,Code/Scripts/Mission01.cpp:3567,games/renegade/content/scripts,,,not_started,,parity,
callback:M01_HON_Dorm_FlameGuy_JDG.Created,callback,M01_HON_Dorm_FlameGuy_JDG.Created,Code/Scripts/Mission01.cpp:3491,games/renegade/content/scripts,,,not_started,,parity,
callback:M01_HON_Dorm_FlameGuy_JDG.Custom,callback,M01_HON_Dorm_FlameGuy_JDG.Custom,Code/Scripts/Mission01.cpp:3508,games/renegade/content/scripts,,,not_started,,parity,
callback:M01_HON_Dorm_FlameGuy_JDG.Damaged,callback,M01_HON_Dorm_FlameGuy_JDG.Damaged,Code/Scripts/Mission01.cpp:3497,games/renegade/content/scripts,,,not_started,,parity,
callback:M01_HON_Dorm_MiniGunner_JDG.Action_Complete,callback,M01_HON_Dorm_MiniGunner_JDG.Action_Complete,Code/Scripts/Mission01.cpp:3832,games/renegade/content/scripts,,,not_started,,parity,
callback:M01_HON_Dorm_MiniGunner_JDG.Created,callback,M01_HON_Dorm_MiniGunner_JDG.Created,Code/Scripts/Mission01.cpp:3756,games/renegade/content/scripts,,,not_started,,parity,
callback:M01_HON_Dorm_MiniGunner_JDG.Custom,callback,M01_HON_Dorm_MiniGunner_JDG.Custom,Code/Scripts/Mission01.cpp:3773,games/renegade/content/scripts,,,not_started,,parity,
callback:M01_HON_Dorm_MiniGunner_JDG.Damaged,callback,M01_HON_Dorm_MiniGunner_JDG.Damaged,Code/Scripts/Mission01.cpp:3762,games/renegade/content/scripts,,,not_started,,parity,
callback:M01_HON_Dorm_RocketGuy_JDG.Action_Complete,callback,M01_HON_Dorm_RocketGuy_JDG.Action_Complete,Code/Scripts/Mission01.cpp:3745,games/renegade/content/scripts,,,not_started,,parity,
callback:M01_HON_Dorm_RocketGuy_JDG.Created,callback,M01_HON_Dorm_RocketGuy_JDG.Created,Code/Scripts/Mission01.cpp:3669,games/renegade/content/scripts,,,not_started,,parity,
callback:M01_HON_Dorm_RocketGuy_JDG.Custom,callback,M01_HON_Dorm_RocketGuy_JDG.Custom,Code/Scripts/Mission01.cpp:3686,games/renegade/content/scripts,,,not_started,,parity,
callback:M01_HON_Dorm_RocketGuy_JDG.Damaged,callback,M01_HON_Dorm_RocketGuy_JDG.Damaged,Code/Scripts/Mission01.cpp:3675,games/renegade/content/scripts,,,not_started,,parity,
callback:M01_HON_Easy_Spawned_Guy_01_JDG.Action_Complete,callback,M01_HON_Easy_Spawned_Guy_01_JDG.Action_Complete,Code/Scripts/Mission01.cpp:4812,games/renegade/content/scripts,,,not_started,,parity,
callback:M01_HON_Easy_Spawned_Guy_01_JDG.Created,callback,M01_HON_Easy_Spawned_Guy_01_JDG.Created,Code/Scripts/Mission01.cpp:4718,games/renegade/content/scripts,,,not_started,,parity,
callback:M01_HON_Easy_Spawned_Guy_01_JDG.Custom,callback,M01_HON_Easy_Spawned_Guy_01_JDG.Custom,Code/Scripts/Mission01.cpp:4792,games/renegade/content/scripts,,,not_started,,parity,
callback:M01_HON_Easy_Spawned_Guy_01_JDG.Damaged,callback,M01_HON_Easy_Spawned_Guy_01_JDG.Damaged,Code/Scripts/Mission01.cpp:4730,games/renegade/content/scripts,,,not_started,,parity,
callback:M01_HON_Easy_Spawned_Guy_01_JDG.Enemy_Seen,callback,M01_HON_Easy_Spawned_Guy_01_JDG.Enemy_Seen,Code/Scripts/Mission01.cpp:4758,games/renegade/content/scripts,,,not_started,,parity,
callback:M01_HON_Easy_Spawned_Guy_01_JDG.Killed,callback,M01_HON_Easy_Spawned_Guy_01_JDG.Killed,Code/Scripts/Mission01.cpp:4748,games/renegade/content/scripts,,,not_started,,parity,
callback:M01_HON_Easy_Spawned_Guy_01_JDG.Sound_Heard,callback,M01_HON_Easy_Spawned_Guy_01_JDG.Sound_Heard,Code/Scripts/Mission01.cpp:4770,games/renegade/content/scripts,,,not_started,,parity,
callback:M01_HON_Easy_Spawned_Guy_02_JDG.Action_Complete,callback,M01_HON_Easy_Spawned_Guy_02_JDG.Action_Complete,Code/Scripts/Mission01.cpp:4927,games/renegade/content/scripts,,,not_started,,parity,
callback:M01_HON_Easy_Spawned_Guy_02_JDG.Created,callback,M01_HON_Easy_Spawned_Guy_02_JDG.Created,Code/Scripts/Mission01.cpp:4834,games/renegade/content/scripts,,,not_started,,parity,
callback:M01_HON_Easy_Spawned_Guy_02_JDG.Custom,callback,M01_HON_Easy_Spawned_Guy_02_JDG.Custom,Code/Scripts/Mission01.cpp:4908,games/renegade/content/scripts,,,not_started,,parity,
callback:M01_HON_Easy_Spawned_Guy_02_JDG.Damaged,callback,M01_HON_Easy_Spawned_Guy_02_JDG.Damaged,Code/Scripts/Mission01.cpp:4846,games/renegade/content/scripts,,,not_started,,parity,
callback:M01_HON_Easy_Spawned_Guy_02_JDG.Enemy_Seen,callback,M01_HON_Easy_Spawned_Guy_02_JDG.Enemy_Seen,Code/Scripts/Mission01.cpp:4874,games/renegade/content/scripts,,,not_started,,parity,
callback:M01_HON_Easy_Spawned_Guy_02_JDG.Killed,callback,M01_HON_Easy_Spawned_Guy_02_JDG.Killed,Code/Scripts/Mission01.cpp:4864,games/renegade/content/scripts,,,not_started,,parity,
callback:M01_HON_Easy_Spawned_Guy_02_JDG.Sound_Heard,callback,M01_HON_Easy_Spawned_Guy_02_JDG.Sound_Heard,Code/Scripts/Mission01.cpp:4886,games/renegade/content/scripts,,,not_started,,parity,
callback:M01_HON_Easy_Spawned_Guy_03_JDG.Action_Complete,callback,M01_HON_Easy_Spawned_Guy_03_JDG.Action_Complete,Code/Scripts/Mission01.cpp:5043,games/renegade/content/scripts,,,not_started,,parity,
callback:M01_HON_Easy_Spawned_Guy_03_JDG.Created,callback,M01_HON_Easy_Spawned_Guy_03_JDG.Created,Code/Scripts/Mission01.cpp:4949,games/renegade/content/scripts,,,not_started,,parity,
callback:M01_HON_Easy_Spawned_Guy_03_JDG.Custom,callback,M01_HON_Easy_Spawned_Guy_03_JDG.Custom,Code/Scripts/Mission01.cpp:5023,games/renegade/content/scripts,,,not_started,,parity,
callback:M01_HON_Easy_Spawned_Guy_03_JDG.Damaged,callback,M01_HON_Easy_Spawned_Guy_03_JDG.Damaged,Code/Scripts/Mission01.cpp:4961,games/renegade/content/scripts,,,not_started,,parity,
callback:M01_HON_Easy_Spawned_Guy_03_JDG.Enemy_Seen,callback,M01_HON_Easy_Spawned_Guy_03_JDG.Enemy_Seen,Code/Scripts/Mission01.cpp:4989,games/renegade/content/scripts,,,not_started,,parity,
callback:M01_HON_Easy_Spawned_Guy_03_JDG.Killed,callback,M01_HON_Easy_Spawned_Guy_03_JDG.Killed,Code/Scripts/Mission01.cpp:4979,games/renegade/content/scripts,,,not_started,,parity,
callback:M01_HON_Easy_Spawned_Guy_03_JDG.Sound_Heard,callback,M01_HON_Easy_Spawned_Guy_03_JDG.Sound_Heard,Code/Scripts/Mission01.cpp:5001,games/renegade/content/scripts,,,not_started,,parity,
callback:M01_HON_Engineer02_JDG.Created,callback,M01_HON_Engineer02_JDG.Created,Code/Scripts/Mission01.cpp:8730,games/renegade/content/scripts,,,not_started,,parity,
callback:M01_HON_Engineer02_JDG.Custom,callback,M01_HON_Engineer02_JDG.Custom,Code/Scripts/Mission01.cpp:8736,games/renegade/content/scripts,,,not_started,,parity,
callback:M01_HON_Engineer02_JDG.Timer_Expired,callback,M01_HON_Engineer02_JDG.Timer_Expired,Code/Scripts/Mission01.cpp:8753,games/renegade/content/scripts,,,not_started,,parity,
callback:M01_HON_Escorts_Warroom_MCT_Commander_JDG.Action_Complete,callback,M01_HON_Escorts_Warroom_MCT_Commander_JDG.Action_Complete,Code/Scripts/Mission01.cpp:8688,games/renegade/content/scripts,,,not_started,,parity,
callback:M01_HON_Escorts_Warroom_MCT_Commander_JDG.Created,callback,M01_HON_Escorts_Warroom_MCT_Commander_JDG.Created,Code/Scripts/Mission01.cpp:8669,games/renegade/content/scripts,,,not_started,,parity,
callback:M01_HON_Escorts_Warroom_MCT_Commander_JDG.Custom,callback,M01_HON_Escorts_Warroom_MCT_Commander_JDG.Custom,Code/Scripts/Mission01.cpp:8674,games/renegade/content/scripts,,,not_started,,parity,
callback:M01_HON_Escorts_Warroom_MCT_Protector01_JDG.Created,callback,M01_HON_Escorts_Warroom_MCT_Protector01_JDG.Created,Code/Scripts/Mission01.cpp:8705,games/renegade/content/scripts,,,not_started,,parity,
callback:M01_HON_Escorts_Warroom_MCT_Protector02_JDG.Created,callback,M01_HON_Escorts_Warroom_MCT_Protector02_JDG.Created,Code/Scripts/Mission01.cpp:8713,games/renegade/content/scripts,,,not_started,,parity,
callback:M01_HON_Escorts_Warroom_MCT_ZoneController_JDG.Entered,callback,M01_HON_Escorts_Warroom_MCT_ZoneController_JDG.Entered,Code/Scripts/Mission01.cpp:20164,games/renegade/content/scripts,,,not_started,,parity,
callback:M01_HON_FrontDoor_Evacuator_JDG.Action_Complete,callback,M01_HON_FrontDoor_Evacuator_JDG.Action_Complete,Code/Scripts/Mission01.cpp:3302,games/renegade/content/scripts,,,not_started,,parity,
callback:M01_HON_FrontDoor_Evacuator_JDG.Created,callback,M01_HON_FrontDoor_Evacuator_JDG.Created,Code/Scripts/Mission01.cpp:3282,games/renegade/content/scripts,,,not_started,,parity,
callback:M01_HON_FrontDoor_Evacuator_JDG.Damaged,callback,M01_HON_FrontDoor_Evacuator_JDG.Damaged,Code/Scripts/Mission01.cpp:3291,games/renegade/content/scripts,,,not_started,,parity,
callback:M01_HON_MCT_Placeholder_JDG.Killed,callback,M01_HON_MCT_Placeholder_JDG.Killed,Code/Scripts/Mission01.cpp:6219,games/renegade/content/scripts,,,not_started,,parity,
callback:M01_HON_Medlab_DropOff_Guy_JDG.Action_Complete,callback,M01_HON_Medlab_DropOff_Guy_JDG.Action_Complete,Code/Scripts/Mission01.cpp:2534,games/renegade/content/scripts,,,not_started,,parity,
callback:M01_HON_Medlab_DropOff_Guy_JDG.Animation_Complete,callback,M01_HON_Medlab_DropOff_Guy_JDG.Animation_Complete,Code/Scripts/Mission01.cpp:2522,games/renegade/content/scripts,,,not_started,,parity,
callback:M01_HON_Medlab_DropOff_Guy_JDG.Created,callback,M01_HON_Medlab_DropOff_Guy_JDG.Created,Code/Scripts/Mission01.cpp:2516,games/renegade/content/scripts,,,not_started,,parity,
callback:M01_HON_Paintball_Team_01_JDG.Created,callback,M01_HON_Paintball_Team_01_JDG.Created,Code/Scripts/Mission01.cpp:10714,games/renegade/content/scripts,,,not_started,,parity,
callback:M01_HON_Paintball_Team_01_JDG.Damaged,callback,M01_HON_Paintball_Team_01_JDG.Damaged,Code/Scripts/Mission01.cpp:10755,games/renegade/content/scripts,,,not_started,,parity,
callback:M01_HON_Paintball_Team_01_JDG.Killed,callback,M01_HON_Paintball_Team_01_JDG.Killed,Code/Scripts/Mission01.cpp:10746,games/renegade/content/scripts,,,not_started,,parity,
callback:M01_HON_Paintball_Team_01_JDG.Timer_Expired,callback,M01_HON_Paintball_Team_01_JDG.Timer_Expired,Code/Scripts/Mission01.cpp:10795,games/renegade/content/scripts,,,not_started,,parity,
callback:M01_HON_Paintball_Team_02_JDG.Created,callback,M01_HON_Paintball_Team_02_JDG.Created,Code/Scripts/Mission01.cpp:10855,games/renegade/content/scripts,,,not_started,,parity,
callback:M01_HON_Paintball_Team_02_JDG.Damaged,callback,M01_HON_Paintball_Team_02_JDG.Damaged,Code/Scripts/Mission01.cpp:10902,games/renegade/content/scripts,,,not_started,,parity,
callback:M01_HON_Paintball_Team_02_JDG.Enemy_Seen,callback,M01_HON_Paintball_Team_02_JDG.Enemy_Seen,Code/Scripts/Mission01.cpp:10885,games/renegade/content/scripts,,,not_started,,parity,
callback:M01_HON_Paintball_Team_02_JDG.Killed,callback,M01_HON_Paintball_Team_02_JDG.Killed,Code/Scripts/Mission01.cpp:10893,games/renegade/content/scripts,,,not_started,,parity,
callback:M01_HON_Paintball_Team_02_JDG.Timer_Expired,callback,M01_HON_Paintball_Team_02_JDG.Timer_Expired,Code/Scripts/Mission01.cpp:10942,games/renegade/content/scripts,,,not_started,,parity,
callback:M01_HON_RedKey_Zone_JDG.Entered,callback,M01_HON_RedKey_Zone_JDG.Entered,Code/Scripts/Mission01.cpp:15624,games/renegade/content/scripts,,,not_started,,parity,
callback:M01_HON_WarroomController_JDG.Created,callback,M01_HON_WarroomController_JDG.Created,Code/Scripts/Mission01.cpp:20718,games/renegade/content/scripts,,,not_started,,parity,
callback:M01_HON_WarroomController_JDG.Custom,callback,M01_HON_WarroomController_JDG.Custom,Code/Scripts/Mission01.cpp:20727,games/renegade/content/scripts,,,not_started,,parity,
callback:M01_HON_WarroomController_JDG.Entered,callback,M01_HON_WarroomController_JDG.Entered,Code/Scripts/Mission01.cpp:20767,games/renegade/content/scripts,,,not_started,,parity,
callback:M01_HandOfNod_SAMSite_Script.Damaged,callback,M01_HandOfNod_SAMSite_Script.Damaged,Code/Scripts/Mission01.cpp:3193,games/renegade/content/scripts,,,not_started,,parity,
callback:M01_HandOfNod_SAMSite_Script.Killed,callback,M01_HandOfNod_SAMSite_Script.Killed,Code/Scripts/Mission01.cpp:3204,games/renegade/content/scripts,,,not_started,,parity,
callback:M01_Hand_Of_Nod_Dojo_Zone.Entered,callback,M01_Hand_Of_Nod_Dojo_Zone.Entered,Code/Scripts/Mission01.cpp:4082,games/renegade/content/scripts,,,not_started,,parity,
callback:M01_Hand_Of_Nod_Exterior_Zone.Entered,callback,M01_Hand_Of_Nod_Exterior_Zone.Entered,Code/Scripts/Mission01.cpp:2975,games/renegade/content/scripts,,,not_started,,parity,
callback:M01_Hand_Of_Nod_Grunt_Zone.Entered,callback,M01_Hand_Of_Nod_Grunt_Zone.Entered,Code/Scripts/Mission01.cpp:4071,games/renegade/content/scripts,,,not_started,,parity,
callback:M01_Hand_Of_Nod_Interior_Zone.Entered,callback,M01_Hand_Of_Nod_Interior_Zone.Entered,Code/Scripts/Mission01.cpp:2964,games/renegade/content/scripts,,,not_started,,parity,
callback:M01_Hand_of_Nod_Building_Script_JDG.Created,callback,M01_Hand_of_Nod_Building_Script_JDG.Created,Code/Scripts/Mission01.cpp:2563,games/renegade/content/scripts,,,not_started,,parity,
callback:M01_Hand_of_Nod_Building_Script_JDG.Damaged,callback,M01_Hand_of_Nod_Building_Script_JDG.Damaged,Code/Scripts/Mission01.cpp:2583,games/renegade/content/scripts,,,not_started,,parity,
callback:M01_Hand_of_Nod_Building_Script_JDG.Killed,callback,M01_Hand_of_Nod_Building_Script_JDG.Killed,Code/Scripts/Mission01.cpp:2569,games/renegade/content/scripts,,,not_started,,parity,
callback:M01_HarvesterScript_New_JDG.Action_Complete,callback,M01_HarvesterScript_New_JDG.Action_Complete,Code/Scripts/Mission01.cpp:7706,games/renegade/content/scripts,,,not_started,,parity,
callback:M01_HarvesterScript_New_JDG.Animation_Complete,callback,M01_HarvesterScript_New_JDG.Animation_Complete,Code/Scripts/Mission01.cpp:7715,games/renegade/content/scripts,,,not_started,,parity,
callback:M01_HarvesterScript_New_JDG.Created,callback,M01_HarvesterScript_New_JDG.Created,Code/Scripts/Mission01.cpp:7649,games/renegade/content/scripts,,,not_started,,parity,
callback:M01_HarvesterScript_New_JDG.Custom,callback,M01_HarvesterScript_New_JDG.Custom,Code/Scripts/Mission01.cpp:7681,games/renegade/content/scripts,,,not_started,,parity,
callback:M01_HarvesterScript_New_JDG.Damaged,callback,M01_HarvesterScript_New_JDG.Damaged,Code/Scripts/Mission01.cpp:7665,games/renegade/content/scripts,,,not_started,,parity,
callback:M01_HarvesterScript_New_JDG.Killed,callback,M01_HarvesterScript_New_JDG.Killed,Code/Scripts/Mission01.cpp:7697,games/renegade/content/scripts,,,not_started,,parity,
callback:M01_Havoc_In_WarroomZone_JDG.Entered,callback,M01_Havoc_In_WarroomZone_JDG.Entered,Code/Scripts/Mission01.cpp:20673,games/renegade/content/scripts,,,not_started,,parity,
callback:M01_Havoc_Out_WarroomZone_JDG.Entered,callback,M01_Havoc_Out_WarroomZone_JDG.Entered,Code/Scripts/Mission01.cpp:20688,games/renegade/content/scripts,,,not_started,,parity,
callback:M01_Hovercraft_Explosion_Controller_JDG.Custom,callback,M01_Hovercraft_Explosion_Controller_JDG.Custom,Code/Scripts/Mission01.cpp:21041,games/renegade/content/scripts,,,not_started,,parity,
callback:M01_Hunt_The_Player_JDG.Created,callback,M01_Hunt_The_Player_JDG.Created,Code/Scripts/Mission01.cpp:8612,games/renegade/content/scripts,,,not_started,,parity,
callback:M01_Hunt_The_Player_JDG.Timer_Expired,callback,M01_Hunt_The_Player_JDG.Timer_Expired,Code/Scripts/Mission01.cpp:8623,games/renegade/content/scripts,,,not_started,,parity,
callback:M01_Initial_Gunboat_Script_JDG.Action_Complete,callback,M01_Initial_Gunboat_Script_JDG.Action_Complete,Code/Scripts/Mission01.cpp:18595,games/renegade/content/scripts,,,not_started,,parity,
callback:M01_Initial_Gunboat_Script_JDG.Created,callback,M01_Initial_Gunboat_Script_JDG.Created,Code/Scripts/Mission01.cpp:18421,games/renegade/content/scripts,,,not_started,,parity,
callback:M01_Initial_Gunboat_Script_JDG.Custom,callback,M01_Initial_Gunboat_Script_JDG.Custom,Code/Scripts/Mission01.cpp:18497,games/renegade/content/scripts,,,not_started,,parity,
callback:M01_Initial_Gunboat_Script_JDG.Damaged,callback,M01_Initial_Gunboat_Script_JDG.Damaged,Code/Scripts/Mission01.cpp:18454,games/renegade/content/scripts,,,not_started,,parity,
callback:M01_Initial_Gunboat_Script_JDG.Killed,callback,M01_Initial_Gunboat_Script_JDG.Killed,Code/Scripts/Mission01.cpp:18441,games/renegade/content/scripts,,,not_started,,parity,
callback:M01_Interior_Nun_Conversation_Zone_JDG.Created,callback,M01_Interior_Nun_Conversation_Zone_JDG.Created,Code/Scripts/Mission01.cpp:9168,games/renegade/content/scripts,,,not_started,,parity,
callback:M01_Interior_Nun_Conversation_Zone_JDG.Custom,callback,M01_Interior_Nun_Conversation_Zone_JDG.Custom,Code/Scripts/Mission01.cpp:9173,games/renegade/content/scripts,,,not_started,,parity,
callback:M01_Interior_Nun_Conversation_Zone_JDG.Entered,callback,M01_Interior_Nun_Conversation_Zone_JDG.Entered,Code/Scripts/Mission01.cpp:9181,games/renegade/content/scripts,,,not_started,,parity,
callback:M01_Interrogation_Room_L03_Keycard_JDG.Created,callback,M01_Interrogation_Room_L03_Keycard_JDG.Created,Code/Scripts/Mission01.cpp:5321,games/renegade/content/scripts,,,not_started,,parity,
callback:M01_Interrogation_Room_Surprise_Guy_JDG.Action_Complete,callback,M01_Interrogation_Room_Surprise_Guy_JDG.Action_Complete,Code/Scripts/Mission01.cpp:5423,games/renegade/content/scripts,,,not_started,,parity,
callback:M01_Interrogation_Room_Surprise_Guy_JDG.Created,callback,M01_Interrogation_Room_Surprise_Guy_JDG.Created,Code/Scripts/Mission01.cpp:5338,games/renegade/content/scripts,,,not_started,,parity,
callback:M01_Interrogation_Room_Surprise_Guy_JDG.Custom,callback,M01_Interrogation_Room_Surprise_Guy_JDG.Custom,Code/Scripts/Mission01.cpp:5377,games/renegade/content/scripts,,,not_started,,parity,
callback:M01_Interrogation_Room_Surprise_Guy_JDG.Enemy_Seen,callback,M01_Interrogation_Room_Surprise_Guy_JDG.Enemy_Seen,Code/Scripts/Mission01.cpp:5344,games/renegade/content/scripts,,,not_started,,parity,
callback:M01_KeyCard01_Script_JDG.Custom,callback,M01_KeyCard01_Script_JDG.Custom,Code/Scripts/Mission01.cpp:15067,games/renegade/content/scripts,,,not_started,,parity,
callback:M01_Left_Interrogation_Room_Enter_Zone_JDG.Entered,callback,M01_Left_Interrogation_Room_Enter_Zone_JDG.Entered,Code/Scripts/Mission01.cpp:5273,games/renegade/content/scripts,,,not_started,,parity,
callback:M01_Lose_Any_Church_Escorts_Zone.Entered,callback,M01_Lose_Any_Church_Escorts_Zone.Entered,Code/Scripts/Mission01.cpp:3097,games/renegade/content/scripts,,,not_started,,parity,
callback:M01_Lose_Any_Church_Escorts_Zone_02.Entered,callback,M01_Lose_Any_Church_Escorts_Zone_02.Entered,Code/Scripts/Mission01.cpp:3108,games/renegade/content/scripts,,,not_started,,parity,
callback:M01_Lose_Any_HON_Escorts_Zone.Entered,callback,M01_Lose_Any_HON_Escorts_Zone.Entered,Code/Scripts/Mission01.cpp:3119,games/renegade/content/scripts,,,not_started,,parity,
callback:M01_Lose_Any_HON_Escorts_Zone_02.Entered,callback,M01_Lose_Any_HON_Escorts_Zone_02.Entered,Code/Scripts/Mission01.cpp:3130,games/renegade/content/scripts,,,not_started,,parity,
callback:M01_Loveshack_Nun_Conversation_Zone_JDG.Created,callback,M01_Loveshack_Nun_Conversation_Zone_JDG.Created,Code/Scripts/Mission01.cpp:9131,games/renegade/content/scripts,,,not_started,,parity,
callback:M01_Loveshack_Nun_Conversation_Zone_JDG.Custom,callback,M01_Loveshack_Nun_Conversation_Zone_JDG.Custom,Code/Scripts/Mission01.cpp:9136,games/renegade/content/scripts,,,not_started,,parity,
callback:M01_Loveshack_Nun_Conversation_Zone_JDG.Entered,callback,M01_Loveshack_Nun_Conversation_Zone_JDG.Entered,Code/Scripts/Mission01.cpp:9146,games/renegade/content/scripts,,,not_started,,parity,
callback:M01_Mainframe_Tutorial_Zone_JDG.Entered,callback,M01_Mainframe_Tutorial_Zone_JDG.Entered,Code/Scripts/Mission01.cpp:18120,games/renegade/content/scripts,,,not_started,,parity,
callback:M01_MediumTank_ReminderZone_JDG.Action_Complete,callback,M01_MediumTank_ReminderZone_JDG.Action_Complete,Code/Scripts/Mission01.cpp:19289,games/renegade/content/scripts,,,not_started,,parity,
callback:M01_MediumTank_ReminderZone_JDG.Created,callback,M01_MediumTank_ReminderZone_JDG.Created,Code/Scripts/Mission01.cpp:19228,games/renegade/content/scripts,,,not_started,,parity,
callback:M01_MediumTank_ReminderZone_JDG.Custom,callback,M01_MediumTank_ReminderZone_JDG.Custom,Code/Scripts/Mission01.cpp:19301,games/renegade/content/scripts,,,not_started,,parity,
callback:M01_MediumTank_ReminderZone_JDG.Entered,callback,M01_MediumTank_ReminderZone_JDG.Entered,Code/Scripts/Mission01.cpp:19235,games/renegade/content/scripts,,,not_started,,parity,
callback:M01_MediumTank_ReminderZone_JDG.Timer_Expired,callback,M01_MediumTank_ReminderZone_JDG.Timer_Expired,Code/Scripts/Mission01.cpp:19257,games/renegade/content/scripts,,,not_started,,parity,
callback:M01_Medium_Tank01_JDG.Created,callback,M01_Medium_Tank01_JDG.Created,Code/Scripts/Mission01.cpp:20802,games/renegade/content/scripts,,,not_started,,parity,
callback:M01_Medium_Tank_JDG.Created,callback,M01_Medium_Tank_JDG.Created,Code/Scripts/Mission01.cpp:20875,games/renegade/content/scripts,,,not_started,,parity,
callback:M01_Medium_Tank_JDG.Custom,callback,M01_Medium_Tank_JDG.Custom,Code/Scripts/Mission01.cpp:20914,games/renegade/content/scripts,,,not_started,,parity,
callback:M01_Medium_Tank_Tunnel_Squish_Guy_JDG.Created,callback,M01_Medium_Tank_Tunnel_Squish_Guy_JDG.Created,Code/Scripts/Mission01.cpp:5447,games/renegade/content/scripts,,,not_started,,parity,
callback:M01_Medium_Tank_Tunnel_Squish_Guy_JDG.Custom,callback,M01_Medium_Tank_Tunnel_Squish_Guy_JDG.Custom,Code/Scripts/Mission01.cpp:5453,games/renegade/content/scripts,,,not_started,,parity,
callback:M01_Medlab_Datadisc_JDG.Custom,callback,M01_Medlab_Datadisc_JDG.Custom,Code/Scripts/Mission01.cpp:21388,games/renegade/content/scripts,,,not_started,,parity,
callback:M01_Mission_Controller_JDG.Action_Complete,callback,M01_Mission_Controller_JDG.Action_Complete,Code/Scripts/Mission01.cpp:2404,games/renegade/content/scripts,,,not_started,,parity,
callback:M01_Mission_Controller_JDG.Created,callback,M01_Mission_Controller_JDG.Created,Code/Scripts/Mission01.cpp:264,games/renegade/content/scripts,,,not_started,,parity,
callback:M01_Mission_Controller_JDG.Custom,callback,M01_Mission_Controller_JDG.Custom,Code/Scripts/Mission01.cpp:362,games/renegade/content/scripts,,,not_started,,parity,
callback:M01_MovieProjector_JDG.Created,callback,M01_MovieProjector_JDG.Created,Code/Scripts/Mission01.cpp:10192,games/renegade/content/scripts,,,not_started,,parity,
callback:M01_MovieProjector_JDG.Damaged,callback,M01_MovieProjector_JDG.Damaged,Code/Scripts/Mission01.cpp:10197,games/renegade/content/scripts,,,not_started,,parity,
callback:M01_Nod_Chinook_Reinforcement_Guy_JDG.Animation_Complete,callback,M01_Nod_Chinook_Reinforcement_Guy_JDG.Animation_Complete,Code/Scripts/Mission01.cpp:8591,games/renegade/content/scripts,,,not_started,,parity,
callback:M01_Nod_Commander_Conversation_Controller_GDI.Action_Complete,callback,M01_Nod_Commander_Conversation_Controller_GDI.Action_Complete,Code/Scripts/Mission01.cpp:15032,games/renegade/content/scripts,,,not_started,,parity,
callback:M01_Nod_Commander_Conversation_Controller_GDI.Created,callback,M01_Nod_Commander_Conversation_Controller_GDI.Created,Code/Scripts/Mission01.cpp:14971,games/renegade/content/scripts,,,not_started,,parity,
callback:M01_Nod_Commander_Conversation_Controller_GDI.Custom,callback,M01_Nod_Commander_Conversation_Controller_GDI.Custom,Code/Scripts/Mission01.cpp:14976,games/renegade/content/scripts,,,not_started,,parity,
callback:M01_Nod_GuardTower_01_Enter_Zone_JDG.Entered,callback,M01_Nod_GuardTower_01_Enter_Zone_JDG.Entered,Code/Scripts/Mission01.cpp:7429,games/renegade/content/scripts,,,not_started,,parity,
callback:M01_Nod_GuardTower_02_Enter_Zone_JDG.Entered,callback,M01_Nod_GuardTower_02_Enter_Zone_JDG.Entered,Code/Scripts/Mission01.cpp:7449,games/renegade/content/scripts,,,not_started,,parity,
callback:M01_Nod_GuardTower_03_Enter_Zone_JDG.Entered,callback,M01_Nod_GuardTower_03_Enter_Zone_JDG.Entered,Code/Scripts/Mission01.cpp:7469,games/renegade/content/scripts,,,not_started,,parity,
callback:M01_Nod_GuardTower_Tailgun_JDG.Created,callback,M01_Nod_GuardTower_Tailgun_JDG.Created,Code/Scripts/Mission01.cpp:11436,games/renegade/content/scripts,,,not_started,,parity,
callback:M01_Nod_Truck_JDG.Created,callback,M01_Nod_Truck_JDG.Created,Code/Scripts/Mission01.cpp:18091,games/renegade/content/scripts,,,not_started,,parity,
callback:M01_Obelisk_UpdateDisc_JDG.Custom,callback,M01_Obelisk_UpdateDisc_JDG.Custom,Code/Scripts/Mission01.cpp:15441,games/renegade/content/scripts,,,not_started,,parity,
callback:M01_Objective_Pog_Controller_JDG.Action_Complete,callback,M01_Objective_Pog_Controller_JDG.Action_Complete,Code/Scripts/Mission01.cpp:11559,games/renegade/content/scripts,,,not_started,,parity,
callback:M01_Objective_Pog_Controller_JDG.Custom,callback,M01_Objective_Pog_Controller_JDG.Custom,Code/Scripts/Mission01.cpp:11590,games/renegade/content/scripts,,,not_started,,parity,
callback:M01_POW_Nod_Minigunner01_JDG.Created,callback,M01_POW_Nod_Minigunner01_JDG.Created,Code/Scripts/Mission01.cpp:17739,games/renegade/content/scripts,,,not_started,,parity,
callback:M01_POW_Nod_Minigunner01_JDG.Killed,callback,M01_POW_Nod_Minigunner01_JDG.Killed,Code/Scripts/Mission01.cpp:17744,games/renegade/content/scripts,,,not_started,,parity,
callback:M01_PaintballRoom_ChatterController_JDG.Created,callback,M01_PaintballRoom_ChatterController_JDG.Created,Code/Scripts/Mission01.cpp:10510,games/renegade/content/scripts,,,not_started,,parity,
callback:M01_PaintballRoom_ChatterController_JDG.Custom,callback,M01_PaintballRoom_ChatterController_JDG.Custom,Code/Scripts/Mission01.cpp:10527,games/renegade/content/scripts,,,not_started,,parity,
callback:M01_PlayerEntering_BarnArea_Zone_JDG.Entered,callback,M01_PlayerEntering_BarnArea_Zone_JDG.Entered,Code/Scripts/Mission01.cpp:15334,games/renegade/content/scripts,,,not_started,,parity,
callback:M01_PlayerLeaving_BarnArea_Zone_JDG.Entered,callback,M01_PlayerLeaving_BarnArea_Zone_JDG.Entered,Code/Scripts/Mission01.cpp:15355,games/renegade/content/scripts,,,not_started,,parity,
callback:M01_Player_Is_Crossing_Bridge_Via_Cave_Zone.Entered,callback,M01_Player_Is_Crossing_Bridge_Via_Cave_Zone.Entered,Code/Scripts/Mission01.cpp:4519,games/renegade/content/scripts,,,not_started,,parity,
callback:M01_Player_Is_Crossing_Bridge_Via_Church_Zone.Entered,callback,M01_Player_Is_Crossing_Bridge_Via_Church_Zone.Entered,Code/Scripts/Mission01.cpp:4555,games/renegade/content/scripts,,,not_started,,parity,
callback:M01_Player_Is_Crossing_Bridge_Zone.Entered,callback,M01_Player_Is_Crossing_Bridge_Zone.Entered,Code/Scripts/Mission01.cpp:4482,games/renegade/content/scripts,,,not_started,,parity,
callback:M01_Player_Is_Entering_Tailgun_Alley_Backway_JDG.Entered,callback,M01_Player_Is_Entering_Tailgun_Alley_Backway_JDG.Entered,Code/Scripts/Mission01.cpp:5649,games/renegade/content/scripts,,,not_started,,parity,
callback:M01_Player_Is_Entering_Tailgun_Alley_JDG.Entered,callback,M01_Player_Is_Entering_Tailgun_Alley_JDG.Entered,Code/Scripts/Mission01.cpp:5595,games/renegade/content/scripts,,,not_started,,parity,
callback:M01_Player_is_Entering_GDI_Base_Zone.Entered,callback,M01_Player_is_Entering_GDI_Base_Zone.Entered,Code/Scripts/Mission01.cpp:3086,games/renegade/content/scripts,,,not_started,,parity,
callback:M01_Player_is_Leaving_GDI_Base_Zone.Created,callback,M01_Player_is_Leaving_GDI_Base_Zone.Created,Code/Scripts/Mission01.cpp:3059,games/renegade/content/scripts,,,not_started,,parity,
callback:M01_Player_is_Leaving_GDI_Base_Zone.Entered,callback,M01_Player_is_Leaving_GDI_Base_Zone.Entered,Code/Scripts/Mission01.cpp:3064,games/renegade/content/scripts,,,not_started,,parity,
callback:M01_Priest_Conversation_Zone_JDG.Created,callback,M01_Priest_Conversation_Zone_JDG.Created,Code/Scripts/Mission01.cpp:9094,games/renegade/content/scripts,,,not_started,,parity,
callback:M01_Priest_Conversation_Zone_JDG.Custom,callback,M01_Priest_Conversation_Zone_JDG.Custom,Code/Scripts/Mission01.cpp:9099,games/renegade/content/scripts,,,not_started,,parity,
callback:M01_Priest_Conversation_Zone_JDG.Entered,callback,M01_Priest_Conversation_Zone_JDG.Entered,Code/Scripts/Mission01.cpp:9109,games/renegade/content/scripts,,,not_started,,parity,
callback:M01_Priest_Datadisc_JDG.Custom,callback,M01_Priest_Datadisc_JDG.Custom,Code/Scripts/Mission01.cpp:21341,games/renegade/content/scripts,,,not_started,,parity,
callback:M01_PrisonPen_Civilian_JDG.Action_Complete,callback,M01_PrisonPen_Civilian_JDG.Action_Complete,Code/Scripts/Mission01.cpp:14604,games/renegade/content/scripts,,,not_started,,parity,
callback:M01_PrisonPen_Civilian_JDG.Created,callback,M01_PrisonPen_Civilian_JDG.Created,Code/Scripts/Mission01.cpp:14334,games/renegade/content/scripts,,,not_started,,parity,
callback:M01_PrisonPen_Civilian_JDG.Custom,callback,M01_PrisonPen_Civilian_JDG.Custom,Code/Scripts/Mission01.cpp:14473,games/renegade/content/scripts,,,not_started,,parity,
callback:M01_PrisonPen_Civilian_JDG.Poked,callback,M01_PrisonPen_Civilian_JDG.Poked,Code/Scripts/Mission01.cpp:14439,games/renegade/content/scripts,,,not_started,,parity,
callback:M01_PrisonPen_Civilian_JDG.Sound_Heard,callback,M01_PrisonPen_Civilian_JDG.Sound_Heard,Code/Scripts/Mission01.cpp:14521,games/renegade/content/scripts,,,not_started,,parity,
callback:M01_PrisonPen_Civilian_JDG.Timer_Expired,callback,M01_PrisonPen_Civilian_JDG.Timer_Expired,Code/Scripts/Mission01.cpp:14383,games/renegade/content/scripts,,,not_started,,parity,
callback:M01_PrisonPen_POW_JDG.Action_Complete,callback,M01_PrisonPen_POW_JDG.Action_Complete,Code/Scripts/Mission01.cpp:14136,games/renegade/content/scripts,,,not_started,,parity,
callback:M01_PrisonPen_POW_JDG.Created,callback,M01_PrisonPen_POW_JDG.Created,Code/Scripts/Mission01.cpp:14057,games/renegade/content/scripts,,,not_started,,parity,
callback:M01_PrisonPen_POW_JDG.Custom,callback,M01_PrisonPen_POW_JDG.Custom,Code/Scripts/Mission01.cpp:14075,games/renegade/content/scripts,,,not_started,,parity,
callback:M01_PrisonPen_POW_JDG.Killed,callback,M01_PrisonPen_POW_JDG.Killed,Code/Scripts/Mission01.cpp:14071,games/renegade/content/scripts,,,not_started,,parity,
callback:M01_PrisonPen_POW_JDG.Poked,callback,M01_PrisonPen_POW_JDG.Poked,Code/Scripts/Mission01.cpp:14123,games/renegade/content/scripts,,,not_started,,parity,
callback:M01_PrisonPen_POW_JDG.Sound_Heard,callback,M01_PrisonPen_POW_JDG.Sound_Heard,Code/Scripts/Mission01.cpp:14215,games/renegade/content/scripts,,,not_started,,parity,
callback:M01_Propaganda_Sounds_Controller_JDG.Created,callback,M01_Propaganda_Sounds_Controller_JDG.Created,Code/Scripts/Mission01.cpp:10241,games/renegade/content/scripts,,,not_started,,parity,
callback:M01_Propaganda_Sounds_Controller_JDG.Custom,callback,M01_Propaganda_Sounds_Controller_JDG.Custom,Code/Scripts/Mission01.cpp:10253,games/renegade/content/scripts,,,not_started,,parity,
callback:M01_QuickSave_Zone_JDG.Entered,callback,M01_QuickSave_Zone_JDG.Entered,Code/Scripts/Mission01.cpp:17486,games/renegade/content/scripts,,,not_started,,parity,
callback:M01_RealLightTank_TriggerZone_JDG.Created,callback,M01_RealLightTank_TriggerZone_JDG.Created,Code/Scripts/Mission01.cpp:17282,games/renegade/content/scripts,,,not_started,,parity,
callback:M01_RealLightTank_TriggerZone_JDG.Entered,callback,M01_RealLightTank_TriggerZone_JDG.Entered,Code/Scripts/Mission01.cpp:17287,games/renegade/content/scripts,,,not_started,,parity,
callback:M01_Right_Interrogation_Room_Enter_Zone_JDG.Entered,callback,M01_Right_Interrogation_Room_Enter_Zone_JDG.Entered,Code/Scripts/Mission01.cpp:5297,games/renegade/content/scripts,,,not_started,,parity,
callback:M01_Scramble_Radar_Zone.Entered,callback,M01_Scramble_Radar_Zone.Entered,Code/Scripts/Mission01.cpp:3153,games/renegade/content/scripts,,,not_started,,parity,
callback:M01_Shed_Datadisc_JDG.Custom,callback,M01_Shed_Datadisc_JDG.Custom,Code/Scripts/Mission01.cpp:21246,games/renegade/content/scripts,,,not_started,,parity,
callback:M01_Sinking_Gunboat_JDG.Animation_Complete,callback,M01_Sinking_Gunboat_JDG.Animation_Complete,Code/Scripts/Mission01.cpp:15322,games/renegade/content/scripts,,,not_started,,parity,
callback:M01_Sinking_Gunboat_JDG.Created,callback,M01_Sinking_Gunboat_JDG.Created,Code/Scripts/Mission01.cpp:15317,games/renegade/content/scripts,,,not_started,,parity,
callback:M01_SniperRifle_01_JDG.Custom,callback,M01_SniperRifle_01_JDG.Custom,Code/Scripts/Mission01.cpp:17354,games/renegade/content/scripts,,,not_started,,parity,
callback:M01_SniperRifle_01_Target_JDG.Action_Complete,callback,M01_SniperRifle_01_Target_JDG.Action_Complete,Code/Scripts/Mission01.cpp:17384,games/renegade/content/scripts,,,not_started,,parity,
callback:M01_SniperRifle_01_Target_JDG.Created,callback,M01_SniperRifle_01_Target_JDG.Created,Code/Scripts/Mission01.cpp:17372,games/renegade/content/scripts,,,not_started,,parity,
callback:M01_SniperRifle_02_AirdropZone_JDG.Entered,callback,M01_SniperRifle_02_AirdropZone_JDG.Entered,Code/Scripts/Mission01.cpp:17416,games/renegade/content/scripts,,,not_started,,parity,
callback:M01_SniperRifle_02_JDG.Custom,callback,M01_SniperRifle_02_JDG.Custom,Code/Scripts/Mission01.cpp:17401,games/renegade/content/scripts,,,not_started,,parity,
callback:M01_TailGun_01_JDG.Custom,callback,M01_TailGun_01_JDG.Custom,Code/Scripts/Mission01.cpp:5806,games/renegade/content/scripts,,,not_started,,parity,
callback:M01_TailGun_02_JDG.Custom,callback,M01_TailGun_02_JDG.Custom,Code/Scripts/Mission01.cpp:5823,games/renegade/content/scripts,,,not_started,,parity,
callback:M01_TailGun_03_JDG.Custom,callback,M01_TailGun_03_JDG.Custom,Code/Scripts/Mission01.cpp:5840,games/renegade/content/scripts,,,not_started,,parity,
callback:M01_TailGunner_01_JDG.Action_Complete,callback,M01_TailGunner_01_JDG.Action_Complete,Code/Scripts/Mission01.cpp:5718,games/renegade/content/scripts,,,not_started,,parity,
callback:M01_TailGunner_01_JDG.Created,callback,M01_TailGunner_01_JDG.Created,Code/Scripts/Mission01.cpp:5695,games/renegade/content/scripts,,,not_started,,parity,
callback:M01_TailGunner_01_JDG.Killed,callback,M01_TailGunner_01_JDG.Killed,Code/Scripts/Mission01.cpp:5710,games/renegade/content/scripts,,,not_started,,parity,
callback:M01_TailGunner_02_JDG.Action_Complete,callback,M01_TailGunner_02_JDG.Action_Complete,Code/Scripts/Mission01.cpp:5755,games/renegade/content/scripts,,,not_started,,parity,
callback:M01_TailGunner_02_JDG.Created,callback,M01_TailGunner_02_JDG.Created,Code/Scripts/Mission01.cpp:5732,games/renegade/content/scripts,,,not_started,,parity,
callback:M01_TailGunner_02_JDG.Killed,callback,M01_TailGunner_02_JDG.Killed,Code/Scripts/Mission01.cpp:5747,games/renegade/content/scripts,,,not_started,,parity,
callback:M01_TailGunner_03_JDG.Action_Complete,callback,M01_TailGunner_03_JDG.Action_Complete,Code/Scripts/Mission01.cpp:5792,games/renegade/content/scripts,,,not_started,,parity,
callback:M01_TailGunner_03_JDG.Created,callback,M01_TailGunner_03_JDG.Created,Code/Scripts/Mission01.cpp:5769,games/renegade/content/scripts,,,not_started,,parity,
callback:M01_TailGunner_03_JDG.Killed,callback,M01_TailGunner_03_JDG.Killed,Code/Scripts/Mission01.cpp:5784,games/renegade/content/scripts,,,not_started,,parity,
callback:M01_TailgunRun_NOD_Commander_JDG.Created,callback,M01_TailgunRun_NOD_Commander_JDG.Created,Code/Scripts/Mission01.cpp:6992,games/renegade/content/scripts,,,not_started,,parity,
callback:M01_TailgunRun_NOD_Commander_JDG.Custom,callback,M01_TailgunRun_NOD_Commander_JDG.Custom,Code/Scripts/Mission01.cpp:7068,games/renegade/content/scripts,,,not_started,,parity,
callback:M01_TailgunRun_NOD_Commander_JDG.Damaged,callback,M01_TailgunRun_NOD_Commander_JDG.Damaged,Code/Scripts/Mission01.cpp:7000,games/renegade/content/scripts,,,not_started,,parity,
callback:M01_TailgunRun_NOD_Commander_JDG.Enemy_Seen,callback,M01_TailgunRun_NOD_Commander_JDG.Enemy_Seen,Code/Scripts/Mission01.cpp:7025,games/renegade/content/scripts,,,not_started,,parity,
callback:M01_TailgunRun_NOD_Commander_JDG.Killed,callback,M01_TailgunRun_NOD_Commander_JDG.Killed,Code/Scripts/Mission01.cpp:7063,games/renegade/content/scripts,,,not_started,,parity,
callback:M01_TailgunRun_NOD_Commander_JDG.Sound_Heard,callback,M01_TailgunRun_NOD_Commander_JDG.Sound_Heard,Code/Scripts/Mission01.cpp:7033,games/renegade/content/scripts,,,not_started,,parity,
callback:M01_TailgunRun_Spawner_Guy_JDG.Killed,callback,M01_TailgunRun_Spawner_Guy_JDG.Killed,Code/Scripts/Mission01.cpp:6670,games/renegade/content/scripts,,,not_started,,parity,
callback:M01_Tailgun_02_SpawnApache_Zone_JDG.Entered,callback,M01_Tailgun_02_SpawnApache_Zone_JDG.Entered,Code/Scripts/Mission01.cpp:5857,games/renegade/content/scripts,,,not_started,,parity,
callback:M01_Tailgun_Run_Spawner_Controller_JDG.Created,callback,M01_Tailgun_Run_Spawner_Controller_JDG.Created,Code/Scripts/Mission01.cpp:6534,games/renegade/content/scripts,,,not_started,,parity,
callback:M01_Tailgun_Run_Spawner_Controller_JDG.Custom,callback,M01_Tailgun_Run_Spawner_Controller_JDG.Custom,Code/Scripts/Mission01.cpp:6541,games/renegade/content/scripts,,,not_started,,parity,
callback:M01_Tank_Entering_Tunnel_Zone_JDG.Created,callback,M01_Tank_Entering_Tunnel_Zone_JDG.Created,Code/Scripts/Mission01.cpp:5548,games/renegade/content/scripts,,,not_started,,parity,
callback:M01_Tank_Entering_Tunnel_Zone_JDG.Custom,callback,M01_Tank_Entering_Tunnel_Zone_JDG.Custom,Code/Scripts/Mission01.cpp:5553,games/renegade/content/scripts,,,not_started,,parity,
callback:M01_Tank_Entering_Tunnel_Zone_JDG.Entered,callback,M01_Tank_Entering_Tunnel_Zone_JDG.Entered,Code/Scripts/Mission01.cpp:5561,games/renegade/content/scripts,,,not_started,,parity,
callback:M01_TibCave01_Datadisc_JDG.Custom,callback,M01_TibCave01_Datadisc_JDG.Custom,Code/Scripts/Mission01.cpp:21197,games/renegade/content/scripts,,,not_started,,parity,
callback:M01_TibCave02_Datadisc_JDG.Custom,callback,M01_TibCave02_Datadisc_JDG.Custom,Code/Scripts/Mission01.cpp:21289,games/renegade/content/scripts,,,not_started,,parity,
callback:M01_TibCave_StartZone_JDG.Entered,callback,M01_TibCave_StartZone_JDG.Entered,Code/Scripts/Mission01.cpp:13683,games/renegade/content/scripts,,,not_started,,parity,
callback:M01_TibField_Guard01_New_JDG.Custom,callback,M01_TibField_Guard01_New_JDG.Custom,Code/Scripts/Mission01.cpp:7744,games/renegade/content/scripts,,,not_started,,parity,
callback:M01_TiberiumCave_UpThere_NodGuy_JDG.Created,callback,M01_TiberiumCave_UpThere_NodGuy_JDG.Created,Code/Scripts/Mission01.cpp:13916,games/renegade/content/scripts,,,not_started,,parity,
callback:M01_TiberiumCave_UpThere_NodGuy_JDG.Custom,callback,M01_TiberiumCave_UpThere_NodGuy_JDG.Custom,Code/Scripts/Mission01.cpp:13922,games/renegade/content/scripts,,,not_started,,parity,
callback:M01_Tiberium_Cave_Helicopter_JDG.Created,callback,M01_Tiberium_Cave_Helicopter_JDG.Created,Code/Scripts/Mission01.cpp:4415,games/renegade/content/scripts,,,not_started,,parity,
callback:M01_Tiberium_Cave_Helicopter_JDG.Custom,callback,M01_Tiberium_Cave_Helicopter_JDG.Custom,Code/Scripts/Mission01.cpp:4434,games/renegade/content/scripts,,,not_started,,parity,
callback:M01_Tiberium_Cave_Spawn_Helicopter_Zone_JDG.Entered,callback,M01_Tiberium_Cave_Spawn_Helicopter_Zone_JDG.Entered,Code/Scripts/Mission01.cpp:13890,games/renegade/content/scripts,,,not_started,,parity,
callback:M01_TriggerZone_GDIBase_BaseCommander_JDG.Entered,callback,M01_TriggerZone_GDIBase_BaseCommander_JDG.Entered,Code/Scripts/Mission01.cpp:13459,games/renegade/content/scripts,,,not_started,,parity,
callback:M01_Tunnel_Exterior_Zone.Entered,callback,M01_Tunnel_Exterior_Zone.Entered,Code/Scripts/Mission01.cpp:3019,games/renegade/content/scripts,,,not_started,,parity,
callback:M01_Tunnel_Interior_Zone.Entered,callback,M01_Tunnel_Interior_Zone.Entered,Code/Scripts/Mission01.cpp:3008,games/renegade/content/scripts,,,not_started,,parity,
callback:M01_TurnOff_TankReminder_Zone_JDG.Entered,callback,M01_TurnOff_TankReminder_Zone_JDG.Entered,Code/Scripts/Mission01.cpp:20148,games/renegade/content/scripts,,,not_started,,parity,
callback:M01_Turn_on_the_Hand_of_Nod_Zone_JDG.Entered,callback,M01_Turn_on_the_Hand_of_Nod_Zone_JDG.Entered,Code/Scripts/Mission01.cpp:6839,games/renegade/content/scripts,,,not_started,,parity,
callback:M01_TurretBeach_Chinook_Spawned_Soldier_NOD.Action_Complete,callback,M01_TurretBeach_Chinook_Spawned_Soldier_NOD.Action_Complete,Code/Scripts/Mission01.cpp:16280,games/renegade/content/scripts,,,not_started,,parity,
callback:M01_TurretBeach_Chinook_Spawned_Soldier_NOD.Animation_Complete,callback,M01_TurretBeach_Chinook_Spawned_Soldier_NOD.Animation_Complete,Code/Scripts/Mission01.cpp:16109,games/renegade/content/scripts,,,not_started,,parity,
callback:M01_TurretBeach_Chinook_Spawned_Soldier_NOD.Created,callback,M01_TurretBeach_Chinook_Spawned_Soldier_NOD.Created,Code/Scripts/Mission01.cpp:16086,games/renegade/content/scripts,,,not_started,,parity,
callback:M01_TurretBeach_Chinook_Spawned_Soldier_NOD.Custom,callback,M01_TurretBeach_Chinook_Spawned_Soldier_NOD.Custom,Code/Scripts/Mission01.cpp:16154,games/renegade/content/scripts,,,not_started,,parity,
callback:M01_TurretBeach_Chinook_Spawned_Soldier_NOD.Damaged,callback,M01_TurretBeach_Chinook_Spawned_Soldier_NOD.Damaged,Code/Scripts/Mission01.cpp:16140,games/renegade/content/scripts,,,not_started,,parity,
callback:M01_TurretBeach_Chinook_Spawned_Soldier_NOD.Killed,callback,M01_TurretBeach_Chinook_Spawned_Soldier_NOD.Killed,Code/Scripts/Mission01.cpp:16148,games/renegade/content/scripts,,,not_started,,parity,
callback:M01_TurretBeach_Engineer_JDG.Action_Complete,callback,M01_TurretBeach_Engineer_JDG.Action_Complete,Code/Scripts/Mission01.cpp:16024,games/renegade/content/scripts,,,not_started,,parity,
callback:M01_TurretBeach_Engineer_JDG.Created,callback,M01_TurretBeach_Engineer_JDG.Created,Code/Scripts/Mission01.cpp:15811,games/renegade/content/scripts,,,not_started,,parity,
callback:M01_TurretBeach_Engineer_JDG.Custom,callback,M01_TurretBeach_Engineer_JDG.Custom,Code/Scripts/Mission01.cpp:15894,games/renegade/content/scripts,,,not_started,,parity,
callback:M01_TurretBeach_Engineer_JDG.Damaged,callback,M01_TurretBeach_Engineer_JDG.Damaged,Code/Scripts/Mission01.cpp:15835,games/renegade/content/scripts,,,not_started,,parity,
callback:M01_TurretBeach_Engineer_JDG.Enemy_Seen,callback,M01_TurretBeach_Engineer_JDG.Enemy_Seen,Code/Scripts/Mission01.cpp:15822,games/renegade/content/scripts,,,not_started,,parity,
callback:M01_TurretBeach_Engineer_JDG.Killed,callback,M01_TurretBeach_Engineer_JDG.Killed,Code/Scripts/Mission01.cpp:15888,games/renegade/content/scripts,,,not_started,,parity,
callback:M01_TurretBeach_FodderHovercraft_Controller_JDG.Created,callback,M01_TurretBeach_FodderHovercraft_Controller_JDG.Created,Code/Scripts/Mission01.cpp:20977,games/renegade/content/scripts,,,not_started,,parity,
callback:M01_TurretBeach_FodderHovercraft_Controller_JDG.Custom,callback,M01_TurretBeach_FodderHovercraft_Controller_JDG.Custom,Code/Scripts/Mission01.cpp:20982,games/renegade/content/scripts,,,not_started,,parity,
callback:M01_TurretBeach_GDI_Guy_01_JDG.Action_Complete,callback,M01_TurretBeach_GDI_Guy_01_JDG.Action_Complete,Code/Scripts/Mission01.cpp:8063,games/renegade/content/scripts,,,not_started,,parity,
callback:M01_TurretBeach_GDI_Guy_01_JDG.Animation_Complete,callback,M01_TurretBeach_GDI_Guy_01_JDG.Animation_Complete,Code/Scripts/Mission01.cpp:8050,games/renegade/content/scripts,,,not_started,,parity,
callback:M01_TurretBeach_GDI_Guy_01_JDG.Created,callback,M01_TurretBeach_GDI_Guy_01_JDG.Created,Code/Scripts/Mission01.cpp:8014,games/renegade/content/scripts,,,not_started,,parity,
callback:M01_TurretBeach_GDI_Guy_01_JDG.Custom,callback,M01_TurretBeach_GDI_Guy_01_JDG.Custom,Code/Scripts/Mission01.cpp:8031,games/renegade/content/scripts,,,not_started,,parity,
callback:M01_TurretBeach_GDI_Guy_02_JDG.Action_Complete,callback,M01_TurretBeach_GDI_Guy_02_JDG.Action_Complete,Code/Scripts/Mission01.cpp:8122,games/renegade/content/scripts,,,not_started,,parity,
callback:M01_TurretBeach_GDI_Guy_02_JDG.Animation_Complete,callback,M01_TurretBeach_GDI_Guy_02_JDG.Animation_Complete,Code/Scripts/Mission01.cpp:8097,games/renegade/content/scripts,,,not_started,,parity,
callback:M01_TurretBeach_Turret_01_Script_JDG.Action_Complete,callback,M01_TurretBeach_Turret_01_Script_JDG.Action_Complete,Code/Scripts/Mission01.cpp:18313,games/renegade/content/scripts,,,not_started,,parity,
callback:M01_TurretBeach_Turret_01_Script_JDG.Created,callback,M01_TurretBeach_Turret_01_Script_JDG.Created,Code/Scripts/Mission01.cpp:18214,games/renegade/content/scripts,,,not_started,,parity,
callback:M01_TurretBeach_Turret_01_Script_JDG.Custom,callback,M01_TurretBeach_Turret_01_Script_JDG.Custom,Code/Scripts/Mission01.cpp:18260,games/renegade/content/scripts,,,not_started,,parity,
callback:M01_TurretBeach_Turret_01_Script_JDG.Damaged,callback,M01_TurretBeach_Turret_01_Script_JDG.Damaged,Code/Scripts/Mission01.cpp:18242,games/renegade/content/scripts,,,not_started,,parity,
callback:M01_TurretBeach_Turret_01_Script_JDG.Killed,callback,M01_TurretBeach_Turret_01_Script_JDG.Killed,Code/Scripts/Mission01.cpp:18219,games/renegade/content/scripts,,,not_started,,parity,
callback:M01_UnScramble_Radar_Zone.Entered,callback,M01_UnScramble_Radar_Zone.Entered,Code/Scripts/Mission01.cpp:3164,games/renegade/content/scripts,,,not_started,,parity,
callback:M01_Use_Ladder_Zone_JDG.Entered,callback,M01_Use_Ladder_Zone_JDG.Entered,Code/Scripts/Mission01.cpp:17447,games/renegade/content/scripts,,,not_started,,parity,
callback:M01_Visceroid01_JDG.Created,callback,M01_Visceroid01_JDG.Created,Code/Scripts/Mission01.cpp:13726,games/renegade/content/scripts,,,not_started,,parity,
callback:M01_Visceroid01_JDG.Custom,callback,M01_Visceroid01_JDG.Custom,Code/Scripts/Mission01.cpp:13731,games/renegade/content/scripts,,,not_started,,parity,
callback:M01_Visceroid02_JDG.Created,callback,M01_Visceroid02_JDG.Created,Code/Scripts/Mission01.cpp:13759,games/renegade/content/scripts,,,not_started,,parity,
callback:M01_Visceroid02_JDG.Custom,callback,M01_Visceroid02_JDG.Custom,Code/Scripts/Mission01.cpp:13764,games/renegade/content/scripts,,,not_started,,parity,
callback:M01_Visceroid03_JDG.Created,callback,M01_Visceroid03_JDG.Created,Code/Scripts/Mission01.cpp:13792,games/renegade/content/scripts,,,not_started,,parity,
callback:M01_Visceroid03_JDG.Custom,callback,M01_Visceroid03_JDG.Custom,Code/Scripts/Mission01.cpp:13797,games/renegade/content/scripts,,,not_started,,parity,
callback:M01_Visceroid_NodGuy01_JDG.Created,callback,M01_Visceroid_NodGuy01_JDG.Created,Code/Scripts/Mission01.cpp:13821,games/renegade/content/scripts,,,not_started,,parity,
callback:M01_Visceroid_NodGuy01_JDG.Custom,callback,M01_Visceroid_NodGuy01_JDG.Custom,Code/Scripts/Mission01.cpp:13826,games/renegade/content/scripts,,,not_started,,parity,
callback:M01_Visceroid_NodGuy02_JDG.Created,callback,M01_Visceroid_NodGuy02_JDG.Created,Code/Scripts/Mission01.cpp:13855,games/renegade/content/scripts,,,not_started,,parity,
callback:M01_Visceroid_NodGuy02_JDG.Custom,callback,M01_Visceroid_NodGuy02_JDG.Custom,Code/Scripts/Mission01.cpp:13860,games/renegade/content/scripts,,,not_started,,parity,
callback:M01_Waterfall_Exterior_Zone.Entered,callback,M01_Waterfall_Exterior_Zone.Entered,Code/Scripts/Mission01.cpp:3041,games/renegade/content/scripts,,,not_started,,parity,
callback:M01_Waterfall_Interior_Zone.Entered,callback,M01_Waterfall_Interior_Zone.Entered,Code/Scripts/Mission01.cpp:3030,games/renegade/content/scripts,,,not_started,,parity,
callback:M01_Whack_A_Mole_Enter_Zone_JDG.Entered,callback,M01_Whack_A_Mole_Enter_Zone_JDG.Entered,Code/Scripts/Mission01.cpp:5061,games/renegade/content/scripts,,,not_started,,parity,
callback:M01_Whack_A_Mole_Exit_Zone_JDG.Created,callback,M01_Whack_A_Mole_Exit_Zone_JDG.Created,Code/Scripts/Mission01.cpp:5081,games/renegade/content/scripts,,,not_started,,parity,
callback:M01_Whack_A_Mole_Exit_Zone_JDG.Custom,callback,M01_Whack_A_Mole_Exit_Zone_JDG.Custom,Code/Scripts/Mission01.cpp:5086,games/renegade/content/scripts,,,not_started,,parity,
callback:M01_Whack_A_Mole_Exit_Zone_JDG.Entered,callback,M01_Whack_A_Mole_Exit_Zone_JDG.Entered,Code/Scripts/Mission01.cpp:5093,games/renegade/content/scripts,,,not_started,,parity,
callback:M01_Whack_A_Mole_Minigunner_JDG.Action_Complete,callback,M01_Whack_A_Mole_Minigunner_JDG.Action_Complete,Code/Scripts/Mission01.cpp:5209,games/renegade/content/scripts,,,not_started,,parity,
callback:M01_Whack_A_Mole_Minigunner_JDG.Created,callback,M01_Whack_A_Mole_Minigunner_JDG.Created,Code/Scripts/Mission01.cpp:5128,games/renegade/content/scripts,,,not_started,,parity,
callback:M01_Whack_A_Mole_Minigunner_JDG.Custom,callback,M01_Whack_A_Mole_Minigunner_JDG.Custom,Code/Scripts/Mission01.cpp:5148,games/renegade/content/scripts,,,not_started,,parity,
callback:M01_Whack_A_Mole_Minigunner_JDG.Damaged,callback,M01_Whack_A_Mole_Minigunner_JDG.Damaged,Code/Scripts/Mission01.cpp:5247,games/renegade/content/scripts,,,not_started,,parity,
callback:M02_Approach_Vehicle.Custom,callback,M02_Approach_Vehicle.Custom,Code/Scripts/Mission02.cpp:4968,games/renegade/content/scripts,,,not_started,,parity,
callback:M02_Approach_Vehicle.Timer_Expired,callback,M02_Approach_Vehicle.Timer_Expired,Code/Scripts/Mission02.cpp:5004,games/renegade/content/scripts,,,not_started,,parity,
callback:M02_Commando_Start.Created,callback,M02_Commando_Start.Created,Code/Scripts/Mission02.cpp:5311,games/renegade/content/scripts,,,not_started,,parity,
callback:M02_Dam_MCT.Created,callback,M02_Dam_MCT.Created,Code/Scripts/Mission02.cpp:4055,games/renegade/content/scripts,,,not_started,,parity,
callback:M02_Dam_MCT.Damaged,callback,M02_Dam_MCT.Damaged,Code/Scripts/Mission02.cpp:4060,games/renegade/content/scripts,,,not_started,,parity,
callback:M02_Data_Disk.Custom,callback,M02_Data_Disk.Custom,Code/Scripts/Mission02.cpp:5322,games/renegade/content/scripts,,,not_started,,parity,
callback:M02_Destroy_Objective.Damaged,callback,M02_Destroy_Objective.Damaged,Code/Scripts/Mission02.cpp:4150,games/renegade/content/scripts,,,not_started,,parity,
callback:M02_Destroy_Objective.Killed,callback,M02_Destroy_Objective.Killed,Code/Scripts/Mission02.cpp:4098,games/renegade/content/scripts,,,not_started,,parity,
callback:M02_Destroy_Vehicle.Created,callback,M02_Destroy_Vehicle.Created,Code/Scripts/Mission02.cpp:5015,games/renegade/content/scripts,,,not_started,,parity,
callback:M02_Destroy_Vehicle.Damaged,callback,M02_Destroy_Vehicle.Damaged,Code/Scripts/Mission02.cpp:5040,games/renegade/content/scripts,,,not_started,,parity,
callback:M02_Destroy_Vehicle.Enemy_Seen,callback,M02_Destroy_Vehicle.Enemy_Seen,Code/Scripts/Mission02.cpp:5048,games/renegade/content/scripts,,,not_started,,parity,
callback:M02_Destroy_Vehicle.Timer_Expired,callback,M02_Destroy_Vehicle.Timer_Expired,Code/Scripts/Mission02.cpp:5022,games/renegade/content/scripts,,,not_started,,parity,
callback:M02_Encyclopedia_Reveal.Custom,callback,M02_Encyclopedia_Reveal.Custom,Code/Scripts/Mission02.cpp:5359,games/renegade/content/scripts,,,not_started,,parity,
callback:M02_GDI_Helicopter.Action_Complete,callback,M02_GDI_Helicopter.Action_Complete,Code/Scripts/Mission02.cpp:5299,games/renegade/content/scripts,,,not_started,,parity,
callback:M02_GDI_Helicopter.Created,callback,M02_GDI_Helicopter.Created,Code/Scripts/Mission02.cpp:5289,games/renegade/content/scripts,,,not_started,,parity,
callback:M02_GDI_Soldier.Action_Complete,callback,M02_GDI_Soldier.Action_Complete,Code/Scripts/Mission02.cpp:4398,games/renegade/content/scripts,,,not_started,,parity,
callback:M02_GDI_Soldier.Created,callback,M02_GDI_Soldier.Created,Code/Scripts/Mission02.cpp:4206,games/renegade/content/scripts,,,not_started,,parity,
callback:M02_GDI_Soldier.Custom,callback,M02_GDI_Soldier.Custom,Code/Scripts/Mission02.cpp:4367,games/renegade/content/scripts,,,not_started,,parity,
callback:M02_GDI_Soldier.Killed,callback,M02_GDI_Soldier.Killed,Code/Scripts/Mission02.cpp:4377,games/renegade/content/scripts,,,not_started,,parity,
callback:M02_GDI_Soldier.Poked,callback,M02_GDI_Soldier.Poked,Code/Scripts/Mission02.cpp:4323,games/renegade/content/scripts,,,not_started,,parity,
callback:M02_GDI_Soldier.Sound_Heard,callback,M02_GDI_Soldier.Sound_Heard,Code/Scripts/Mission02.cpp:4336,games/renegade/content/scripts,,,not_started,,parity,
callback:M02_GDI_Soldier.Timer_Expired,callback,M02_GDI_Soldier.Timer_Expired,Code/Scripts/Mission02.cpp:4234,games/renegade/content/scripts,,,not_started,,parity,
callback:M02_Helipad.Killed,callback,M02_Helipad.Killed,Code/Scripts/Mission02.cpp:4084,games/renegade/content/scripts,,,not_started,,parity,
callback:M02_Mendoza.Action_Complete,callback,M02_Mendoza.Action_Complete,Code/Scripts/Mission02.cpp:5113,games/renegade/content/scripts,,,not_started,,parity,
callback:M02_Mendoza.Created,callback,M02_Mendoza.Created,Code/Scripts/Mission02.cpp:5076,games/renegade/content/scripts,,,not_started,,parity,
callback:M02_Mendoza.Damaged,callback,M02_Mendoza.Damaged,Code/Scripts/Mission02.cpp:5094,games/renegade/content/scripts,,,not_started,,parity,
callback:M02_Mendoza.Timer_Expired,callback,M02_Mendoza.Timer_Expired,Code/Scripts/Mission02.cpp:5140,games/renegade/content/scripts,,,not_started,,parity,
callback:M02_Nod_Apache.Created,callback,M02_Nod_Apache.Created,Code/Scripts/Mission02.cpp:4547,games/renegade/content/scripts,,,not_started,,parity,
callback:M02_Nod_Apache.Sound_Heard,callback,M02_Nod_Apache.Sound_Heard,Code/Scripts/Mission02.cpp:4695,games/renegade/content/scripts,,,not_started,,parity,
callback:M02_Nod_Apache.Timer_Expired,callback,M02_Nod_Apache.Timer_Expired,Code/Scripts/Mission02.cpp:4581,games/renegade/content/scripts,,,not_started,,parity,
callback:M02_Nod_Convoy_Truck.Killed,callback,M02_Nod_Convoy_Truck.Killed,Code/Scripts/Mission02.cpp:4168,games/renegade/content/scripts,,,not_started,,parity,
callback:M02_Nod_Jet.Action_Complete,callback,M02_Nod_Jet.Action_Complete,Code/Scripts/Mission02.cpp:5253,games/renegade/content/scripts,,,not_started,,parity,
callback:M02_Nod_Jet.Created,callback,M02_Nod_Jet.Created,Code/Scripts/Mission02.cpp:5242,games/renegade/content/scripts,,,not_started,,parity,
callback:M02_Nod_Jet_Waypath.Action_Complete,callback,M02_Nod_Jet_Waypath.Action_Complete,Code/Scripts/Mission02.cpp:5277,games/renegade/content/scripts,,,not_started,,parity,
callback:M02_Nod_Jet_Waypath.Created,callback,M02_Nod_Jet_Waypath.Created,Code/Scripts/Mission02.cpp:5265,games/renegade/content/scripts,,,not_started,,parity,
callback:M02_Nod_Sakura.Created,callback,M02_Nod_Sakura.Created,Code/Scripts/Mission02.cpp:4881,games/renegade/content/scripts,,,not_started,,parity,
callback:M02_Nod_Sakura.Enemy_Seen,callback,M02_Nod_Sakura.Enemy_Seen,Code/Scripts/Mission02.cpp:4902,games/renegade/content/scripts,,,not_started,,parity,
callback:M02_Nod_Sakura.Sound_Heard,callback,M02_Nod_Sakura.Sound_Heard,Code/Scripts/Mission02.cpp:4951,games/renegade/content/scripts,,,not_started,,parity,
callback:M02_Nod_Sakura.Timer_Expired,callback,M02_Nod_Sakura.Timer_Expired,Code/Scripts/Mission02.cpp:4911,games/renegade/content/scripts,,,not_started,,parity,
callback:M02_Nod_Soldier.Created,callback,M02_Nod_Soldier.Created,Code/Scripts/Mission02.cpp:3392,games/renegade/content/scripts,,,not_started,,parity,
callback:M02_Nod_Soldier.Custom,callback,M02_Nod_Soldier.Custom,Code/Scripts/Mission02.cpp:3782,games/renegade/content/scripts,,,not_started,,parity,
callback:M02_Nod_Soldier.Damaged,callback,M02_Nod_Soldier.Damaged,Code/Scripts/Mission02.cpp:3873,games/renegade/content/scripts,,,not_started,,parity,
callback:M02_Nod_Soldier.Enemy_Seen,callback,M02_Nod_Soldier.Enemy_Seen,Code/Scripts/Mission02.cpp:3446,games/renegade/content/scripts,,,not_started,,parity,
callback:M02_Nod_Soldier.Killed,callback,M02_Nod_Soldier.Killed,Code/Scripts/Mission02.cpp:3757,games/renegade/content/scripts,,,not_started,,parity,
callback:M02_Nod_Soldier.Sound_Heard,callback,M02_Nod_Soldier.Sound_Heard,Code/Scripts/Mission02.cpp:3451,games/renegade/content/scripts,,,not_started,,parity,
callback:M02_Nod_Soldier.Timer_Expired,callback,M02_Nod_Soldier.Timer_Expired,Code/Scripts/Mission02.cpp:3482,games/renegade/content/scripts,,,not_started,,parity,
callback:M02_Nod_Vehicle.Created,callback,M02_Nod_Vehicle.Created,Code/Scripts/Mission02.cpp:4710,games/renegade/content/scripts,,,not_started,,parity,
callback:M02_Nod_Vehicle.Sound_Heard,callback,M02_Nod_Vehicle.Sound_Heard,Code/Scripts/Mission02.cpp:4760,games/renegade/content/scripts,,,not_started,,parity,
callback:M02_Nod_Vehicle.Timer_Expired,callback,M02_Nod_Vehicle.Timer_Expired,Code/Scripts/Mission02.cpp:4771,games/renegade/content/scripts,,,not_started,,parity,
callback:M02_Obelisk.Created,callback,M02_Obelisk.Created,Code/Scripts/Mission02.cpp:3888,games/renegade/content/scripts,,,not_started,,parity,
callback:M02_Obelisk.Custom,callback,M02_Obelisk.Custom,Code/Scripts/Mission02.cpp:3950,games/renegade/content/scripts,,,not_started,,parity,
callback:M02_Obelisk.Damaged,callback,M02_Obelisk.Damaged,Code/Scripts/Mission02.cpp:3893,games/renegade/content/scripts,,,not_started,,parity,
callback:M02_Obelisk.Killed,callback,M02_Obelisk.Killed,Code/Scripts/Mission02.cpp:3927,games/renegade/content/scripts,,,not_started,,parity,
callback:M02_Objective_Controller.Created,callback,M02_Objective_Controller.Created,Code/Scripts/Mission02.cpp:59,games/renegade/content/scripts,,,not_started,,parity,
callback:M02_Objective_Controller.Custom,callback,M02_Objective_Controller.Custom,Code/Scripts/Mission02.cpp:104,games/renegade/content/scripts,,,not_started,,parity,
callback:M02_Objective_Controller.Timer_Expired,callback,M02_Objective_Controller.Timer_Expired,Code/Scripts/Mission02.cpp:204,games/renegade/content/scripts,,,not_started,,parity,
callback:M02_Objective_Zone.Created,callback,M02_Objective_Zone.Created,Code/Scripts/Mission02.cpp:530,games/renegade/content/scripts,,,not_started,,parity,
callback:M02_Objective_Zone.Custom,callback,M02_Objective_Zone.Custom,Code/Scripts/Mission02.cpp:1965,games/renegade/content/scripts,,,not_started,,parity,
callback:M02_Objective_Zone.Entered,callback,M02_Objective_Zone.Entered,Code/Scripts/Mission02.cpp:538,games/renegade/content/scripts,,,not_started,,parity,
callback:M02_Objective_Zone.Timer_Expired,callback,M02_Objective_Zone.Timer_Expired,Code/Scripts/Mission02.cpp:1799,games/renegade/content/scripts,,,not_started,,parity,
callback:M02_Player_Vehicle.Created,callback,M02_Player_Vehicle.Created,Code/Scripts/Mission02.cpp:4806,games/renegade/content/scripts,,,not_started,,parity,
callback:M02_Player_Vehicle.Custom,callback,M02_Player_Vehicle.Custom,Code/Scripts/Mission02.cpp:4853,games/renegade/content/scripts,,,not_started,,parity,
callback:M02_Player_Vehicle.Destroyed,callback,M02_Player_Vehicle.Destroyed,Code/Scripts/Mission02.cpp:4839,games/renegade/content/scripts,,,not_started,,parity,
callback:M02_Player_Vehicle.Timer_Expired,callback,M02_Player_Vehicle.Timer_Expired,Code/Scripts/Mission02.cpp:4816,games/renegade/content/scripts,,,not_started,,parity,
callback:M02_Power_Plant.Created,callback,M02_Power_Plant.Created,Code/Scripts/Mission02.cpp:3964,games/renegade/content/scripts,,,not_started,,parity,
callback:M02_Power_Plant.Custom,callback,M02_Power_Plant.Custom,Code/Scripts/Mission02.cpp:4036,games/renegade/content/scripts,,,not_started,,parity,
callback:M02_Power_Plant.Damaged,callback,M02_Power_Plant.Damaged,Code/Scripts/Mission02.cpp:3969,games/renegade/content/scripts,,,not_started,,parity,
callback:M02_Power_Plant.Killed,callback,M02_Power_Plant.Killed,Code/Scripts/Mission02.cpp:4000,games/renegade/content/scripts,,,not_started,,parity,
callback:M02_Reset_Spawn.Destroyed,callback,M02_Reset_Spawn.Destroyed,Code/Scripts/Mission02.cpp:3357,games/renegade/content/scripts,,,not_started,,parity,
callback:M02_Respawn_Controller.Created,callback,M02_Respawn_Controller.Created,Code/Scripts/Mission02.cpp:2186,games/renegade/content/scripts,,,not_started,,parity,
callback:M02_Respawn_Controller.Custom,callback,M02_Respawn_Controller.Custom,Code/Scripts/Mission02.cpp:3134,games/renegade/content/scripts,,,not_started,,parity,
callback:M02_Respawn_Controller.Timer_Expired,callback,M02_Respawn_Controller.Timer_Expired,Code/Scripts/Mission02.cpp:2343,games/renegade/content/scripts,,,not_started,,parity,
callback:M02_Stationary_Vehicle.Created,callback,M02_Stationary_Vehicle.Created,Code/Scripts/Mission02.cpp:4439,games/renegade/content/scripts,,,not_started,,parity,
callback:M02_Stationary_Vehicle.Custom,callback,M02_Stationary_Vehicle.Custom,Code/Scripts/Mission02.cpp:4514,games/renegade/content/scripts,,,not_started,,parity,
callback:M02_Stationary_Vehicle.Enemy_Seen,callback,M02_Stationary_Vehicle.Enemy_Seen,Code/Scripts/Mission02.cpp:4482,games/renegade/content/scripts,,,not_started,,parity,
callback:M02_Stationary_Vehicle.Killed,callback,M02_Stationary_Vehicle.Killed,Code/Scripts/Mission02.cpp:4455,games/renegade/content/scripts,,,not_started,,parity,
callback:M02_Stationary_Vehicle.Sound_Heard,callback,M02_Stationary_Vehicle.Sound_Heard,Code/Scripts/Mission02.cpp:4497,games/renegade/content/scripts,,,not_started,,parity,
callback:M02_Stationary_Vehicle.Timer_Expired,callback,M02_Stationary_Vehicle.Timer_Expired,Code/Scripts/Mission02.cpp:4524,games/renegade/content/scripts,,,not_started,,parity,
callback:M03_A05_Evac_Zone.Created,callback,M03_A05_Evac_Zone.Created,Code/Scripts/Test_RAD.cpp:3139,games/renegade/content/scripts,,,not_started,,parity,
callback:M03_A05_Evac_Zone.Custom,callback,M03_A05_Evac_Zone.Custom,Code/Scripts/Test_RAD.cpp:3183,games/renegade/content/scripts,,,not_started,,parity,
callback:M03_A05_Evac_Zone.Entered,callback,M03_A05_Evac_Zone.Entered,Code/Scripts/Test_RAD.cpp:3145,games/renegade/content/scripts,,,not_started,,parity,
callback:M03_AggAndCover.Created,callback,M03_AggAndCover.Created,Code/Scripts/Mission03.cpp:6977,games/renegade/content/scripts,,,not_started,,parity,
callback:M03_Alternate_Sam_Site.Created,callback,M03_Alternate_Sam_Site.Created,Code/Scripts/Mission03.cpp:3834,games/renegade/content/scripts,,,not_started,,parity,
callback:M03_Alternate_Sam_Site.Custom,callback,M03_Alternate_Sam_Site.Custom,Code/Scripts/Mission03.cpp:3840,games/renegade/content/scripts,,,not_started,,parity,
callback:M03_Alternate_Sam_Site.Timer_Expired,callback,M03_Alternate_Sam_Site.Timer_Expired,Code/Scripts/Mission03.cpp:3863,games/renegade/content/scripts,,,not_started,,parity,
callback:M03_Ambient_Birdcall_Controller_JDG.Created,callback,M03_Ambient_Birdcall_Controller_JDG.Created,Code/Scripts/Mission03.cpp:1686,games/renegade/content/scripts,,,not_started,,parity,
callback:M03_Ambient_Birdcall_Controller_JDG.Custom,callback,M03_Ambient_Birdcall_Controller_JDG.Custom,Code/Scripts/Mission03.cpp:1696,games/renegade/content/scripts,,,not_started,,parity,
callback:M03_Ambient_Birdcall_Controller_JDG.Entered,callback,M03_Ambient_Birdcall_Controller_JDG.Entered,Code/Scripts/Mission03.cpp:1737,games/renegade/content/scripts,,,not_started,,parity,
callback:M03_Announce_CommCenter_Controller_JDG.Created,callback,M03_Announce_CommCenter_Controller_JDG.Created,Code/Scripts/Mission03.cpp:2730,games/renegade/content/scripts,,,not_started,,parity,
callback:M03_Announce_CommCenter_Controller_JDG.Custom,callback,M03_Announce_CommCenter_Controller_JDG.Custom,Code/Scripts/Mission03.cpp:2755,games/renegade/content/scripts,,,not_started,,parity,
callback:M03_Announce_CommCenter_Controller_JDG.Killed,callback,M03_Announce_CommCenter_Controller_JDG.Killed,Code/Scripts/Mission03.cpp:2997,games/renegade/content/scripts,,,not_started,,parity,
callback:M03_Announce_PowerPlant_Controller_JDG.Created,callback,M03_Announce_PowerPlant_Controller_JDG.Created,Code/Scripts/Mission03.cpp:1813,games/renegade/content/scripts,,,not_started,,parity,
callback:M03_Announce_PowerPlant_Controller_JDG.Custom,callback,M03_Announce_PowerPlant_Controller_JDG.Custom,Code/Scripts/Mission03.cpp:1838,games/renegade/content/scripts,,,not_started,,parity,
callback:M03_Announce_PowerPlant_Controller_JDG.Killed,callback,M03_Announce_PowerPlant_Controller_JDG.Killed,Code/Scripts/Mission03.cpp:2124,games/renegade/content/scripts,,,not_started,,parity,
callback:M03_Announce_Refinery_Controller_JDG.Created,callback,M03_Announce_Refinery_Controller_JDG.Created,Code/Scripts/Mission03.cpp:2230,games/renegade/content/scripts,,,not_started,,parity,
callback:M03_Announce_Refinery_Controller_JDG.Custom,callback,M03_Announce_Refinery_Controller_JDG.Custom,Code/Scripts/Mission03.cpp:2264,games/renegade/content/scripts,,,not_started,,parity,
callback:M03_Announce_Refinery_Controller_JDG.Killed,callback,M03_Announce_Refinery_Controller_JDG.Killed,Code/Scripts/Mission03.cpp:2656,games/renegade/content/scripts,,,not_started,,parity,
callback:M03_Area_Troop_Counter.Created,callback,M03_Area_Troop_Counter.Created,Code/Scripts/Mission03.cpp:5842,games/renegade/content/scripts,,,not_started,,parity,
callback:M03_Area_Troop_Counter.Custom,callback,M03_Area_Troop_Counter.Custom,Code/Scripts/Mission03.cpp:5850,games/renegade/content/scripts,,,not_started,,parity,
callback:M03_Base_Harvester.Action_Complete,callback,M03_Base_Harvester.Action_Complete,Code/Scripts/Mission03.cpp:4305,games/renegade/content/scripts,,,not_started,,parity,
callback:M03_Base_Harvester.Animation_Complete,callback,M03_Base_Harvester.Animation_Complete,Code/Scripts/Mission03.cpp:4271,games/renegade/content/scripts,,,not_started,,parity,
callback:M03_Base_Harvester.Created,callback,M03_Base_Harvester.Created,Code/Scripts/Mission03.cpp:4257,games/renegade/content/scripts,,,not_started,,parity,
callback:M03_Base_Harvester.Custom,callback,M03_Base_Harvester.Custom,Code/Scripts/Mission03.cpp:4352,games/renegade/content/scripts,,,not_started,,parity,
callback:M03_Base_Harvester.Timer_Expired,callback,M03_Base_Harvester.Timer_Expired,Code/Scripts/Mission03.cpp:4333,games/renegade/content/scripts,,,not_started,,parity,
callback:M03_Base_Patrol.Action_Complete,callback,M03_Base_Patrol.Action_Complete,Code/Scripts/Mission03.cpp:4223,games/renegade/content/scripts,,,not_started,,parity,
callback:M03_Base_Patrol.Created,callback,M03_Base_Patrol.Created,Code/Scripts/Mission03.cpp:4212,games/renegade/content/scripts,,,not_started,,parity,
callback:M03_Beach_Radio.Action_Complete,callback,M03_Beach_Radio.Action_Complete,Code/Scripts/Mission03.cpp:5753,games/renegade/content/scripts,,,not_started,,parity,
callback:M03_Beach_Radio.Created,callback,M03_Beach_Radio.Created,Code/Scripts/Mission03.cpp:5718,games/renegade/content/scripts,,,not_started,,parity,
callback:M03_Beach_Radio.Killed,callback,M03_Beach_Radio.Killed,Code/Scripts/Mission03.cpp:5748,games/renegade/content/scripts,,,not_started,,parity,
callback:M03_Beach_Radio.Poked,callback,M03_Beach_Radio.Poked,Code/Scripts/Mission03.cpp:5725,games/renegade/content/scripts,,,not_started,,parity,
callback:M03_Beach_Reinforce.Created,callback,M03_Beach_Reinforce.Created,Code/Scripts/Mission03.cpp:6502,games/renegade/content/scripts,,,not_started,,parity,
callback:M03_Beach_Reinforce.Custom,callback,M03_Beach_Reinforce.Custom,Code/Scripts/Mission03.cpp:6599,games/renegade/content/scripts,,,not_started,,parity,
callback:M03_Beach_Scenario_Controller.Created,callback,M03_Beach_Scenario_Controller.Created,Code/Scripts/Mission03.cpp:5156,games/renegade/content/scripts,,,not_started,,parity,
callback:M03_Beach_Scenario_Controller.Custom,callback,M03_Beach_Scenario_Controller.Custom,Code/Scripts/Mission03.cpp:5161,games/renegade/content/scripts,,,not_started,,parity,
callback:M03_Beach_Soldier_GDI.Action_Complete,callback,M03_Beach_Soldier_GDI.Action_Complete,Code/Scripts/Mission03.cpp:3291,games/renegade/content/scripts,,,not_started,,parity,
callback:M03_Beach_Soldier_GDI.Created,callback,M03_Beach_Soldier_GDI.Created,Code/Scripts/Mission03.cpp:3277,games/renegade/content/scripts,,,not_started,,parity,
callback:M03_Beach_Soldier_GDI.Timer_Expired,callback,M03_Beach_Soldier_GDI.Timer_Expired,Code/Scripts/Mission03.cpp:3299,games/renegade/content/scripts,,,not_started,,parity,
callback:M03_Beach_Turret.Created,callback,M03_Beach_Turret.Created,Code/Scripts/Mission03.cpp:4963,games/renegade/content/scripts,,,not_started,,parity,
callback:M03_Beach_Turret.Killed,callback,M03_Beach_Turret.Killed,Code/Scripts/Mission03.cpp:4977,games/renegade/content/scripts,,,not_started,,parity,
callback:M03_Beach_Turret.Timer_Expired,callback,M03_Beach_Turret.Timer_Expired,Code/Scripts/Mission03.cpp:4968,games/renegade/content/scripts,,,not_started,,parity,
callback:M03_Big_Gun_Explosion.Created,callback,M03_Big_Gun_Explosion.Created,Code/Scripts/Mission03.cpp:4143,games/renegade/content/scripts,,,not_started,,parity,
callback:M03_Chinook_Drop_Soldiers_GDI.Created,callback,M03_Chinook_Drop_Soldiers_GDI.Created,Code/Scripts/Mission03.cpp:3198,games/renegade/content/scripts,,,not_started,,parity,
callback:M03_Chinook_Drop_Soldiers_GDI.Custom,callback,M03_Chinook_Drop_Soldiers_GDI.Custom,Code/Scripts/Mission03.cpp:3209,games/renegade/content/scripts,,,not_started,,parity,
callback:M03_Chinook_Fodder_Creator.Action_Complete,callback,M03_Chinook_Fodder_Creator.Action_Complete,Code/Scripts/Mission03.cpp:4024,games/renegade/content/scripts,,,not_started,,parity,
callback:M03_Chinook_Fodder_Creator.Custom,callback,M03_Chinook_Fodder_Creator.Custom,Code/Scripts/Mission03.cpp:3992,games/renegade/content/scripts,,,not_started,,parity,
callback:M03_Chinook_Fodder_Creator.Timer_Expired,callback,M03_Chinook_Fodder_Creator.Timer_Expired,Code/Scripts/Mission03.cpp:4010,games/renegade/content/scripts,,,not_started,,parity,
callback:M03_Chinook_ParaDrop.Created,callback,M03_Chinook_ParaDrop.Created,Code/Scripts/Mission03.cpp:4674,games/renegade/content/scripts,,,not_started,,parity,
callback:M03_Chinook_ParaDrop.Custom,callback,M03_Chinook_ParaDrop.Custom,Code/Scripts/Mission03.cpp:4841,games/renegade/content/scripts,,,not_started,,parity,
callback:M03_Chinook_ParaDrop.Timer_Expired,callback,M03_Chinook_ParaDrop.Timer_Expired,Code/Scripts/Mission03.cpp:4710,games/renegade/content/scripts,,,not_started,,parity,
callback:M03_Chinook_Reinforcements.Created,callback,M03_Chinook_Reinforcements.Created,Code/Scripts/Mission03.cpp:3330,games/renegade/content/scripts,,,not_started,,parity,
callback:M03_Chinook_Reinforcements.Custom,callback,M03_Chinook_Reinforcements.Custom,Code/Scripts/Mission03.cpp:3342,games/renegade/content/scripts,,,not_started,,parity,
callback:M03_Chinook_Spawned_Soldier_GDI.Action_Complete,callback,M03_Chinook_Spawned_Soldier_GDI.Action_Complete,Code/Scripts/Mission03.cpp:3531,games/renegade/content/scripts,,,not_started,,parity,
callback:M03_Chinook_Spawned_Soldier_GDI.Created,callback,M03_Chinook_Spawned_Soldier_GDI.Created,Code/Scripts/Mission03.cpp:3459,games/renegade/content/scripts,,,not_started,,parity,
callback:M03_Chinook_Spawned_Soldier_GDI.Custom,callback,M03_Chinook_Spawned_Soldier_GDI.Custom,Code/Scripts/Mission03.cpp:3640,games/renegade/content/scripts,,,not_started,,parity,
callback:M03_Chinook_Spawned_Soldier_GDI.Killed,callback,M03_Chinook_Spawned_Soldier_GDI.Killed,Code/Scripts/Mission03.cpp:3564,games/renegade/content/scripts,,,not_started,,parity,
callback:M03_Chinook_Spawned_Soldier_GDI.Poked,callback,M03_Chinook_Spawned_Soldier_GDI.Poked,Code/Scripts/Mission03.cpp:3577,games/renegade/content/scripts,,,not_started,,parity,
callback:M03_Chinook_Spawned_Soldier_GDI.Timer_Expired,callback,M03_Chinook_Spawned_Soldier_GDI.Timer_Expired,Code/Scripts/Mission03.cpp:3473,games/renegade/content/scripts,,,not_started,,parity,
callback:M03_Cine_Explosion.Custom,callback,M03_Cine_Explosion.Custom,Code/Scripts/Mission03.cpp:7094,games/renegade/content/scripts,,,not_started,,parity,
callback:M03_CommCenter_Arrow.Created,callback,M03_CommCenter_Arrow.Created,Code/Scripts/Mission03.cpp:6049,games/renegade/content/scripts,,,not_started,,parity,
callback:M03_CommCenter_Arrow.Custom,callback,M03_CommCenter_Arrow.Custom,Code/Scripts/Mission03.cpp:6063,games/renegade/content/scripts,,,not_started,,parity,
callback:M03_CommCenter_Arrow.Timer_Expired,callback,M03_CommCenter_Arrow.Timer_Expired,Code/Scripts/Mission03.cpp:6055,games/renegade/content/scripts,,,not_started,,parity,
callback:M03_CommCenter_SateliteDish_Controller_JDG.Created,callback,M03_CommCenter_SateliteDish_Controller_JDG.Created,Code/Scripts/Mission03.cpp:1580,games/renegade/content/scripts,,,not_started,,parity,
callback:M03_CommCenter_SateliteDish_Controller_JDG.Custom,callback,M03_CommCenter_SateliteDish_Controller_JDG.Custom,Code/Scripts/Mission03.cpp:1590,games/renegade/content/scripts,,,not_started,,parity,
callback:M03_CommCenter_Warning.Created,callback,M03_CommCenter_Warning.Created,Code/Scripts/Mission03.cpp:5973,games/renegade/content/scripts,,,not_started,,parity,
callback:M03_CommCenter_Warning.Custom,callback,M03_CommCenter_Warning.Custom,Code/Scripts/Mission03.cpp:5979,games/renegade/content/scripts,,,not_started,,parity,
callback:M03_CommCenter_Warning.Entered,callback,M03_CommCenter_Warning.Entered,Code/Scripts/Mission03.cpp:5987,games/renegade/content/scripts,,,not_started,,parity,
callback:M03_Comm_Killed.Created,callback,M03_Comm_Killed.Created,Code/Scripts/Mission03.cpp:6146,games/renegade/content/scripts,,,not_started,,parity,
callback:M03_Comm_Killed.Custom,callback,M03_Comm_Killed.Custom,Code/Scripts/Mission03.cpp:6152,games/renegade/content/scripts,,,not_started,,parity,
callback:M03_Comm_Killed.Damaged,callback,M03_Comm_Killed.Damaged,Code/Scripts/Mission03.cpp:6159,games/renegade/content/scripts,,,not_started,,parity,
callback:M03_Comm_Killed.Killed,callback,M03_Comm_Killed.Killed,Code/Scripts/Mission03.cpp:6167,games/renegade/content/scripts,,,not_started,,parity,
callback:M03_Commando_Script.Created,callback,M03_Commando_Script.Created,Code/Scripts/Mission03.cpp:3075,games/renegade/content/scripts,,,not_started,,parity,
callback:M03_Commando_Script.Custom,callback,M03_Commando_Script.Custom,Code/Scripts/Mission03.cpp:3089,games/renegade/content/scripts,,,not_started,,parity,
callback:M03_Commando_Script.Destroyed,callback,M03_Commando_Script.Destroyed,Code/Scripts/Mission03.cpp:3125,games/renegade/content/scripts,,,not_started,,parity,
callback:M03_Commando_Script.Killed,callback,M03_Commando_Script.Killed,Code/Scripts/Mission03.cpp:3134,games/renegade/content/scripts,,,not_started,,parity,
callback:M03_Commando_Script.Sound_Heard,callback,M03_Commando_Script.Sound_Heard,Code/Scripts/Mission03.cpp:3081,games/renegade/content/scripts,,,not_started,,parity,
callback:M03_ConYardSeen.Created,callback,M03_ConYardSeen.Created,Code/Scripts/Mission03.cpp:7112,games/renegade/content/scripts,,,not_started,,parity,
callback:M03_ConYardSeen.Custom,callback,M03_ConYardSeen.Custom,Code/Scripts/Mission03.cpp:7117,games/renegade/content/scripts,,,not_started,,parity,
callback:M03_ConYardSeen.Entered,callback,M03_ConYardSeen.Entered,Code/Scripts/Mission03.cpp:7125,games/renegade/content/scripts,,,not_started,,parity,
callback:M03_Conversation_Zone.Action_Complete,callback,M03_Conversation_Zone.Action_Complete,Code/Scripts/Mission03.cpp:6199,games/renegade/content/scripts,,,not_started,,parity,
callback:M03_Conversation_Zone.Created,callback,M03_Conversation_Zone.Created,Code/Scripts/Mission03.cpp:6185,games/renegade/content/scripts,,,not_started,,parity,
callback:M03_Conversation_Zone.Custom,callback,M03_Conversation_Zone.Custom,Code/Scripts/Mission03.cpp:6191,games/renegade/content/scripts,,,not_started,,parity,
callback:M03_Conversation_Zone.Entered,callback,M03_Conversation_Zone.Entered,Code/Scripts/Mission03.cpp:6236,games/renegade/content/scripts,,,not_started,,parity,
callback:M03_Conversation_Zone.Timer_Expired,callback,M03_Conversation_Zone.Timer_Expired,Code/Scripts/Mission03.cpp:6225,games/renegade/content/scripts,,,not_started,,parity,
callback:M03_Damage_Modifier_All.Created,callback,M03_Damage_Modifier_All.Created,Code/Scripts/Mission03.cpp:7059,games/renegade/content/scripts,,,not_started,,parity,
callback:M03_Damage_Modifier_All.Damaged,callback,M03_Damage_Modifier_All.Damaged,Code/Scripts/Mission03.cpp:7065,games/renegade/content/scripts,,,not_started,,parity,
callback:M03_DataDiscMessage.Custom,callback,M03_DataDiscMessage.Custom,Code/Scripts/Mission03.cpp:7137,games/renegade/content/scripts,,,not_started,,parity,
callback:M03_Destroyed_Chinook.Killed,callback,M03_Destroyed_Chinook.Killed,Code/Scripts/Mission03.cpp:3966,games/renegade/content/scripts,,,not_started,,parity,
callback:M03_Destroyed_SAM_Site.Created,callback,M03_Destroyed_SAM_Site.Created,Code/Scripts/Mission03.cpp:5096,games/renegade/content/scripts,,,not_started,,parity,
callback:M03_Destroyed_SAM_Site.Timer_Expired,callback,M03_Destroyed_SAM_Site.Timer_Expired,Code/Scripts/Mission03.cpp:5101,games/renegade/content/scripts,,,not_started,,parity,
callback:M03_Destroyed_Turret.Created,callback,M03_Destroyed_Turret.Created,Code/Scripts/Mission03.cpp:5109,games/renegade/content/scripts,games/renegade/content/scripts/M03_Destroyed_Turret.lua,games/renegade/scripting/mission.test,verified,games/renegade/migration/validation.json,parity,
callback:M03_Destroyed_Turret.Timer_Expired,callback,M03_Destroyed_Turret.Timer_Expired,Code/Scripts/Mission03.cpp:5115,games/renegade/content/scripts,games/renegade/content/scripts/M03_Destroyed_Turret.lua,games/renegade/scripting/mission.test,verified,games/renegade/migration/validation.json,parity,
callback:M03_Engineer_Repair.Action_Complete,callback,M03_Engineer_Repair.Action_Complete,Code/Scripts/Mission03.cpp:6786,games/renegade/content/scripts,,,not_started,,parity,
callback:M03_Engineer_Repair.Created,callback,M03_Engineer_Repair.Created,Code/Scripts/Mission03.cpp:6748,games/renegade/content/scripts,,,not_started,,parity,
callback:M03_Engineer_Repair.Sound_Heard,callback,M03_Engineer_Repair.Sound_Heard,Code/Scripts/Mission03.cpp:6754,games/renegade/content/scripts,,,not_started,,parity,
callback:M03_Engineer_Target.Created,callback,M03_Engineer_Target.Created,Code/Scripts/Mission03.cpp:6689,games/renegade/content/scripts,,,not_started,,parity,
callback:M03_Engineer_Target.Custom,callback,M03_Engineer_Target.Custom,Code/Scripts/Mission03.cpp:6694,games/renegade/content/scripts,,,not_started,,parity,
callback:M03_Engineer_Target.Damaged,callback,M03_Engineer_Target.Damaged,Code/Scripts/Mission03.cpp:6702,games/renegade/content/scripts,,,not_started,,parity,
callback:M03_Engineer_Target.Destroyed,callback,M03_Engineer_Target.Destroyed,Code/Scripts/Mission03.cpp:6708,games/renegade/content/scripts,,,not_started,,parity,
callback:M03_Engineer_Target.Timer_Expired,callback,M03_Engineer_Target.Timer_Expired,Code/Scripts/Mission03.cpp:6714,games/renegade/content/scripts,,,not_started,,parity,
callback:M03_Flyover_Controller.Created,callback,M03_Flyover_Controller.Created,Code/Scripts/Mission03.cpp:3906,games/renegade/content/scripts,,,not_started,,parity,
callback:M03_Flyover_Controller.Custom,callback,M03_Flyover_Controller.Custom,Code/Scripts/Mission03.cpp:3913,games/renegade/content/scripts,,,not_started,,parity,
callback:M03_Flyover_Controller.Timer_Expired,callback,M03_Flyover_Controller.Timer_Expired,Code/Scripts/Mission03.cpp:3925,games/renegade/content/scripts,,,not_started,,parity,
callback:M03_Goto_Star.Created,callback,M03_Goto_Star.Created,Code/Scripts/Mission03.cpp:5943,games/renegade/content/scripts,,,not_started,,parity,
callback:M03_Goto_Star.Timer_Expired,callback,M03_Goto_Star.Timer_Expired,Code/Scripts/Mission03.cpp:5948,games/renegade/content/scripts,,,not_started,,parity,
callback:M03_Gunboat_Controller_RMV.Action_Complete,callback,M03_Gunboat_Controller_RMV.Action_Complete,Code/Scripts/Mission03.cpp:1033,games/renegade/content/scripts,,,not_started,,parity,
callback:M03_Gunboat_Controller_RMV.Created,callback,M03_Gunboat_Controller_RMV.Created,Code/Scripts/Mission03.cpp:868,games/renegade/content/scripts,,,not_started,,parity,
callback:M03_Gunboat_Controller_RMV.Custom,callback,M03_Gunboat_Controller_RMV.Custom,Code/Scripts/Mission03.cpp:976,games/renegade/content/scripts,,,not_started,,parity,
callback:M03_Gunboat_Controller_RMV.Damaged,callback,M03_Gunboat_Controller_RMV.Damaged,Code/Scripts/Mission03.cpp:1088,games/renegade/content/scripts,,,not_started,,parity,
callback:M03_Gunboat_Controller_RMV.Killed,callback,M03_Gunboat_Controller_RMV.Killed,Code/Scripts/Mission03.cpp:1131,games/renegade/content/scripts,,,not_started,,parity,
callback:M03_Gunboat_Controller_RMV.Timer_Expired,callback,M03_Gunboat_Controller_RMV.Timer_Expired,Code/Scripts/Mission03.cpp:912,games/renegade/content/scripts,,,not_started,,parity,
callback:M03_Holograph_EntryZone_JDG.Created,callback,M03_Holograph_EntryZone_JDG.Created,Code/Scripts/Mission03.cpp:6374,games/renegade/content/scripts,,,not_started,,parity,
callback:M03_Holograph_EntryZone_JDG.Custom,callback,M03_Holograph_EntryZone_JDG.Custom,Code/Scripts/Mission03.cpp:6389,games/renegade/content/scripts,,,not_started,,parity,
callback:M03_Holograph_EntryZone_JDG.Entered,callback,M03_Holograph_EntryZone_JDG.Entered,Code/Scripts/Mission03.cpp:6379,games/renegade/content/scripts,,,not_started,,parity,
callback:M03_Initial_Powerups.Created,callback,M03_Initial_Powerups.Created,Code/Scripts/Mission03.cpp:3027,games/renegade/content/scripts,,,not_started,,parity,
callback:M03_Initial_Powerups.Custom,callback,M03_Initial_Powerups.Custom,Code/Scripts/Mission03.cpp:3055,games/renegade/content/scripts,,,not_started,,parity,
callback:M03_Initial_Powerups.Timer_Expired,callback,M03_Initial_Powerups.Timer_Expired,Code/Scripts/Mission03.cpp:3032,games/renegade/content/scripts,,,not_started,,parity,
callback:M03_Inlet_Nod_Reinforcements.Created,callback,M03_Inlet_Nod_Reinforcements.Created,Code/Scripts/Mission03.cpp:4165,games/renegade/content/scripts,,,not_started,,parity,
callback:M03_Inlet_Nod_Reinforcements.Custom,callback,M03_Inlet_Nod_Reinforcements.Custom,Code/Scripts/Mission03.cpp:4194,games/renegade/content/scripts,,,not_started,,parity,
callback:M03_Inlet_Nod_Reinforcements.Timer_Expired,callback,M03_Inlet_Nod_Reinforcements.Timer_Expired,Code/Scripts/Mission03.cpp:4170,games/renegade/content/scripts,,,not_started,,parity,
callback:M03_Inlet_Soldier_GDI.Action_Complete,callback,M03_Inlet_Soldier_GDI.Action_Complete,Code/Scripts/Mission03.cpp:3257,games/renegade/content/scripts,,,not_started,,parity,
callback:M03_Inlet_Soldier_GDI.Created,callback,M03_Inlet_Soldier_GDI.Created,Code/Scripts/Mission03.cpp:3243,games/renegade/content/scripts,,,not_started,,parity,
callback:M03_Inlet_Soldier_GDI.Timer_Expired,callback,M03_Inlet_Soldier_GDI.Timer_Expired,Code/Scripts/Mission03.cpp:3265,games/renegade/content/scripts,,,not_started,,parity,
callback:M03_Intro_Substitute.Action_Complete,callback,M03_Intro_Substitute.Action_Complete,Code/Scripts/Mission03.cpp:3760,games/renegade/content/scripts,,,not_started,,parity,
callback:M03_Intro_Substitute.Created,callback,M03_Intro_Substitute.Created,Code/Scripts/Mission03.cpp:3744,games/renegade/content/scripts,,,not_started,,parity,
callback:M03_Intro_Substitute.Custom,callback,M03_Intro_Substitute.Custom,Code/Scripts/Mission03.cpp:3736,games/renegade/content/scripts,,,not_started,,parity,
callback:M03_Intro_Substitute.Timer_Expired,callback,M03_Intro_Substitute.Timer_Expired,Code/Scripts/Mission03.cpp:3812,games/renegade/content/scripts,,,not_started,,parity,
callback:M03_KaneHead_JDG.Action_Complete,callback,M03_KaneHead_JDG.Action_Complete,Code/Scripts/Mission03.cpp:6431,games/renegade/content/scripts,,,not_started,,parity,
callback:M03_KaneHead_JDG.Created,callback,M03_KaneHead_JDG.Created,Code/Scripts/Mission03.cpp:6419,games/renegade/content/scripts,,,not_started,,parity,
callback:M03_KaneHead_JDG.Custom,callback,M03_KaneHead_JDG.Custom,Code/Scripts/Mission03.cpp:6447,games/renegade/content/scripts,,,not_started,,parity,
callback:M03_Key_Card.Custom,callback,M03_Key_Card.Custom,Code/Scripts/Mission03.cpp:4650,games/renegade/content/scripts,,,not_started,,parity,
callback:M03_Killed_Disabled_Spawner.Killed,callback,M03_Killed_Disabled_Spawner.Killed,Code/Scripts/Mission03.cpp:5932,games/renegade/content/scripts,,,not_started,,parity,
callback:M03_Killed_Sound.Killed,callback,M03_Killed_Sound.Killed,Code/Scripts/Mission03.cpp:6459,games/renegade/content/scripts,,,not_started,,parity,
callback:M03_Mct_Poke.Created,callback,M03_Mct_Poke.Created,Code/Scripts/Mission03.cpp:6120,games/renegade/content/scripts,,,not_started,,parity,
callback:M03_Mct_Poke.Poked,callback,M03_Mct_Poke.Poked,Code/Scripts/Mission03.cpp:6125,games/renegade/content/scripts,,,not_started,,parity,
callback:M03_Mission_Complete_Zone.Created,callback,M03_Mission_Complete_Zone.Created,Code/Scripts/Mission03.cpp:5896,games/renegade/content/scripts,,,not_started,,parity,
callback:M03_Mission_Complete_Zone.Entered,callback,M03_Mission_Complete_Zone.Entered,Code/Scripts/Mission03.cpp:5902,games/renegade/content/scripts,,,not_started,,parity,
callback:M03_Move_Commando_To_Start.Created,callback,M03_Move_Commando_To_Start.Created,Code/Scripts/Mission03.cpp:3159,games/renegade/content/scripts,,,not_started,,parity,
callback:M03_Move_Commando_To_Start.Custom,callback,M03_Move_Commando_To_Start.Custom,Code/Scripts/Mission03.cpp:3174,games/renegade/content/scripts,,,not_started,,parity,
callback:M03_Move_Commando_To_Start.Timer_Expired,callback,M03_Move_Commando_To_Start.Timer_Expired,Code/Scripts/Mission03.cpp:3164,games/renegade/content/scripts,,,not_started,,parity,
callback:M03_No_More_Parachute.Destroyed,callback,M03_No_More_Parachute.Destroyed,Code/Scripts/Mission03.cpp:4852,games/renegade/content/scripts,,,not_started,,parity,
callback:M03_Objective_Controller.Action_Complete,callback,M03_Objective_Controller.Action_Complete,Code/Scripts/Mission03.cpp:89,games/renegade/content/scripts,,,not_started,,parity,
callback:M03_Objective_Controller.Created,callback,M03_Objective_Controller.Created,Code/Scripts/Mission03.cpp:68,games/renegade/content/scripts,,,not_started,,parity,
callback:M03_Objective_Controller.Custom,callback,M03_Objective_Controller.Custom,Code/Scripts/Mission03.cpp:151,games/renegade/content/scripts,,,not_started,,parity,
callback:M03_Objective_Controller.Timer_Expired,callback,M03_Objective_Controller.Timer_Expired,Code/Scripts/Mission03.cpp:270,games/renegade/content/scripts,,,not_started,,parity,
callback:M03_Objective_Tracker.Created,callback,M03_Objective_Tracker.Created,Code/Scripts/Mission03.cpp:3711,games/renegade/content/scripts,,,not_started,,parity,
callback:M03_Objective_Tracker.Custom,callback,M03_Objective_Tracker.Custom,Code/Scripts/Mission03.cpp:3716,games/renegade/content/scripts,,,not_started,,parity,
callback:M03_Officer_With_Key_Card.Killed,callback,M03_Officer_With_Key_Card.Killed,Code/Scripts/Mission03.cpp:4619,games/renegade/content/scripts,,,not_started,,parity,
callback:M03_Officer_With_Key_Card2.Killed,callback,M03_Officer_With_Key_Card2.Killed,Code/Scripts/Mission03.cpp:4638,games/renegade/content/scripts,,,not_started,,parity,
callback:M03_Outro_Cinematic.Custom,callback,M03_Outro_Cinematic.Custom,Code/Scripts/Mission03.cpp:1291,games/renegade/content/scripts,,,not_started,,parity,
callback:M03_Outro_Cinematic.Entered,callback,M03_Outro_Cinematic.Entered,Code/Scripts/Mission03.cpp:1279,games/renegade/content/scripts,,,not_started,,parity,
callback:M03_Outro_Cinematic.Timer_Expired,callback,M03_Outro_Cinematic.Timer_Expired,Code/Scripts/Mission03.cpp:1305,games/renegade/content/scripts,,,not_started,,parity,
callback:M03_Paratrooper_Run.Created,callback,M03_Paratrooper_Run.Created,Code/Scripts/Mission03.cpp:7008,games/renegade/content/scripts,,,not_started,,parity,
callback:M03_Paratrooper_Run.Custom,callback,M03_Paratrooper_Run.Custom,Code/Scripts/Mission03.cpp:7014,games/renegade/content/scripts,,,not_started,,parity,
callback:M03_Paratrooper_Run.Damaged,callback,M03_Paratrooper_Run.Damaged,Code/Scripts/Mission03.cpp:7025,games/renegade/content/scripts,,,not_started,,parity,
callback:M03_Past_Pillbox.Entered,callback,M03_Past_Pillbox.Entered,Code/Scripts/Mission03.cpp:6672,games/renegade/content/scripts,,,not_started,,parity,
callback:M03_PowerPlant_Warning.Created,callback,M03_PowerPlant_Warning.Created,Code/Scripts/Mission03.cpp:6011,games/renegade/content/scripts,,,not_started,,parity,
callback:M03_PowerPlant_Warning.Custom,callback,M03_PowerPlant_Warning.Custom,Code/Scripts/Mission03.cpp:6017,games/renegade/content/scripts,,,not_started,,parity,
callback:M03_PowerPlant_Warning.Entered,callback,M03_PowerPlant_Warning.Entered,Code/Scripts/Mission03.cpp:6025,games/renegade/content/scripts,,,not_started,,parity,
callback:M03_Power_Plant.Killed,callback,M03_Power_Plant.Killed,Code/Scripts/Mission03.cpp:5808,games/renegade/content/scripts,,,not_started,,parity,
callback:M03_Protect_The_MCT.Created,callback,M03_Protect_The_MCT.Created,Code/Scripts/Mission03.cpp:5771,games/renegade/content/scripts,,,not_started,,parity,
callback:M03_Protect_The_MCT.Enemy_Seen,callback,M03_Protect_The_MCT.Enemy_Seen,Code/Scripts/Mission03.cpp:5776,games/renegade/content/scripts,,,not_started,,parity,
callback:M03_Radar_Scramble.Created,callback,M03_Radar_Scramble.Created,Code/Scripts/Mission03.cpp:6809,games/renegade/content/scripts,,,not_started,,parity,
callback:M03_Radar_Scramble.Custom,callback,M03_Radar_Scramble.Custom,Code/Scripts/Mission03.cpp:6814,games/renegade/content/scripts,,,not_started,,parity,
callback:M03_Radar_Scramble.Entered,callback,M03_Radar_Scramble.Entered,Code/Scripts/Mission03.cpp:6822,games/renegade/content/scripts,,,not_started,,parity,
callback:M03_Radar_UnScramble.Entered,callback,M03_Radar_UnScramble.Entered,Code/Scripts/Mission03.cpp:6844,games/renegade/content/scripts,,,not_started,,parity,
callback:M03_Refinery.Killed,callback,M03_Refinery.Killed,Code/Scripts/Mission03.cpp:5824,games/renegade/content/scripts,,,not_started,,parity,
callback:M03_Reinforce_Area.Created,callback,M03_Reinforce_Area.Created,Code/Scripts/Mission03.cpp:4420,games/renegade/content/scripts,,,not_started,,parity,
callback:M03_Reinforce_Area.Custom,callback,M03_Reinforce_Area.Custom,Code/Scripts/Mission03.cpp:4481,games/renegade/content/scripts,,,not_started,,parity,
callback:M03_Reinforce_Area.Timer_Expired,callback,M03_Reinforce_Area.Timer_Expired,Code/Scripts/Mission03.cpp:4591,games/renegade/content/scripts,,,not_started,,parity,
callback:M03_Reinforcement_Chinook.Created,callback,M03_Reinforcement_Chinook.Created,Code/Scripts/Mission03.cpp:4867,games/renegade/content/scripts,,,not_started,,parity,
callback:M03_Reinforcement_Chinook.Destroyed,callback,M03_Reinforcement_Chinook.Destroyed,Code/Scripts/Mission03.cpp:4878,games/renegade/content/scripts,,,not_started,,parity,
callback:M03_Reinforcement_Chinook.Killed,callback,M03_Reinforcement_Chinook.Killed,Code/Scripts/Mission03.cpp:4872,games/renegade/content/scripts,,,not_started,,parity,
callback:M03_SAM_Site_Logic.Created,callback,M03_SAM_Site_Logic.Created,Code/Scripts/Mission03.cpp:4999,games/renegade/content/scripts,,,not_started,,parity,
callback:M03_SAM_Site_Logic.Custom,callback,M03_SAM_Site_Logic.Custom,Code/Scripts/Mission03.cpp:5085,games/renegade/content/scripts,,,not_started,,parity,
callback:M03_SAM_Site_Logic.Enemy_Seen,callback,M03_SAM_Site_Logic.Enemy_Seen,Code/Scripts/Mission03.cpp:5026,games/renegade/content/scripts,,,not_started,,parity,
callback:M03_SAM_Site_Logic.Killed,callback,M03_SAM_Site_Logic.Killed,Code/Scripts/Mission03.cpp:5075,games/renegade/content/scripts,,,not_started,,parity,
callback:M03_SAM_Site_Logic.Timer_Expired,callback,M03_SAM_Site_Logic.Timer_Expired,Code/Scripts/Mission03.cpp:5052,games/renegade/content/scripts,,,not_started,,parity,
callback:M03_Sakura_Explosion.Destroyed,callback,M03_Sakura_Explosion.Destroyed,Code/Scripts/Mission03.cpp:5536,games/renegade/content/scripts,,,not_started,,parity,
callback:M03_Staged_Conversation_1.Action_Complete,callback,M03_Staged_Conversation_1.Action_Complete,Code/Scripts/Mission03.cpp:4903,games/renegade/content/scripts,,,not_started,,parity,
callback:M03_Staged_Conversation_1.Custom,callback,M03_Staged_Conversation_1.Custom,Code/Scripts/Mission03.cpp:4886,games/renegade/content/scripts,,,not_started,,parity,
callback:M03_Staged_Conversation_Soldier.Created,callback,M03_Staged_Conversation_Soldier.Created,Code/Scripts/Mission03.cpp:4923,games/renegade/content/scripts,,,not_started,,parity,
callback:M03_Staged_Conversation_Soldier.Custom,callback,M03_Staged_Conversation_Soldier.Custom,Code/Scripts/Mission03.cpp:4952,games/renegade/content/scripts,,,not_started,,parity,
callback:M03_Staged_Conversation_Soldier.Damaged,callback,M03_Staged_Conversation_Soldier.Damaged,Code/Scripts/Mission03.cpp:4944,games/renegade/content/scripts,,,not_started,,parity,
callback:M03_Staged_Conversation_Soldier.Enemy_Seen,callback,M03_Staged_Conversation_Soldier.Enemy_Seen,Code/Scripts/Mission03.cpp:4936,games/renegade/content/scripts,,,not_started,,parity,
callback:M03_Staged_Conversation_Soldier.Timer_Expired,callback,M03_Staged_Conversation_Soldier.Timer_Expired,Code/Scripts/Mission03.cpp:4928,games/renegade/content/scripts,,,not_started,,parity,
callback:M03_Structure_Powerup_Drop.Killed,callback,M03_Structure_Powerup_Drop.Killed,Code/Scripts/Mission03.cpp:5133,games/renegade/content/scripts,,,not_started,,parity,
callback:M03_Tailgun.Killed,callback,M03_Tailgun.Killed,Code/Scripts/Mission03.cpp:4040,games/renegade/content/scripts,,,not_started,,parity,
callback:M03_Tailgun_Fodder.Created,callback,M03_Tailgun_Fodder.Created,Code/Scripts/Mission03.cpp:4118,games/renegade/content/scripts,,,not_started,,parity,
callback:M03_Tailgun_Fodder_Zone.Created,callback,M03_Tailgun_Fodder_Zone.Created,Code/Scripts/Mission03.cpp:4058,games/renegade/content/scripts,,,not_started,,parity,
callback:M03_Tailgun_Fodder_Zone.Custom,callback,M03_Tailgun_Fodder_Zone.Custom,Code/Scripts/Mission03.cpp:4089,games/renegade/content/scripts,,,not_started,,parity,
callback:M03_Tailgun_Fodder_Zone.Entered,callback,M03_Tailgun_Fodder_Zone.Entered,Code/Scripts/Mission03.cpp:4067,games/renegade/content/scripts,,,not_started,,parity,
callback:M03_Tailgun_Fodder_Zone.Exited,callback,M03_Tailgun_Fodder_Zone.Exited,Code/Scripts/Mission03.cpp:4080,games/renegade/content/scripts,,,not_started,,parity,
callback:M03_Technician_Work.Created,callback,M03_Technician_Work.Created,Code/Scripts/Mission03.cpp:6986,games/renegade/content/scripts,,,not_started,,parity,
callback:M03_Tiberium_Cave_Stay_Put.Created,callback,M03_Tiberium_Cave_Stay_Put.Created,Code/Scripts/Mission03.cpp:4135,games/renegade/content/scripts,,,not_started,,parity,
callback:M03_Wheres_The_Star.Entered,callback,M03_Wheres_The_Star.Entered,Code/Scripts/Mission03.cpp:4380,games/renegade/content/scripts,,,not_started,,parity,
callback:M03_Zone_Enabled_Spawner.Entered,callback,M03_Zone_Enabled_Spawner.Entered,Code/Scripts/Mission03.cpp:5915,games/renegade/content/scripts,,,not_started,,parity,
callback:M04_A01_PatrolGuy_01_JDG.Created,callback,M04_A01_PatrolGuy_01_JDG.Created,Code/Scripts/Mission04.cpp:1160,games/renegade/content/scripts,,,not_started,,parity,
callback:M04_A01_Sniper_JDG.Action_Complete,callback,M04_A01_Sniper_JDG.Action_Complete,Code/Scripts/Mission04.cpp:1054,games/renegade/content/scripts,,,not_started,,parity,
callback:M04_A01_Sniper_JDG.Created,callback,M04_A01_Sniper_JDG.Created,Code/Scripts/Mission04.cpp:1040,games/renegade/content/scripts,,,not_started,,parity,
callback:M04_A01_Sniper_JDG.Damaged,callback,M04_A01_Sniper_JDG.Damaged,Code/Scripts/Mission04.cpp:1049,games/renegade/content/scripts,,,not_started,,parity,
callback:M04_AftDeck_02_Blackhand_PatrolGuy_JDG.Action_Complete,callback,M04_AftDeck_02_Blackhand_PatrolGuy_JDG.Action_Complete,Code/Scripts/Mission04.cpp:4392,games/renegade/content/scripts,,,not_started,,parity,
callback:M04_AftDeck_02_Blackhand_PatrolGuy_JDG.Created,callback,M04_AftDeck_02_Blackhand_PatrolGuy_JDG.Created,Code/Scripts/Mission04.cpp:4381,games/renegade/content/scripts,,,not_started,,parity,
callback:M04_AftDeck_02_Blackhand_PatrolGuy_JDG.Custom,callback,M04_AftDeck_02_Blackhand_PatrolGuy_JDG.Custom,Code/Scripts/Mission04.cpp:4445,games/renegade/content/scripts,,,not_started,,parity,
callback:M04_AftDeck_02_Blackhand_PatrolGuy_JDG.Killed,callback,M04_AftDeck_02_Blackhand_PatrolGuy_JDG.Killed,Code/Scripts/Mission04.cpp:4387,games/renegade/content/scripts,,,not_started,,parity,
callback:M04_AftDeck_02_Controller_JDG.Created,callback,M04_AftDeck_02_Controller_JDG.Created,Code/Scripts/Mission04.cpp:3632,games/renegade/content/scripts,,,not_started,,parity,
callback:M04_AftDeck_02_Controller_JDG.Custom,callback,M04_AftDeck_02_Controller_JDG.Custom,Code/Scripts/Mission04.cpp:3638,games/renegade/content/scripts,,,not_started,,parity,
callback:M04_AftDeck_02_Entry_Zone_JDG.Entered,callback,M04_AftDeck_02_Entry_Zone_JDG.Entered,Code/Scripts/Mission04.cpp:4516,games/renegade/content/scripts,,,not_started,,parity,
callback:M04_AftDeck_02_PatrolGuy_01_JDG.Action_Complete,callback,M04_AftDeck_02_PatrolGuy_01_JDG.Action_Complete,Code/Scripts/Mission04.cpp:4308,games/renegade/content/scripts,,,not_started,,parity,
callback:M04_AftDeck_02_PatrolGuy_01_JDG.Created,callback,M04_AftDeck_02_PatrolGuy_01_JDG.Created,Code/Scripts/Mission04.cpp:4292,games/renegade/content/scripts,,,not_started,,parity,
callback:M04_AftDeck_02_PatrolGuy_01_JDG.Killed,callback,M04_AftDeck_02_PatrolGuy_01_JDG.Killed,Code/Scripts/Mission04.cpp:4303,games/renegade/content/scripts,,,not_started,,parity,
callback:M04_AftDeck_02_PatrolGuy_02_JDG.Action_Complete,callback,M04_AftDeck_02_PatrolGuy_02_JDG.Action_Complete,Code/Scripts/Mission04.cpp:4352,games/renegade/content/scripts,,,not_started,,parity,
callback:M04_AftDeck_02_PatrolGuy_02_JDG.Created,callback,M04_AftDeck_02_PatrolGuy_02_JDG.Created,Code/Scripts/Mission04.cpp:4336,games/renegade/content/scripts,,,not_started,,parity,
callback:M04_AftDeck_02_PatrolGuy_02_JDG.Killed,callback,M04_AftDeck_02_PatrolGuy_02_JDG.Killed,Code/Scripts/Mission04.cpp:4347,games/renegade/content/scripts,,,not_started,,parity,
callback:M04_AftDeck_02_Pointguard_JDG.Created,callback,M04_AftDeck_02_Pointguard_JDG.Created,Code/Scripts/Mission04.cpp:4495,games/renegade/content/scripts,,,not_started,,parity,
callback:M04_AftDeck_02_Pointguard_JDG.Damaged,callback,M04_AftDeck_02_Pointguard_JDG.Damaged,Code/Scripts/Mission04.cpp:4500,games/renegade/content/scripts,,,not_started,,parity,
callback:M04_AftDeck_02_Pointguard_JDG.Killed,callback,M04_AftDeck_02_Pointguard_JDG.Killed,Code/Scripts/Mission04.cpp:4508,games/renegade/content/scripts,,,not_started,,parity,
callback:M04_AftDeck_InnerSanctum_02_Entry_Zone_JDG.Entered,callback,M04_AftDeck_InnerSanctum_02_Entry_Zone_JDG.Entered,Code/Scripts/Mission04.cpp:3566,games/renegade/content/scripts,,,not_started,,parity,
callback:M04_AftDeck_InnerSanctum_Entry_Zone_JDG.Entered,callback,M04_AftDeck_InnerSanctum_Entry_Zone_JDG.Entered,Code/Scripts/Mission04.cpp:3548,games/renegade/content/scripts,,,not_started,,parity,
callback:M04_AftDeck_Reinforcement_JDG.Action_Complete,callback,M04_AftDeck_Reinforcement_JDG.Action_Complete,Code/Scripts/Mission04.cpp:4277,games/renegade/content/scripts,,,not_started,,parity,
callback:M04_AftDeck_Reinforcement_JDG.Created,callback,M04_AftDeck_Reinforcement_JDG.Created,Code/Scripts/Mission04.cpp:4260,games/renegade/content/scripts,,,not_started,,parity,
callback:M04_AftDeck_Reinforcement_JDG.Killed,callback,M04_AftDeck_Reinforcement_JDG.Killed,Code/Scripts/Mission04.cpp:4272,games/renegade/content/scripts,,,not_started,,parity,
callback:M04_Aft_FirstMateBodyguard_JDG.Created,callback,M04_Aft_FirstMateBodyguard_JDG.Created,Code/Scripts/Mission04.cpp:3966,games/renegade/content/scripts,,,not_started,,parity,
callback:M04_Aft_FirstMateBodyguard_JDG.Custom,callback,M04_Aft_FirstMateBodyguard_JDG.Custom,Code/Scripts/Mission04.cpp:3971,games/renegade/content/scripts,,,not_started,,parity,
callback:M04_Aft_LeftBarracks_TalkGuy_JDG.Action_Complete,callback,M04_Aft_LeftBarracks_TalkGuy_JDG.Action_Complete,Code/Scripts/Mission04.cpp:4111,games/renegade/content/scripts,,,not_started,,parity,
callback:M04_Aft_LeftBarracks_TalkGuy_JDG.Created,callback,M04_Aft_LeftBarracks_TalkGuy_JDG.Created,Code/Scripts/Mission04.cpp:4102,games/renegade/content/scripts,,,not_started,,parity,
callback:M04_Aft_LockerRoom_PatrolGuy01_JDG.Action_Complete,callback,M04_Aft_LockerRoom_PatrolGuy01_JDG.Action_Complete,Code/Scripts/Mission04.cpp:4145,games/renegade/content/scripts,,,not_started,,parity,
callback:M04_Aft_LockerRoom_PatrolGuy01_JDG.Created,callback,M04_Aft_LockerRoom_PatrolGuy01_JDG.Created,Code/Scripts/Mission04.cpp:4133,games/renegade/content/scripts,,,not_started,,parity,
callback:M04_Aft_LockerRoom_PatrolGuy02_JDG.Action_Complete,callback,M04_Aft_LockerRoom_PatrolGuy02_JDG.Action_Complete,Code/Scripts/Mission04.cpp:4212,games/renegade/content/scripts,,,not_started,,parity,
callback:M04_Aft_LockerRoom_PatrolGuy02_JDG.Created,callback,M04_Aft_LockerRoom_PatrolGuy02_JDG.Created,Code/Scripts/Mission04.cpp:4200,games/renegade/content/scripts,,,not_started,,parity,
callback:M04_Aft_RightBarracks_PatrolGuy_JDG.Action_Complete,callback,M04_Aft_RightBarracks_PatrolGuy_JDG.Action_Complete,Code/Scripts/Mission04.cpp:4054,games/renegade/content/scripts,,,not_started,,parity,
callback:M04_Aft_RightBarracks_PatrolGuy_JDG.Created,callback,M04_Aft_RightBarracks_PatrolGuy_JDG.Created,Code/Scripts/Mission04.cpp:4042,games/renegade/content/scripts,,,not_started,,parity,
callback:M04_Announce_Keycard_02_Objective_Zone_JDG.Entered,callback,M04_Announce_Keycard_02_Objective_Zone_JDG.Entered,Code/Scripts/Mission04.cpp:7861,games/renegade/content/scripts,,,not_started,,parity,
callback:M04_ApacheRoom_Apache_JDG.Action_Complete,callback,M04_ApacheRoom_Apache_JDG.Action_Complete,Code/Scripts/Mission04.cpp:8904,games/renegade/content/scripts,,,not_started,,parity,
callback:M04_ApacheRoom_Apache_JDG.Created,callback,M04_ApacheRoom_Apache_JDG.Created,Code/Scripts/Mission04.cpp:8699,games/renegade/content/scripts,,,not_started,,parity,
callback:M04_ApacheRoom_Apache_JDG.Custom,callback,M04_ApacheRoom_Apache_JDG.Custom,Code/Scripts/Mission04.cpp:8794,games/renegade/content/scripts,,,not_started,,parity,
callback:M04_ApacheRoom_Apache_JDG.Killed,callback,M04_ApacheRoom_Apache_JDG.Killed,Code/Scripts/Mission04.cpp:8752,games/renegade/content/scripts,,,not_started,,parity,
callback:M04_ApacheRoom_Controller_JDG.Created,callback,M04_ApacheRoom_Controller_JDG.Created,Code/Scripts/Mission04.cpp:4606,games/renegade/content/scripts,,,not_started,,parity,
callback:M04_ApacheRoom_Controller_JDG.Custom,callback,M04_ApacheRoom_Controller_JDG.Custom,Code/Scripts/Mission04.cpp:4611,games/renegade/content/scripts,,,not_started,,parity,
callback:M04_ApacheRoom_Second_EntryZone_BottomFloor_JDG.Created,callback,M04_ApacheRoom_Second_EntryZone_BottomFloor_JDG.Created,Code/Scripts/Mission04.cpp:8570,games/renegade/content/scripts,,,not_started,,parity,
callback:M04_ApacheRoom_Second_EntryZone_BottomFloor_JDG.Custom,callback,M04_ApacheRoom_Second_EntryZone_BottomFloor_JDG.Custom,Code/Scripts/Mission04.cpp:8576,games/renegade/content/scripts,,,not_started,,parity,
callback:M04_ApacheRoom_Second_EntryZone_BottomFloor_JDG.Entered,callback,M04_ApacheRoom_Second_EntryZone_BottomFloor_JDG.Entered,Code/Scripts/Mission04.cpp:8592,games/renegade/content/scripts,,,not_started,,parity,
callback:M04_ApacheRoom_Second_EntryZone_MiddleFloor_JDG.Created,callback,M04_ApacheRoom_Second_EntryZone_MiddleFloor_JDG.Created,Code/Scripts/Mission04.cpp:8484,games/renegade/content/scripts,,,not_started,,parity,
callback:M04_ApacheRoom_Second_EntryZone_MiddleFloor_JDG.Custom,callback,M04_ApacheRoom_Second_EntryZone_MiddleFloor_JDG.Custom,Code/Scripts/Mission04.cpp:8490,games/renegade/content/scripts,,,not_started,,parity,
callback:M04_ApacheRoom_Second_EntryZone_MiddleFloor_JDG.Entered,callback,M04_ApacheRoom_Second_EntryZone_MiddleFloor_JDG.Entered,Code/Scripts/Mission04.cpp:8506,games/renegade/content/scripts,,,not_started,,parity,
callback:M04_ApacheRoom_Second_EntryZone_TopFloor_JDG.Created,callback,M04_ApacheRoom_Second_EntryZone_TopFloor_JDG.Created,Code/Scripts/Mission04.cpp:8398,games/renegade/content/scripts,,,not_started,,parity,
callback:M04_ApacheRoom_Second_EntryZone_TopFloor_JDG.Custom,callback,M04_ApacheRoom_Second_EntryZone_TopFloor_JDG.Custom,Code/Scripts/Mission04.cpp:8404,games/renegade/content/scripts,,,not_started,,parity,
callback:M04_ApacheRoom_Second_EntryZone_TopFloor_JDG.Entered,callback,M04_ApacheRoom_Second_EntryZone_TopFloor_JDG.Entered,Code/Scripts/Mission04.cpp:8420,games/renegade/content/scripts,,,not_started,,parity,
callback:M04_ApacheRoom_Sniper01_JDG.Action_Complete,callback,M04_ApacheRoom_Sniper01_JDG.Action_Complete,Code/Scripts/Mission04.cpp:4669,games/renegade/content/scripts,,,not_started,,parity,
callback:M04_ApacheRoom_Sniper01_JDG.Created,callback,M04_ApacheRoom_Sniper01_JDG.Created,Code/Scripts/Mission04.cpp:4657,games/renegade/content/scripts,,,not_started,,parity,
callback:M04_ApacheRoom_Sniper02_JDG.Action_Complete,callback,M04_ApacheRoom_Sniper02_JDG.Action_Complete,Code/Scripts/Mission04.cpp:4736,games/renegade/content/scripts,,,not_started,,parity,
callback:M04_ApacheRoom_Sniper02_JDG.Created,callback,M04_ApacheRoom_Sniper02_JDG.Created,Code/Scripts/Mission04.cpp:4724,games/renegade/content/scripts,,,not_started,,parity,
callback:M04_Apache_Enter_Zone_JDG.Entered,callback,M04_Apache_Enter_Zone_JDG.Entered,Code/Scripts/Mission04.cpp:4566,games/renegade/content/scripts,,,not_started,,parity,
callback:M04_Apache_GoBackToHangar_EntryZone_JDG.Created,callback,M04_Apache_GoBackToHangar_EntryZone_JDG.Created,Code/Scripts/Mission04.cpp:8655,games/renegade/content/scripts,,,not_started,,parity,
callback:M04_Apache_GoBackToHangar_EntryZone_JDG.Custom,callback,M04_Apache_GoBackToHangar_EntryZone_JDG.Custom,Code/Scripts/Mission04.cpp:8660,games/renegade/content/scripts,,,not_started,,parity,
callback:M04_Apache_GoBackToHangar_EntryZone_JDG.Entered,callback,M04_Apache_GoBackToHangar_EntryZone_JDG.Entered,Code/Scripts/Mission04.cpp:8671,games/renegade/content/scripts,,,not_started,,parity,
callback:M04_BH_MessHall_Guy_JDG.Created,callback,M04_BH_MessHall_Guy_JDG.Created,Code/Scripts/Mission04.cpp:5323,games/renegade/content/scripts,,,not_started,,parity,
callback:M04_BH_MessHall_Guy_JDG.Custom,callback,M04_BH_MessHall_Guy_JDG.Custom,Code/Scripts/Mission04.cpp:5367,games/renegade/content/scripts,,,not_started,,parity,
callback:M04_BH_MessHall_Guy_JDG.Damaged,callback,M04_BH_MessHall_Guy_JDG.Damaged,Code/Scripts/Mission04.cpp:5334,games/renegade/content/scripts,,,not_started,,parity,
callback:M04_BH_MessHall_Guy_JDG.Killed,callback,M04_BH_MessHall_Guy_JDG.Killed,Code/Scripts/Mission04.cpp:5345,games/renegade/content/scripts,,,not_started,,parity,
callback:M04_BH_MessHall_Guy_JDG.Sound_Heard,callback,M04_BH_MessHall_Guy_JDG.Sound_Heard,Code/Scripts/Mission04.cpp:5356,games/renegade/content/scripts,,,not_started,,parity,
callback:M04_BH_MessHall_Trigger_Zone_JDG.Entered,callback,M04_BH_MessHall_Trigger_Zone_JDG.Entered,Code/Scripts/Mission04.cpp:5298,games/renegade/content/scripts,,,not_started,,parity,
callback:M04_BigSam_EntryZone_JDG.Created,callback,M04_BigSam_EntryZone_JDG.Created,Code/Scripts/Mission04.cpp:10164,games/renegade/content/scripts,,,not_started,,parity,
callback:M04_BigSam_EntryZone_JDG.Custom,callback,M04_BigSam_EntryZone_JDG.Custom,Code/Scripts/Mission04.cpp:10185,games/renegade/content/scripts,,,not_started,,parity,
callback:M04_BigSam_EntryZone_JDG.Entered,callback,M04_BigSam_EntryZone_JDG.Entered,Code/Scripts/Mission04.cpp:10169,games/renegade/content/scripts,,,not_started,,parity,
callback:M04_BigSam_Script_JDG.Created,callback,M04_BigSam_Script_JDG.Created,Code/Scripts/Mission04.cpp:10202,games/renegade/content/scripts,,,not_started,,parity,
callback:M04_BigSam_Script_JDG.Custom,callback,M04_BigSam_Script_JDG.Custom,Code/Scripts/Mission04.cpp:10207,games/renegade/content/scripts,,,not_started,,parity,
callback:M04_Captains_Bodyguard_JDG.Created,callback,M04_Captains_Bodyguard_JDG.Created,Code/Scripts/Mission04.cpp:5174,games/renegade/content/scripts,,,not_started,,parity,
callback:M04_Captains_Bodyguard_JDG.Killed,callback,M04_Captains_Bodyguard_JDG.Killed,Code/Scripts/Mission04.cpp:5180,games/renegade/content/scripts,,,not_started,,parity,
callback:M04_Captains_Bodyguard_Reinforcement02_JDG.Action_Complete,callback,M04_Captains_Bodyguard_Reinforcement02_JDG.Action_Complete,Code/Scripts/Mission04.cpp:5261,games/renegade/content/scripts,,,not_started,,parity,
callback:M04_Captains_Bodyguard_Reinforcement02_JDG.Created,callback,M04_Captains_Bodyguard_Reinforcement02_JDG.Created,Code/Scripts/Mission04.cpp:5250,games/renegade/content/scripts,,,not_started,,parity,
callback:M04_Captains_Bodyguard_Reinforcement_JDG.Action_Complete,callback,M04_Captains_Bodyguard_Reinforcement_JDG.Action_Complete,Code/Scripts/Mission04.cpp:5233,games/renegade/content/scripts,,,not_started,,parity,
callback:M04_Captains_Bodyguard_Reinforcement_JDG.Created,callback,M04_Captains_Bodyguard_Reinforcement_JDG.Created,Code/Scripts/Mission04.cpp:5209,games/renegade/content/scripts,,,not_started,,parity,
callback:M04_Captains_Bodyguard_Reinforcement_JDG.Enemy_Seen,callback,M04_Captains_Bodyguard_Reinforcement_JDG.Enemy_Seen,Code/Scripts/Mission04.cpp:5221,games/renegade/content/scripts,,,not_started,,parity,
callback:M04_Captains_Bridge_Enter_Zone_JDG.Entered,callback,M04_Captains_Bridge_Enter_Zone_JDG.Entered,Code/Scripts/Mission04.cpp:5278,games/renegade/content/scripts,,,not_started,,parity,
callback:M04_CargoHold_Blackhand_01_JDG.Action_Complete,callback,M04_CargoHold_Blackhand_01_JDG.Action_Complete,Code/Scripts/Mission04.cpp:2008,games/renegade/content/scripts,,,not_started,,parity,
callback:M04_CargoHold_Blackhand_01_JDG.Created,callback,M04_CargoHold_Blackhand_01_JDG.Created,Code/Scripts/Mission04.cpp:1964,games/renegade/content/scripts,,,not_started,,parity,
callback:M04_CargoHold_Blackhand_01_JDG.Custom,callback,M04_CargoHold_Blackhand_01_JDG.Custom,Code/Scripts/Mission04.cpp:1970,games/renegade/content/scripts,,,not_started,,parity,
callback:M04_CargoHold_Blackhand_02_JDG.Action_Complete,callback,M04_CargoHold_Blackhand_02_JDG.Action_Complete,Code/Scripts/Mission04.cpp:2089,games/renegade/content/scripts,,,not_started,,parity,
callback:M04_CargoHold_Blackhand_02_JDG.Created,callback,M04_CargoHold_Blackhand_02_JDG.Created,Code/Scripts/Mission04.cpp:2077,games/renegade/content/scripts,,,not_started,,parity,
callback:M04_CargoHold_Stationary_Officer_JDG.Created,callback,M04_CargoHold_Stationary_Officer_JDG.Created,Code/Scripts/Mission04.cpp:8978,games/renegade/content/scripts,,,not_started,,parity,
callback:M04_CargoHold_TalkGuy01_JDG.Action_Complete,callback,M04_CargoHold_TalkGuy01_JDG.Action_Complete,Code/Scripts/Mission04.cpp:1516,games/renegade/content/scripts,,,not_started,,parity,
callback:M04_CargoHold_TalkGuy01_JDG.Created,callback,M04_CargoHold_TalkGuy01_JDG.Created,Code/Scripts/Mission04.cpp:1472,games/renegade/content/scripts,,,not_started,,parity,
callback:M04_CargoHold_TalkGuy01_JDG.Custom,callback,M04_CargoHold_TalkGuy01_JDG.Custom,Code/Scripts/Mission04.cpp:1486,games/renegade/content/scripts,,,not_started,,parity,
callback:M04_CargoHold_TalkGuy01_JDG.Killed,callback,M04_CargoHold_TalkGuy01_JDG.Killed,Code/Scripts/Mission04.cpp:1477,games/renegade/content/scripts,,,not_started,,parity,
callback:M04_CargoHold_TalkGuy02_JDG.Action_Complete,callback,M04_CargoHold_TalkGuy02_JDG.Action_Complete,Code/Scripts/Mission04.cpp:1599,games/renegade/content/scripts,,,not_started,,parity,
callback:M04_CargoHold_TalkGuy02_JDG.Created,callback,M04_CargoHold_TalkGuy02_JDG.Created,Code/Scripts/Mission04.cpp:1555,games/renegade/content/scripts,,,not_started,,parity,
callback:M04_CargoHold_TalkGuy02_JDG.Custom,callback,M04_CargoHold_TalkGuy02_JDG.Custom,Code/Scripts/Mission04.cpp:1569,games/renegade/content/scripts,,,not_started,,parity,
callback:M04_CargoHold_TalkGuy02_JDG.Killed,callback,M04_CargoHold_TalkGuy02_JDG.Killed,Code/Scripts/Mission04.cpp:1560,games/renegade/content/scripts,,,not_started,,parity,
callback:M04_CargoHold_TalkGuy03_JDG.Action_Complete,callback,M04_CargoHold_TalkGuy03_JDG.Action_Complete,Code/Scripts/Mission04.cpp:1692,games/renegade/content/scripts,,,not_started,,parity,
callback:M04_CargoHold_TalkGuy03_JDG.Created,callback,M04_CargoHold_TalkGuy03_JDG.Created,Code/Scripts/Mission04.cpp:1638,games/renegade/content/scripts,,,not_started,,parity,
callback:M04_CargoHold_TalkGuy03_JDG.Custom,callback,M04_CargoHold_TalkGuy03_JDG.Custom,Code/Scripts/Mission04.cpp:1662,games/renegade/content/scripts,,,not_started,,parity,
callback:M04_CargoHold_TalkGuy03_JDG.Killed,callback,M04_CargoHold_TalkGuy03_JDG.Killed,Code/Scripts/Mission04.cpp:1653,games/renegade/content/scripts,,,not_started,,parity,
callback:M04_CargoMissileRooms_Dude_Controller_JDG.Created,callback,M04_CargoMissileRooms_Dude_Controller_JDG.Created,Code/Scripts/Mission04.cpp:1237,games/renegade/content/scripts,,,not_started,,parity,
callback:M04_CargoMissileRooms_Dude_Controller_JDG.Custom,callback,M04_CargoMissileRooms_Dude_Controller_JDG.Custom,Code/Scripts/Mission04.cpp:1242,games/renegade/content/scripts,,,not_started,,parity,
callback:M04_Catwalk_Enter_Zone_01_JDG.Entered,callback,M04_Catwalk_Enter_Zone_01_JDG.Entered,Code/Scripts/Mission04.cpp:6235,games/renegade/content/scripts,,,not_started,,parity,
callback:M04_Catwalk_Enter_Zone_02_JDG.Entered,callback,M04_Catwalk_Enter_Zone_02_JDG.Entered,Code/Scripts/Mission04.cpp:6249,games/renegade/content/scripts,,,not_started,,parity,
callback:M04_Cooks_Script_JDG.Created,callback,M04_Cooks_Script_JDG.Created,Code/Scripts/Mission04.cpp:6660,games/renegade/content/scripts,,,not_started,,parity,
callback:M04_Doorway_Enterer_JDG.Action_Complete,callback,M04_Doorway_Enterer_JDG.Action_Complete,Code/Scripts/Mission04.cpp:6311,games/renegade/content/scripts,,,not_started,,parity,
callback:M04_Doorway_Enterer_JDG.Created,callback,M04_Doorway_Enterer_JDG.Created,Code/Scripts/Mission04.cpp:6272,games/renegade/content/scripts,,,not_started,,parity,
callback:M04_Doorway_Enterer_JDG.Killed,callback,M04_Doorway_Enterer_JDG.Killed,Code/Scripts/Mission04.cpp:6289,games/renegade/content/scripts,,,not_started,,parity,
callback:M04_EngineRoom_BuildingController_JDG.Created,callback,M04_EngineRoom_BuildingController_JDG.Created,Code/Scripts/Mission04.cpp:2218,games/renegade/content/scripts,,,not_started,,parity,
callback:M04_EngineRoom_BuildingController_JDG.Custom,callback,M04_EngineRoom_BuildingController_JDG.Custom,Code/Scripts/Mission04.cpp:2237,games/renegade/content/scripts,,,not_started,,parity,
callback:M04_EngineRoom_ChiefEngineer_JDG.Action_Complete,callback,M04_EngineRoom_ChiefEngineer_JDG.Action_Complete,Code/Scripts/Mission04.cpp:2503,games/renegade/content/scripts,,,not_started,,parity,
callback:M04_EngineRoom_ChiefEngineer_JDG.Created,callback,M04_EngineRoom_ChiefEngineer_JDG.Created,Code/Scripts/Mission04.cpp:2374,games/renegade/content/scripts,,,not_started,,parity,
callback:M04_EngineRoom_ChiefEngineer_JDG.Custom,callback,M04_EngineRoom_ChiefEngineer_JDG.Custom,Code/Scripts/Mission04.cpp:2386,games/renegade/content/scripts,,,not_started,,parity,
callback:M04_EngineRoom_EnterZone_JDG.Entered,callback,M04_EngineRoom_EnterZone_JDG.Entered,Code/Scripts/Mission04.cpp:2159,games/renegade/content/scripts,,,not_started,,parity,
callback:M04_EngineRoom_LiftEngineer_JDG.Created,callback,M04_EngineRoom_LiftEngineer_JDG.Created,Code/Scripts/Mission04.cpp:2791,games/renegade/content/scripts,,,not_started,,parity,
callback:M04_EngineRoom_PrisonLift_EnterZone_JDG.Entered,callback,M04_EngineRoom_PrisonLift_EnterZone_JDG.Entered,Code/Scripts/Mission04.cpp:2760,games/renegade/content/scripts,,,not_started,,parity,
callback:M04_EngineRoom_Prison_Guard_01_JDG.Action_Complete,callback,M04_EngineRoom_Prison_Guard_01_JDG.Action_Complete,Code/Scripts/Mission04.cpp:2942,games/renegade/content/scripts,,,not_started,,parity,
callback:M04_EngineRoom_Prison_Guard_01_JDG.Created,callback,M04_EngineRoom_Prison_Guard_01_JDG.Created,Code/Scripts/Mission04.cpp:2837,games/renegade/content/scripts,,,not_started,,parity,
callback:M04_EngineRoom_Prison_Guard_01_JDG.Custom,callback,M04_EngineRoom_Prison_Guard_01_JDG.Custom,Code/Scripts/Mission04.cpp:2883,games/renegade/content/scripts,,,not_started,,parity,
callback:M04_EngineRoom_Prison_Guard_01_JDG.Damaged,callback,M04_EngineRoom_Prison_Guard_01_JDG.Damaged,Code/Scripts/Mission04.cpp:2854,games/renegade/content/scripts,,,not_started,,parity,
callback:M04_EngineRoom_Prison_Guard_01_JDG.Killed,callback,M04_EngineRoom_Prison_Guard_01_JDG.Killed,Code/Scripts/Mission04.cpp:2868,games/renegade/content/scripts,,,not_started,,parity,
callback:M04_EngineRoom_Prison_Guard_02_JDG.Created,callback,M04_EngineRoom_Prison_Guard_02_JDG.Created,Code/Scripts/Mission04.cpp:2970,games/renegade/content/scripts,,,not_started,,parity,
callback:M04_EngineRoom_Prison_Guard_02_JDG.Custom,callback,M04_EngineRoom_Prison_Guard_02_JDG.Custom,Code/Scripts/Mission04.cpp:3014,games/renegade/content/scripts,,,not_started,,parity,
callback:M04_EngineRoom_Prison_Guard_02_JDG.Damaged,callback,M04_EngineRoom_Prison_Guard_02_JDG.Damaged,Code/Scripts/Mission04.cpp:2986,games/renegade/content/scripts,,,not_started,,parity,
callback:M04_EngineRoom_Prison_Guard_02_JDG.Killed,callback,M04_EngineRoom_Prison_Guard_02_JDG.Killed,Code/Scripts/Mission04.cpp:2999,games/renegade/content/scripts,,,not_started,,parity,
callback:M04_EngineRoom_Prisoner_01_JDG.Action_Complete,callback,M04_EngineRoom_Prisoner_01_JDG.Action_Complete,Code/Scripts/Mission04.cpp:3214,games/renegade/content/scripts,,,not_started,,parity,
callback:M04_EngineRoom_Prisoner_01_JDG.Created,callback,M04_EngineRoom_Prisoner_01_JDG.Created,Code/Scripts/Mission04.cpp:3101,games/renegade/content/scripts,,,not_started,,parity,
callback:M04_EngineRoom_Prisoner_01_JDG.Custom,callback,M04_EngineRoom_Prisoner_01_JDG.Custom,Code/Scripts/Mission04.cpp:3136,games/renegade/content/scripts,,,not_started,,parity,
callback:M04_EngineRoom_Prisoner_01_JDG.Damaged,callback,M04_EngineRoom_Prisoner_01_JDG.Damaged,Code/Scripts/Mission04.cpp:3112,games/renegade/content/scripts,,,not_started,,parity,
callback:M04_EngineRoom_Prisoner_02_JDG.Created,callback,M04_EngineRoom_Prisoner_02_JDG.Created,Code/Scripts/Mission04.cpp:3271,games/renegade/content/scripts,,,not_started,,parity,
callback:M04_EngineRoom_Prisoner_02_JDG.Damaged,callback,M04_EngineRoom_Prisoner_02_JDG.Damaged,Code/Scripts/Mission04.cpp:3281,games/renegade/content/scripts,,,not_started,,parity,
callback:M04_EngineRoom_Prisoner_03_JDG.Action_Complete,callback,M04_EngineRoom_Prisoner_03_JDG.Action_Complete,Code/Scripts/Mission04.cpp:3459,games/renegade/content/scripts,,,not_started,,parity,
callback:M04_EngineRoom_Prisoner_03_JDG.Created,callback,M04_EngineRoom_Prisoner_03_JDG.Created,Code/Scripts/Mission04.cpp:3376,games/renegade/content/scripts,,,not_started,,parity,
callback:M04_EngineRoom_Prisoner_03_JDG.Custom,callback,M04_EngineRoom_Prisoner_03_JDG.Custom,Code/Scripts/Mission04.cpp:3409,games/renegade/content/scripts,,,not_started,,parity,
callback:M04_EngineRoom_Prisoner_03_JDG.Damaged,callback,M04_EngineRoom_Prisoner_03_JDG.Damaged,Code/Scripts/Mission04.cpp:3388,games/renegade/content/scripts,,,not_started,,parity,
callback:M04_EngineRoom_Prisoner_03_JDG.Poked,callback,M04_EngineRoom_Prisoner_03_JDG.Poked,Code/Scripts/Mission04.cpp:3449,games/renegade/content/scripts,,,not_started,,parity,
callback:M04_EngineRoom_SniperScript_JDG.Created,callback,M04_EngineRoom_SniperScript_JDG.Created,Code/Scripts/Mission04.cpp:7898,games/renegade/content/scripts,,,not_started,,parity,
callback:M04_EngineRoom_Start_Guard_Conversation_Zone_JDG.Entered,callback,M04_EngineRoom_Start_Guard_Conversation_Zone_JDG.Entered,Code/Scripts/Mission04.cpp:2802,games/renegade/content/scripts,,,not_started,,parity,
callback:M04_EngineRoom_Stationary_Tech_JDG.Action_Complete,callback,M04_EngineRoom_Stationary_Tech_JDG.Action_Complete,Code/Scripts/Mission04.cpp:6166,games/renegade/content/scripts,,,not_started,,parity,
callback:M04_EngineRoom_Stationary_Tech_JDG.Created,callback,M04_EngineRoom_Stationary_Tech_JDG.Created,Code/Scripts/Mission04.cpp:6074,games/renegade/content/scripts,,,not_started,,parity,
callback:M04_EngineRoom_Stationary_Tech_JDG.Custom,callback,M04_EngineRoom_Stationary_Tech_JDG.Custom,Code/Scripts/Mission04.cpp:6095,games/renegade/content/scripts,,,not_started,,parity,
callback:M04_EngineRoom_Stationary_Tech_JDG.Killed,callback,M04_EngineRoom_Stationary_Tech_JDG.Killed,Code/Scripts/Mission04.cpp:6085,games/renegade/content/scripts,,,not_started,,parity,
callback:M04_EngineRoom_TalkToPrisoners_Zone_JDG.Entered,callback,M04_EngineRoom_TalkToPrisoners_Zone_JDG.Entered,Code/Scripts/Mission04.cpp:3053,games/renegade/content/scripts,,,not_started,,parity,
callback:M04_EngineRoom_Target01_JDG.Killed,callback,M04_EngineRoom_Target01_JDG.Killed,Code/Scripts/Mission04.cpp:8277,games/renegade/content/scripts,,,not_started,,parity,
callback:M04_EngineRoom_Target02_JDG.Killed,callback,M04_EngineRoom_Target02_JDG.Killed,Code/Scripts/Mission04.cpp:8305,games/renegade/content/scripts,,,not_started,,parity,
callback:M04_EngineRoom_Target03_JDG.Killed,callback,M04_EngineRoom_Target03_JDG.Killed,Code/Scripts/Mission04.cpp:8333,games/renegade/content/scripts,,,not_started,,parity,
callback:M04_EngineRoom_Target04_JDG.Killed,callback,M04_EngineRoom_Target04_JDG.Killed,Code/Scripts/Mission04.cpp:8361,games/renegade/content/scripts,,,not_started,,parity,
callback:M04_EnterCargoBay_BottomRight_Zone_JDG.Entered,callback,M04_EnterCargoBay_BottomRight_Zone_JDG.Entered,Code/Scripts/Mission04.cpp:5877,games/renegade/content/scripts,,,not_started,,parity,
callback:M04_EnterCargoBay_TopLeft_Zone_JDG.Entered,callback,M04_EnterCargoBay_TopLeft_Zone_JDG.Entered,Code/Scripts/Mission04.cpp:5902,games/renegade/content/scripts,,,not_started,,parity,
callback:M04_Firefight_Controller_JDG.Action_Complete,callback,M04_Firefight_Controller_JDG.Action_Complete,Code/Scripts/Mission04.cpp:9127,games/renegade/content/scripts,,,not_started,,parity,
callback:M04_Firefight_Controller_JDG.Created,callback,M04_Firefight_Controller_JDG.Created,Code/Scripts/Mission04.cpp:9120,games/renegade/content/scripts,,,not_started,,parity,
callback:M04_Firefight_Controller_JDG.Custom,callback,M04_Firefight_Controller_JDG.Custom,Code/Scripts/Mission04.cpp:9142,games/renegade/content/scripts,,,not_started,,parity,
callback:M04_Firefight_NodGuys.Killed,callback,M04_Firefight_NodGuys.Killed,Code/Scripts/Mission04.cpp:5518,games/renegade/content/scripts,,,not_started,,parity,
callback:M04_Firefight_Prisoner.Created,callback,M04_Firefight_Prisoner.Created,Code/Scripts/Mission04.cpp:8999,games/renegade/content/scripts,,,not_started,,parity,
callback:M04_Firefight_Prisoner.Custom,callback,M04_Firefight_Prisoner.Custom,Code/Scripts/Mission04.cpp:9058,games/renegade/content/scripts,,,not_started,,parity,
callback:M04_Firefight_Prisoner.Damaged,callback,M04_Firefight_Prisoner.Damaged,Code/Scripts/Mission04.cpp:9009,games/renegade/content/scripts,,,not_started,,parity,
callback:M04_Firefight_Prisoner.Killed,callback,M04_Firefight_Prisoner.Killed,Code/Scripts/Mission04.cpp:9052,games/renegade/content/scripts,,,not_started,,parity,
callback:M04_Firefight_Prisoner.Poked,callback,M04_Firefight_Prisoner.Poked,Code/Scripts/Mission04.cpp:9038,games/renegade/content/scripts,,,not_started,,parity,
callback:M04_Firefight_RallyZone.Created,callback,M04_Firefight_RallyZone.Created,Code/Scripts/Mission04.cpp:9418,games/renegade/content/scripts,,,not_started,,parity,
callback:M04_Firefight_RallyZone.Custom,callback,M04_Firefight_RallyZone.Custom,Code/Scripts/Mission04.cpp:9442,games/renegade/content/scripts,,,not_started,,parity,
callback:M04_Firefight_RallyZone.Entered,callback,M04_Firefight_RallyZone.Entered,Code/Scripts/Mission04.cpp:9465,games/renegade/content/scripts,,,not_started,,parity,
callback:M04_Firefight_RallyZone.Exited,callback,M04_Firefight_RallyZone.Exited,Code/Scripts/Mission04.cpp:9505,games/renegade/content/scripts,,,not_started,,parity,
callback:M04_Firefight_Start_Battle_Music_JDG.Created,callback,M04_Firefight_Start_Battle_Music_JDG.Created,Code/Scripts/Mission04.cpp:5494,games/renegade/content/scripts,,,not_started,,parity,
callback:M04_Firefight_Start_Battle_Music_JDG.Custom,callback,M04_Firefight_Start_Battle_Music_JDG.Custom,Code/Scripts/Mission04.cpp:5499,games/renegade/content/scripts,,,not_started,,parity,
callback:M04_Firefight_Start_Battle_Music_JDG.Entered,callback,M04_Firefight_Start_Battle_Music_JDG.Entered,Code/Scripts/Mission04.cpp:5507,games/renegade/content/scripts,,,not_started,,parity,
callback:M04_ForeDeck_ClosetSurprise_Guy_JDG.Action_Complete,callback,M04_ForeDeck_ClosetSurprise_Guy_JDG.Action_Complete,Code/Scripts/Mission04.cpp:5401,games/renegade/content/scripts,,,not_started,,parity,
callback:M04_ForeDeck_ClosetSurprise_Guy_JDG.Created,callback,M04_ForeDeck_ClosetSurprise_Guy_JDG.Created,Code/Scripts/Mission04.cpp:5378,games/renegade/content/scripts,,,not_started,,parity,
callback:M04_ForeDeck_ClosetSurprise_Guy_JDG.Custom,callback,M04_ForeDeck_ClosetSurprise_Guy_JDG.Custom,Code/Scripts/Mission04.cpp:5383,games/renegade/content/scripts,,,not_started,,parity,
callback:M04_ForeDeck_ClosetSurprise_Trigger_Zone_JDG.Entered,callback,M04_ForeDeck_ClosetSurprise_Trigger_Zone_JDG.Entered,Code/Scripts/Mission04.cpp:5417,games/renegade/content/scripts,,,not_started,,parity,
callback:M04_ForeDeck_Controller_JDG.Created,callback,M04_ForeDeck_Controller_JDG.Created,Code/Scripts/Mission04.cpp:5002,games/renegade/content/scripts,,,not_started,,parity,
callback:M04_ForeDeck_Controller_JDG.Custom,callback,M04_ForeDeck_Controller_JDG.Custom,Code/Scripts/Mission04.cpp:5008,games/renegade/content/scripts,,,not_started,,parity,
callback:M04_ForeDeck_Initial_Enter_Zone_JDG.Entered,callback,M04_ForeDeck_Initial_Enter_Zone_JDG.Entered,Code/Scripts/Mission04.cpp:4804,games/renegade/content/scripts,,,not_started,,parity,
callback:M04_ForeDeck_MapRoom_Guard01_JDG.Created,callback,M04_ForeDeck_MapRoom_Guard01_JDG.Created,Code/Scripts/Mission04.cpp:4881,games/renegade/content/scripts,,,not_started,,parity,
callback:M04_ForeDeck_MapRoom_Guard01_JDG.Killed,callback,M04_ForeDeck_MapRoom_Guard01_JDG.Killed,Code/Scripts/Mission04.cpp:4887,games/renegade/content/scripts,,,not_started,,parity,
callback:M04_ForeDeck_MapRoom_Guard02_JDG.Action_Complete,callback,M04_ForeDeck_MapRoom_Guard02_JDG.Action_Complete,Code/Scripts/Mission04.cpp:4914,games/renegade/content/scripts,,,not_started,,parity,
callback:M04_ForeDeck_MapRoom_Guard02_JDG.Created,callback,M04_ForeDeck_MapRoom_Guard02_JDG.Created,Code/Scripts/Mission04.cpp:4902,games/renegade/content/scripts,,,not_started,,parity,
callback:M04_ForeDeck_Reinforcement_JDG.Action_Complete,callback,M04_ForeDeck_Reinforcement_JDG.Action_Complete,Code/Scripts/Mission04.cpp:4860,games/renegade/content/scripts,,,not_started,,parity,
callback:M04_ForeDeck_Reinforcement_JDG.Created,callback,M04_ForeDeck_Reinforcement_JDG.Created,Code/Scripts/Mission04.cpp:4851,games/renegade/content/scripts,,,not_started,,parity,
callback:M04_ForeDeck_Reinforcement_JDG.Killed,callback,M04_ForeDeck_Reinforcement_JDG.Killed,Code/Scripts/Mission04.cpp:4873,games/renegade/content/scripts,,,not_started,,parity,
callback:M04_ForeDeck_RocketGuy_JDG.Created,callback,M04_ForeDeck_RocketGuy_JDG.Created,Code/Scripts/Mission04.cpp:4788,games/renegade/content/scripts,,,not_started,,parity,
callback:M04_ForeDeck_RocketGuy_JDG.Damaged,callback,M04_ForeDeck_RocketGuy_JDG.Damaged,Code/Scripts/Mission04.cpp:4793,games/renegade/content/scripts,,,not_started,,parity,
callback:M04_ForeDeck_TorpedoRoom_Guard_JDG.Created,callback,M04_ForeDeck_TorpedoRoom_Guard_JDG.Created,Code/Scripts/Mission04.cpp:4962,games/renegade/content/scripts,,,not_started,,parity,
callback:M04_Front_ofThe_Boat_Population_JDG.Created,callback,M04_Front_ofThe_Boat_Population_JDG.Created,Code/Scripts/Mission04.cpp:6651,games/renegade/content/scripts,,,not_started,,parity,
callback:M04_GruntMessHall_Entry_Zone_JDG.Entered,callback,M04_GruntMessHall_Entry_Zone_JDG.Entered,Code/Scripts/Mission04.cpp:5460,games/renegade/content/scripts,,,not_started,,parity,
callback:M04_GruntMessHall_Exit_Zone_JDG.Entered,callback,M04_GruntMessHall_Exit_Zone_JDG.Entered,Code/Scripts/Mission04.cpp:5443,games/renegade/content/scripts,,,not_started,,parity,
callback:M04_Hunter_Controller_JDG.Created,callback,M04_Hunter_Controller_JDG.Created,Code/Scripts/Mission04.cpp:6371,games/renegade/content/scripts,,,not_started,,parity,
callback:M04_Hunter_Controller_JDG.Custom,callback,M04_Hunter_Controller_JDG.Custom,Code/Scripts/Mission04.cpp:6379,games/renegade/content/scripts,,,not_started,,parity,
callback:M04_Hunter_JDG.Created,callback,M04_Hunter_JDG.Created,Code/Scripts/Mission04.cpp:6442,games/renegade/content/scripts,,,not_started,,parity,
callback:M04_Hunter_JDG.Custom,callback,M04_Hunter_JDG.Custom,Code/Scripts/Mission04.cpp:6456,games/renegade/content/scripts,,,not_started,,parity,
callback:M04_Hunter_JDG.Destroyed,callback,M04_Hunter_JDG.Destroyed,Code/Scripts/Mission04.cpp:6497,games/renegade/content/scripts,,,not_started,,parity,
callback:M04_Keycard_01_Script_JDG.Created,callback,M04_Keycard_01_Script_JDG.Created,Code/Scripts/Mission04.cpp:7525,games/renegade/content/scripts,,,not_started,,parity,
callback:M04_Keycard_01_Script_JDG.Custom,callback,M04_Keycard_01_Script_JDG.Custom,Code/Scripts/Mission04.cpp:7530,games/renegade/content/scripts,,,not_started,,parity,
callback:M04_Keycard_02_Script_JDG.Created,callback,M04_Keycard_02_Script_JDG.Created,Code/Scripts/Mission04.cpp:7541,games/renegade/content/scripts,,,not_started,,parity,
callback:M04_Keycard_02_Script_JDG.Custom,callback,M04_Keycard_02_Script_JDG.Custom,Code/Scripts/Mission04.cpp:7546,games/renegade/content/scripts,,,not_started,,parity,
callback:M04_Keycard_03_Script_JDG.Created,callback,M04_Keycard_03_Script_JDG.Created,Code/Scripts/Mission04.cpp:7583,games/renegade/content/scripts,,,not_started,,parity,
callback:M04_Keycard_03_Script_JDG.Custom,callback,M04_Keycard_03_Script_JDG.Custom,Code/Scripts/Mission04.cpp:7588,games/renegade/content/scripts,,,not_started,,parity,
callback:M04_MedLab_Enter_Zone_JDG.Entered,callback,M04_MedLab_Enter_Zone_JDG.Entered,Code/Scripts/Mission04.cpp:4827,games/renegade/content/scripts,,,not_started,,parity,
callback:M04_MedLab_Tech_JDG.Action_Complete,callback,M04_MedLab_Tech_JDG.Action_Complete,Code/Scripts/Mission04.cpp:7777,games/renegade/content/scripts,,,not_started,,parity,
callback:M04_MedLab_Tech_JDG.Created,callback,M04_MedLab_Tech_JDG.Created,Code/Scripts/Mission04.cpp:7733,games/renegade/content/scripts,,,not_started,,parity,
callback:M04_MedLab_Tech_JDG.Custom,callback,M04_MedLab_Tech_JDG.Custom,Code/Scripts/Mission04.cpp:7748,games/renegade/content/scripts,,,not_started,,parity,
callback:M04_MedLab_Tech_JDG.Damaged,callback,M04_MedLab_Tech_JDG.Damaged,Code/Scripts/Mission04.cpp:7788,games/renegade/content/scripts,,,not_started,,parity,
callback:M04_MedLab_Tech_JDG.Enemy_Seen,callback,M04_MedLab_Tech_JDG.Enemy_Seen,Code/Scripts/Mission04.cpp:7799,games/renegade/content/scripts,,,not_started,,parity,
callback:M04_MissileRoom_EnterZone_Left_JDG.Entered,callback,M04_MissileRoom_EnterZone_Left_JDG.Entered,Code/Scripts/Mission04.cpp:1171,games/renegade/content/scripts,,,not_started,,parity,
callback:M04_MissileRoom_EnterZone_Right_JDG.Entered,callback,M04_MissileRoom_EnterZone_Right_JDG.Entered,Code/Scripts/Mission04.cpp:1195,games/renegade/content/scripts,,,not_started,,parity,
callback:M04_MissileRoom_Guard_01_JDG.Action_Complete,callback,M04_MissileRoom_Guard_01_JDG.Action_Complete,Code/Scripts/Mission04.cpp:1755,games/renegade/content/scripts,,,not_started,,parity,
callback:M04_MissileRoom_Guard_01_JDG.Created,callback,M04_MissileRoom_Guard_01_JDG.Created,Code/Scripts/Mission04.cpp:1738,games/renegade/content/scripts,,,not_started,,parity,
callback:M04_MissileRoom_Guard_01_JDG.Killed,callback,M04_MissileRoom_Guard_01_JDG.Killed,Code/Scripts/Mission04.cpp:1750,games/renegade/content/scripts,,,not_started,,parity,
callback:M04_MissileRoom_Guard_02_JDG.Action_Complete,callback,M04_MissileRoom_Guard_02_JDG.Action_Complete,Code/Scripts/Mission04.cpp:1867,games/renegade/content/scripts,,,not_started,,parity,
callback:M04_MissileRoom_Guard_02_JDG.Created,callback,M04_MissileRoom_Guard_02_JDG.Created,Code/Scripts/Mission04.cpp:1850,games/renegade/content/scripts,,,not_started,,parity,
callback:M04_MissileRoom_Guard_02_JDG.Killed,callback,M04_MissileRoom_Guard_02_JDG.Killed,Code/Scripts/Mission04.cpp:1862,games/renegade/content/scripts,,,not_started,,parity,
callback:M04_MissileRoom_ObjectiveZone_JDG.Entered,callback,M04_MissileRoom_ObjectiveZone_JDG.Entered,Code/Scripts/Mission04.cpp:7836,games/renegade/content/scripts,,,not_started,,parity,
callback:M04_MissileRoom_Target01_JDG.Created,callback,M04_MissileRoom_Target01_JDG.Created,Code/Scripts/Mission04.cpp:7928,games/renegade/content/scripts,,,not_started,,parity,
callback:M04_MissileRoom_Target01_JDG.Custom,callback,M04_MissileRoom_Target01_JDG.Custom,Code/Scripts/Mission04.cpp:7939,games/renegade/content/scripts,,,not_started,,parity,
callback:M04_MissileRoom_Target01_JDG.Poked,callback,M04_MissileRoom_Target01_JDG.Poked,Code/Scripts/Mission04.cpp:7974,games/renegade/content/scripts,,,not_started,,parity,
callback:M04_MissileRoom_Target02_JDG.Created,callback,M04_MissileRoom_Target02_JDG.Created,Code/Scripts/Mission04.cpp:8019,games/renegade/content/scripts,,,not_started,,parity,
callback:M04_MissileRoom_Target02_JDG.Custom,callback,M04_MissileRoom_Target02_JDG.Custom,Code/Scripts/Mission04.cpp:8030,games/renegade/content/scripts,,,not_started,,parity,
callback:M04_MissileRoom_Target02_JDG.Poked,callback,M04_MissileRoom_Target02_JDG.Poked,Code/Scripts/Mission04.cpp:8065,games/renegade/content/scripts,,,not_started,,parity,
callback:M04_MissileRoom_Target03_JDG.Created,callback,M04_MissileRoom_Target03_JDG.Created,Code/Scripts/Mission04.cpp:8110,games/renegade/content/scripts,,,not_started,,parity,
callback:M04_MissileRoom_Target03_JDG.Custom,callback,M04_MissileRoom_Target03_JDG.Custom,Code/Scripts/Mission04.cpp:8121,games/renegade/content/scripts,,,not_started,,parity,
callback:M04_MissileRoom_Target03_JDG.Poked,callback,M04_MissileRoom_Target03_JDG.Poked,Code/Scripts/Mission04.cpp:8156,games/renegade/content/scripts,,,not_started,,parity,
callback:M04_MissileRoom_Target04_JDG.Created,callback,M04_MissileRoom_Target04_JDG.Created,Code/Scripts/Mission04.cpp:8201,games/renegade/content/scripts,,,not_started,,parity,
callback:M04_MissileRoom_Target04_JDG.Custom,callback,M04_MissileRoom_Target04_JDG.Custom,Code/Scripts/Mission04.cpp:8212,games/renegade/content/scripts,,,not_started,,parity,
callback:M04_MissileRoom_Target04_JDG.Poked,callback,M04_MissileRoom_Target04_JDG.Poked,Code/Scripts/Mission04.cpp:8247,games/renegade/content/scripts,,,not_started,,parity,
callback:M04_MissileRoom_UpperGuard_01_JDG.Action_Complete,callback,M04_MissileRoom_UpperGuard_01_JDG.Action_Complete,Code/Scripts/Mission04.cpp:1420,games/renegade/content/scripts,,,not_started,,parity,
callback:M04_MissileRoom_UpperGuard_01_JDG.Created,callback,M04_MissileRoom_UpperGuard_01_JDG.Created,Code/Scripts/Mission04.cpp:1392,games/renegade/content/scripts,,,not_started,,parity,
callback:M04_MissileRoom_UpperGuard_01_JDG.Custom,callback,M04_MissileRoom_UpperGuard_01_JDG.Custom,Code/Scripts/Mission04.cpp:1398,games/renegade/content/scripts,,,not_started,,parity,
callback:M04_MissileRoom_UpperGuard_02_JDG.Action_Complete,callback,M04_MissileRoom_UpperGuard_02_JDG.Action_Complete,Code/Scripts/Mission04.cpp:1460,games/renegade/content/scripts,,,not_started,,parity,
callback:M04_MissileRoom_UpperGuard_02_JDG.Created,callback,M04_MissileRoom_UpperGuard_02_JDG.Created,Code/Scripts/Mission04.cpp:1432,games/renegade/content/scripts,,,not_started,,parity,
callback:M04_MissileRoom_UpperGuard_02_JDG.Custom,callback,M04_MissileRoom_UpperGuard_02_JDG.Custom,Code/Scripts/Mission04.cpp:1438,games/renegade/content/scripts,,,not_started,,parity,
callback:M04_Mutant_UpdateDisc_JDG.Custom,callback,M04_Mutant_UpdateDisc_JDG.Custom,Code/Scripts/Mission04.cpp:9535,games/renegade/content/scripts,,,not_started,,parity,
callback:M04_Objective_Controller_JDG.Action_Complete,callback,M04_Objective_Controller_JDG.Action_Complete,Code/Scripts/Mission04.cpp:214,games/renegade/content/scripts,,,not_started,,parity,
callback:M04_Objective_Controller_JDG.Created,callback,M04_Objective_Controller_JDG.Created,Code/Scripts/Mission04.cpp:158,games/renegade/content/scripts,,,not_started,,parity,
callback:M04_Objective_Controller_JDG.Custom,callback,M04_Objective_Controller_JDG.Custom,Code/Scripts/Mission04.cpp:368,games/renegade/content/scripts,,,not_started,,parity,
callback:M04_Objective_Reminder_Controller_JDG.Created,callback,M04_Objective_Reminder_Controller_JDG.Created,Code/Scripts/Mission04.cpp:10323,games/renegade/content/scripts,,,not_started,,parity,
callback:M04_Objective_Reminder_Controller_JDG.Custom,callback,M04_Objective_Reminder_Controller_JDG.Custom,Code/Scripts/Mission04.cpp:10337,games/renegade/content/scripts,,,not_started,,parity,
callback:M04_PlaySound_OnZoneEntry_OneTime_JDG.Entered,callback,M04_PlaySound_OnZoneEntry_OneTime_JDG.Entered,Code/Scripts/Mission04.cpp:10267,games/renegade/content/scripts,,,not_started,,parity,
callback:M04_Player_Is_Leaving_Aft_Deck_JDG.Entered,callback,M04_Player_Is_Leaving_Aft_Deck_JDG.Entered,Code/Scripts/Mission04.cpp:4012,games/renegade/content/scripts,,,not_started,,parity,
callback:M04_Pog_Controller_JDG.Created,callback,M04_Pog_Controller_JDG.Created,Code/Scripts/Mission04.cpp:9719,games/renegade/content/scripts,,,not_started,,parity,
callback:M04_Pog_Controller_JDG.Custom,callback,M04_Pog_Controller_JDG.Custom,Code/Scripts/Mission04.cpp:9742,games/renegade/content/scripts,,,not_started,,parity,
callback:M04_PointGuard_JDG.Created,callback,M04_PointGuard_JDG.Created,Code/Scripts/Mission04.cpp:1024,games/renegade/content/scripts,,,not_started,,parity,
callback:M04_PointGuard_JDG.Damaged,callback,M04_PointGuard_JDG.Damaged,Code/Scripts/Mission04.cpp:1029,games/renegade/content/scripts,,,not_started,,parity,
callback:M04_PostFirstMate_FrontDeck_PatrolGuy01_JDG.Action_Complete,callback,M04_PostFirstMate_FrontDeck_PatrolGuy01_JDG.Action_Complete,Code/Scripts/Mission04.cpp:5777,games/renegade/content/scripts,,,not_started,,parity,
callback:M04_PostFirstMate_FrontDeck_PatrolGuy01_JDG.Created,callback,M04_PostFirstMate_FrontDeck_PatrolGuy01_JDG.Created,Code/Scripts/Mission04.cpp:5766,games/renegade/content/scripts,,,not_started,,parity,
callback:M04_PostFirstMate_FrontDeck_PatrolGuy02_JDG.Action_Complete,callback,M04_PostFirstMate_FrontDeck_PatrolGuy02_JDG.Action_Complete,Code/Scripts/Mission04.cpp:5832,games/renegade/content/scripts,,,not_started,,parity,
callback:M04_PostFirstMate_FrontDeck_PatrolGuy02_JDG.Created,callback,M04_PostFirstMate_FrontDeck_PatrolGuy02_JDG.Created,Code/Scripts/Mission04.cpp:5821,games/renegade/content/scripts,,,not_started,,parity,
callback:M04_PostFirstMate_MissileRoom_PatrolGuy_JDG.Action_Complete,callback,M04_PostFirstMate_MissileRoom_PatrolGuy_JDG.Action_Complete,Code/Scripts/Mission04.cpp:5631,games/renegade/content/scripts,,,not_started,,parity,
callback:M04_PostFirstMate_MissileRoom_PatrolGuy_JDG.Created,callback,M04_PostFirstMate_MissileRoom_PatrolGuy_JDG.Created,Code/Scripts/Mission04.cpp:5620,games/renegade/content/scripts,,,not_started,,parity,
callback:M04_PostFirstMate_OfficerQuarters_PatrolGuy_JDG.Action_Complete,callback,M04_PostFirstMate_OfficerQuarters_PatrolGuy_JDG.Action_Complete,Code/Scripts/Mission04.cpp:5722,games/renegade/content/scripts,,,not_started,,parity,
callback:M04_PostFirstMate_OfficerQuarters_PatrolGuy_JDG.Created,callback,M04_PostFirstMate_OfficerQuarters_PatrolGuy_JDG.Created,Code/Scripts/Mission04.cpp:5711,games/renegade/content/scripts,,,not_started,,parity,
callback:M04_PostFirstMate_SamRoom_PatrolGuy_JDG.Action_Complete,callback,M04_PostFirstMate_SamRoom_PatrolGuy_JDG.Action_Complete,Code/Scripts/Mission04.cpp:5540,games/renegade/content/scripts,,,not_started,,parity,
callback:M04_PostFirstMate_SamRoom_PatrolGuy_JDG.Created,callback,M04_PostFirstMate_SamRoom_PatrolGuy_JDG.Created,Code/Scripts/Mission04.cpp:5529,games/renegade/content/scripts,,,not_started,,parity,
callback:M04_Prison_CellDoor_Zone_JDG.Created,callback,M04_Prison_CellDoor_Zone_JDG.Created,Code/Scripts/Mission04.cpp:3477,games/renegade/content/scripts,,,not_started,,parity,
callback:M04_Prison_CellDoor_Zone_JDG.Custom,callback,M04_Prison_CellDoor_Zone_JDG.Custom,Code/Scripts/Mission04.cpp:3482,games/renegade/content/scripts,,,not_started,,parity,
callback:M04_Prison_CellDoor_Zone_JDG.Entered,callback,M04_Prison_CellDoor_Zone_JDG.Entered,Code/Scripts/Mission04.cpp:3493,games/renegade/content/scripts,,,not_started,,parity,
callback:M04_Prison_Keycard_CheckZone_JDG.Entered,callback,M04_Prison_Keycard_CheckZone_JDG.Entered,Code/Scripts/Mission04.cpp:6669,games/renegade/content/scripts,,,not_started,,parity,
callback:M04_Prison_Warden_JDG.Created,callback,M04_Prison_Warden_JDG.Created,Code/Scripts/Mission04.cpp:7684,games/renegade/content/scripts,,,not_started,,parity,
callback:M04_Prison_Warden_JDG.Custom,callback,M04_Prison_Warden_JDG.Custom,Code/Scripts/Mission04.cpp:7705,games/renegade/content/scripts,,,not_started,,parity,
callback:M04_Prison_Warden_JDG.Damaged,callback,M04_Prison_Warden_JDG.Damaged,Code/Scripts/Mission04.cpp:7697,games/renegade/content/scripts,,,not_started,,parity,
callback:M04_Prison_Warden_JDG.Killed,callback,M04_Prison_Warden_JDG.Killed,Code/Scripts/Mission04.cpp:7722,games/renegade/content/scripts,,,not_started,,parity,
callback:M04_Prisoners_Rescued_Controller_JDG.Custom,callback,M04_Prisoners_Rescued_Controller_JDG.Custom,Code/Scripts/Mission04.cpp:7814,games/renegade/content/scripts,,,not_started,,parity,
callback:M04_RocketEmplacement_01_JDG.Created,callback,M04_RocketEmplacement_01_JDG.Created,Code/Scripts/Mission04.cpp:5934,games/renegade/content/scripts,,,not_started,,parity,
callback:M04_RocketEmplacement_01_JDG.Custom,callback,M04_RocketEmplacement_01_JDG.Custom,Code/Scripts/Mission04.cpp:5939,games/renegade/content/scripts,,,not_started,,parity,
callback:M04_RocketEmplacement_02_JDG.Created,callback,M04_RocketEmplacement_02_JDG.Created,Code/Scripts/Mission04.cpp:6031,games/renegade/content/scripts,,,not_started,,parity,
callback:M04_RocketEmplacement_02_JDG.Custom,callback,M04_RocketEmplacement_02_JDG.Custom,Code/Scripts/Mission04.cpp:6036,games/renegade/content/scripts,,,not_started,,parity,
callback:M04_SecondaryApache01_JDG.Action_Complete,callback,M04_SecondaryApache01_JDG.Action_Complete,Code/Scripts/Mission04.cpp:5984,games/renegade/content/scripts,,,not_started,,parity,
callback:M04_SecondaryApache01_JDG.Created,callback,M04_SecondaryApache01_JDG.Created,Code/Scripts/Mission04.cpp:5968,games/renegade/content/scripts,,,not_started,,parity,
callback:M04_SecondaryApache01_JDG.Killed,callback,M04_SecondaryApache01_JDG.Killed,Code/Scripts/Mission04.cpp:5978,games/renegade/content/scripts,,,not_started,,parity,
callback:M04_SecondaryApache02_JDG.Action_Complete,callback,M04_SecondaryApache02_JDG.Action_Complete,Code/Scripts/Mission04.cpp:6011,games/renegade/content/scripts,,,not_started,,parity,
callback:M04_SecondaryApache02_JDG.Created,callback,M04_SecondaryApache02_JDG.Created,Code/Scripts/Mission04.cpp:5995,games/renegade/content/scripts,,,not_started,,parity,
callback:M04_SecondaryApache02_JDG.Killed,callback,M04_SecondaryApache02_JDG.Killed,Code/Scripts/Mission04.cpp:6005,games/renegade/content/scripts,,,not_started,,parity,
callback:M04_SecondaryBridge_Enter_Zone_JDG.Entered,callback,M04_SecondaryBridge_Enter_Zone_JDG.Entered,Code/Scripts/Mission04.cpp:3987,games/renegade/content/scripts,,,not_started,,parity,
callback:M04_Ships_Captain_JDG.Created,callback,M04_Ships_Captain_JDG.Created,Code/Scripts/Mission04.cpp:7625,games/renegade/content/scripts,,,not_started,,parity,
callback:M04_Ships_Captain_JDG.Killed,callback,M04_Ships_Captain_JDG.Killed,Code/Scripts/Mission04.cpp:7638,games/renegade/content/scripts,,,not_started,,parity,
callback:M04_Ships_Captain_JDG.Timer_Expired,callback,M04_Ships_Captain_JDG.Timer_Expired,Code/Scripts/Mission04.cpp:7630,games/renegade/content/scripts,,,not_started,,parity,
callback:M04_Ships_FirstMate_JDG.Created,callback,M04_Ships_FirstMate_JDG.Created,Code/Scripts/Mission04.cpp:7649,games/renegade/content/scripts,,,not_started,,parity,
callback:M04_Ships_FirstMate_JDG.Killed,callback,M04_Ships_FirstMate_JDG.Killed,Code/Scripts/Mission04.cpp:7654,games/renegade/content/scripts,,,not_started,,parity,
callback:M04_Start_TorpedoObjective_Zone_JDG.Action_Complete,callback,M04_Start_TorpedoObjective_Zone_JDG.Action_Complete,Code/Scripts/Mission04.cpp:10102,games/renegade/content/scripts,,,not_started,,parity,
callback:M04_Start_TorpedoObjective_Zone_JDG.Created,callback,M04_Start_TorpedoObjective_Zone_JDG.Created,Code/Scripts/Mission04.cpp:10085,games/renegade/content/scripts,,,not_started,,parity,
callback:M04_Start_TorpedoObjective_Zone_JDG.Entered,callback,M04_Start_TorpedoObjective_Zone_JDG.Entered,Code/Scripts/Mission04.cpp:10090,games/renegade/content/scripts,,,not_started,,parity,
callback:M04_Surprise_Apache_JDG.Action_Complete,callback,M04_Surprise_Apache_JDG.Action_Complete,Code/Scripts/Mission04.cpp:4552,games/renegade/content/scripts,,,not_started,,parity,
callback:M04_Surprise_Apache_JDG.Created,callback,M04_Surprise_Apache_JDG.Created,Code/Scripts/Mission04.cpp:4539,games/renegade/content/scripts,,,not_started,,parity,
callback:M04_TibHold_MutantChamber_JDG.Animation_Complete,callback,M04_TibHold_MutantChamber_JDG.Animation_Complete,Code/Scripts/Mission04.cpp:6773,games/renegade/content/scripts,,,not_started,,parity,
callback:M04_TibHold_MutantChamber_JDG.Created,callback,M04_TibHold_MutantChamber_JDG.Created,Code/Scripts/Mission04.cpp:6755,games/renegade/content/scripts,,,not_started,,parity,
callback:M04_TibHold_MutantChamber_JDG.Custom,callback,M04_TibHold_MutantChamber_JDG.Custom,Code/Scripts/Mission04.cpp:6787,games/renegade/content/scripts,,,not_started,,parity,
callback:M04_TibHold_MutantChamber_JDG.Damaged,callback,M04_TibHold_MutantChamber_JDG.Damaged,Code/Scripts/Mission04.cpp:6762,games/renegade/content/scripts,,,not_started,,parity,
callback:M04_TibHold_MutantChamber_NoThreat_JDG.Created,callback,M04_TibHold_MutantChamber_NoThreat_JDG.Created,Code/Scripts/Mission04.cpp:7245,games/renegade/content/scripts,,,not_started,,parity,
callback:M04_TibHold_MutantChamber_NoThreat_JDG.Damaged,callback,M04_TibHold_MutantChamber_NoThreat_JDG.Damaged,Code/Scripts/Mission04.cpp:7251,games/renegade/content/scripts,,,not_started,,parity,
callback:M04_TibHold_MutantChambers_Controller_JDG.Created,callback,M04_TibHold_MutantChambers_Controller_JDG.Created,Code/Scripts/Mission04.cpp:7130,games/renegade/content/scripts,,,not_started,,parity,
callback:M04_TibHold_MutantChambers_Controller_JDG.Custom,callback,M04_TibHold_MutantChambers_Controller_JDG.Custom,Code/Scripts/Mission04.cpp:7187,games/renegade/content/scripts,,,not_started,,parity,
callback:M04_TibHold_Mutant_NoThreat_JDG.Animation_Complete,callback,M04_TibHold_Mutant_NoThreat_JDG.Animation_Complete,Code/Scripts/Mission04.cpp:7319,games/renegade/content/scripts,,,not_started,,parity,
callback:M04_TibHold_Mutant_NoThreat_JDG.Created,callback,M04_TibHold_Mutant_NoThreat_JDG.Created,Code/Scripts/Mission04.cpp:7294,games/renegade/content/scripts,,,not_started,,parity,
callback:M04_TibHold_Mutant_NoThreat_JDG.Custom,callback,M04_TibHold_Mutant_NoThreat_JDG.Custom,Code/Scripts/Mission04.cpp:7308,games/renegade/content/scripts,,,not_started,,parity,
callback:M04_TibHold_Mutant_NoThreat_JDG.Damaged,callback,M04_TibHold_Mutant_NoThreat_JDG.Damaged,Code/Scripts/Mission04.cpp:7300,games/renegade/content/scripts,,,not_started,,parity,
callback:M04_TibHold_RealMutant_JDG.Action_Complete,callback,M04_TibHold_RealMutant_JDG.Action_Complete,Code/Scripts/Mission04.cpp:7070,games/renegade/content/scripts,,,not_started,,parity,
callback:M04_TibHold_RealMutant_JDG.Created,callback,M04_TibHold_RealMutant_JDG.Created,Code/Scripts/Mission04.cpp:7030,games/renegade/content/scripts,,,not_started,,parity,
callback:M04_TibHold_RealMutant_JDG.Custom,callback,M04_TibHold_RealMutant_JDG.Custom,Code/Scripts/Mission04.cpp:7050,games/renegade/content/scripts,,,not_started,,parity,
callback:M04_TibHold_SimpleMutant_JDG.Created,callback,M04_TibHold_SimpleMutant_JDG.Created,Code/Scripts/Mission04.cpp:6826,games/renegade/content/scripts,,,not_started,,parity,
callback:M04_TiberiumHold_EntryZone_and_Controller_JDG.Created,callback,M04_TiberiumHold_EntryZone_and_Controller_JDG.Created,Code/Scripts/Mission04.cpp:6704,games/renegade/content/scripts,,,not_started,,parity,
callback:M04_TiberiumHold_EntryZone_and_Controller_JDG.Entered,callback,M04_TiberiumHold_EntryZone_and_Controller_JDG.Entered,Code/Scripts/Mission04.cpp:6710,games/renegade/content/scripts,,,not_started,,parity,
callback:M04_TorpedoRoom_EnterZone_JDG.Entered,callback,M04_TorpedoRoom_EnterZone_JDG.Entered,Code/Scripts/Mission04.cpp:10138,games/renegade/content/scripts,,,not_started,,parity,
callback:M04_TorpedoRoom_Target01_JDG.Animation_Complete,callback,M04_TorpedoRoom_Target01_JDG.Animation_Complete,Code/Scripts/Mission04.cpp:9568,games/renegade/content/scripts,,,not_started,,parity,
callback:M04_TorpedoRoom_Target01_JDG.Created,callback,M04_TorpedoRoom_Target01_JDG.Created,Code/Scripts/Mission04.cpp:9558,games/renegade/content/scripts,,,not_started,,parity,
callback:M04_TorpedoRoom_Target01_JDG.Poked,callback,M04_TorpedoRoom_Target01_JDG.Poked,Code/Scripts/Mission04.cpp:9586,games/renegade/content/scripts,,,not_started,,parity,
callback:M04_TorpedoRoom_Target02_JDG.Animation_Complete,callback,M04_TorpedoRoom_Target02_JDG.Animation_Complete,Code/Scripts/Mission04.cpp:9634,games/renegade/content/scripts,,,not_started,,parity,
callback:M04_TorpedoRoom_Target02_JDG.Created,callback,M04_TorpedoRoom_Target02_JDG.Created,Code/Scripts/Mission04.cpp:9624,games/renegade/content/scripts,,,not_started,,parity,
callback:M04_TorpedoRoom_Target02_JDG.Poked,callback,M04_TorpedoRoom_Target02_JDG.Poked,Code/Scripts/Mission04.cpp:9651,games/renegade/content/scripts,,,not_started,,parity,
callback:M04_Visceroid_Dude_01_JDG.Action_Complete,callback,M04_Visceroid_Dude_01_JDG.Action_Complete,Code/Scripts/Mission04.cpp:7417,games/renegade/content/scripts,,,not_started,,parity,
callback:M04_Visceroid_Dude_01_JDG.Created,callback,M04_Visceroid_Dude_01_JDG.Created,Code/Scripts/Mission04.cpp:7392,games/renegade/content/scripts,,,not_started,,parity,
callback:M04_Visceroid_Dude_01_JDG.Custom,callback,M04_Visceroid_Dude_01_JDG.Custom,Code/Scripts/Mission04.cpp:7398,games/renegade/content/scripts,,,not_started,,parity,
callback:M04_Visceroid_Dude_02_JDG.Action_Complete,callback,M04_Visceroid_Dude_02_JDG.Action_Complete,Code/Scripts/Mission04.cpp:7488,games/renegade/content/scripts,,,not_started,,parity,
callback:M04_Visceroid_Dude_02_JDG.Created,callback,M04_Visceroid_Dude_02_JDG.Created,Code/Scripts/Mission04.cpp:7456,games/renegade/content/scripts,,,not_started,,parity,
callback:M04_Visceroid_Dude_02_JDG.Custom,callback,M04_Visceroid_Dude_02_JDG.Custom,Code/Scripts/Mission04.cpp:7463,games/renegade/content/scripts,,,not_started,,parity,
callback:M04_Visceroid_Dude_02_JDG.Damaged,callback,M04_Visceroid_Dude_02_JDG.Damaged,Code/Scripts/Mission04.cpp:7503,games/renegade/content/scripts,,,not_started,,parity,
callback:M04_Visceroid_JDG.Action_Complete,callback,M04_Visceroid_JDG.Action_Complete,Code/Scripts/Mission04.cpp:7363,games/renegade/content/scripts,,,not_started,,parity,
callback:M04_Visceroid_JDG.Created,callback,M04_Visceroid_JDG.Created,Code/Scripts/Mission04.cpp:7330,games/renegade/content/scripts,,,not_started,,parity,
callback:M04_Visceroid_JDG.Custom,callback,M04_Visceroid_JDG.Custom,Code/Scripts/Mission04.cpp:7343,games/renegade/content/scripts,,,not_started,,parity,
callback:M05_APC_Deploy.Created,callback,M05_APC_Deploy.Created,Code/Scripts/Mission05.cpp:7514,games/renegade/content/scripts,,,not_started,,parity,
callback:M05_APC_Deploy.Damaged,callback,M05_APC_Deploy.Damaged,Code/Scripts/Mission05.cpp:7558,games/renegade/content/scripts,,,not_started,,parity,
callback:M05_APC_Deploy.Enemy_Seen,callback,M05_APC_Deploy.Enemy_Seen,Code/Scripts/Mission05.cpp:7540,games/renegade/content/scripts,,,not_started,,parity,
callback:M05_APC_Deploy.Timer_Expired,callback,M05_APC_Deploy.Timer_Expired,Code/Scripts/Mission05.cpp:7567,games/renegade/content/scripts,,,not_started,,parity,
callback:M05_APC_Deploy_Soldier.Action_Complete,callback,M05_APC_Deploy_Soldier.Action_Complete,Code/Scripts/Mission05.cpp:7627,games/renegade/content/scripts,,,not_started,,parity,
callback:M05_APC_Deploy_Soldier.Animation_Complete,callback,M05_APC_Deploy_Soldier.Animation_Complete,Code/Scripts/Mission05.cpp:7605,games/renegade/content/scripts,,,not_started,,parity,
callback:M05_APC_Deploy_Soldier.Created,callback,M05_APC_Deploy_Soldier.Created,Code/Scripts/Mission05.cpp:7599,games/renegade/content/scripts,,,not_started,,parity,
callback:M05_Activate_ApacheStrike.Created,callback,M05_Activate_ApacheStrike.Created,Code/Scripts/Mission05.cpp:7158,games/renegade/content/scripts,,,not_started,,parity,
callback:M05_Activate_ApacheStrike.Entered,callback,M05_Activate_ApacheStrike.Entered,Code/Scripts/Mission05.cpp:7164,games/renegade/content/scripts,,,not_started,,parity,
callback:M05_Activate_Artillery.Created,callback,M05_Activate_Artillery.Created,Code/Scripts/Mission05.cpp:7061,games/renegade/content/scripts,,,not_started,,parity,
callback:M05_Activate_Artillery.Custom,callback,M05_Activate_Artillery.Custom,Code/Scripts/Mission05.cpp:7127,games/renegade/content/scripts,,,not_started,,parity,
callback:M05_Activate_Artillery.Entered,callback,M05_Activate_Artillery.Entered,Code/Scripts/Mission05.cpp:7071,games/renegade/content/scripts,,,not_started,,parity,
callback:M05_Activate_Artillery.Timer_Expired,callback,M05_Activate_Artillery.Timer_Expired,Code/Scripts/Mission05.cpp:7083,games/renegade/content/scripts,,,not_started,,parity,
callback:M05_Activate_Babushka_Encounter.Created,callback,M05_Activate_Babushka_Encounter.Created,Code/Scripts/Mission05.cpp:2608,games/renegade/content/scripts,,,not_started,,parity,
callback:M05_Activate_Babushka_Encounter.Entered,callback,M05_Activate_Babushka_Encounter.Entered,Code/Scripts/Mission05.cpp:2614,games/renegade/content/scripts,,,not_started,,parity,
callback:M05_Activate_Deadeye.Created,callback,M05_Activate_Deadeye.Created,Code/Scripts/Mission05.cpp:2522,games/renegade/content/scripts,,,not_started,,parity,
callback:M05_Activate_Deadeye.Entered,callback,M05_Activate_Deadeye.Entered,Code/Scripts/Mission05.cpp:2528,games/renegade/content/scripts,,,not_started,,parity,
callback:M05_Activate_Entrapment_Civ.Created,callback,M05_Activate_Entrapment_Civ.Created,Code/Scripts/Mission05.cpp:5866,games/renegade/content/scripts,,,not_started,,parity,
callback:M05_Activate_Entrapment_Civ.Entered,callback,M05_Activate_Entrapment_Civ.Entered,Code/Scripts/Mission05.cpp:5871,games/renegade/content/scripts,,,not_started,,parity,
callback:M05_Activate_Execution.Created,callback,M05_Activate_Execution.Created,Code/Scripts/Mission05.cpp:7290,games/renegade/content/scripts,,,not_started,,parity,
callback:M05_Activate_Execution.Entered,callback,M05_Activate_Execution.Entered,Code/Scripts/Mission05.cpp:7295,games/renegade/content/scripts,,,not_started,,parity,
callback:M05_Activate_Nod_Apc.Created,callback,M05_Activate_Nod_Apc.Created,Code/Scripts/Mission05.cpp:692,games/renegade/content/scripts,,,not_started,,parity,
callback:M05_Activate_Nod_Apc.Entered,callback,M05_Activate_Nod_Apc.Entered,Code/Scripts/Mission05.cpp:698,games/renegade/content/scripts,,,not_started,,parity,
callback:M05_Activate_Nuke_Encounter.Created,callback,M05_Activate_Nuke_Encounter.Created,Code/Scripts/Mission05.cpp:3612,games/renegade/content/scripts,,,not_started,,parity,
callback:M05_Activate_Nuke_Encounter.Entered,callback,M05_Activate_Nuke_Encounter.Entered,Code/Scripts/Mission05.cpp:3618,games/renegade/content/scripts,,,not_started,,parity,
callback:M05_Activate_Objective_501.Action_Complete,callback,M05_Activate_Objective_501.Action_Complete,Code/Scripts/Mission05.cpp:443,games/renegade/content/scripts,,,not_started,,parity,
callback:M05_Activate_Objective_501.Created,callback,M05_Activate_Objective_501.Created,Code/Scripts/Mission05.cpp:421,games/renegade/content/scripts,,,not_started,,parity,
callback:M05_Activate_Objective_501.Entered,callback,M05_Activate_Objective_501.Entered,Code/Scripts/Mission05.cpp:427,games/renegade/content/scripts,,,not_started,,parity,
callback:M05_Activate_Objective_502.Action_Complete,callback,M05_Activate_Objective_502.Action_Complete,Code/Scripts/Mission05.cpp:500,games/renegade/content/scripts,,,not_started,,parity,
callback:M05_Activate_Objective_502.Created,callback,M05_Activate_Objective_502.Created,Code/Scripts/Mission05.cpp:468,games/renegade/content/scripts,,,not_started,,parity,
callback:M05_Activate_Objective_502.Custom,callback,M05_Activate_Objective_502.Custom,Code/Scripts/Mission05.cpp:490,games/renegade/content/scripts,,,not_started,,parity,
callback:M05_Activate_Objective_502.Entered,callback,M05_Activate_Objective_502.Entered,Code/Scripts/Mission05.cpp:473,games/renegade/content/scripts,,,not_started,,parity,
callback:M05_Activate_Objective_504.Action_Complete,callback,M05_Activate_Objective_504.Action_Complete,Code/Scripts/Mission05.cpp:557,games/renegade/content/scripts,,,not_started,,parity,
callback:M05_Activate_Objective_504.Created,callback,M05_Activate_Objective_504.Created,Code/Scripts/Mission05.cpp:525,games/renegade/content/scripts,,,not_started,,parity,
callback:M05_Activate_Objective_504.Custom,callback,M05_Activate_Objective_504.Custom,Code/Scripts/Mission05.cpp:547,games/renegade/content/scripts,,,not_started,,parity,
callback:M05_Activate_Objective_504.Entered,callback,M05_Activate_Objective_504.Entered,Code/Scripts/Mission05.cpp:530,games/renegade/content/scripts,,,not_started,,parity,
callback:M05_Activate_Objective_507.Action_Complete,callback,M05_Activate_Objective_507.Action_Complete,Code/Scripts/Mission05.cpp:615,games/renegade/content/scripts,,,not_started,,parity,
callback:M05_Activate_Objective_507.Created,callback,M05_Activate_Objective_507.Created,Code/Scripts/Mission05.cpp:583,games/renegade/content/scripts,,,not_started,,parity,
callback:M05_Activate_Objective_507.Custom,callback,M05_Activate_Objective_507.Custom,Code/Scripts/Mission05.cpp:605,games/renegade/content/scripts,,,not_started,,parity,
callback:M05_Activate_Objective_507.Entered,callback,M05_Activate_Objective_507.Entered,Code/Scripts/Mission05.cpp:588,games/renegade/content/scripts,,,not_started,,parity,
callback:M05_Activate_Objective_508.Action_Complete,callback,M05_Activate_Objective_508.Action_Complete,Code/Scripts/Mission05.cpp:667,games/renegade/content/scripts,,,not_started,,parity,
callback:M05_Activate_Objective_508.Created,callback,M05_Activate_Objective_508.Created,Code/Scripts/Mission05.cpp:642,games/renegade/content/scripts,,,not_started,,parity,
callback:M05_Activate_Objective_508.Entered,callback,M05_Activate_Objective_508.Entered,Code/Scripts/Mission05.cpp:648,games/renegade/content/scripts,,,not_started,,parity,
callback:M05_Activate_Objective_509.Action_Complete,callback,M05_Activate_Objective_509.Action_Complete,Code/Scripts/Mission05.cpp:761,games/renegade/content/scripts,,,not_started,,parity,
callback:M05_Activate_Objective_509.Created,callback,M05_Activate_Objective_509.Created,Code/Scripts/Mission05.cpp:724,games/renegade/content/scripts,,,not_started,,parity,
callback:M05_Activate_Objective_509.Entered,callback,M05_Activate_Objective_509.Entered,Code/Scripts/Mission05.cpp:730,games/renegade/content/scripts,,,not_started,,parity,
callback:M05_Activate_Objective_510.Action_Complete,callback,M05_Activate_Objective_510.Action_Complete,Code/Scripts/Mission05.cpp:819,games/renegade/content/scripts,,,not_started,,parity,
callback:M05_Activate_Objective_510.Created,callback,M05_Activate_Objective_510.Created,Code/Scripts/Mission05.cpp:787,games/renegade/content/scripts,,,not_started,,parity,
callback:M05_Activate_Objective_510.Custom,callback,M05_Activate_Objective_510.Custom,Code/Scripts/Mission05.cpp:809,games/renegade/content/scripts,,,not_started,,parity,
callback:M05_Activate_Objective_510.Entered,callback,M05_Activate_Objective_510.Entered,Code/Scripts/Mission05.cpp:792,games/renegade/content/scripts,,,not_started,,parity,
callback:M05_Activate_Roadblock_Tank.Created,callback,M05_Activate_Roadblock_Tank.Created,Code/Scripts/Mission05.cpp:6592,games/renegade/content/scripts,,,not_started,,parity,
callback:M05_Activate_Roadblock_Tank.Entered,callback,M05_Activate_Roadblock_Tank.Entered,Code/Scripts/Mission05.cpp:6597,games/renegade/content/scripts,,,not_started,,parity,
callback:M05_Activate_Roadblock_Tank.Timer_Expired,callback,M05_Activate_Roadblock_Tank.Timer_Expired,Code/Scripts/Mission05.cpp:6609,games/renegade/content/scripts,,,not_started,,parity,
callback:M05_Activate_Surprise.Created,callback,M05_Activate_Surprise.Created,Code/Scripts/Mission05.cpp:6956,games/renegade/content/scripts,,,not_started,,parity,
callback:M05_Activate_Surprise.Entered,callback,M05_Activate_Surprise.Entered,Code/Scripts/Mission05.cpp:6962,games/renegade/content/scripts,,,not_started,,parity,
callback:M05_Activate_Surprise_Tank.Created,callback,M05_Activate_Surprise_Tank.Created,Code/Scripts/Mission05.cpp:5681,games/renegade/content/scripts,,,not_started,,parity,
callback:M05_Activate_Surprise_Tank.Entered,callback,M05_Activate_Surprise_Tank.Entered,Code/Scripts/Mission05.cpp:5686,games/renegade/content/scripts,,,not_started,,parity,
callback:M05_Activate_Surprise_Tank.Timer_Expired,callback,M05_Activate_Surprise_Tank.Timer_Expired,Code/Scripts/Mission05.cpp:5700,games/renegade/content/scripts,,,not_started,,parity,
callback:M05_Activate_Triangle_Tank_Drop.Created,callback,M05_Activate_Triangle_Tank_Drop.Created,Code/Scripts/Mission05.cpp:7234,games/renegade/content/scripts,,,not_started,,parity,
callback:M05_Activate_Triangle_Tank_Drop.Entered,callback,M05_Activate_Triangle_Tank_Drop.Entered,Code/Scripts/Mission05.cpp:7240,games/renegade/content/scripts,,,not_started,,parity,
callback:M05_Activate_Truck_Spill.Created,callback,M05_Activate_Truck_Spill.Created,Code/Scripts/Mission05.cpp:7198,games/renegade/content/scripts,,,not_started,,parity,
callback:M05_Activate_Truck_Spill.Entered,callback,M05_Activate_Truck_Spill.Entered,Code/Scripts/Mission05.cpp:7204,games/renegade/content/scripts,,,not_started,,parity,
callback:M05_Aggressiveness_Take_Cover.Created,callback,M05_Aggressiveness_Take_Cover.Created,Code/Scripts/Mission05.cpp:7266,games/renegade/content/scripts,,,not_started,,parity,
callback:M05_Alley_Sprint.Created,callback,M05_Alley_Sprint.Created,Code/Scripts/Mission05.cpp:5370,games/renegade/content/scripts,,,not_started,,parity,
callback:M05_Apc_Drop_DME.Created,callback,M05_Apc_Drop_DME.Created,Code/Scripts/Mission05.cpp:5584,games/renegade/content/scripts,,,not_started,,parity,
callback:M05_Apc_Drop_DME.Custom,callback,M05_Apc_Drop_DME.Custom,Code/Scripts/Mission05.cpp:5593,games/renegade/content/scripts,,,not_started,,parity,
callback:M05_Apc_Drop_Zone_DME.Entered,callback,M05_Apc_Drop_Zone_DME.Entered,Code/Scripts/Mission05.cpp:5654,games/renegade/content/scripts,,,not_started,,parity,
callback:M05_Babushka.Action_Complete,callback,M05_Babushka.Action_Complete,Code/Scripts/Mission05.cpp:2717,games/renegade/content/scripts,,,not_started,,parity,
callback:M05_Babushka.Created,callback,M05_Babushka.Created,Code/Scripts/Mission05.cpp:2642,games/renegade/content/scripts,,,not_started,,parity,
callback:M05_Babushka.Custom,callback,M05_Babushka.Custom,Code/Scripts/Mission05.cpp:2707,games/renegade/content/scripts,,,not_started,,parity,
callback:M05_Babushka.Damaged,callback,M05_Babushka.Damaged,Code/Scripts/Mission05.cpp:2738,games/renegade/content/scripts,,,not_started,,parity,
callback:M05_Babushka.Killed,callback,M05_Babushka.Killed,Code/Scripts/Mission05.cpp:2753,games/renegade/content/scripts,,,not_started,,parity,
callback:M05_Babushka.Poked,callback,M05_Babushka.Poked,Code/Scripts/Mission05.cpp:2670,games/renegade/content/scripts,,,not_started,,parity,
callback:M05_Babushka.Timer_Expired,callback,M05_Babushka.Timer_Expired,Code/Scripts/Mission05.cpp:2660,games/renegade/content/scripts,,,not_started,,parity,
callback:M05_Babushka_Guard.Action_Complete,callback,M05_Babushka_Guard.Action_Complete,Code/Scripts/Mission05.cpp:2805,games/renegade/content/scripts,,,not_started,,parity,
callback:M05_Babushka_Guard.Created,callback,M05_Babushka_Guard.Created,Code/Scripts/Mission05.cpp:2772,games/renegade/content/scripts,,,not_started,,parity,
callback:M05_Babushka_Guard.Custom,callback,M05_Babushka_Guard.Custom,Code/Scripts/Mission05.cpp:2785,games/renegade/content/scripts,,,not_started,,parity,
callback:M05_Babushka_Guard.Enemy_Seen,callback,M05_Babushka_Guard.Enemy_Seen,Code/Scripts/Mission05.cpp:2777,games/renegade/content/scripts,,,not_started,,parity,
callback:M05_Babushka_Guard.Killed,callback,M05_Babushka_Guard.Killed,Code/Scripts/Mission05.cpp:2816,games/renegade/content/scripts,,,not_started,,parity,
callback:M05_Barrel_Explosion.Destroyed,callback,M05_Barrel_Explosion.Destroyed,Code/Scripts/Mission05.cpp:7485,games/renegade/content/scripts,,,not_started,,parity,
callback:M05_Bridge_Tank.Created,callback,M05_Bridge_Tank.Created,Code/Scripts/Mission05.cpp:1852,games/renegade/content/scripts,,,not_started,,parity,
callback:M05_Bridge_Tank.Damaged,callback,M05_Bridge_Tank.Damaged,Code/Scripts/Mission05.cpp:1885,games/renegade/content/scripts,,,not_started,,parity,
callback:M05_Bridge_Tank.Timer_Expired,callback,M05_Bridge_Tank.Timer_Expired,Code/Scripts/Mission05.cpp:1866,games/renegade/content/scripts,,,not_started,,parity,
callback:M05_Building_Collapse.Created,callback,M05_Building_Collapse.Created,Code/Scripts/Mission05.cpp:1650,games/renegade/content/scripts,,,not_started,,parity,
callback:M05_Building_Collapse.Custom,callback,M05_Building_Collapse.Custom,Code/Scripts/Mission05.cpp:1666,games/renegade/content/scripts,,,not_started,,parity,
callback:M05_Building_Collapse.Entered,callback,M05_Building_Collapse.Entered,Code/Scripts/Mission05.cpp:1657,games/renegade/content/scripts,,,not_started,,parity,
callback:M05_Building_Debris.Created,callback,M05_Building_Debris.Created,Code/Scripts/Mission05.cpp:6637,games/renegade/content/scripts,,,not_started,,parity,
callback:M05_Building_Debris.Damaged,callback,M05_Building_Debris.Damaged,Code/Scripts/Mission05.cpp:6643,games/renegade/content/scripts,,,not_started,,parity,
callback:M05_Building_Debris.Killed,callback,M05_Building_Debris.Killed,Code/Scripts/Mission05.cpp:6655,games/renegade/content/scripts,,,not_started,,parity,
callback:M05_Cache_Assault.Created,callback,M05_Cache_Assault.Created,Code/Scripts/Mission05.cpp:2205,games/renegade/content/scripts,,,not_started,,parity,
callback:M05_Cache_Controller.Created,callback,M05_Cache_Controller.Created,Code/Scripts/Mission05.cpp:4889,games/renegade/content/scripts,,,not_started,,parity,
callback:M05_Cache_Controller.Custom,callback,M05_Cache_Controller.Custom,Code/Scripts/Mission05.cpp:4900,games/renegade/content/scripts,,,not_started,,parity,
callback:M05_Cache_Escort.Action_Complete,callback,M05_Cache_Escort.Action_Complete,Code/Scripts/Mission05.cpp:2158,games/renegade/content/scripts,,,not_started,,parity,
callback:M05_Cache_Escort.Created,callback,M05_Cache_Escort.Created,Code/Scripts/Mission05.cpp:1987,games/renegade/content/scripts,,,not_started,,parity,
callback:M05_Cache_Escort.Custom,callback,M05_Cache_Escort.Custom,Code/Scripts/Mission05.cpp:2097,games/renegade/content/scripts,,,not_started,,parity,
callback:M05_Cache_Escort.Killed,callback,M05_Cache_Escort.Killed,Code/Scripts/Mission05.cpp:1997,games/renegade/content/scripts,,,not_started,,parity,
callback:M05_Cache_Escort.Poked,callback,M05_Cache_Escort.Poked,Code/Scripts/Mission05.cpp:2003,games/renegade/content/scripts,,,not_started,,parity,
callback:M05_Cache_Escort.Timer_Expired,callback,M05_Cache_Escort.Timer_Expired,Code/Scripts/Mission05.cpp:2178,games/renegade/content/scripts,,,not_started,,parity,
callback:M05_Cache_Surprise.Created,callback,M05_Cache_Surprise.Created,Code/Scripts/Mission05.cpp:6371,games/renegade/content/scripts,,,not_started,,parity,
callback:M05_Cache_Surprise.Entered,callback,M05_Cache_Surprise.Entered,Code/Scripts/Mission05.cpp:6377,games/renegade/content/scripts,,,not_started,,parity,
callback:M05_Cache_Unit.Created,callback,M05_Cache_Unit.Created,Code/Scripts/Mission05.cpp:4978,games/renegade/content/scripts,,,not_started,,parity,
callback:M05_Cache_Unit.Killed,callback,M05_Cache_Unit.Killed,Code/Scripts/Mission05.cpp:4987,games/renegade/content/scripts,,,not_started,,parity,
callback:M05_Cache_Unit.Timer_Expired,callback,M05_Cache_Unit.Timer_Expired,Code/Scripts/Mission05.cpp:4992,games/renegade/content/scripts,,,not_started,,parity,
callback:M05_Cathedral_Apache.Action_Complete,callback,M05_Cathedral_Apache.Action_Complete,Code/Scripts/Mission05.cpp:6164,games/renegade/content/scripts,,,not_started,,parity,
callback:M05_Cathedral_Apache.Created,callback,M05_Cathedral_Apache.Created,Code/Scripts/Mission05.cpp:6136,games/renegade/content/scripts,,,not_started,,parity,
callback:M05_Cathedral_Apache.Enemy_Seen,callback,M05_Cathedral_Apache.Enemy_Seen,Code/Scripts/Mission05.cpp:6238,games/renegade/content/scripts,,,not_started,,parity,
callback:M05_Cathedral_Apache.Killed,callback,M05_Cathedral_Apache.Killed,Code/Scripts/Mission05.cpp:6274,games/renegade/content/scripts,,,not_started,,parity,
callback:M05_Cathedral_Apache.Sound_Heard,callback,M05_Cathedral_Apache.Sound_Heard,Code/Scripts/Mission05.cpp:6228,games/renegade/content/scripts,,,not_started,,parity,
callback:M05_Cathedral_Apache.Timer_Expired,callback,M05_Cathedral_Apache.Timer_Expired,Code/Scripts/Mission05.cpp:6199,games/renegade/content/scripts,,,not_started,,parity,
callback:M05_Cathedral_Artillery.Created,callback,M05_Cathedral_Artillery.Created,Code/Scripts/Mission05.cpp:7397,games/renegade/content/scripts,,,not_started,,parity,
callback:M05_Cathedral_Artillery.Killed,callback,M05_Cathedral_Artillery.Killed,Code/Scripts/Mission05.cpp:7429,games/renegade/content/scripts,,,not_started,,parity,
callback:M05_Cathedral_Artillery.Timer_Expired,callback,M05_Cathedral_Artillery.Timer_Expired,Code/Scripts/Mission05.cpp:7409,games/renegade/content/scripts,,,not_started,,parity,
callback:M05_Cathedral_Controller.Created,callback,M05_Cathedral_Controller.Created,Code/Scripts/Mission05.cpp:6009,games/renegade/content/scripts,,,not_started,,parity,
callback:M05_Cathedral_Controller.Custom,callback,M05_Cathedral_Controller.Custom,Code/Scripts/Mission05.cpp:6018,games/renegade/content/scripts,,,not_started,,parity,
callback:M05_Cathedral_Controller.Timer_Expired,callback,M05_Cathedral_Controller.Timer_Expired,Code/Scripts/Mission05.cpp:6095,games/renegade/content/scripts,,,not_started,,parity,
callback:M05_Cathedral_Para_Unit.Action_Complete,callback,M05_Cathedral_Para_Unit.Action_Complete,Code/Scripts/Mission05.cpp:6322,games/renegade/content/scripts,,,not_started,,parity,
callback:M05_Cathedral_Para_Unit.Created,callback,M05_Cathedral_Para_Unit.Created,Code/Scripts/Mission05.cpp:6294,games/renegade/content/scripts,,,not_started,,parity,
callback:M05_Cathedral_Para_Unit.Killed,callback,M05_Cathedral_Para_Unit.Killed,Code/Scripts/Mission05.cpp:6347,games/renegade/content/scripts,,,not_started,,parity,
callback:M05_Cathedral_Para_Unit.Sound_Heard,callback,M05_Cathedral_Para_Unit.Sound_Heard,Code/Scripts/Mission05.cpp:6336,games/renegade/content/scripts,,,not_started,,parity,
callback:M05_Cathedral_Para_Unit.Timer_Expired,callback,M05_Cathedral_Para_Unit.Timer_Expired,Code/Scripts/Mission05.cpp:6305,games/renegade/content/scripts,,,not_started,,parity,
callback:M05_Chateau_Escapee.Created,callback,M05_Chateau_Escapee.Created,Code/Scripts/Mission05.cpp:2293,games/renegade/content/scripts,,,not_started,,parity,
callback:M05_Chateau_Escapee.Custom,callback,M05_Chateau_Escapee.Custom,Code/Scripts/Mission05.cpp:2302,games/renegade/content/scripts,,,not_started,,parity,
callback:M05_Chateau_Escapee.Timer_Expired,callback,M05_Chateau_Escapee.Timer_Expired,Code/Scripts/Mission05.cpp:2316,games/renegade/content/scripts,,,not_started,,parity,
callback:M05_Chinook_Supply_Cache.Created,callback,M05_Chinook_Supply_Cache.Created,Code/Scripts/Mission05.cpp:2243,games/renegade/content/scripts,,,not_started,,parity,
callback:M05_Chinook_Supply_Cache.Custom,callback,M05_Chinook_Supply_Cache.Custom,Code/Scripts/Mission05.cpp:2269,games/renegade/content/scripts,,,not_started,,parity,
callback:M05_Chinook_Supply_Cache.Entered,callback,M05_Chinook_Supply_Cache.Entered,Code/Scripts/Mission05.cpp:2249,games/renegade/content/scripts,,,not_started,,parity,
callback:M05_Civ_Lead.Action_Complete,callback,M05_Civ_Lead.Action_Complete,Code/Scripts/Mission05.cpp:3986,games/renegade/content/scripts,,,not_started,,parity,
callback:M05_Civ_Lead.Created,callback,M05_Civ_Lead.Created,Code/Scripts/Mission05.cpp:3960,games/renegade/content/scripts,,,not_started,,parity,
callback:M05_Civ_Lead.Custom,callback,M05_Civ_Lead.Custom,Code/Scripts/Mission05.cpp:3973,games/renegade/content/scripts,,,not_started,,parity,
callback:M05_Civ_Lead.Poked,callback,M05_Civ_Lead.Poked,Code/Scripts/Mission05.cpp:4024,games/renegade/content/scripts,,,not_started,,parity,
callback:M05_Civ_Lead.Timer_Expired,callback,M05_Civ_Lead.Timer_Expired,Code/Scripts/Mission05.cpp:4089,games/renegade/content/scripts,,,not_started,,parity,
callback:M05_Civ_Warn.Action_Complete,callback,M05_Civ_Warn.Action_Complete,Code/Scripts/Mission05.cpp:3887,games/renegade/content/scripts,,,not_started,,parity,
callback:M05_Civ_Warn.Created,callback,M05_Civ_Warn.Created,Code/Scripts/Mission05.cpp:3880,games/renegade/content/scripts,,,not_started,,parity,
callback:M05_Civ_Warn.Killed,callback,M05_Civ_Warn.Killed,Code/Scripts/Mission05.cpp:3930,games/renegade/content/scripts,,,not_started,,parity,
callback:M05_Civ_Warn.Timer_Expired,callback,M05_Civ_Warn.Timer_Expired,Code/Scripts/Mission05.cpp:3910,games/renegade/content/scripts,,,not_started,,parity,
callback:M05_DEAD6_Engineer.Action_Complete,callback,M05_DEAD6_Engineer.Action_Complete,Code/Scripts/Mission05.cpp:903,games/renegade/content/scripts,,,not_started,,parity,
callback:M05_DEAD6_Engineer.Created,callback,M05_DEAD6_Engineer.Created,Code/Scripts/Mission05.cpp:845,games/renegade/content/scripts,,,not_started,,parity,
callback:M05_DEAD6_Engineer.Custom,callback,M05_DEAD6_Engineer.Custom,Code/Scripts/Mission05.cpp:895,games/renegade/content/scripts,,,not_started,,parity,
callback:M05_DEAD6_Engineer.Damaged,callback,M05_DEAD6_Engineer.Damaged,Code/Scripts/Mission05.cpp:858,games/renegade/content/scripts,,,not_started,,parity,
callback:M05_DEAD6_Engineer.Killed,callback,M05_DEAD6_Engineer.Killed,Code/Scripts/Mission05.cpp:862,games/renegade/content/scripts,,,not_started,,parity,
callback:M05_DEAD6_Engineer.Poked,callback,M05_DEAD6_Engineer.Poked,Code/Scripts/Mission05.cpp:869,games/renegade/content/scripts,,,not_started,,parity,
callback:M05_DEAD6_Engineer2.Action_Complete,callback,M05_DEAD6_Engineer2.Action_Complete,Code/Scripts/Mission05.cpp:979,games/renegade/content/scripts,,,not_started,,parity,
callback:M05_DEAD6_Engineer2.Created,callback,M05_DEAD6_Engineer2.Created,Code/Scripts/Mission05.cpp:933,games/renegade/content/scripts,,,not_started,,parity,
callback:M05_DEAD6_Engineer2.Custom,callback,M05_DEAD6_Engineer2.Custom,Code/Scripts/Mission05.cpp:950,games/renegade/content/scripts,,,not_started,,parity,
callback:M05_DEAD6_Engineer2.Damaged,callback,M05_DEAD6_Engineer2.Damaged,Code/Scripts/Mission05.cpp:938,games/renegade/content/scripts,,,not_started,,parity,
callback:M05_DEAD6_Engineer2.Killed,callback,M05_DEAD6_Engineer2.Killed,Code/Scripts/Mission05.cpp:943,games/renegade/content/scripts,,,not_started,,parity,
callback:M05_DEAD6_Engineer2.Timer_Expired,callback,M05_DEAD6_Engineer2.Timer_Expired,Code/Scripts/Mission05.cpp:962,games/renegade/content/scripts,,,not_started,,parity,
callback:M05_DEAD6_Grenadier.Action_Complete,callback,M05_DEAD6_Grenadier.Action_Complete,Code/Scripts/Mission05.cpp:1481,games/renegade/content/scripts,,,not_started,,parity,
callback:M05_DEAD6_Grenadier.Created,callback,M05_DEAD6_Grenadier.Created,Code/Scripts/Mission05.cpp:1434,games/renegade/content/scripts,,,not_started,,parity,
callback:M05_DEAD6_Grenadier.Custom,callback,M05_DEAD6_Grenadier.Custom,Code/Scripts/Mission05.cpp:1517,games/renegade/content/scripts,,,not_started,,parity,
callback:M05_DEAD6_Grenadier.Damaged,callback,M05_DEAD6_Grenadier.Damaged,Code/Scripts/Mission05.cpp:1512,games/renegade/content/scripts,,,not_started,,parity,
callback:M05_DEAD6_Grenadier.Killed,callback,M05_DEAD6_Grenadier.Killed,Code/Scripts/Mission05.cpp:1444,games/renegade/content/scripts,,,not_started,,parity,
callback:M05_DEAD6_Grenadier.Poked,callback,M05_DEAD6_Grenadier.Poked,Code/Scripts/Mission05.cpp:1451,games/renegade/content/scripts,,,not_started,,parity,
callback:M05_DEAD6_MiniGunner.Action_Complete,callback,M05_DEAD6_MiniGunner.Action_Complete,Code/Scripts/Mission05.cpp:1268,games/renegade/content/scripts,,,not_started,,parity,
callback:M05_DEAD6_MiniGunner.Created,callback,M05_DEAD6_MiniGunner.Created,Code/Scripts/Mission05.cpp:1228,games/renegade/content/scripts,,,not_started,,parity,
callback:M05_DEAD6_MiniGunner.Custom,callback,M05_DEAD6_MiniGunner.Custom,Code/Scripts/Mission05.cpp:1248,games/renegade/content/scripts,,,not_started,,parity,
callback:M05_DEAD6_MiniGunner.Damaged,callback,M05_DEAD6_MiniGunner.Damaged,Code/Scripts/Mission05.cpp:1338,games/renegade/content/scripts,,,not_started,,parity,
callback:M05_DEAD6_MiniGunner.Killed,callback,M05_DEAD6_MiniGunner.Killed,Code/Scripts/Mission05.cpp:1353,games/renegade/content/scripts,,,not_started,,parity,
callback:M05_DEAD6_MiniGunner.Poked,callback,M05_DEAD6_MiniGunner.Poked,Code/Scripts/Mission05.cpp:1359,games/renegade/content/scripts,,,not_started,,parity,
callback:M05_DEAD6_MiniGunner.Sound_Heard,callback,M05_DEAD6_MiniGunner.Sound_Heard,Code/Scripts/Mission05.cpp:1400,games/renegade/content/scripts,,,not_started,,parity,
callback:M05_DEAD6_MiniGunner.Timer_Expired,callback,M05_DEAD6_MiniGunner.Timer_Expired,Code/Scripts/Mission05.cpp:1307,games/renegade/content/scripts,,,not_started,,parity,
callback:M05_DEAD6_Rocket_Soldier.Action_Complete,callback,M05_DEAD6_Rocket_Soldier.Action_Complete,Code/Scripts/Mission05.cpp:1185,games/renegade/content/scripts,,,not_started,,parity,
callback:M05_DEAD6_Rocket_Soldier.Created,callback,M05_DEAD6_Rocket_Soldier.Created,Code/Scripts/Mission05.cpp:1091,games/renegade/content/scripts,,,not_started,,parity,
callback:M05_DEAD6_Rocket_Soldier.Custom,callback,M05_DEAD6_Rocket_Soldier.Custom,Code/Scripts/Mission05.cpp:1170,games/renegade/content/scripts,,,not_started,,parity,
callback:M05_DEAD6_Rocket_Soldier.Damaged,callback,M05_DEAD6_Rocket_Soldier.Damaged,Code/Scripts/Mission05.cpp:1107,games/renegade/content/scripts,,,not_started,,parity,
callback:M05_DEAD6_Rocket_Soldier.Killed,callback,M05_DEAD6_Rocket_Soldier.Killed,Code/Scripts/Mission05.cpp:1100,games/renegade/content/scripts,,,not_started,,parity,
callback:M05_DEAD6_Rocket_Soldier.Poked,callback,M05_DEAD6_Rocket_Soldier.Poked,Code/Scripts/Mission05.cpp:1112,games/renegade/content/scripts,,,not_started,,parity,
callback:M05_DEAD6_Rocket_Soldier2.Action_Complete,callback,M05_DEAD6_Rocket_Soldier2.Action_Complete,Code/Scripts/Mission05.cpp:1058,games/renegade/content/scripts,,,not_started,,parity,
callback:M05_DEAD6_Rocket_Soldier2.Created,callback,M05_DEAD6_Rocket_Soldier2.Created,Code/Scripts/Mission05.cpp:1007,games/renegade/content/scripts,,,not_started,,parity,
callback:M05_DEAD6_Rocket_Soldier2.Custom,callback,M05_DEAD6_Rocket_Soldier2.Custom,Code/Scripts/Mission05.cpp:1031,games/renegade/content/scripts,,,not_started,,parity,
callback:M05_DEAD6_Rocket_Soldier2.Damaged,callback,M05_DEAD6_Rocket_Soldier2.Damaged,Code/Scripts/Mission05.cpp:1012,games/renegade/content/scripts,,,not_started,,parity,
callback:M05_DEAD6_Rocket_Soldier2.Killed,callback,M05_DEAD6_Rocket_Soldier2.Killed,Code/Scripts/Mission05.cpp:1025,games/renegade/content/scripts,,,not_started,,parity,
callback:M05_DEAD6_Rocket_Soldier2.Timer_Expired,callback,M05_DEAD6_Rocket_Soldier2.Timer_Expired,Code/Scripts/Mission05.cpp:1041,games/renegade/content/scripts,,,not_started,,parity,
callback:M05_DataDisc_01_DLS.Custom,callback,M05_DataDisc_01_DLS.Custom,Code/Scripts/Mission05.cpp:7847,games/renegade/content/scripts,,,not_started,,parity,
callback:M05_Deactivate_Alley_Sprint.Created,callback,M05_Deactivate_Alley_Sprint.Created,Code/Scripts/Mission05.cpp:5396,games/renegade/content/scripts,,,not_started,,parity,
callback:M05_Deactivate_Alley_Sprint.Entered,callback,M05_Deactivate_Alley_Sprint.Entered,Code/Scripts/Mission05.cpp:5401,games/renegade/content/scripts,,,not_started,,parity,
callback:M05_Dead6_Help.Action_Complete,callback,M05_Dead6_Help.Action_Complete,Code/Scripts/Mission05.cpp:6870,games/renegade/content/scripts,,,not_started,,parity,
callback:M05_Dead6_Help.Created,callback,M05_Dead6_Help.Created,Code/Scripts/Mission05.cpp:6761,games/renegade/content/scripts,,,not_started,,parity,
callback:M05_Dead6_Help.Custom,callback,M05_Dead6_Help.Custom,Code/Scripts/Mission05.cpp:6861,games/renegade/content/scripts,,,not_started,,parity,
callback:M05_Dead6_Help.Entered,callback,M05_Dead6_Help.Entered,Code/Scripts/Mission05.cpp:6769,games/renegade/content/scripts,,,not_started,,parity,
callback:M05_Dump_Captives.Action_Complete,callback,M05_Dump_Captives.Action_Complete,Code/Scripts/Mission05.cpp:5077,games/renegade/content/scripts,,,not_started,,parity,
callback:M05_Dump_Captives.Created,callback,M05_Dump_Captives.Created,Code/Scripts/Mission05.cpp:5053,games/renegade/content/scripts,,,not_started,,parity,
callback:M05_Dump_Captives.Custom,callback,M05_Dump_Captives.Custom,Code/Scripts/Mission05.cpp:5060,games/renegade/content/scripts,,,not_started,,parity,
callback:M05_Dump_Captives.Killed,callback,M05_Dump_Captives.Killed,Code/Scripts/Mission05.cpp:5125,games/renegade/content/scripts,,,not_started,,parity,
callback:M05_Dump_Captives.Timer_Expired,callback,M05_Dump_Captives.Timer_Expired,Code/Scripts/Mission05.cpp:5108,games/renegade/content/scripts,,,not_started,,parity,
callback:M05_Dump_Controller.Created,callback,M05_Dump_Controller.Created,Code/Scripts/Mission05.cpp:5174,games/renegade/content/scripts,,,not_started,,parity,
callback:M05_Dump_Controller.Custom,callback,M05_Dump_Controller.Custom,Code/Scripts/Mission05.cpp:5183,games/renegade/content/scripts,,,not_started,,parity,
callback:M05_Dump_Unit.Created,callback,M05_Dump_Unit.Created,Code/Scripts/Mission05.cpp:5142,games/renegade/content/scripts,,,not_started,,parity,
callback:M05_Dump_Unit.Killed,callback,M05_Dump_Unit.Killed,Code/Scripts/Mission05.cpp:5151,games/renegade/content/scripts,,,not_started,,parity,
callback:M05_Enable_Overlook.Created,callback,M05_Enable_Overlook.Created,Code/Scripts/Mission05.cpp:1921,games/renegade/content/scripts,,,not_started,,parity,
callback:M05_Enable_Overlook.Custom,callback,M05_Enable_Overlook.Custom,Code/Scripts/Mission05.cpp:1957,games/renegade/content/scripts,,,not_started,,parity,
callback:M05_Enable_Overlook.Entered,callback,M05_Enable_Overlook.Entered,Code/Scripts/Mission05.cpp:1927,games/renegade/content/scripts,,,not_started,,parity,
callback:M05_Enable_Overlook.Timer_Expired,callback,M05_Enable_Overlook.Timer_Expired,Code/Scripts/Mission05.cpp:1945,games/renegade/content/scripts,,,not_started,,parity,
callback:M05_Entrapment_Mendoza.Action_Complete,callback,M05_Entrapment_Mendoza.Action_Complete,Code/Scripts/Mission05.cpp:5935,games/renegade/content/scripts,,,not_started,,parity,
callback:M05_Entrapment_Mendoza.Created,callback,M05_Entrapment_Mendoza.Created,Code/Scripts/Mission05.cpp:5916,games/renegade/content/scripts,,,not_started,,parity,
callback:M05_Entrapment_Mendoza.Damaged,callback,M05_Entrapment_Mendoza.Damaged,Code/Scripts/Mission05.cpp:5950,games/renegade/content/scripts,,,not_started,,parity,
callback:M05_Entrapment_Technician.Action_Complete,callback,M05_Entrapment_Technician.Action_Complete,Code/Scripts/Mission05.cpp:3725,games/renegade/content/scripts,,,not_started,,parity,
callback:M05_Entrapment_Technician.Created,callback,M05_Entrapment_Technician.Created,Code/Scripts/Mission05.cpp:3657,games/renegade/content/scripts,,,not_started,,parity,
callback:M05_Entrapment_Technician.Killed,callback,M05_Entrapment_Technician.Killed,Code/Scripts/Mission05.cpp:3743,games/renegade/content/scripts,,,not_started,,parity,
callback:M05_Entrapment_Technician.Poked,callback,M05_Entrapment_Technician.Poked,Code/Scripts/Mission05.cpp:3709,games/renegade/content/scripts,,,not_started,,parity,
callback:M05_Entrapment_Technician.Timer_Expired,callback,M05_Entrapment_Technician.Timer_Expired,Code/Scripts/Mission05.cpp:3681,games/renegade/content/scripts,,,not_started,,parity,
callback:M05_Escapee_Brother.Action_Complete,callback,M05_Escapee_Brother.Action_Complete,Code/Scripts/Mission05.cpp:2382,games/renegade/content/scripts,,,not_started,,parity,
callback:M05_Escapee_Brother.Created,callback,M05_Escapee_Brother.Created,Code/Scripts/Mission05.cpp:2344,games/renegade/content/scripts,,,not_started,,parity,
callback:M05_Escapee_Brother.Killed,callback,M05_Escapee_Brother.Killed,Code/Scripts/Mission05.cpp:2424,games/renegade/content/scripts,,,not_started,,parity,
callback:M05_Escapee_Brother.Poked,callback,M05_Escapee_Brother.Poked,Code/Scripts/Mission05.cpp:2356,games/renegade/content/scripts,,,not_started,,parity,
callback:M05_Escapee_Invaders.Created,callback,M05_Escapee_Invaders.Created,Code/Scripts/Mission05.cpp:2443,games/renegade/content/scripts,,,not_started,,parity,
callback:M05_Escapee_Windows.Created,callback,M05_Escapee_Windows.Created,Code/Scripts/Mission05.cpp:2466,games/renegade/content/scripts,,,not_started,,parity,
callback:M05_Escapee_Windows.Timer_Expired,callback,M05_Escapee_Windows.Timer_Expired,Code/Scripts/Mission05.cpp:2484,games/renegade/content/scripts,,,not_started,,parity,
callback:M05_Execution_Civilian.Action_Complete,callback,M05_Execution_Civilian.Action_Complete,Code/Scripts/Mission05.cpp:5800,games/renegade/content/scripts,,,not_started,,parity,
callback:M05_Execution_Civilian.Created,callback,M05_Execution_Civilian.Created,Code/Scripts/Mission05.cpp:5755,games/renegade/content/scripts,,,not_started,,parity,
callback:M05_Execution_Civilian.Custom,callback,M05_Execution_Civilian.Custom,Code/Scripts/Mission05.cpp:5807,games/renegade/content/scripts,,,not_started,,parity,
callback:M05_Execution_Civilian.Poked,callback,M05_Execution_Civilian.Poked,Code/Scripts/Mission05.cpp:5769,games/renegade/content/scripts,,,not_started,,parity,
callback:M05_Execution_Nod.Created,callback,M05_Execution_Nod.Created,Code/Scripts/Mission05.cpp:5829,games/renegade/content/scripts,,,not_started,,parity,
callback:M05_Execution_Nod.Custom,callback,M05_Execution_Nod.Custom,Code/Scripts/Mission05.cpp:5836,games/renegade/content/scripts,,,not_started,,parity,
callback:M05_Explode_Debris.Created,callback,M05_Explode_Debris.Created,Code/Scripts/Mission05.cpp:6676,games/renegade/content/scripts,,,not_started,,parity,
callback:M05_Explode_Debris.Timer_Expired,callback,M05_Explode_Debris.Timer_Expired,Code/Scripts/Mission05.cpp:6689,games/renegade/content/scripts,,,not_started,,parity,
callback:M05_FleeEngineer.Action_Complete,callback,M05_FleeEngineer.Action_Complete,Code/Scripts/Mission05.cpp:3471,games/renegade/content/scripts,,,not_started,,parity,
callback:M05_FleeEngineer.Created,callback,M05_FleeEngineer.Created,Code/Scripts/Mission05.cpp:3435,games/renegade/content/scripts,,,not_started,,parity,
callback:M05_FleeEngineer.Killed,callback,M05_FleeEngineer.Killed,Code/Scripts/Mission05.cpp:3498,games/renegade/content/scripts,,,not_started,,parity,
callback:M05_Flyover_Controller.Created,callback,M05_Flyover_Controller.Created,Code/Scripts/Mission05.cpp:6708,games/renegade/content/scripts,,,not_started,,parity,
callback:M05_Flyover_Controller.Timer_Expired,callback,M05_Flyover_Controller.Timer_Expired,Code/Scripts/Mission05.cpp:6715,games/renegade/content/scripts,,,not_started,,parity,
callback:M05_Free_Dump_Captives.Created,callback,M05_Free_Dump_Captives.Created,Code/Scripts/Mission05.cpp:5019,games/renegade/content/scripts,,,not_started,,parity,
callback:M05_Free_Dump_Captives.Entered,callback,M05_Free_Dump_Captives.Entered,Code/Scripts/Mission05.cpp:5024,games/renegade/content/scripts,,,not_started,,parity,
callback:M05_Free_Overlook_Captives.Created,callback,M05_Free_Overlook_Captives.Created,Code/Scripts/Mission05.cpp:4700,games/renegade/content/scripts,,,not_started,,parity,
callback:M05_Free_Overlook_Captives.Entered,callback,M05_Free_Overlook_Captives.Entered,Code/Scripts/Mission05.cpp:4705,games/renegade/content/scripts,,,not_started,,parity,
callback:M05_Havoc_DLS.Created,callback,M05_Havoc_DLS.Created,Code/Scripts/Mission05.cpp:397,games/renegade/content/scripts,,,not_started,,parity,
callback:M05_Heal_Dead6.Created,callback,M05_Heal_Dead6.Created,Code/Scripts/Mission05.cpp:2557,games/renegade/content/scripts,,,not_started,,parity,
callback:M05_Heal_Dead6.Entered,callback,M05_Heal_Dead6.Entered,Code/Scripts/Mission05.cpp:2563,games/renegade/content/scripts,,,not_started,,parity,
callback:M05_Heal_Dead6.Timer_Expired,callback,M05_Heal_Dead6.Timer_Expired,Code/Scripts/Mission05.cpp:2573,games/renegade/content/scripts,,,not_started,,parity,
callback:M05_Hotwire_Conversation.Created,callback,M05_Hotwire_Conversation.Created,Code/Scripts/Mission05.cpp:6920,games/renegade/content/scripts,,,not_started,,parity,
callback:M05_Hotwire_Conversation.Entered,callback,M05_Hotwire_Conversation.Entered,Code/Scripts/Mission05.cpp:6925,games/renegade/content/scripts,,,not_started,,parity,
callback:M05_Inn_APC.Custom,callback,M05_Inn_APC.Custom,Code/Scripts/Mission05.cpp:7657,games/renegade/content/scripts,,,not_started,,parity,
callback:M05_Inn_APC.Killed,callback,M05_Inn_APC.Killed,Code/Scripts/Mission05.cpp:7687,games/renegade/content/scripts,,,not_started,,parity,
callback:M05_Inn_Controller.Created,callback,M05_Inn_Controller.Created,Code/Scripts/Mission05.cpp:5517,games/renegade/content/scripts,,,not_started,,parity,
callback:M05_Inn_Controller.Custom,callback,M05_Inn_Controller.Custom,Code/Scripts/Mission05.cpp:5523,games/renegade/content/scripts,,,not_started,,parity,
callback:M05_Inn_Tank.Created,callback,M05_Inn_Tank.Created,Code/Scripts/Mission05.cpp:5432,games/renegade/content/scripts,,,not_started,,parity,
callback:M05_Inn_Tank.Damaged,callback,M05_Inn_Tank.Damaged,Code/Scripts/Mission05.cpp:5467,games/renegade/content/scripts,,,not_started,,parity,
callback:M05_Inn_Tank.Enemy_Seen,callback,M05_Inn_Tank.Enemy_Seen,Code/Scripts/Mission05.cpp:5486,games/renegade/content/scripts,,,not_started,,parity,
callback:M05_Inn_Tank.Timer_Expired,callback,M05_Inn_Tank.Timer_Expired,Code/Scripts/Mission05.cpp:5447,games/renegade/content/scripts,,,not_started,,parity,
callback:M05_Mendoza.Action_Complete,callback,M05_Mendoza.Action_Complete,Code/Scripts/Mission05.cpp:1573,games/renegade/content/scripts,,,not_started,,parity,
callback:M05_Mendoza.Created,callback,M05_Mendoza.Created,Code/Scripts/Mission05.cpp:1548,games/renegade/content/scripts,,,not_started,,parity,
callback:M05_Mendoza.Damaged,callback,M05_Mendoza.Damaged,Code/Scripts/Mission05.cpp:1605,games/renegade/content/scripts,,,not_started,,parity,
callback:M05_Mendoza.Timer_Expired,callback,M05_Mendoza.Timer_Expired,Code/Scripts/Mission05.cpp:1557,games/renegade/content/scripts,,,not_started,,parity,
callback:M05_Mendoza3.Created,callback,M05_Mendoza3.Created,Code/Scripts/Mission05.cpp:3524,games/renegade/content/scripts,,,not_started,,parity,
callback:M05_Mendoza3.Damaged,callback,M05_Mendoza3.Damaged,Code/Scripts/Mission05.cpp:3545,games/renegade/content/scripts,,,not_started,,parity,
callback:M05_Mendoza3.Enemy_Seen,callback,M05_Mendoza3.Enemy_Seen,Code/Scripts/Mission05.cpp:3580,games/renegade/content/scripts,,,not_started,,parity,
callback:M05_Mendoza3.Timer_Expired,callback,M05_Mendoza3.Timer_Expired,Code/Scripts/Mission05.cpp:3535,games/renegade/content/scripts,,,not_started,,parity,
callback:M05_Mendoza4.Action_Complete,callback,M05_Mendoza4.Action_Complete,Code/Scripts/Mission05.cpp:3851,games/renegade/content/scripts,,,not_started,,parity,
callback:M05_Mendoza4.Created,callback,M05_Mendoza4.Created,Code/Scripts/Mission05.cpp:3772,games/renegade/content/scripts,,,not_started,,parity,
callback:M05_Mendoza4.Damaged,callback,M05_Mendoza4.Damaged,Code/Scripts/Mission05.cpp:3823,games/renegade/content/scripts,,,not_started,,parity,
callback:M05_Mendoza4.Timer_Expired,callback,M05_Mendoza4.Timer_Expired,Code/Scripts/Mission05.cpp:3803,games/renegade/content/scripts,,,not_started,,parity,
callback:M05_Nod_APC.Created,callback,M05_Nod_APC.Created,Code/Scripts/Mission05.cpp:4847,games/renegade/content/scripts,,,not_started,,parity,
callback:M05_Nod_APC.Custom,callback,M05_Nod_APC.Custom,Code/Scripts/Mission05.cpp:4852,games/renegade/content/scripts,,,not_started,,parity,
callback:M05_Nod_Bridge_Gun_Emplacement.Created,callback,M05_Nod_Bridge_Gun_Emplacement.Created,Code/Scripts/Mission05.cpp:4548,games/renegade/content/scripts,,,not_started,,parity,
callback:M05_Nod_Bridge_Gun_Emplacement.Custom,callback,M05_Nod_Bridge_Gun_Emplacement.Custom,Code/Scripts/Mission05.cpp:4570,games/renegade/content/scripts,,,not_started,,parity,
callback:M05_Nod_Bridge_Gun_Emplacement.Damaged,callback,M05_Nod_Bridge_Gun_Emplacement.Damaged,Code/Scripts/Mission05.cpp:4580,games/renegade/content/scripts,,,not_started,,parity,
callback:M05_Nod_Bridge_Gun_Emplacement.Enemy_Seen,callback,M05_Nod_Bridge_Gun_Emplacement.Enemy_Seen,Code/Scripts/Mission05.cpp:4554,games/renegade/content/scripts,,,not_started,,parity,
callback:M05_Nod_Bridge_Gun_Emplacement.Killed,callback,M05_Nod_Bridge_Gun_Emplacement.Killed,Code/Scripts/Mission05.cpp:4613,games/renegade/content/scripts,,,not_started,,parity,
callback:M05_Nod_Bridge_Gun_Emplacement.Timer_Expired,callback,M05_Nod_Bridge_Gun_Emplacement.Timer_Expired,Code/Scripts/Mission05.cpp:4603,games/renegade/content/scripts,,,not_started,,parity,
callback:M05_Nod_Gun_Emplacement.Created,callback,M05_Nod_Gun_Emplacement.Created,Code/Scripts/Mission05.cpp:4479,games/renegade/content/scripts,,,not_started,,parity,
callback:M05_Nod_Gun_Emplacement.Damaged,callback,M05_Nod_Gun_Emplacement.Damaged,Code/Scripts/Mission05.cpp:4501,games/renegade/content/scripts,,,not_started,,parity,
callback:M05_Nod_Gun_Emplacement.Enemy_Seen,callback,M05_Nod_Gun_Emplacement.Enemy_Seen,Code/Scripts/Mission05.cpp:4485,games/renegade/content/scripts,,,not_started,,parity,
callback:M05_Nod_Gun_Emplacement.Timer_Expired,callback,M05_Nod_Gun_Emplacement.Timer_Expired,Code/Scripts/Mission05.cpp:4522,games/renegade/content/scripts,,,not_started,,parity,
callback:M05_Objective_Controller.Action_Complete,callback,M05_Objective_Controller.Action_Complete,Code/Scripts/Mission05.cpp:372,games/renegade/content/scripts,,,not_started,,parity,
callback:M05_Objective_Controller.Created,callback,M05_Objective_Controller.Created,Code/Scripts/Mission05.cpp:59,games/renegade/content/scripts,,,not_started,,parity,
callback:M05_Objective_Controller.Custom,callback,M05_Objective_Controller.Custom,Code/Scripts/Mission05.cpp:292,games/renegade/content/scripts,,,not_started,,parity,
callback:M05_Objective_Controller.Timer_Expired,callback,M05_Objective_Controller.Timer_Expired,Code/Scripts/Mission05.cpp:351,games/renegade/content/scripts,,,not_started,,parity,
callback:M05_Overlook_Captives.Action_Complete,callback,M05_Overlook_Captives.Action_Complete,Code/Scripts/Mission05.cpp:4657,games/renegade/content/scripts,,,not_started,,parity,
callback:M05_Overlook_Captives.Created,callback,M05_Overlook_Captives.Created,Code/Scripts/Mission05.cpp:4634,games/renegade/content/scripts,,,not_started,,parity,
callback:M05_Overlook_Captives.Custom,callback,M05_Overlook_Captives.Custom,Code/Scripts/Mission05.cpp:4641,games/renegade/content/scripts,,,not_started,,parity,
callback:M05_Overlook_Captives.Killed,callback,M05_Overlook_Captives.Killed,Code/Scripts/Mission05.cpp:4681,games/renegade/content/scripts,,,not_started,,parity,
callback:M05_Overlook_Captives.Timer_Expired,callback,M05_Overlook_Captives.Timer_Expired,Code/Scripts/Mission05.cpp:4670,games/renegade/content/scripts,,,not_started,,parity,
callback:M05_Overlook_Civ.Created,callback,M05_Overlook_Civ.Created,Code/Scripts/Mission05.cpp:4821,games/renegade/content/scripts,,,not_started,,parity,
callback:M05_Overlook_Civ.Killed,callback,M05_Overlook_Civ.Killed,Code/Scripts/Mission05.cpp:4830,games/renegade/content/scripts,,,not_started,,parity,
callback:M05_Overlook_Controller.Created,callback,M05_Overlook_Controller.Created,Code/Scripts/Mission05.cpp:4733,games/renegade/content/scripts,,,not_started,,parity,
callback:M05_Overlook_Controller.Custom,callback,M05_Overlook_Controller.Custom,Code/Scripts/Mission05.cpp:4740,games/renegade/content/scripts,,,not_started,,parity,
callback:M05_Overlook_Nod.Created,callback,M05_Overlook_Nod.Created,Code/Scripts/Mission05.cpp:4795,games/renegade/content/scripts,,,not_started,,parity,
callback:M05_Overlook_Nod.Killed,callback,M05_Overlook_Nod.Killed,Code/Scripts/Mission05.cpp:4804,games/renegade/content/scripts,,,not_started,,parity,
callback:M05_ParkEngineer.Action_Complete,callback,M05_ParkEngineer.Action_Complete,Code/Scripts/Mission05.cpp:3294,games/renegade/content/scripts,,,not_started,,parity,
callback:M05_ParkEngineer.Created,callback,M05_ParkEngineer.Created,Code/Scripts/Mission05.cpp:3277,games/renegade/content/scripts,,,not_started,,parity,
callback:M05_ParkEngineer.Damaged,callback,M05_ParkEngineer.Damaged,Code/Scripts/Mission05.cpp:3406,games/renegade/content/scripts,,,not_started,,parity,
callback:M05_ParkEngineer.Enemy_Seen,callback,M05_ParkEngineer.Enemy_Seen,Code/Scripts/Mission05.cpp:3398,games/renegade/content/scripts,,,not_started,,parity,
callback:M05_ParkEngineer.Killed,callback,M05_ParkEngineer.Killed,Code/Scripts/Mission05.cpp:3414,games/renegade/content/scripts,,,not_started,,parity,
callback:M05_ParkEngineer.Sound_Heard,callback,M05_ParkEngineer.Sound_Heard,Code/Scripts/Mission05.cpp:3354,games/renegade/content/scripts,,,not_started,,parity,
callback:M05_ParkEngineer.Timer_Expired,callback,M05_ParkEngineer.Timer_Expired,Code/Scripts/Mission05.cpp:3342,games/renegade/content/scripts,,,not_started,,parity,
callback:M05_ParkSniper.Created,callback,M05_ParkSniper.Created,Code/Scripts/Mission05.cpp:3121,games/renegade/content/scripts,,,not_started,,parity,
callback:M05_ParkSniper.Damaged,callback,M05_ParkSniper.Damaged,Code/Scripts/Mission05.cpp:3152,games/renegade/content/scripts,,,not_started,,parity,
callback:M05_ParkSniper.Enemy_Seen,callback,M05_ParkSniper.Enemy_Seen,Code/Scripts/Mission05.cpp:3128,games/renegade/content/scripts,,,not_started,,parity,
callback:M05_ParkSniper.Killed,callback,M05_ParkSniper.Killed,Code/Scripts/Mission05.cpp:3160,games/renegade/content/scripts,,,not_started,,parity,
callback:M05_ParkSniper.Sound_Heard,callback,M05_ParkSniper.Sound_Heard,Code/Scripts/Mission05.cpp:3136,games/renegade/content/scripts,,,not_started,,parity,
callback:M05_Park_Activate.Action_Complete,callback,M05_Park_Activate.Action_Complete,Code/Scripts/Mission05.cpp:2856,games/renegade/content/scripts,,,not_started,,parity,
callback:M05_Park_Activate.Created,callback,M05_Park_Activate.Created,Code/Scripts/Mission05.cpp:2834,games/renegade/content/scripts,,,not_started,,parity,
callback:M05_Park_Activate.Entered,callback,M05_Park_Activate.Entered,Code/Scripts/Mission05.cpp:2839,games/renegade/content/scripts,,,not_started,,parity,
callback:M05_Park_Apache.Created,callback,M05_Park_Apache.Created,Code/Scripts/Mission05.cpp:3045,games/renegade/content/scripts,,,not_started,,parity,
callback:M05_Park_Apache.Enemy_Seen,callback,M05_Park_Apache.Enemy_Seen,Code/Scripts/Mission05.cpp:3061,games/renegade/content/scripts,,,not_started,,parity,
callback:M05_Park_Apache.Sound_Heard,callback,M05_Park_Apache.Sound_Heard,Code/Scripts/Mission05.cpp:3089,games/renegade/content/scripts,,,not_started,,parity,
callback:M05_Park_Apache.Timer_Expired,callback,M05_Park_Apache.Timer_Expired,Code/Scripts/Mission05.cpp:3079,games/renegade/content/scripts,,,not_started,,parity,
callback:M05_Park_Buggy.Created,callback,M05_Park_Buggy.Created,Code/Scripts/Mission05.cpp:3183,games/renegade/content/scripts,,,not_started,,parity,
callback:M05_Park_Buggy.Damaged,callback,M05_Park_Buggy.Damaged,Code/Scripts/Mission05.cpp:3223,games/renegade/content/scripts,,,not_started,,parity,
callback:M05_Park_Buggy.Enemy_Seen,callback,M05_Park_Buggy.Enemy_Seen,Code/Scripts/Mission05.cpp:3191,games/renegade/content/scripts,,,not_started,,parity,
callback:M05_Park_Buggy.Killed,callback,M05_Park_Buggy.Killed,Code/Scripts/Mission05.cpp:3254,games/renegade/content/scripts,,,not_started,,parity,
callback:M05_Park_Buggy.Sound_Heard,callback,M05_Park_Buggy.Sound_Heard,Code/Scripts/Mission05.cpp:3207,games/renegade/content/scripts,,,not_started,,parity,
callback:M05_Park_Buggy.Timer_Expired,callback,M05_Park_Buggy.Timer_Expired,Code/Scripts/Mission05.cpp:3244,games/renegade/content/scripts,,,not_started,,parity,
callback:M05_Park_Controller.Created,callback,M05_Park_Controller.Created,Code/Scripts/Mission05.cpp:2898,games/renegade/content/scripts,,,not_started,,parity,
callback:M05_Park_Controller.Custom,callback,M05_Park_Controller.Custom,Code/Scripts/Mission05.cpp:2912,games/renegade/content/scripts,,,not_started,,parity,
callback:M05_Park_Controller.Timer_Expired,callback,M05_Park_Controller.Timer_Expired,Code/Scripts/Mission05.cpp:2980,games/renegade/content/scripts,,,not_started,,parity,
callback:M05_Resistance_Poke_Conversation.Action_Complete,callback,M05_Resistance_Poke_Conversation.Action_Complete,Code/Scripts/Mission05.cpp:7835,games/renegade/content/scripts,,,not_started,,parity,
callback:M05_Resistance_Poke_Conversation.Created,callback,M05_Resistance_Poke_Conversation.Created,Code/Scripts/Mission05.cpp:7763,games/renegade/content/scripts,,,not_started,,parity,
callback:M05_Resistance_Poke_Conversation.Poked,callback,M05_Resistance_Poke_Conversation.Poked,Code/Scripts/Mission05.cpp:7769,games/renegade/content/scripts,,,not_started,,parity,
callback:M05_Roadblock_Controller.Created,callback,M05_Roadblock_Controller.Created,Code/Scripts/Mission05.cpp:6462,games/renegade/content/scripts,,,not_started,,parity,
callback:M05_Roadblock_Controller.Custom,callback,M05_Roadblock_Controller.Custom,Code/Scripts/Mission05.cpp:6476,games/renegade/content/scripts,,,not_started,,parity,
callback:M05_Roadblock_Unit.Action_Complete,callback,M05_Roadblock_Unit.Action_Complete,Code/Scripts/Mission05.cpp:6545,games/renegade/content/scripts,,,not_started,,parity,
callback:M05_Roadblock_Unit.Created,callback,M05_Roadblock_Unit.Created,Code/Scripts/Mission05.cpp:6538,games/renegade/content/scripts,,,not_started,,parity,
callback:M05_Roadblock_Unit.Killed,callback,M05_Roadblock_Unit.Killed,Code/Scripts/Mission05.cpp:6571,games/renegade/content/scripts,,,not_started,,parity,
callback:M05_Roadblock_Unit.Timer_Expired,callback,M05_Roadblock_Unit.Timer_Expired,Code/Scripts/Mission05.cpp:6559,games/renegade/content/scripts,,,not_started,,parity,
callback:M05_SniperAlley_Sniper.Action_Complete,callback,M05_SniperAlley_Sniper.Action_Complete,Code/Scripts/Mission05.cpp:5341,games/renegade/content/scripts,,,not_started,,parity,
callback:M05_SniperAlley_Sniper.Created,callback,M05_SniperAlley_Sniper.Created,Code/Scripts/Mission05.cpp:5254,games/renegade/content/scripts,,,not_started,,parity,
callback:M05_SniperAlley_Sniper.Killed,callback,M05_SniperAlley_Sniper.Killed,Code/Scripts/Mission05.cpp:5354,games/renegade/content/scripts,,,not_started,,parity,
callback:M05_Surprise_Tank.Created,callback,M05_Surprise_Tank.Created,Code/Scripts/Mission05.cpp:5728,games/renegade/content/scripts,,,not_started,,parity,
callback:M05_Surprise_Unit.Created,callback,M05_Surprise_Unit.Created,Code/Scripts/Mission05.cpp:7003,games/renegade/content/scripts,,,not_started,,parity,
callback:M05_Surprise_Unit.Timer_Expired,callback,M05_Surprise_Unit.Timer_Expired,Code/Scripts/Mission05.cpp:7014,games/renegade/content/scripts,,,not_started,,parity,
callback:M05_Swap_Artillery.Created,callback,M05_Swap_Artillery.Created,Code/Scripts/Mission05.cpp:7328,games/renegade/content/scripts,,,not_started,,parity,
callback:M05_Swap_Artillery.Custom,callback,M05_Swap_Artillery.Custom,Code/Scripts/Mission05.cpp:7333,games/renegade/content/scripts,,,not_started,,parity,
callback:M05_Swap_Artillery.Destroyed,callback,M05_Swap_Artillery.Destroyed,Code/Scripts/Mission05.cpp:7366,games/renegade/content/scripts,,,not_started,,parity,
callback:M05_Swap_Artillery.Killed,callback,M05_Swap_Artillery.Killed,Code/Scripts/Mission05.cpp:7375,games/renegade/content/scripts,,,not_started,,parity,
callback:M05_Tank_Attack_DME.Created,callback,M05_Tank_Attack_DME.Created,Code/Scripts/Test_DME.cpp:757,games/renegade/content/scripts,,,not_started,,parity,
callback:M05_Tank_Attack_DME.Enemy_Seen,callback,M05_Tank_Attack_DME.Enemy_Seen,Code/Scripts/Test_DME.cpp:764,games/renegade/content/scripts,,,not_started,,parity,
callback:M05_Tank_Attack_DME.Timer_Expired,callback,M05_Tank_Attack_DME.Timer_Expired,Code/Scripts/Test_DME.cpp:800,games/renegade/content/scripts,,,not_started,,parity,
callback:M05_Tank_Drop_01_DME.Created,callback,M05_Tank_Drop_01_DME.Created,Code/Scripts/Test_DME.cpp:716,games/renegade/content/scripts,,,not_started,,parity,
callback:M05_Tank_Drop_01_DME.Custom,callback,M05_Tank_Drop_01_DME.Custom,Code/Scripts/Test_DME.cpp:721,games/renegade/content/scripts,,,not_started,,parity,
callback:M05_Tech_Wander_DME.Action_Complete,callback,M05_Tech_Wander_DME.Action_Complete,Code/Scripts/Test_DME.cpp:888,games/renegade/content/scripts,,,not_started,,parity,
callback:M05_Tech_Wander_DME.Created,callback,M05_Tech_Wander_DME.Created,Code/Scripts/Test_DME.cpp:912,games/renegade/content/scripts,,,not_started,,parity,
callback:M05_Tech_Wander_DME.Custom,callback,M05_Tech_Wander_DME.Custom,Code/Scripts/Test_DME.cpp:838,games/renegade/content/scripts,,,not_started,,parity,
callback:M05_Tech_Wander_DME.Enemy_Seen,callback,M05_Tech_Wander_DME.Enemy_Seen,Code/Scripts/Test_DME.cpp:976,games/renegade/content/scripts,,,not_started,,parity,
callback:M05_Tech_Wander_DME.Timer_Expired,callback,M05_Tech_Wander_DME.Timer_Expired,Code/Scripts/Test_DME.cpp:946,games/renegade/content/scripts,,,not_started,,parity,
callback:M05_TownSquare_Controller.Created,callback,M05_TownSquare_Controller.Created,Code/Scripts/Mission05.cpp:4333,games/renegade/content/scripts,,,not_started,,parity,
callback:M05_TownSquare_Controller.Custom,callback,M05_TownSquare_Controller.Custom,Code/Scripts/Mission05.cpp:4342,games/renegade/content/scripts,,,not_started,,parity,
callback:M05_TownSquare_FlameTank.Killed,callback,M05_TownSquare_FlameTank.Killed,Code/Scripts/Mission05.cpp:4458,games/renegade/content/scripts,,,not_started,,parity,
callback:M05_TownSquare_Sniper.Created,callback,M05_TownSquare_Sniper.Created,Code/Scripts/Mission05.cpp:4295,games/renegade/content/scripts,,,not_started,,parity,
callback:M05_TownSquare_Sniper.Killed,callback,M05_TownSquare_Sniper.Killed,Code/Scripts/Mission05.cpp:4307,games/renegade/content/scripts,,,not_started,,parity,
callback:M05_TownSquare_Tank.Created,callback,M05_TownSquare_Tank.Created,Code/Scripts/Mission05.cpp:1785,games/renegade/content/scripts,,,not_started,,parity,
callback:M05_TownSquare_Tank.Damaged,callback,M05_TownSquare_Tank.Damaged,Code/Scripts/Mission05.cpp:1817,games/renegade/content/scripts,,,not_started,,parity,
callback:M05_TownSquare_Tank.Killed,callback,M05_TownSquare_Tank.Killed,Code/Scripts/Mission05.cpp:1829,games/renegade/content/scripts,,,not_started,,parity,
callback:M05_TownSquare_Tank.Timer_Expired,callback,M05_TownSquare_Tank.Timer_Expired,Code/Scripts/Mission05.cpp:1798,games/renegade/content/scripts,,,not_started,,parity,
callback:M05_TownSquare_Unit.Action_Complete,callback,M05_TownSquare_Unit.Action_Complete,Code/Scripts/Mission05.cpp:4423,games/renegade/content/scripts,,,not_started,,parity,
callback:M05_TownSquare_Unit.Created,callback,M05_TownSquare_Unit.Created,Code/Scripts/Mission05.cpp:4418,games/renegade/content/scripts,,,not_started,,parity,
callback:M05_TownSquare_Unit.Killed,callback,M05_TownSquare_Unit.Killed,Code/Scripts/Mission05.cpp:4449,games/renegade/content/scripts,,,not_started,,parity,
callback:M05_TownSquare_Unit.Timer_Expired,callback,M05_TownSquare_Unit.Timer_Expired,Code/Scripts/Mission05.cpp:4437,games/renegade/content/scripts,,,not_started,,parity,
callback:M05_Triangle_Controller.Created,callback,M05_Triangle_Controller.Created,Code/Scripts/Mission05.cpp:4199,games/renegade/content/scripts,,,not_started,,parity,
callback:M05_Triangle_Controller.Custom,callback,M05_Triangle_Controller.Custom,Code/Scripts/Mission05.cpp:4208,games/renegade/content/scripts,,,not_started,,parity,
callback:M05_Triangle_Tank.Created,callback,M05_Triangle_Tank.Created,Code/Scripts/Mission05.cpp:1709,games/renegade/content/scripts,,,not_started,,parity,
callback:M05_Triangle_Tank.Damaged,callback,M05_Triangle_Tank.Damaged,Code/Scripts/Mission05.cpp:1750,games/renegade/content/scripts,,,not_started,,parity,
callback:M05_Triangle_Tank.Timer_Expired,callback,M05_Triangle_Tank.Timer_Expired,Code/Scripts/Mission05.cpp:1730,games/renegade/content/scripts,,,not_started,,parity,
callback:M05_Triangle_Unit.Action_Complete,callback,M05_Triangle_Unit.Action_Complete,Code/Scripts/Mission05.cpp:4147,games/renegade/content/scripts,,,not_started,,parity,
callback:M05_Triangle_Unit.Created,callback,M05_Triangle_Unit.Created,Code/Scripts/Mission05.cpp:4121,games/renegade/content/scripts,,,not_started,,parity,
callback:M05_Triangle_Unit.Custom,callback,M05_Triangle_Unit.Custom,Code/Scripts/Mission05.cpp:4128,games/renegade/content/scripts,,,not_started,,parity,
callback:M05_Triangle_Unit.Damaged,callback,M05_Triangle_Unit.Damaged,Code/Scripts/Mission05.cpp:4138,games/renegade/content/scripts,,,not_started,,parity,
callback:M05_Triangle_Unit.Killed,callback,M05_Triangle_Unit.Killed,Code/Scripts/Mission05.cpp:4174,games/renegade/content/scripts,,,not_started,,parity,
callback:M05_Triangle_Unit.Timer_Expired,callback,M05_Triangle_Unit.Timer_Expired,Code/Scripts/Mission05.cpp:4161,games/renegade/content/scripts,,,not_started,,parity,
callback:M05_Vehicle_Dec.Created,callback,M05_Vehicle_Dec.Created,Code/Scripts/Mission05.cpp:6408,games/renegade/content/scripts,,,not_started,,parity,
callback:M05_Vehicle_Dec.Enemy_Seen,callback,M05_Vehicle_Dec.Enemy_Seen,Code/Scripts/Mission05.cpp:6415,games/renegade/content/scripts,,,not_started,,parity,
callback:M05_Vehicle_Dec.Timer_Expired,callback,M05_Vehicle_Dec.Timer_Expired,Code/Scripts/Mission05.cpp:6431,games/renegade/content/scripts,,,not_started,,parity,
callback:M05_X5N_MIDTRO_B.Created,callback,M05_X5N_MIDTRO_B.Created,Code/Scripts/Mission05.cpp:7451,games/renegade/content/scripts,,,not_started,,parity,
callback:M05_X5N_MIDTRO_B.Entered,callback,M05_X5N_MIDTRO_B.Entered,Code/Scripts/Mission05.cpp:7457,games/renegade/content/scripts,,,not_started,,parity,
callback:M06_Activate_Flyovers.Created,callback,M06_Activate_Flyovers.Created,Code/Scripts/Mission06.cpp:5025,games/renegade/content/scripts,,,not_started,,parity,
callback:M06_Activate_Flyovers.Entered,callback,M06_Activate_Flyovers.Entered,Code/Scripts/Mission06.cpp:5030,games/renegade/content/scripts,,,not_started,,parity,
callback:M06_Activate_Midtro.Created,callback,M06_Activate_Midtro.Created,Code/Scripts/Mission06.cpp:652,games/renegade/content/scripts,,,not_started,,parity,
callback:M06_Activate_Midtro.Entered,callback,M06_Activate_Midtro.Entered,Code/Scripts/Mission06.cpp:661,games/renegade/content/scripts,,,not_started,,parity,
callback:M06_Activate_MidtroC.Created,callback,M06_Activate_MidtroC.Created,Code/Scripts/Mission06.cpp:5571,games/renegade/content/scripts,,,not_started,,parity,
callback:M06_Activate_MidtroC.Custom,callback,M06_Activate_MidtroC.Custom,Code/Scripts/Mission06.cpp:5617,games/renegade/content/scripts,,,not_started,,parity,
callback:M06_Activate_MidtroC.Entered,callback,M06_Activate_MidtroC.Entered,Code/Scripts/Mission06.cpp:5577,games/renegade/content/scripts,,,not_started,,parity,
callback:M06_Activate_Secret_Door.Action_Complete,callback,M06_Activate_Secret_Door.Action_Complete,Code/Scripts/Mission06.cpp:962,games/renegade/content/scripts,,,not_started,,parity,
callback:M06_Activate_Secret_Door.Created,callback,M06_Activate_Secret_Door.Created,Code/Scripts/Mission06.cpp:940,games/renegade/content/scripts,,,not_started,,parity,
callback:M06_Activate_Secret_Door.Poked,callback,M06_Activate_Secret_Door.Poked,Code/Scripts/Mission06.cpp:945,games/renegade/content/scripts,,,not_started,,parity,
callback:M06_Alarm_Behavior.Action_Complete,callback,M06_Alarm_Behavior.Action_Complete,Code/Scripts/Mission06.cpp:1596,games/renegade/content/scripts,,,not_started,,parity,
callback:M06_Alarm_Behavior.Created,callback,M06_Alarm_Behavior.Created,Code/Scripts/Mission06.cpp:1528,games/renegade/content/scripts,,,not_started,,parity,
callback:M06_Alarm_Behavior.Custom,callback,M06_Alarm_Behavior.Custom,Code/Scripts/Mission06.cpp:1612,games/renegade/content/scripts,,,not_started,,parity,
callback:M06_Alarm_Behavior.Damaged,callback,M06_Alarm_Behavior.Damaged,Code/Scripts/Mission06.cpp:1727,games/renegade/content/scripts,,,not_started,,parity,
callback:M06_Alarm_Behavior.Enemy_Seen,callback,M06_Alarm_Behavior.Enemy_Seen,Code/Scripts/Mission06.cpp:1753,games/renegade/content/scripts,,,not_started,,parity,
callback:M06_Alarm_Behavior.Killed,callback,M06_Alarm_Behavior.Killed,Code/Scripts/Mission06.cpp:1779,games/renegade/content/scripts,,,not_started,,parity,
callback:M06_Alarm_Behavior.Sound_Heard,callback,M06_Alarm_Behavior.Sound_Heard,Code/Scripts/Mission06.cpp:1677,games/renegade/content/scripts,,,not_started,,parity,
callback:M06_Alarm_Behavior.Timer_Expired,callback,M06_Alarm_Behavior.Timer_Expired,Code/Scripts/Mission06.cpp:1715,games/renegade/content/scripts,,,not_started,,parity,
callback:M06_Alarm_Controller.Action_Complete,callback,M06_Alarm_Controller.Action_Complete,Code/Scripts/Mission06.cpp:1441,games/renegade/content/scripts,,,not_started,,parity,
callback:M06_Alarm_Controller.Created,callback,M06_Alarm_Controller.Created,Code/Scripts/Mission06.cpp:1393,games/renegade/content/scripts,,,not_started,,parity,
callback:M06_Alarm_Controller.Custom,callback,M06_Alarm_Controller.Custom,Code/Scripts/Mission06.cpp:1403,games/renegade/content/scripts,,,not_started,,parity,
callback:M06_Alarm_Controller.Timer_Expired,callback,M06_Alarm_Controller.Timer_Expired,Code/Scripts/Mission06.cpp:1451,games/renegade/content/scripts,,,not_started,,parity,
callback:M06_Alarm_Engineer.Action_Complete,callback,M06_Alarm_Engineer.Action_Complete,Code/Scripts/Mission06.cpp:3187,games/renegade/content/scripts,,,not_started,,parity,
callback:M06_Alarm_Engineer.Created,callback,M06_Alarm_Engineer.Created,Code/Scripts/Mission06.cpp:3179,games/renegade/content/scripts,,,not_started,,parity,
callback:M06_Alarm_Engineer.Sound_Heard,callback,M06_Alarm_Engineer.Sound_Heard,Code/Scripts/Mission06.cpp:3223,games/renegade/content/scripts,,,not_started,,parity,
callback:M06_Alarm_Switch.Created,callback,M06_Alarm_Switch.Created,Code/Scripts/Mission06.cpp:1802,games/renegade/content/scripts,,,not_started,,parity,
callback:M06_Alarm_Switch.Custom,callback,M06_Alarm_Switch.Custom,Code/Scripts/Mission06.cpp:1810,games/renegade/content/scripts,,,not_started,,parity,
callback:M06_Alarm_Switch.Damaged,callback,M06_Alarm_Switch.Damaged,Code/Scripts/Mission06.cpp:1820,games/renegade/content/scripts,,,not_started,,parity,
callback:M06_Alarm_Terminal_DLS.Created,callback,M06_Alarm_Terminal_DLS.Created,Code/Scripts/Mission06.cpp:1856,games/renegade/content/scripts,,,not_started,,parity,
callback:M06_Alarm_Terminal_DLS.Killed,callback,M06_Alarm_Terminal_DLS.Killed,Code/Scripts/Mission06.cpp:1874,games/renegade/content/scripts,,,not_started,,parity,
callback:M06_Alarm_Terminal_DLS.Poked,callback,M06_Alarm_Terminal_DLS.Poked,Code/Scripts/Mission06.cpp:1863,games/renegade/content/scripts,,,not_started,,parity,
callback:M06_Apply_Damage.Created,callback,M06_Apply_Damage.Created,Code/Scripts/Mission06.cpp:2860,games/renegade/content/scripts,,,not_started,,parity,
callback:M06_Apply_Damage.Timer_Expired,callback,M06_Apply_Damage.Timer_Expired,Code/Scripts/Mission06.cpp:2865,games/renegade/content/scripts,,,not_started,,parity,
callback:M06_Assistance_Farmer_DLS.Action_Complete,callback,M06_Assistance_Farmer_DLS.Action_Complete,Code/Scripts/Mission06.cpp:3571,games/renegade/content/scripts,,,not_started,,parity,
callback:M06_Assistance_Farmer_DLS.Created,callback,M06_Assistance_Farmer_DLS.Created,Code/Scripts/Mission06.cpp:3548,games/renegade/content/scripts,,,not_started,,parity,
callback:M06_Assistance_Farmer_DLS.Custom,callback,M06_Assistance_Farmer_DLS.Custom,Code/Scripts/Mission06.cpp:3555,games/renegade/content/scripts,,,not_started,,parity,
callback:M06_Assistance_Farmer_DLS.Poked,callback,M06_Assistance_Farmer_DLS.Poked,Code/Scripts/Mission06.cpp:3605,games/renegade/content/scripts,,,not_started,,parity,
callback:M06_Assistance_Farmer_DLS.Timer_Expired,callback,M06_Assistance_Farmer_DLS.Timer_Expired,Code/Scripts/Mission06.cpp:3630,games/renegade/content/scripts,,,not_started,,parity,
callback:M06_Barracks_Controller.Created,callback,M06_Barracks_Controller.Created,Code/Scripts/Mission06.cpp:2627,games/renegade/content/scripts,,,not_started,,parity,
callback:M06_Barracks_Controller.Custom,callback,M06_Barracks_Controller.Custom,Code/Scripts/Mission06.cpp:2640,games/renegade/content/scripts,,,not_started,,parity,
callback:M06_Barracks_Controller.Timer_Expired,callback,M06_Barracks_Controller.Timer_Expired,Code/Scripts/Mission06.cpp:2672,games/renegade/content/scripts,,,not_started,,parity,
callback:M06_Barracks_Eagle.Created,callback,M06_Barracks_Eagle.Created,Code/Scripts/Mission06.cpp:3339,games/renegade/content/scripts,,,not_started,,parity,
callback:M06_Barracks_Eagle.Killed,callback,M06_Barracks_Eagle.Killed,Code/Scripts/Mission06.cpp:3345,games/renegade/content/scripts,,,not_started,,parity,
callback:M06_Barracks_Mess_Unit.Created,callback,M06_Barracks_Mess_Unit.Created,Code/Scripts/Mission06.cpp:4615,games/renegade/content/scripts,,,not_started,,parity,
callback:M06_Barracks_Mess_Unit.Custom,callback,M06_Barracks_Mess_Unit.Custom,Code/Scripts/Mission06.cpp:4621,games/renegade/content/scripts,,,not_started,,parity,
callback:M06_Barracks_Patrol.Action_Complete,callback,M06_Barracks_Patrol.Action_Complete,Code/Scripts/Mission06.cpp:2405,games/renegade/content/scripts,,,not_started,,parity,
callback:M06_Barracks_Patrol.Created,callback,M06_Barracks_Patrol.Created,Code/Scripts/Mission06.cpp:2357,games/renegade/content/scripts,,,not_started,,parity,
callback:M06_Barracks_Patrol.Custom,callback,M06_Barracks_Patrol.Custom,Code/Scripts/Mission06.cpp:2398,games/renegade/content/scripts,,,not_started,,parity,
callback:M06_Barracks_Patrol.Killed,callback,M06_Barracks_Patrol.Killed,Code/Scripts/Mission06.cpp:2460,games/renegade/content/scripts,,,not_started,,parity,
callback:M06_Barracks_Patrol.Sound_Heard,callback,M06_Barracks_Patrol.Sound_Heard,Code/Scripts/Mission06.cpp:2385,games/renegade/content/scripts,,,not_started,,parity,
callback:M06_Barracks_Patrol.Timer_Expired,callback,M06_Barracks_Patrol.Timer_Expired,Code/Scripts/Mission06.cpp:2446,games/renegade/content/scripts,,,not_started,,parity,
callback:M06_Bathroom_Unit.Created,callback,M06_Bathroom_Unit.Created,Code/Scripts/Mission06.cpp:4654,games/renegade/content/scripts,,,not_started,,parity,
callback:M06_Bathroom_Unit.Custom,callback,M06_Bathroom_Unit.Custom,Code/Scripts/Mission06.cpp:4660,games/renegade/content/scripts,,,not_started,,parity,
callback:M06_Camera_Behavior.Created,callback,M06_Camera_Behavior.Created,Code/Scripts/Test_DLS.cpp:713,games/renegade/content/scripts,,,not_started,,parity,
callback:M06_Camera_Behavior.Enemy_Seen,callback,M06_Camera_Behavior.Enemy_Seen,Code/Scripts/Test_DLS.cpp:775,games/renegade/content/scripts,,,not_started,,parity,
callback:M06_Camera_Behavior.Timer_Expired,callback,M06_Camera_Behavior.Timer_Expired,Code/Scripts/Test_DLS.cpp:745,games/renegade/content/scripts,,,not_started,,parity,
callback:M06_Civ_Prisoner.Action_Complete,callback,M06_Civ_Prisoner.Action_Complete,Code/Scripts/Mission06.cpp:1049,games/renegade/content/scripts,,,not_started,,parity,
callback:M06_Civ_Prisoner.Created,callback,M06_Civ_Prisoner.Created,Code/Scripts/Mission06.cpp:990,games/renegade/content/scripts,,,not_started,,parity,
callback:M06_Civ_Prisoner.Killed,callback,M06_Civ_Prisoner.Killed,Code/Scripts/Mission06.cpp:1084,games/renegade/content/scripts,,,not_started,,parity,
callback:M06_Civ_Prisoner.Poked,callback,M06_Civ_Prisoner.Poked,Code/Scripts/Mission06.cpp:1002,games/renegade/content/scripts,,,not_started,,parity,
callback:M06_Clear_For_Mendoza.Created,callback,M06_Clear_For_Mendoza.Created,Code/Scripts/Mission06.cpp:5631,games/renegade/content/scripts,,,not_started,,parity,
callback:M06_Clear_For_Mendoza.Sound_Heard,callback,M06_Clear_For_Mendoza.Sound_Heard,Code/Scripts/Mission06.cpp:5636,games/renegade/content/scripts,,,not_started,,parity,
callback:M06_Collapse_Zone.Created,callback,M06_Collapse_Zone.Created,Code/Scripts/Mission06.cpp:5323,games/renegade/content/scripts,,,not_started,,parity,
callback:M06_Collapse_Zone.Custom,callback,M06_Collapse_Zone.Custom,Code/Scripts/Mission06.cpp:5328,games/renegade/content/scripts,,,not_started,,parity,
callback:M06_Collapse_Zone.Entered,callback,M06_Collapse_Zone.Entered,Code/Scripts/Mission06.cpp:5336,games/renegade/content/scripts,,,not_started,,parity,
callback:M06_Courtyard_Apache.Action_Complete,callback,M06_Courtyard_Apache.Action_Complete,Code/Scripts/Mission06.cpp:4877,games/renegade/content/scripts,,,not_started,,parity,
callback:M06_Courtyard_Apache.Created,callback,M06_Courtyard_Apache.Created,Code/Scripts/Mission06.cpp:4866,games/renegade/content/scripts,,,not_started,,parity,
callback:M06_Courtyard_Apache.Enemy_Seen,callback,M06_Courtyard_Apache.Enemy_Seen,Code/Scripts/Mission06.cpp:4896,games/renegade/content/scripts,,,not_started,,parity,
callback:M06_Courtyard_Controller.Created,callback,M06_Courtyard_Controller.Created,Code/Scripts/Mission06.cpp:2536,games/renegade/content/scripts,,,not_started,,parity,
callback:M06_Courtyard_Controller.Custom,callback,M06_Courtyard_Controller.Custom,Code/Scripts/Mission06.cpp:2542,games/renegade/content/scripts,,,not_started,,parity,
callback:M06_Courtyard_Eagle.Action_Complete,callback,M06_Courtyard_Eagle.Action_Complete,Code/Scripts/Mission06.cpp:3276,games/renegade/content/scripts,,,not_started,,parity,
callback:M06_Courtyard_Eagle.Created,callback,M06_Courtyard_Eagle.Created,Code/Scripts/Mission06.cpp:3256,games/renegade/content/scripts,,,not_started,,parity,
callback:M06_Courtyard_Eagle.Killed,callback,M06_Courtyard_Eagle.Killed,Code/Scripts/Mission06.cpp:3295,games/renegade/content/scripts,,,not_started,,parity,
callback:M06_Courtyard_Patrol.Action_Complete,callback,M06_Courtyard_Patrol.Action_Complete,Code/Scripts/Mission06.cpp:2033,games/renegade/content/scripts,,,not_started,,parity,
callback:M06_Courtyard_Patrol.Created,callback,M06_Courtyard_Patrol.Created,Code/Scripts/Mission06.cpp:2017,games/renegade/content/scripts,,,not_started,,parity,
callback:M06_Courtyard_Patrol.Killed,callback,M06_Courtyard_Patrol.Killed,Code/Scripts/Mission06.cpp:2079,games/renegade/content/scripts,,,not_started,,parity,
callback:M06_Courtyard_Patrol.Sound_Heard,callback,M06_Courtyard_Patrol.Sound_Heard,Code/Scripts/Mission06.cpp:2066,games/renegade/content/scripts,,,not_started,,parity,
callback:M06_Courtyard_Patrol.Timer_Expired,callback,M06_Courtyard_Patrol.Timer_Expired,Code/Scripts/Mission06.cpp:2054,games/renegade/content/scripts,,,not_started,,parity,
callback:M06_Courtyard_Unit.Created,callback,M06_Courtyard_Unit.Created,Code/Scripts/Mission06.cpp:4423,games/renegade/content/scripts,,,not_started,,parity,
callback:M06_Courtyard_Unit.Custom,callback,M06_Courtyard_Unit.Custom,Code/Scripts/Mission06.cpp:4429,games/renegade/content/scripts,,,not_started,,parity,
callback:M06_DataDisc_01_DLS.Custom,callback,M06_DataDisc_01_DLS.Custom,Code/Scripts/Mission06.cpp:5648,games/renegade/content/scripts,,,not_started,,parity,
callback:M06_Destruction_Stub.Custom,callback,M06_Destruction_Stub.Custom,Code/Scripts/Mission06.cpp:691,games/renegade/content/scripts,,,not_started,,parity,
callback:M06_Destruction_Stub.Timer_Expired,callback,M06_Destruction_Stub.Timer_Expired,Code/Scripts/Mission06.cpp:791,games/renegade/content/scripts,,,not_started,,parity,
callback:M06_Drop_Thunder_Squad.Created,callback,M06_Drop_Thunder_Squad.Created,Code/Scripts/Mission06.cpp:5071,games/renegade/content/scripts,,,not_started,,parity,
callback:M06_Drop_Thunder_Squad.Entered,callback,M06_Drop_Thunder_Squad.Entered,Code/Scripts/Mission06.cpp:5076,games/renegade/content/scripts,,,not_started,,parity,
callback:M06_Enable_Alarm_Objective.Action_Complete,callback,M06_Enable_Alarm_Objective.Action_Complete,Code/Scripts/Mission06.cpp:5696,games/renegade/content/scripts,,,not_started,,parity,
callback:M06_Enable_Alarm_Objective.Created,callback,M06_Enable_Alarm_Objective.Created,Code/Scripts/Mission06.cpp:5676,games/renegade/content/scripts,,,not_started,,parity,
callback:M06_Enable_Alarm_Objective.Entered,callback,M06_Enable_Alarm_Objective.Entered,Code/Scripts/Mission06.cpp:5681,games/renegade/content/scripts,,,not_started,,parity,
callback:M06_Enable_Barracks.Created,callback,M06_Enable_Barracks.Created,Code/Scripts/Mission06.cpp:2984,games/renegade/content/scripts,,,not_started,,parity,
callback:M06_Enable_Barracks.Custom,callback,M06_Enable_Barracks.Custom,Code/Scripts/Mission06.cpp:3006,games/renegade/content/scripts,,,not_started,,parity,
callback:M06_Enable_Barracks.Entered,callback,M06_Enable_Barracks.Entered,Code/Scripts/Mission06.cpp:2989,games/renegade/content/scripts,,,not_started,,parity,
callback:M06_Enable_Barracks_Mess.Created,callback,M06_Enable_Barracks_Mess.Created,Code/Scripts/Mission06.cpp:4568,games/renegade/content/scripts,,,not_started,,parity,
callback:M06_Enable_Barracks_Mess.Custom,callback,M06_Enable_Barracks_Mess.Custom,Code/Scripts/Mission06.cpp:4594,games/renegade/content/scripts,,,not_started,,parity,
callback:M06_Enable_Barracks_Mess.Entered,callback,M06_Enable_Barracks_Mess.Entered,Code/Scripts/Mission06.cpp:4573,games/renegade/content/scripts,,,not_started,,parity,
callback:M06_Enable_Bathroom.Created,callback,M06_Enable_Bathroom.Created,Code/Scripts/Mission06.cpp:4520,games/renegade/content/scripts,,,not_started,,parity,
callback:M06_Enable_Bathroom.Custom,callback,M06_Enable_Bathroom.Custom,Code/Scripts/Mission06.cpp:4543,games/renegade/content/scripts,,,not_started,,parity,
callback:M06_Enable_Bathroom.Entered,callback,M06_Enable_Bathroom.Entered,Code/Scripts/Mission06.cpp:4525,games/renegade/content/scripts,,,not_started,,parity,
callback:M06_Enable_Courtyard.Created,callback,M06_Enable_Courtyard.Created,Code/Scripts/Mission06.cpp:4468,games/renegade/content/scripts,,,not_started,,parity,
callback:M06_Enable_Courtyard.Custom,callback,M06_Enable_Courtyard.Custom,Code/Scripts/Mission06.cpp:4495,games/renegade/content/scripts,,,not_started,,parity,
callback:M06_Enable_Courtyard.Entered,callback,M06_Enable_Courtyard.Entered,Code/Scripts/Mission06.cpp:4473,games/renegade/content/scripts,,,not_started,,parity,
callback:M06_Enable_Exterior_Courtyard.Created,callback,M06_Enable_Exterior_Courtyard.Created,Code/Scripts/Mission06.cpp:2890,games/renegade/content/scripts,,,not_started,,parity,
callback:M06_Enable_Exterior_Courtyard.Entered,callback,M06_Enable_Exterior_Courtyard.Entered,Code/Scripts/Mission06.cpp:2895,games/renegade/content/scripts,,,not_started,,parity,
callback:M06_Enable_Floor1_Bedroom.Created,callback,M06_Enable_Floor1_Bedroom.Created,Code/Scripts/Mission06.cpp:3818,games/renegade/content/scripts,,,not_started,,parity,
callback:M06_Enable_Floor1_Bedroom.Custom,callback,M06_Enable_Floor1_Bedroom.Custom,Code/Scripts/Mission06.cpp:3832,games/renegade/content/scripts,,,not_started,,parity,
callback:M06_Enable_Floor1_Bedroom.Entered,callback,M06_Enable_Floor1_Bedroom.Entered,Code/Scripts/Mission06.cpp:3823,games/renegade/content/scripts,,,not_started,,parity,
callback:M06_Enable_Floor1_Library.Created,callback,M06_Enable_Floor1_Library.Created,Code/Scripts/Mission06.cpp:3740,games/renegade/content/scripts,,,not_started,,parity,
callback:M06_Enable_Floor1_Library.Custom,callback,M06_Enable_Floor1_Library.Custom,Code/Scripts/Mission06.cpp:3760,games/renegade/content/scripts,,,not_started,,parity,
callback:M06_Enable_Floor1_Library.Entered,callback,M06_Enable_Floor1_Library.Entered,Code/Scripts/Mission06.cpp:3745,games/renegade/content/scripts,,,not_started,,parity,
callback:M06_Enable_Floor2_Bedroom.Created,callback,M06_Enable_Floor2_Bedroom.Created,Code/Scripts/Mission06.cpp:3858,games/renegade/content/scripts,,,not_started,,parity,
callback:M06_Enable_Floor2_Bedroom.Custom,callback,M06_Enable_Floor2_Bedroom.Custom,Code/Scripts/Mission06.cpp:3872,games/renegade/content/scripts,,,not_started,,parity,
callback:M06_Enable_Floor2_Bedroom.Entered,callback,M06_Enable_Floor2_Bedroom.Entered,Code/Scripts/Mission06.cpp:3863,games/renegade/content/scripts,,,not_started,,parity,
callback:M06_Enable_Floor2_Conference.Created,callback,M06_Enable_Floor2_Conference.Created,Code/Scripts/Mission06.cpp:4048,games/renegade/content/scripts,,,not_started,,parity,
callback:M06_Enable_Floor2_Conference.Entered,callback,M06_Enable_Floor2_Conference.Entered,Code/Scripts/Mission06.cpp:4053,games/renegade/content/scripts,,,not_started,,parity,
callback:M06_Enable_Floor2_Library.Created,callback,M06_Enable_Floor2_Library.Created,Code/Scripts/Mission06.cpp:3970,games/renegade/content/scripts,,,not_started,,parity,
callback:M06_Enable_Floor2_Library.Entered,callback,M06_Enable_Floor2_Library.Entered,Code/Scripts/Mission06.cpp:3975,games/renegade/content/scripts,,,not_started,,parity,
callback:M06_Enable_Greenhouse.Created,callback,M06_Enable_Greenhouse.Created,Code/Scripts/Mission06.cpp:3089,games/renegade/content/scripts,,,not_started,,parity,
callback:M06_Enable_Greenhouse.Custom,callback,M06_Enable_Greenhouse.Custom,Code/Scripts/Mission06.cpp:3113,games/renegade/content/scripts,,,not_started,,parity,
callback:M06_Enable_Greenhouse.Entered,callback,M06_Enable_Greenhouse.Entered,Code/Scripts/Mission06.cpp:3094,games/renegade/content/scripts,,,not_started,,parity,
callback:M06_Enable_Guard_Tower.Action_Complete,callback,M06_Enable_Guard_Tower.Action_Complete,Code/Scripts/Mission06.cpp:1132,games/renegade/content/scripts,,,not_started,,parity,
callback:M06_Enable_Guard_Tower.Created,callback,M06_Enable_Guard_Tower.Created,Code/Scripts/Mission06.cpp:1105,games/renegade/content/scripts,,,not_started,,parity,
callback:M06_Enable_Guard_Tower.Entered,callback,M06_Enable_Guard_Tower.Entered,Code/Scripts/Mission06.cpp:1110,games/renegade/content/scripts,,,not_started,,parity,
callback:M06_Enable_Hedgemaze.Created,callback,M06_Enable_Hedgemaze.Created,Code/Scripts/Mission06.cpp:2936,games/renegade/content/scripts,,,not_started,,parity,
callback:M06_Enable_Hedgemaze.Custom,callback,M06_Enable_Hedgemaze.Custom,Code/Scripts/Mission06.cpp:2958,games/renegade/content/scripts,,,not_started,,parity,
callback:M06_Enable_Hedgemaze.Entered,callback,M06_Enable_Hedgemaze.Entered,Code/Scripts/Mission06.cpp:2941,games/renegade/content/scripts,,,not_started,,parity,
callback:M06_Enable_Interior.Created,callback,M06_Enable_Interior.Created,Code/Scripts/Mission06.cpp:3032,games/renegade/content/scripts,,,not_started,,parity,
callback:M06_Enable_Interior.Custom,callback,M06_Enable_Interior.Custom,Code/Scripts/Mission06.cpp:3063,games/renegade/content/scripts,,,not_started,,parity,
callback:M06_Enable_Interior.Entered,callback,M06_Enable_Interior.Entered,Code/Scripts/Mission06.cpp:3037,games/renegade/content/scripts,,,not_started,,parity,
callback:M06_Enable_Lab.Created,callback,M06_Enable_Lab.Created,Code/Scripts/Mission06.cpp:3139,games/renegade/content/scripts,,,not_started,,parity,
callback:M06_Enable_Lab.Entered,callback,M06_Enable_Lab.Entered,Code/Scripts/Mission06.cpp:3144,games/renegade/content/scripts,,,not_started,,parity,
callback:M06_Enable_North_Barracks.Created,callback,M06_Enable_North_Barracks.Created,Code/Scripts/Mission06.cpp:4788,games/renegade/content/scripts,,,not_started,,parity,
callback:M06_Enable_North_Barracks.Custom,callback,M06_Enable_North_Barracks.Custom,Code/Scripts/Mission06.cpp:4810,games/renegade/content/scripts,,,not_started,,parity,
callback:M06_Enable_North_Barracks.Entered,callback,M06_Enable_North_Barracks.Entered,Code/Scripts/Mission06.cpp:4793,games/renegade/content/scripts,,,not_started,,parity,
callback:M06_Enable_Officers_Mess.Created,callback,M06_Enable_Officers_Mess.Created,Code/Scripts/Mission06.cpp:4332,games/renegade/content/scripts,,,not_started,,parity,
callback:M06_Enable_Officers_Mess.Custom,callback,M06_Enable_Officers_Mess.Custom,Code/Scripts/Mission06.cpp:4362,games/renegade/content/scripts,,,not_started,,parity,
callback:M06_Enable_Officers_Mess.Entered,callback,M06_Enable_Officers_Mess.Entered,Code/Scripts/Mission06.cpp:4337,games/renegade/content/scripts,,,not_started,,parity,
callback:M06_Enable_South_Barracks.Created,callback,M06_Enable_South_Barracks.Created,Code/Scripts/Mission06.cpp:4697,games/renegade/content/scripts,,,not_started,,parity,
callback:M06_Enable_South_Barracks.Custom,callback,M06_Enable_South_Barracks.Custom,Code/Scripts/Mission06.cpp:4721,games/renegade/content/scripts,,,not_started,,parity,
callback:M06_Enable_South_Barracks.Entered,callback,M06_Enable_South_Barracks.Entered,Code/Scripts/Mission06.cpp:4702,games/renegade/content/scripts,,,not_started,,parity,
callback:M06_Enable_WarRoom.Created,callback,M06_Enable_WarRoom.Created,Code/Scripts/Mission06.cpp:4238,games/renegade/content/scripts,,,not_started,,parity,
callback:M06_Enable_WarRoom.Entered,callback,M06_Enable_WarRoom.Entered,Code/Scripts/Mission06.cpp:4243,games/renegade/content/scripts,,,not_started,,parity,
callback:M06_Enable_Warroom_DoorGuard.Created,callback,M06_Enable_Warroom_DoorGuard.Created,Code/Scripts/Mission06.cpp:4171,games/renegade/content/scripts,,,not_started,,parity,
callback:M06_Enable_Warroom_DoorGuard.Entered,callback,M06_Enable_Warroom_DoorGuard.Entered,Code/Scripts/Mission06.cpp:4176,games/renegade/content/scripts,,,not_started,,parity,
callback:M06_Escort_Tank.Action_Complete,callback,M06_Escort_Tank.Action_Complete,Code/Scripts/Mission06.cpp:1326,games/renegade/content/scripts,,,not_started,,parity,
callback:M06_Escort_Tank.Created,callback,M06_Escort_Tank.Created,Code/Scripts/Mission06.cpp:1302,games/renegade/content/scripts,,,not_started,,parity,
callback:M06_Escort_Tank.Damaged,callback,M06_Escort_Tank.Damaged,Code/Scripts/Mission06.cpp:1351,games/renegade/content/scripts,,,not_started,,parity,
callback:M06_Escort_Tank.Enemy_Seen,callback,M06_Escort_Tank.Enemy_Seen,Code/Scripts/Mission06.cpp:1340,games/renegade/content/scripts,,,not_started,,parity,
callback:M06_Escort_Tank.Killed,callback,M06_Escort_Tank.Killed,Code/Scripts/Mission06.cpp:1367,games/renegade/content/scripts,,,not_started,,parity,
callback:M06_Escort_Tank.Timer_Expired,callback,M06_Escort_Tank.Timer_Expired,Code/Scripts/Mission06.cpp:1310,games/renegade/content/scripts,,,not_started,,parity,
callback:M06_Floor1_Bedroom_Unit.Created,callback,M06_Floor1_Bedroom_Unit.Created,Code/Scripts/Mission06.cpp:3782,games/renegade/content/scripts,,,not_started,,parity,
callback:M06_Floor1_Bedroom_Unit.Custom,callback,M06_Floor1_Bedroom_Unit.Custom,Code/Scripts/Mission06.cpp:3792,games/renegade/content/scripts,,,not_started,,parity,
callback:M06_Floor1_Library_Unit.Created,callback,M06_Floor1_Library_Unit.Created,Code/Scripts/Mission06.cpp:3695,games/renegade/content/scripts,,,not_started,,parity,
callback:M06_Floor1_Library_Unit.Custom,callback,M06_Floor1_Library_Unit.Custom,Code/Scripts/Mission06.cpp:3701,games/renegade/content/scripts,,,not_started,,parity,
callback:M06_Floor2_Bedroom_Unit.Created,callback,M06_Floor2_Bedroom_Unit.Created,Code/Scripts/Mission06.cpp:3894,games/renegade/content/scripts,,,not_started,,parity,
callback:M06_Floor2_Bedroom_Unit.Custom,callback,M06_Floor2_Bedroom_Unit.Custom,Code/Scripts/Mission06.cpp:3902,games/renegade/content/scripts,,,not_started,,parity,
callback:M06_Floor2_Conference_Unit.Created,callback,M06_Floor2_Conference_Unit.Created,Code/Scripts/Mission06.cpp:4004,games/renegade/content/scripts,,,not_started,,parity,
callback:M06_Floor2_Conference_Unit.Custom,callback,M06_Floor2_Conference_Unit.Custom,Code/Scripts/Mission06.cpp:4010,games/renegade/content/scripts,,,not_started,,parity,
callback:M06_Floor2_Library_Unit.Created,callback,M06_Floor2_Library_Unit.Created,Code/Scripts/Mission06.cpp:3924,games/renegade/content/scripts,,,not_started,,parity,
callback:M06_Floor2_Library_Unit.Custom,callback,M06_Floor2_Library_Unit.Custom,Code/Scripts/Mission06.cpp:3930,games/renegade/content/scripts,,,not_started,,parity,
callback:M06_Flyover.Created,callback,M06_Flyover.Created,Code/Scripts/Mission06.cpp:5044,games/renegade/content/scripts,,,not_started,,parity,
callback:M06_Flyover.Destroyed,callback,M06_Flyover.Destroyed,Code/Scripts/Mission06.cpp:5050,games/renegade/content/scripts,,,not_started,,parity,
callback:M06_Flyover_Controller.Created,callback,M06_Flyover_Controller.Created,Code/Scripts/Mission06.cpp:4927,games/renegade/content/scripts,,,not_started,,parity,
callback:M06_Flyover_Controller.Custom,callback,M06_Flyover_Controller.Custom,Code/Scripts/Mission06.cpp:4934,games/renegade/content/scripts,,,not_started,,parity,
callback:M06_GDI_Prisoner.Action_Complete,callback,M06_GDI_Prisoner.Action_Complete,Code/Scripts/Mission06.cpp:884,games/renegade/content/scripts,,,not_started,,parity,
callback:M06_GDI_Prisoner.Created,callback,M06_GDI_Prisoner.Created,Code/Scripts/Mission06.cpp:855,games/renegade/content/scripts,,,not_started,,parity,
callback:M06_GDI_Prisoner.Poked,callback,M06_GDI_Prisoner.Poked,Code/Scripts/Mission06.cpp:865,games/renegade/content/scripts,,,not_started,,parity,
callback:M06_GDI_Prisoner.Timer_Expired,callback,M06_GDI_Prisoner.Timer_Expired,Code/Scripts/Mission06.cpp:912,games/renegade/content/scripts,,,not_started,,parity,
callback:M06_Gate_Guards.Action_Complete,callback,M06_Gate_Guards.Action_Complete,Code/Scripts/Mission06.cpp:1170,games/renegade/content/scripts,,,not_started,,parity,
callback:M06_Gate_Guards.Created,callback,M06_Gate_Guards.Created,Code/Scripts/Mission06.cpp:1157,games/renegade/content/scripts,,,not_started,,parity,
callback:M06_Gate_Guards.Custom,callback,M06_Gate_Guards.Custom,Code/Scripts/Mission06.cpp:1184,games/renegade/content/scripts,,,not_started,,parity,
callback:M06_Gate_Guards.Killed,callback,M06_Gate_Guards.Killed,Code/Scripts/Mission06.cpp:1252,games/renegade/content/scripts,,,not_started,,parity,
callback:M06_Gate_Guards.Sound_Heard,callback,M06_Gate_Guards.Sound_Heard,Code/Scripts/Mission06.cpp:1205,games/renegade/content/scripts,,,not_started,,parity,
callback:M06_Gate_Guards.Timer_Expired,callback,M06_Gate_Guards.Timer_Expired,Code/Scripts/Mission06.cpp:1214,games/renegade/content/scripts,,,not_started,,parity,
callback:M06_Greenhouse_Shaft_Unit.Created,callback,M06_Greenhouse_Shaft_Unit.Created,Code/Scripts/Mission06.cpp:3654,games/renegade/content/scripts,,,not_started,,parity,
callback:M06_Greenhouse_Shaft_Unit.Custom,callback,M06_Greenhouse_Shaft_Unit.Custom,Code/Scripts/Mission06.cpp:3660,games/renegade/content/scripts,,,not_started,,parity,
callback:M06_Havoc_DLS.Created,callback,M06_Havoc_DLS.Created,Code/Scripts/Mission06.cpp:3370,games/renegade/content/scripts,,,not_started,,parity,
callback:M06_Havoc_DLS.Custom,callback,M06_Havoc_DLS.Custom,Code/Scripts/Mission06.cpp:3429,games/renegade/content/scripts,,,not_started,,parity,
callback:M06_Havoc_DLS.Destroyed,callback,M06_Havoc_DLS.Destroyed,Code/Scripts/Mission06.cpp:3385,games/renegade/content/scripts,,,not_started,,parity,
callback:M06_Havoc_DLS.Sound_Heard,callback,M06_Havoc_DLS.Sound_Heard,Code/Scripts/Mission06.cpp:3391,games/renegade/content/scripts,,,not_started,,parity,
callback:M06_Havoc_DLS.Timer_Expired,callback,M06_Havoc_DLS.Timer_Expired,Code/Scripts/Mission06.cpp:3417,games/renegade/content/scripts,,,not_started,,parity,
callback:M06_Hedgemaze_Controller.Created,callback,M06_Hedgemaze_Controller.Created,Code/Scripts/Mission06.cpp:2583,games/renegade/content/scripts,,,not_started,,parity,
callback:M06_Hedgemaze_Controller.Custom,callback,M06_Hedgemaze_Controller.Custom,Code/Scripts/Mission06.cpp:2589,games/renegade/content/scripts,,,not_started,,parity,
callback:M06_Hedgemaze_Eagle.Created,callback,M06_Hedgemaze_Eagle.Created,Code/Scripts/Mission06.cpp:3315,games/renegade/content/scripts,,,not_started,,parity,
callback:M06_Hedgemaze_Eagle.Killed,callback,M06_Hedgemaze_Eagle.Killed,Code/Scripts/Mission06.cpp:3321,games/renegade/content/scripts,,,not_started,,parity,
callback:M06_Hedgemaze_Patrol.Action_Complete,callback,M06_Hedgemaze_Patrol.Action_Complete,Code/Scripts/Mission06.cpp:2138,games/renegade/content/scripts,,,not_started,,parity,
callback:M06_Hedgemaze_Patrol.Created,callback,M06_Hedgemaze_Patrol.Created,Code/Scripts/Mission06.cpp:2122,games/renegade/content/scripts,,,not_started,,parity,
callback:M06_Hedgemaze_Patrol.Killed,callback,M06_Hedgemaze_Patrol.Killed,Code/Scripts/Mission06.cpp:2184,games/renegade/content/scripts,,,not_started,,parity,
callback:M06_Hedgemaze_Patrol.Sound_Heard,callback,M06_Hedgemaze_Patrol.Sound_Heard,Code/Scripts/Mission06.cpp:2171,games/renegade/content/scripts,,,not_started,,parity,
callback:M06_Hedgemaze_Patrol.Timer_Expired,callback,M06_Hedgemaze_Patrol.Timer_Expired,Code/Scripts/Mission06.cpp:2159,games/renegade/content/scripts,,,not_started,,parity,
callback:M06_Interior_Controller.Created,callback,M06_Interior_Controller.Created,Code/Scripts/Mission06.cpp:2701,games/renegade/content/scripts,,,not_started,,parity,
callback:M06_Interior_Controller.Custom,callback,M06_Interior_Controller.Custom,Code/Scripts/Mission06.cpp:2707,games/renegade/content/scripts,,,not_started,,parity,
callback:M06_Interior_Patrol.Action_Complete,callback,M06_Interior_Patrol.Action_Complete,Code/Scripts/Mission06.cpp:2235,games/renegade/content/scripts,,,not_started,,parity,
callback:M06_Interior_Patrol.Created,callback,M06_Interior_Patrol.Created,Code/Scripts/Mission06.cpp:2222,games/renegade/content/scripts,,,not_started,,parity,
callback:M06_Interior_Patrol.Killed,callback,M06_Interior_Patrol.Killed,Code/Scripts/Mission06.cpp:2268,games/renegade/content/scripts,,,not_started,,parity,
callback:M06_Interior_Patrol.Timer_Expired,callback,M06_Interior_Patrol.Timer_Expired,Code/Scripts/Mission06.cpp:2256,games/renegade/content/scripts,,,not_started,,parity,
callback:M06_KaneHead.Action_Complete,callback,M06_KaneHead.Action_Complete,Code/Scripts/Mission06.cpp:4296,games/renegade/content/scripts,,,not_started,,parity,
callback:M06_KaneHead.Created,callback,M06_KaneHead.Created,Code/Scripts/Mission06.cpp:4285,games/renegade/content/scripts,,,not_started,,parity,
callback:M06_Lab_Guard.Created,callback,M06_Lab_Guard.Created,Code/Scripts/Mission06.cpp:2487,games/renegade/content/scripts,,,not_started,,parity,
callback:M06_Lab_Guard.Enemy_Seen,callback,M06_Lab_Guard.Enemy_Seen,Code/Scripts/Mission06.cpp:2492,games/renegade/content/scripts,,,not_started,,parity,
callback:M06_Lab_Patrol.Action_Complete,callback,M06_Lab_Patrol.Action_Complete,Code/Scripts/Mission06.cpp:2304,games/renegade/content/scripts,,,not_started,,parity,
callback:M06_Lab_Patrol.Created,callback,M06_Lab_Patrol.Created,Code/Scripts/Mission06.cpp:2291,games/renegade/content/scripts,,,not_started,,parity,
callback:M06_Lab_Patrol.Timer_Expired,callback,M06_Lab_Patrol.Timer_Expired,Code/Scripts/Mission06.cpp:2325,games/renegade/content/scripts,,,not_started,,parity,
callback:M06_Mendoza.Killed,callback,M06_Mendoza.Killed,Code/Scripts/Mission06.cpp:831,games/renegade/content/scripts,,,not_started,,parity,
callback:M06_MidtroB_Explosion_Controller.Custom,callback,M06_MidtroB_Explosion_Controller.Custom,Code/Scripts/Mission06.cpp:622,games/renegade/content/scripts,,,not_started,,parity,
callback:M06_Move_Sydney.Created,callback,M06_Move_Sydney.Created,Code/Scripts/Mission06.cpp:5295,games/renegade/content/scripts,,,not_started,,parity,
callback:M06_Move_Sydney.Entered,callback,M06_Move_Sydney.Entered,Code/Scripts/Mission06.cpp:5300,games/renegade/content/scripts,,,not_started,,parity,
callback:M06_Nod_Tower.Created,callback,M06_Nod_Tower.Created,Code/Scripts/Mission06.cpp:2509,games/renegade/content/scripts,,,not_started,,parity,
callback:M06_Nod_Tower.Killed,callback,M06_Nod_Tower.Killed,Code/Scripts/Mission06.cpp:2514,games/renegade/content/scripts,,,not_started,,parity,
callback:M06_North_Barracks_Unit.Created,callback,M06_North_Barracks_Unit.Created,Code/Scripts/Mission06.cpp:4831,games/renegade/content/scripts,,,not_started,,parity,
callback:M06_North_Barracks_Unit.Custom,callback,M06_North_Barracks_Unit.Custom,Code/Scripts/Mission06.cpp:4840,games/renegade/content/scripts,,,not_started,,parity,
callback:M06_Objective_Controller.Action_Complete,callback,M06_Objective_Controller.Action_Complete,Code/Scripts/Mission06.cpp:270,games/renegade/content/scripts,,,not_started,,parity,
callback:M06_Objective_Controller.Created,callback,M06_Objective_Controller.Created,Code/Scripts/Mission06.cpp:63,games/renegade/content/scripts,,,not_started,,parity,
callback:M06_Objective_Controller.Custom,callback,M06_Objective_Controller.Custom,Code/Scripts/Mission06.cpp:209,games/renegade/content/scripts,,,not_started,,parity,
callback:M06_Objective_Controller.Timer_Expired,callback,M06_Objective_Controller.Timer_Expired,Code/Scripts/Mission06.cpp:278,games/renegade/content/scripts,,,not_started,,parity,
callback:M06_Officers_Mess_Unit.Created,callback,M06_Officers_Mess_Unit.Created,Code/Scripts/Mission06.cpp:4383,games/renegade/content/scripts,,,not_started,,parity,
callback:M06_Officers_Mess_Unit.Custom,callback,M06_Officers_Mess_Unit.Custom,Code/Scripts/Mission06.cpp:4389,games/renegade/content/scripts,,,not_started,,parity,
callback:M06_Resistance_Raider_DLS.Action_Complete,callback,M06_Resistance_Raider_DLS.Action_Complete,Code/Scripts/Mission06.cpp:3515,games/renegade/content/scripts,,,not_started,,parity,
callback:M06_Resistance_Raider_DLS.Created,callback,M06_Resistance_Raider_DLS.Created,Code/Scripts/Mission06.cpp:3484,games/renegade/content/scripts,,,not_started,,parity,
callback:M06_Resistance_Raider_DLS.Poked,callback,M06_Resistance_Raider_DLS.Poked,Code/Scripts/Mission06.cpp:3496,games/renegade/content/scripts,,,not_started,,parity,
callback:M06_Servant_Behavior.Action_Complete,callback,M06_Servant_Behavior.Action_Complete,Code/Scripts/Mission06.cpp:5158,games/renegade/content/scripts,,,not_started,,parity,
callback:M06_Servant_Behavior.Created,callback,M06_Servant_Behavior.Created,Code/Scripts/Mission06.cpp:5146,games/renegade/content/scripts,,,not_started,,parity,
callback:M06_Servant_Behavior.Enemy_Seen,callback,M06_Servant_Behavior.Enemy_Seen,Code/Scripts/Mission06.cpp:5234,games/renegade/content/scripts,,,not_started,,parity,
callback:M06_Servant_Behavior.Timer_Expired,callback,M06_Servant_Behavior.Timer_Expired,Code/Scripts/Mission06.cpp:5261,games/renegade/content/scripts,,,not_started,,parity,
callback:M06_South_Barracks_Unit.Created,callback,M06_South_Barracks_Unit.Created,Code/Scripts/Mission06.cpp:4742,games/renegade/content/scripts,,,not_started,,parity,
callback:M06_South_Barracks_Unit.Custom,callback,M06_South_Barracks_Unit.Custom,Code/Scripts/Mission06.cpp:4749,games/renegade/content/scripts,,,not_started,,parity,
callback:M06_Sydney_Mobius.Action_Complete,callback,M06_Sydney_Mobius.Action_Complete,Code/Scripts/Mission06.cpp:544,games/renegade/content/scripts,,,not_started,,parity,
callback:M06_Sydney_Mobius.Created,callback,M06_Sydney_Mobius.Created,Code/Scripts/Mission06.cpp:397,games/renegade/content/scripts,,,not_started,,parity,
callback:M06_Sydney_Mobius.Custom,callback,M06_Sydney_Mobius.Custom,Code/Scripts/Mission06.cpp:452,games/renegade/content/scripts,,,not_started,,parity,
callback:M06_Sydney_Mobius.Damaged,callback,M06_Sydney_Mobius.Damaged,Code/Scripts/Mission06.cpp:539,games/renegade/content/scripts,,,not_started,,parity,
callback:M06_Sydney_Mobius.Killed,callback,M06_Sydney_Mobius.Killed,Code/Scripts/Mission06.cpp:611,games/renegade/content/scripts,,,not_started,,parity,
callback:M06_Sydney_Mobius.Poked,callback,M06_Sydney_Mobius.Poked,Code/Scripts/Mission06.cpp:408,games/renegade/content/scripts,,,not_started,,parity,
callback:M06_Sydney_Mobius.Timer_Expired,callback,M06_Sydney_Mobius.Timer_Expired,Code/Scripts/Mission06.cpp:559,games/renegade/content/scripts,,,not_started,,parity,
callback:M06_Thunder_Unit.Action_Complete,callback,M06_Thunder_Unit.Action_Complete,Code/Scripts/Mission06.cpp:5112,games/renegade/content/scripts,,,not_started,,parity,
callback:M06_Thunder_Unit.Created,callback,M06_Thunder_Unit.Created,Code/Scripts/Mission06.cpp:5102,games/renegade/content/scripts,,,not_started,,parity,
callback:M06_Thunder_Unit.Killed,callback,M06_Thunder_Unit.Killed,Code/Scripts/Mission06.cpp:5124,games/renegade/content/scripts,,,not_started,,parity,
callback:M06_Tower_Patrol.Action_Complete,callback,M06_Tower_Patrol.Action_Complete,Code/Scripts/Mission06.cpp:1926,games/renegade/content/scripts,,,not_started,,parity,
callback:M06_Tower_Patrol.Created,callback,M06_Tower_Patrol.Created,Code/Scripts/Mission06.cpp:1910,games/renegade/content/scripts,,,not_started,,parity,
callback:M06_Tower_Patrol.Killed,callback,M06_Tower_Patrol.Killed,Code/Scripts/Mission06.cpp:1972,games/renegade/content/scripts,,,not_started,,parity,
callback:M06_Tower_Patrol.Sound_Heard,callback,M06_Tower_Patrol.Sound_Heard,Code/Scripts/Mission06.cpp:1959,games/renegade/content/scripts,,,not_started,,parity,
callback:M06_Tower_Patrol.Timer_Expired,callback,M06_Tower_Patrol.Timer_Expired,Code/Scripts/Mission06.cpp:1947,games/renegade/content/scripts,,,not_started,,parity,
callback:M06_WarRoom_Bodyguard_DLS.Created,callback,M06_WarRoom_Bodyguard_DLS.Created,Code/Scripts/Mission06.cpp:4134,games/renegade/content/scripts,,,not_started,,parity,
callback:M06_WarRoom_Bodyguard_DLS.Custom,callback,M06_WarRoom_Bodyguard_DLS.Custom,Code/Scripts/Mission06.cpp:4140,games/renegade/content/scripts,,,not_started,,parity,
callback:M06_WarRoom_Computer.Action_Complete,callback,M06_WarRoom_Computer.Action_Complete,Code/Scripts/Mission06.cpp:348,games/renegade/content/scripts,,,not_started,,parity,
callback:M06_WarRoom_Computer.Created,callback,M06_WarRoom_Computer.Created,Code/Scripts/Mission06.cpp:322,games/renegade/content/scripts,,,not_started,,parity,
callback:M06_WarRoom_Computer.Poked,callback,M06_WarRoom_Computer.Poked,Code/Scripts/Mission06.cpp:328,games/renegade/content/scripts,,,not_started,,parity,
callback:M06_WarRoom_DoorGuard.Created,callback,M06_WarRoom_DoorGuard.Created,Code/Scripts/Mission06.cpp:4203,games/renegade/content/scripts,,,not_started,,parity,
callback:M06_WarRoom_DoorGuard.Custom,callback,M06_WarRoom_DoorGuard.Custom,Code/Scripts/Mission06.cpp:4210,games/renegade/content/scripts,,,not_started,,parity,
callback:M06_WarRoom_Officer_DLS.Created,callback,M06_WarRoom_Officer_DLS.Created,Code/Scripts/Mission06.cpp:4084,games/renegade/content/scripts,,,not_started,,parity,
callback:M06_WarRoom_Officer_DLS.Custom,callback,M06_WarRoom_Officer_DLS.Custom,Code/Scripts/Mission06.cpp:4091,games/renegade/content/scripts,,,not_started,,parity,
callback:M06_WarRoom_Officer_DLS.Enemy_Seen,callback,M06_WarRoom_Officer_DLS.Enemy_Seen,Code/Scripts/Mission06.cpp:4116,games/renegade/content/scripts,,,not_started,,parity,
callback:M07_APC_Dec.Created,callback,M07_APC_Dec.Created,Code/Scripts/Mission07.cpp:5103,games/renegade/content/scripts,,,not_started,,parity,
callback:M07_APC_Dec.Custom,callback,M07_APC_Dec.Custom,Code/Scripts/Mission07.cpp:5129,games/renegade/content/scripts,,,not_started,,parity,
callback:M07_APC_Dec.Enemy_Seen,callback,M07_APC_Dec.Enemy_Seen,Code/Scripts/Mission07.cpp:5110,games/renegade/content/scripts,,,not_started,,parity,
callback:M07_APC_Dec.Killed,callback,M07_APC_Dec.Killed,Code/Scripts/Mission07.cpp:5165,games/renegade/content/scripts,,,not_started,,parity,
callback:M07_APC_Dec.Timer_Expired,callback,M07_APC_Dec.Timer_Expired,Code/Scripts/Mission07.cpp:5155,games/renegade/content/scripts,,,not_started,,parity,
callback:M07_APC_Dec_Soldier.Created,callback,M07_APC_Dec_Soldier.Created,Code/Scripts/Mission07.cpp:5184,games/renegade/content/scripts,,,not_started,,parity,
callback:M07_APC_Dec_Soldier.Killed,callback,M07_APC_Dec_Soldier.Killed,Code/Scripts/Mission07.cpp:5195,games/renegade/content/scripts,,,not_started,,parity,
callback:M07_Activate_Bridge_Civ.Created,callback,M07_Activate_Bridge_Civ.Created,Code/Scripts/Mission07.cpp:5216,games/renegade/content/scripts,,,not_started,,parity,
callback:M07_Activate_Bridge_Civ.Entered,callback,M07_Activate_Bridge_Civ.Entered,Code/Scripts/Mission07.cpp:5222,games/renegade/content/scripts,,,not_started,,parity,
callback:M07_Activate_E10_Tank_Drop.Created,callback,M07_Activate_E10_Tank_Drop.Created,Code/Scripts/Mission07.cpp:5285,games/renegade/content/scripts,,,not_started,,parity,
callback:M07_Activate_E10_Tank_Drop.Custom,callback,M07_Activate_E10_Tank_Drop.Custom,Code/Scripts/Mission07.cpp:5291,games/renegade/content/scripts,,,not_started,,parity,
callback:M07_Activate_E10_Tank_Drop.Entered,callback,M07_Activate_E10_Tank_Drop.Entered,Code/Scripts/Mission07.cpp:5303,games/renegade/content/scripts,,,not_started,,parity,
callback:M07_Activate_Encounter.Created,callback,M07_Activate_Encounter.Created,Code/Scripts/Mission07.cpp:3545,games/renegade/content/scripts,,,not_started,,parity,
callback:M07_Activate_Encounter.Custom,callback,M07_Activate_Encounter.Custom,Code/Scripts/Mission07.cpp:3593,games/renegade/content/scripts,,,not_started,,parity,
callback:M07_Activate_Encounter.Entered,callback,M07_Activate_Encounter.Entered,Code/Scripts/Mission07.cpp:3551,games/renegade/content/scripts,,,not_started,,parity,
callback:M07_Activate_Flyover.Created,callback,M07_Activate_Flyover.Created,Code/Scripts/Mission07.cpp:5723,games/renegade/content/scripts,,,not_started,,parity,
callback:M07_Activate_Flyover.Entered,callback,M07_Activate_Flyover.Entered,Code/Scripts/Mission07.cpp:5728,games/renegade/content/scripts,,,not_started,,parity,
callback:M07_Activate_Flyover.Timer_Expired,callback,M07_Activate_Flyover.Timer_Expired,Code/Scripts/Mission07.cpp:5743,games/renegade/content/scripts,,,not_started,,parity,
callback:M07_Activate_Hostage_Encounter.Created,callback,M07_Activate_Hostage_Encounter.Created,Code/Scripts/Mission07.cpp:4888,games/renegade/content/scripts,,,not_started,,parity,
callback:M07_Activate_Hostage_Encounter.Entered,callback,M07_Activate_Hostage_Encounter.Entered,Code/Scripts/Mission07.cpp:4894,games/renegade/content/scripts,,,not_started,,parity,
callback:M07_Activate_Hotwire.Action_Complete,callback,M07_Activate_Hotwire.Action_Complete,Code/Scripts/Mission07.cpp:1936,games/renegade/content/scripts,,,not_started,,parity,
callback:M07_Activate_Hotwire.Created,callback,M07_Activate_Hotwire.Created,Code/Scripts/Mission07.cpp:1913,games/renegade/content/scripts,,,not_started,,parity,
callback:M07_Activate_Hotwire.Entered,callback,M07_Activate_Hotwire.Entered,Code/Scripts/Mission07.cpp:1919,games/renegade/content/scripts,,,not_started,,parity,
callback:M07_Activate_Objective_704.Action_Complete,callback,M07_Activate_Objective_704.Action_Complete,Code/Scripts/Mission07.cpp:2246,games/renegade/content/scripts,,,not_started,,parity,
callback:M07_Activate_Objective_704.Created,callback,M07_Activate_Objective_704.Created,Code/Scripts/Mission07.cpp:2218,games/renegade/content/scripts,,,not_started,,parity,
callback:M07_Activate_Objective_704.Entered,callback,M07_Activate_Objective_704.Entered,Code/Scripts/Mission07.cpp:2223,games/renegade/content/scripts,,,not_started,,parity,
callback:M07_Activate_Objective_705.Action_Complete,callback,M07_Activate_Objective_705.Action_Complete,Code/Scripts/Mission07.cpp:2292,games/renegade/content/scripts,,,not_started,,parity,
callback:M07_Activate_Objective_705.Created,callback,M07_Activate_Objective_705.Created,Code/Scripts/Mission07.cpp:2268,games/renegade/content/scripts,,,not_started,,parity,
callback:M07_Activate_Objective_705.Entered,callback,M07_Activate_Objective_705.Entered,Code/Scripts/Mission07.cpp:2273,games/renegade/content/scripts,,,not_started,,parity,
callback:M07_Activate_Objective_706.Action_Complete,callback,M07_Activate_Objective_706.Action_Complete,Code/Scripts/Mission07.cpp:2338,games/renegade/content/scripts,,,not_started,,parity,
callback:M07_Activate_Objective_706.Created,callback,M07_Activate_Objective_706.Created,Code/Scripts/Mission07.cpp:2314,games/renegade/content/scripts,,,not_started,,parity,
callback:M07_Activate_Objective_706.Entered,callback,M07_Activate_Objective_706.Entered,Code/Scripts/Mission07.cpp:2319,games/renegade/content/scripts,,,not_started,,parity,
callback:M07_Activate_Objective_707.Action_Complete,callback,M07_Activate_Objective_707.Action_Complete,Code/Scripts/Mission07.cpp:2383,games/renegade/content/scripts,,,not_started,,parity,
callback:M07_Activate_Objective_707.Created,callback,M07_Activate_Objective_707.Created,Code/Scripts/Mission07.cpp:2360,games/renegade/content/scripts,,,not_started,,parity,
callback:M07_Activate_Objective_707.Entered,callback,M07_Activate_Objective_707.Entered,Code/Scripts/Mission07.cpp:2365,games/renegade/content/scripts,,,not_started,,parity,
callback:M07_Activate_Objective_708.Action_Complete,callback,M07_Activate_Objective_708.Action_Complete,Code/Scripts/Mission07.cpp:2429,games/renegade/content/scripts,,,not_started,,parity,
callback:M07_Activate_Objective_708.Created,callback,M07_Activate_Objective_708.Created,Code/Scripts/Mission07.cpp:2405,games/renegade/content/scripts,,,not_started,,parity,
callback:M07_Activate_Objective_708.Entered,callback,M07_Activate_Objective_708.Entered,Code/Scripts/Mission07.cpp:2410,games/renegade/content/scripts,,,not_started,,parity,
callback:M07_Activate_Objective_710.Created,callback,M07_Activate_Objective_710.Created,Code/Scripts/Mission07.cpp:2451,games/renegade/content/scripts,,,not_started,,parity,
callback:M07_Activate_Objective_710.Entered,callback,M07_Activate_Objective_710.Entered,Code/Scripts/Mission07.cpp:2456,games/renegade/content/scripts,,,not_started,,parity,
callback:M07_Activate_Para_Drop.Created,callback,M07_Activate_Para_Drop.Created,Code/Scripts/Mission07.cpp:5599,games/renegade/content/scripts,,,not_started,,parity,
callback:M07_Activate_Para_Drop.Entered,callback,M07_Activate_Para_Drop.Entered,Code/Scripts/Mission07.cpp:5604,games/renegade/content/scripts,,,not_started,,parity,
callback:M07_Activate_Present.Created,callback,M07_Activate_Present.Created,Code/Scripts/Mission07.cpp:2942,games/renegade/content/scripts,,,not_started,,parity,
callback:M07_Activate_Present.Entered,callback,M07_Activate_Present.Entered,Code/Scripts/Mission07.cpp:2947,games/renegade/content/scripts,,,not_started,,parity,
callback:M07_Activate_Triangle_Apache.Created,callback,M07_Activate_Triangle_Apache.Created,Code/Scripts/Mission07.cpp:4575,games/renegade/content/scripts,,,not_started,,parity,
callback:M07_Activate_Triangle_Apache.Entered,callback,M07_Activate_Triangle_Apache.Entered,Code/Scripts/Mission07.cpp:4581,games/renegade/content/scripts,,,not_started,,parity,
callback:M07_Activate_V01.Created,callback,M07_Activate_V01.Created,Code/Scripts/Mission07.cpp:4243,games/renegade/content/scripts,,,not_started,,parity,
callback:M07_Activate_V01.Entered,callback,M07_Activate_V01.Entered,Code/Scripts/Mission07.cpp:4249,games/renegade/content/scripts,,,not_started,,parity,
callback:M07_Activate_V05.Created,callback,M07_Activate_V05.Created,Code/Scripts/Mission07.cpp:3885,games/renegade/content/scripts,,,not_started,,parity,
callback:M07_Activate_V05.Entered,callback,M07_Activate_V05.Entered,Code/Scripts/Mission07.cpp:3890,games/renegade/content/scripts,,,not_started,,parity,
callback:M07_Alley_Vehicle.Action_Complete,callback,M07_Alley_Vehicle.Action_Complete,Code/Scripts/Mission07.cpp:6289,games/renegade/content/scripts,,,not_started,,parity,
callback:M07_Alley_Vehicle.Created,callback,M07_Alley_Vehicle.Created,Code/Scripts/Mission07.cpp:6266,games/renegade/content/scripts,,,not_started,,parity,
callback:M07_Alley_Vehicle.Custom,callback,M07_Alley_Vehicle.Custom,Code/Scripts/Mission07.cpp:6274,games/renegade/content/scripts,,,not_started,,parity,
callback:M07_Alley_Vehicle.Damaged,callback,M07_Alley_Vehicle.Damaged,Code/Scripts/Mission07.cpp:6323,games/renegade/content/scripts,,,not_started,,parity,
callback:M07_Alley_Vehicle.Enemy_Seen,callback,M07_Alley_Vehicle.Enemy_Seen,Code/Scripts/Mission07.cpp:6300,games/renegade/content/scripts,,,not_started,,parity,
callback:M07_Alley_Vehicle.Timer_Expired,callback,M07_Alley_Vehicle.Timer_Expired,Code/Scripts/Mission07.cpp:6347,games/renegade/content/scripts,,,not_started,,parity,
callback:M07_Biohazard_Barrel.Created,callback,M07_Biohazard_Barrel.Created,Code/Scripts/Mission07.cpp:3169,games/renegade/content/scripts,,,not_started,,parity,
callback:M07_Biohazard_Barrel.Killed,callback,M07_Biohazard_Barrel.Killed,Code/Scripts/Mission07.cpp:3174,games/renegade/content/scripts,,,not_started,,parity,
callback:M07_Bridge_Civ.Action_Complete,callback,M07_Bridge_Civ.Action_Complete,Code/Scripts/Mission07.cpp:5261,games/renegade/content/scripts,,,not_started,,parity,
callback:M07_Bridge_Civ.Created,callback,M07_Bridge_Civ.Created,Code/Scripts/Mission07.cpp:5247,games/renegade/content/scripts,,,not_started,,parity,
callback:M07_Bridge_Overlook_Apache.Action_Complete,callback,M07_Bridge_Overlook_Apache.Action_Complete,Code/Scripts/Mission07.cpp:6437,games/renegade/content/scripts,,,not_started,,parity,
callback:M07_Bridge_Overlook_Apache.Created,callback,M07_Bridge_Overlook_Apache.Created,Code/Scripts/Mission07.cpp:6424,games/renegade/content/scripts,,,not_started,,parity,
callback:M07_Bridge_Overlook_Apache.Enemy_Seen,callback,M07_Bridge_Overlook_Apache.Enemy_Seen,Code/Scripts/Mission07.cpp:6452,games/renegade/content/scripts,,,not_started,,parity,
callback:M07_Bridge_Overlook_Apache.Timer_Expired,callback,M07_Bridge_Overlook_Apache.Timer_Expired,Code/Scripts/Mission07.cpp:6472,games/renegade/content/scripts,,,not_started,,parity,
callback:M07_Captured_Civ_Resist.Created,callback,M07_Captured_Civ_Resist.Created,Code/Scripts/Mission07.cpp:2883,games/renegade/content/scripts,,,not_started,,parity,
callback:M07_Captured_Civ_Resist.Killed,callback,M07_Captured_Civ_Resist.Killed,Code/Scripts/Mission07.cpp:2921,games/renegade/content/scripts,,,not_started,,parity,
callback:M07_Captured_Civ_Resist.Poked,callback,M07_Captured_Civ_Resist.Poked,Code/Scripts/Mission07.cpp:2892,games/renegade/content/scripts,,,not_started,,parity,
callback:M07_Captured_Civ_Resist.Sound_Heard,callback,M07_Captured_Civ_Resist.Sound_Heard,Code/Scripts/Mission07.cpp:2902,games/renegade/content/scripts,,,not_started,,parity,
callback:M07_Cathedral_Controller.Created,callback,M07_Cathedral_Controller.Created,Code/Scripts/Mission07.cpp:1403,games/renegade/content/scripts,,,not_started,,parity,
callback:M07_Cathedral_Controller.Custom,callback,M07_Cathedral_Controller.Custom,Code/Scripts/Mission07.cpp:1408,games/renegade/content/scripts,,,not_started,,parity,
callback:M07_Cathedral_Controller.Timer_Expired,callback,M07_Cathedral_Controller.Timer_Expired,Code/Scripts/Mission07.cpp:1424,games/renegade/content/scripts,,,not_started,,parity,
callback:M07_Climb_Rope.Action_Complete,callback,M07_Climb_Rope.Action_Complete,Code/Scripts/Mission07.cpp:6094,games/renegade/content/scripts,,,not_started,,parity,
callback:M07_Climb_Rope.Created,callback,M07_Climb_Rope.Created,Code/Scripts/Mission07.cpp:6084,games/renegade/content/scripts,,,not_started,,parity,
callback:M07_Custom_Activate.Created,callback,M07_Custom_Activate.Created,Code/Scripts/Mission07.cpp:6380,games/renegade/content/scripts,,,not_started,,parity,
callback:M07_Custom_Activate.Entered,callback,M07_Custom_Activate.Entered,Code/Scripts/Mission07.cpp:6385,games/renegade/content/scripts,,,not_started,,parity,
callback:M07_DataDisc_01_DLS.Custom,callback,M07_DataDisc_01_DLS.Custom,Code/Scripts/Mission07.cpp:6615,games/renegade/content/scripts,,,not_started,,parity,
callback:M07_DataDisc_02_DLS.Custom,callback,M07_DataDisc_02_DLS.Custom,Code/Scripts/Mission07.cpp:6627,games/renegade/content/scripts,,,not_started,,parity,
callback:M07_Deactivate_Encounter.Created,callback,M07_Deactivate_Encounter.Created,Code/Scripts/Mission07.cpp:3646,games/renegade/content/scripts,,,not_started,,parity,
callback:M07_Deactivate_Encounter.Entered,callback,M07_Deactivate_Encounter.Entered,Code/Scripts/Mission07.cpp:3652,games/renegade/content/scripts,,,not_started,,parity,
callback:M07_Deactivate_Para_Drop.Created,callback,M07_Deactivate_Para_Drop.Created,Code/Scripts/Mission07.cpp:5645,games/renegade/content/scripts,,,not_started,,parity,
callback:M07_Deactivate_Para_Drop.Entered,callback,M07_Deactivate_Para_Drop.Entered,Code/Scripts/Mission07.cpp:5650,games/renegade/content/scripts,,,not_started,,parity,
callback:M07_Deactivate_TownSquare_Chinook.Created,callback,M07_Deactivate_TownSquare_Chinook.Created,Code/Scripts/Mission07.cpp:2808,games/renegade/content/scripts,,,not_started,,parity,
callback:M07_Deactivate_TownSquare_Chinook.Entered,callback,M07_Deactivate_TownSquare_Chinook.Entered,Code/Scripts/Mission07.cpp:2813,games/renegade/content/scripts,,,not_started,,parity,
callback:M07_Deactivate_V01.Created,callback,M07_Deactivate_V01.Created,Code/Scripts/Mission07.cpp:4271,games/renegade/content/scripts,,,not_started,,parity,
callback:M07_Deactivate_V01.Entered,callback,M07_Deactivate_V01.Entered,Code/Scripts/Mission07.cpp:4277,games/renegade/content/scripts,,,not_started,,parity,
callback:M07_Dead6_Engineer.Action_Complete,callback,M07_Dead6_Engineer.Action_Complete,Code/Scripts/Mission07.cpp:1164,games/renegade/content/scripts,,,not_started,,parity,
callback:M07_Dead6_Engineer.Created,callback,M07_Dead6_Engineer.Created,Code/Scripts/Mission07.cpp:997,games/renegade/content/scripts,,,not_started,,parity,
callback:M07_Dead6_Engineer.Custom,callback,M07_Dead6_Engineer.Custom,Code/Scripts/Mission07.cpp:1022,games/renegade/content/scripts,,,not_started,,parity,
callback:M07_Dead6_Engineer.Damaged,callback,M07_Dead6_Engineer.Damaged,Code/Scripts/Mission07.cpp:1244,games/renegade/content/scripts,,,not_started,,parity,
callback:M07_Dead6_Engineer.Destroyed,callback,M07_Dead6_Engineer.Destroyed,Code/Scripts/Mission07.cpp:1227,games/renegade/content/scripts,,,not_started,,parity,
callback:M07_Dead6_Engineer.Killed,callback,M07_Dead6_Engineer.Killed,Code/Scripts/Mission07.cpp:1259,games/renegade/content/scripts,,,not_started,,parity,
callback:M07_Dead6_Engineer.Sound_Heard,callback,M07_Dead6_Engineer.Sound_Heard,Code/Scripts/Mission07.cpp:1233,games/renegade/content/scripts,,,not_started,,parity,
callback:M07_Dead6_Engineer.Timer_Expired,callback,M07_Dead6_Engineer.Timer_Expired,Code/Scripts/Mission07.cpp:1114,games/renegade/content/scripts,,,not_started,,parity,
callback:M07_Dead6_Grenadier.Action_Complete,callback,M07_Dead6_Grenadier.Action_Complete,Code/Scripts/Mission07.cpp:724,games/renegade/content/scripts,,,not_started,,parity,
callback:M07_Dead6_Grenadier.Created,callback,M07_Dead6_Grenadier.Created,Code/Scripts/Mission07.cpp:662,games/renegade/content/scripts,,,not_started,,parity,
callback:M07_Dead6_Grenadier.Custom,callback,M07_Dead6_Grenadier.Custom,Code/Scripts/Mission07.cpp:671,games/renegade/content/scripts,,,not_started,,parity,
callback:M07_Dead6_Grenadier.Damaged,callback,M07_Dead6_Grenadier.Damaged,Code/Scripts/Mission07.cpp:751,games/renegade/content/scripts,,,not_started,,parity,
callback:M07_Dead6_Grenadier.Killed,callback,M07_Dead6_Grenadier.Killed,Code/Scripts/Mission07.cpp:766,games/renegade/content/scripts,,,not_started,,parity,
callback:M07_Dead6_Grenadier.Sound_Heard,callback,M07_Dead6_Grenadier.Sound_Heard,Code/Scripts/Mission07.cpp:740,games/renegade/content/scripts,,,not_started,,parity,
callback:M07_Dead6_Grenadier.Timer_Expired,callback,M07_Dead6_Grenadier.Timer_Expired,Code/Scripts/Mission07.cpp:705,games/renegade/content/scripts,,,not_started,,parity,
callback:M07_Dead6_Grenadier2.Action_Complete,callback,M07_Dead6_Grenadier2.Action_Complete,Code/Scripts/Mission07.cpp:800,games/renegade/content/scripts,,,not_started,,parity,
callback:M07_Dead6_Grenadier2.Created,callback,M07_Dead6_Grenadier2.Created,Code/Scripts/Mission07.cpp:788,games/renegade/content/scripts,,,not_started,,parity,
callback:M07_Dead6_Grenadier2.Damaged,callback,M07_Dead6_Grenadier2.Damaged,Code/Scripts/Mission07.cpp:810,games/renegade/content/scripts,,,not_started,,parity,
callback:M07_Dead6_Grenadier2.Killed,callback,M07_Dead6_Grenadier2.Killed,Code/Scripts/Mission07.cpp:816,games/renegade/content/scripts,,,not_started,,parity,
callback:M07_Dead6_MiniGunner2.Action_Complete,callback,M07_Dead6_MiniGunner2.Action_Complete,Code/Scripts/Mission07.cpp:847,games/renegade/content/scripts,,,not_started,,parity,
callback:M07_Dead6_MiniGunner2.Created,callback,M07_Dead6_MiniGunner2.Created,Code/Scripts/Mission07.cpp:836,games/renegade/content/scripts,,,not_started,,parity,
callback:M07_Dead6_MiniGunner2.Damaged,callback,M07_Dead6_MiniGunner2.Damaged,Code/Scripts/Mission07.cpp:857,games/renegade/content/scripts,,,not_started,,parity,
callback:M07_Dead6_MiniGunner2.Killed,callback,M07_Dead6_MiniGunner2.Killed,Code/Scripts/Mission07.cpp:863,games/renegade/content/scripts,,,not_started,,parity,
callback:M07_Dead6_Minigunner.Action_Complete,callback,M07_Dead6_Minigunner.Action_Complete,Code/Scripts/Mission07.cpp:474,games/renegade/content/scripts,,,not_started,,parity,
callback:M07_Dead6_Minigunner.Created,callback,M07_Dead6_Minigunner.Created,Code/Scripts/Mission07.cpp:420,games/renegade/content/scripts,,,not_started,,parity,
callback:M07_Dead6_Minigunner.Custom,callback,M07_Dead6_Minigunner.Custom,Code/Scripts/Mission07.cpp:429,games/renegade/content/scripts,,,not_started,,parity,
callback:M07_Dead6_Minigunner.Damaged,callback,M07_Dead6_Minigunner.Damaged,Code/Scripts/Mission07.cpp:501,games/renegade/content/scripts,,,not_started,,parity,
callback:M07_Dead6_Minigunner.Killed,callback,M07_Dead6_Minigunner.Killed,Code/Scripts/Mission07.cpp:516,games/renegade/content/scripts,,,not_started,,parity,
callback:M07_Dead6_Minigunner.Sound_Heard,callback,M07_Dead6_Minigunner.Sound_Heard,Code/Scripts/Mission07.cpp:490,games/renegade/content/scripts,,,not_started,,parity,
callback:M07_Dead6_Minigunner.Timer_Expired,callback,M07_Dead6_Minigunner.Timer_Expired,Code/Scripts/Mission07.cpp:462,games/renegade/content/scripts,,,not_started,,parity,
callback:M07_Dead6_Rocket_Soldier.Action_Complete,callback,M07_Dead6_Rocket_Soldier.Action_Complete,Code/Scripts/Mission07.cpp:595,games/renegade/content/scripts,,,not_started,,parity,
callback:M07_Dead6_Rocket_Soldier.Created,callback,M07_Dead6_Rocket_Soldier.Created,Code/Scripts/Mission07.cpp:541,games/renegade/content/scripts,,,not_started,,parity,
callback:M07_Dead6_Rocket_Soldier.Custom,callback,M07_Dead6_Rocket_Soldier.Custom,Code/Scripts/Mission07.cpp:550,games/renegade/content/scripts,,,not_started,,parity,
callback:M07_Dead6_Rocket_Soldier.Damaged,callback,M07_Dead6_Rocket_Soldier.Damaged,Code/Scripts/Mission07.cpp:622,games/renegade/content/scripts,,,not_started,,parity,
callback:M07_Dead6_Rocket_Soldier.Killed,callback,M07_Dead6_Rocket_Soldier.Killed,Code/Scripts/Mission07.cpp:636,games/renegade/content/scripts,,,not_started,,parity,
callback:M07_Dead6_Rocket_Soldier.Sound_Heard,callback,M07_Dead6_Rocket_Soldier.Sound_Heard,Code/Scripts/Mission07.cpp:611,games/renegade/content/scripts,,,not_started,,parity,
callback:M07_Dead6_Rocket_Soldier.Timer_Expired,callback,M07_Dead6_Rocket_Soldier.Timer_Expired,Code/Scripts/Mission07.cpp:583,games/renegade/content/scripts,,,not_started,,parity,
callback:M07_Dead6_Rocket_Soldier2.Action_Complete,callback,M07_Dead6_Rocket_Soldier2.Action_Complete,Code/Scripts/Mission07.cpp:897,games/renegade/content/scripts,,,not_started,,parity,
callback:M07_Dead6_Rocket_Soldier2.Created,callback,M07_Dead6_Rocket_Soldier2.Created,Code/Scripts/Mission07.cpp:885,games/renegade/content/scripts,,,not_started,,parity,
callback:M07_Dead6_Rocket_Soldier2.Damaged,callback,M07_Dead6_Rocket_Soldier2.Damaged,Code/Scripts/Mission07.cpp:907,games/renegade/content/scripts,,,not_started,,parity,
callback:M07_Dead6_Rocket_Soldier2.Killed,callback,M07_Dead6_Rocket_Soldier2.Killed,Code/Scripts/Mission07.cpp:912,games/renegade/content/scripts,,,not_started,,parity,
callback:M07_Deadeye_Nod_Chinook.Created,callback,M07_Deadeye_Nod_Chinook.Created,Code/Scripts/Mission07.cpp:6230,games/renegade/content/scripts,,,not_started,,parity,
callback:M07_Deadeye_Nod_Chinook.Damaged,callback,M07_Deadeye_Nod_Chinook.Damaged,Code/Scripts/Mission07.cpp:6235,games/renegade/content/scripts,,,not_started,,parity,
callback:M07_Destroyed_SAM_Site.Created,callback,M07_Destroyed_SAM_Site.Created,Code/Scripts/Mission07.cpp:2575,games/renegade/content/scripts,,,not_started,,parity,
callback:M07_Destroyed_SAM_Site.Timer_Expired,callback,M07_Destroyed_SAM_Site.Timer_Expired,Code/Scripts/Mission07.cpp:2580,games/renegade/content/scripts,,,not_started,,parity,
callback:M07_Disable_Hibernation.Created,callback,M07_Disable_Hibernation.Created,Code/Scripts/Mission07.cpp:5762,games/renegade/content/scripts,,,not_started,,parity,
callback:M07_E10_Tank.Created,callback,M07_E10_Tank.Created,Code/Scripts/Mission07.cpp:5332,games/renegade/content/scripts,,,not_started,,parity,
callback:M07_E10_Tank.Custom,callback,M07_E10_Tank.Custom,Code/Scripts/Mission07.cpp:5339,games/renegade/content/scripts,,,not_started,,parity,
callback:M07_E10_Tank.Enemy_Seen,callback,M07_E10_Tank.Enemy_Seen,Code/Scripts/Mission07.cpp:5349,games/renegade/content/scripts,,,not_started,,parity,
callback:M07_E10_Tank.Timer_Expired,callback,M07_E10_Tank.Timer_Expired,Code/Scripts/Mission07.cpp:5363,games/renegade/content/scripts,,,not_started,,parity,
callback:M07_Encounter_Unit.Action_Complete,callback,M07_Encounter_Unit.Action_Complete,Code/Scripts/Mission07.cpp:3733,games/renegade/content/scripts,,,not_started,,parity,
callback:M07_Encounter_Unit.Created,callback,M07_Encounter_Unit.Created,Code/Scripts/Mission07.cpp:3684,games/renegade/content/scripts,,,not_started,,parity,
callback:M07_Encounter_Unit.Timer_Expired,callback,M07_Encounter_Unit.Timer_Expired,Code/Scripts/Mission07.cpp:3717,games/renegade/content/scripts,,,not_started,,parity,
callback:M07_Evac_Site_APC.Killed,callback,M07_Evac_Site_APC.Killed,Code/Scripts/Mission07.cpp:1828,games/renegade/content/scripts,,,not_started,,parity,
callback:M07_Evac_Site_APC_Soldier.Created,callback,M07_Evac_Site_APC_Soldier.Created,Code/Scripts/Mission07.cpp:1850,games/renegade/content/scripts,,,not_started,,parity,
callback:M07_Evac_Site_APC_Soldier.Killed,callback,M07_Evac_Site_APC_Soldier.Killed,Code/Scripts/Mission07.cpp:1861,games/renegade/content/scripts,,,not_started,,parity,
callback:M07_Evac_Site_Controller.Action_Complete,callback,M07_Evac_Site_Controller.Action_Complete,Code/Scripts/Mission07.cpp:1804,games/renegade/content/scripts,,,not_started,,parity,
callback:M07_Evac_Site_Controller.Created,callback,M07_Evac_Site_Controller.Created,Code/Scripts/Mission07.cpp:1765,games/renegade/content/scripts,,,not_started,,parity,
callback:M07_Evac_Site_Controller.Custom,callback,M07_Evac_Site_Controller.Custom,Code/Scripts/Mission07.cpp:1770,games/renegade/content/scripts,,,not_started,,parity,
callback:M07_Evac_Site_Controller.Timer_Expired,callback,M07_Evac_Site_Controller.Timer_Expired,Code/Scripts/Mission07.cpp:1785,games/renegade/content/scripts,,,not_started,,parity,
callback:M07_Evac_Site_Soldier.Created,callback,M07_Evac_Site_Soldier.Created,Code/Scripts/Mission07.cpp:1883,games/renegade/content/scripts,,,not_started,,parity,
callback:M07_Evac_Site_Soldier.Killed,callback,M07_Evac_Site_Soldier.Killed,Code/Scripts/Mission07.cpp:1890,games/renegade/content/scripts,,,not_started,,parity,
callback:M07_Fancy_Inn_Controller.Created,callback,M07_Fancy_Inn_Controller.Created,Code/Scripts/Mission07.cpp:2078,games/renegade/content/scripts,,,not_started,,parity,
callback:M07_Fancy_Inn_Controller.Custom,callback,M07_Fancy_Inn_Controller.Custom,Code/Scripts/Mission07.cpp:2084,games/renegade/content/scripts,,,not_started,,parity,
callback:M07_Fancy_Inn_Sam.Custom,callback,M07_Fancy_Inn_Sam.Custom,Code/Scripts/Mission07.cpp:1955,games/renegade/content/scripts,,,not_started,,parity,
callback:M07_Fancy_Inn_Sam.Killed,callback,M07_Fancy_Inn_Sam.Killed,Code/Scripts/Mission07.cpp:1967,games/renegade/content/scripts,,,not_started,,parity,
callback:M07_Flyover_Controller.Created,callback,M07_Flyover_Controller.Created,Code/Scripts/Mission07.cpp:5674,games/renegade/content/scripts,,,not_started,,parity,
callback:M07_Flyover_Controller.Timer_Expired,callback,M07_Flyover_Controller.Timer_Expired,Code/Scripts/Mission07.cpp:5681,games/renegade/content/scripts,,,not_started,,parity,
callback:M07_Fuel_Barrel.Created,callback,M07_Fuel_Barrel.Created,Code/Scripts/Mission07.cpp:4922,games/renegade/content/scripts,,,not_started,,parity,
callback:M07_Fuel_Barrel.Killed,callback,M07_Fuel_Barrel.Killed,Code/Scripts/Mission07.cpp:4927,games/renegade/content/scripts,,,not_started,,parity,
callback:M07_Havoc_DLS.Action_Complete,callback,M07_Havoc_DLS.Action_Complete,Code/Scripts/Mission07.cpp:386,games/renegade/content/scripts,,,not_started,,parity,
callback:M07_Havoc_DLS.Created,callback,M07_Havoc_DLS.Created,Code/Scripts/Mission07.cpp:345,games/renegade/content/scripts,,,not_started,,parity,
callback:M07_Havoc_DLS.Custom,callback,M07_Havoc_DLS.Custom,Code/Scripts/Mission07.cpp:354,games/renegade/content/scripts,,,not_started,,parity,
callback:M07_Havoc_DLS.Enemy_Seen,callback,M07_Havoc_DLS.Enemy_Seen,Code/Scripts/Mission07.cpp:373,games/renegade/content/scripts,,,not_started,,parity,
callback:M07_Havoc_DLS.Killed,callback,M07_Havoc_DLS.Killed,Code/Scripts/Mission07.cpp:397,games/renegade/content/scripts,,,not_started,,parity,
callback:M07_Havoc_DLS.Sound_Heard,callback,M07_Havoc_DLS.Sound_Heard,Code/Scripts/Mission07.cpp:362,games/renegade/content/scripts,,,not_started,,parity,
callback:M07_Hostage.Action_Complete,callback,M07_Hostage.Action_Complete,Code/Scripts/Mission07.cpp:5032,games/renegade/content/scripts,,,not_started,,parity,
callback:M07_Hostage.Created,callback,M07_Hostage.Created,Code/Scripts/Mission07.cpp:4991,games/renegade/content/scripts,,,not_started,,parity,
callback:M07_Hostage.Poked,callback,M07_Hostage.Poked,Code/Scripts/Mission07.cpp:5004,games/renegade/content/scripts,,,not_started,,parity,
callback:M07_Hostage.Timer_Expired,callback,M07_Hostage.Timer_Expired,Code/Scripts/Mission07.cpp:5051,games/renegade/content/scripts,,,not_started,,parity,
callback:M07_Hostage_Controller.Created,callback,M07_Hostage_Controller.Created,Code/Scripts/Mission07.cpp:4951,games/renegade/content/scripts,,,not_started,,parity,
callback:M07_Hostage_Controller.Custom,callback,M07_Hostage_Controller.Custom,Code/Scripts/Mission07.cpp:4957,games/renegade/content/scripts,,,not_started,,parity,
callback:M07_Hostage_Taker.Created,callback,M07_Hostage_Taker.Created,Code/Scripts/Mission07.cpp:5074,games/renegade/content/scripts,,,not_started,,parity,
callback:M07_Hotwire_Dead.Action_Complete,callback,M07_Hotwire_Dead.Action_Complete,Code/Scripts/Mission07.cpp:6715,games/renegade/content/scripts,,,not_started,,parity,
callback:M07_Hotwire_Dead.Created,callback,M07_Hotwire_Dead.Created,Code/Scripts/Mission07.cpp:6689,games/renegade/content/scripts,,,not_started,,parity,
callback:M07_Hotwire_Dead.Entered,callback,M07_Hotwire_Dead.Entered,Code/Scripts/Mission07.cpp:6695,games/renegade/content/scripts,,,not_started,,parity,
callback:M07_Hotwire_Help.Created,callback,M07_Hotwire_Help.Created,Code/Scripts/Mission07.cpp:6649,games/renegade/content/scripts,,,not_started,,parity,
callback:M07_Hotwire_Help.Entered,callback,M07_Hotwire_Help.Entered,Code/Scripts/Mission07.cpp:6655,games/renegade/content/scripts,,,not_started,,parity,
callback:M07_In_Nuke_Blast.Created,callback,M07_In_Nuke_Blast.Created,Code/Scripts/Mission07.cpp:1571,games/renegade/content/scripts,,,not_started,,parity,
callback:M07_In_Nuke_Blast.Custom,callback,M07_In_Nuke_Blast.Custom,Code/Scripts/Mission07.cpp:1578,games/renegade/content/scripts,,,not_started,,parity,
callback:M07_In_Nuke_Blast.Entered,callback,M07_In_Nuke_Blast.Entered,Code/Scripts/Mission07.cpp:1593,games/renegade/content/scripts,,,not_started,,parity,
callback:M07_Inn_APC.Created,callback,M07_Inn_APC.Created,Code/Scripts/Mission07.cpp:4100,games/renegade/content/scripts,,,not_started,,parity,
callback:M07_Inn_APC.Custom,callback,M07_Inn_APC.Custom,Code/Scripts/Mission07.cpp:4126,games/renegade/content/scripts,,,not_started,,parity,
callback:M07_Inn_APC.Enemy_Seen,callback,M07_Inn_APC.Enemy_Seen,Code/Scripts/Mission07.cpp:4107,games/renegade/content/scripts,,,not_started,,parity,
callback:M07_Inn_APC.Killed,callback,M07_Inn_APC.Killed,Code/Scripts/Mission07.cpp:4162,games/renegade/content/scripts,,,not_started,,parity,
callback:M07_Inn_APC.Timer_Expired,callback,M07_Inn_APC.Timer_Expired,Code/Scripts/Mission07.cpp:4152,games/renegade/content/scripts,,,not_started,,parity,
callback:M07_Inn_APC_Soldier.Created,callback,M07_Inn_APC_Soldier.Created,Code/Scripts/Mission07.cpp:4181,games/renegade/content/scripts,,,not_started,,parity,
callback:M07_Inn_APC_Soldier.Killed,callback,M07_Inn_APC_Soldier.Killed,Code/Scripts/Mission07.cpp:4192,games/renegade/content/scripts,,,not_started,,parity,
callback:M07_Inn_Apache.Action_Complete,callback,M07_Inn_Apache.Action_Complete,Code/Scripts/Mission07.cpp:2158,games/renegade/content/scripts,,,not_started,,parity,
callback:M07_Inn_Apache.Created,callback,M07_Inn_Apache.Created,Code/Scripts/Mission07.cpp:2144,games/renegade/content/scripts,,,not_started,,parity,
callback:M07_Inn_Apache.Enemy_Seen,callback,M07_Inn_Apache.Enemy_Seen,Code/Scripts/Mission07.cpp:2174,games/renegade/content/scripts,,,not_started,,parity,
callback:M07_Inn_Apache.Timer_Expired,callback,M07_Inn_Apache.Timer_Expired,Code/Scripts/Mission07.cpp:2193,games/renegade/content/scripts,,,not_started,,parity,
callback:M07_Inn_Balcony_Sniper.Created,callback,M07_Inn_Balcony_Sniper.Created,Code/Scripts/Mission07.cpp:4214,games/renegade/content/scripts,,,not_started,,parity,
callback:M07_Inn_Balcony_Sniper.Killed,callback,M07_Inn_Balcony_Sniper.Killed,Code/Scripts/Mission07.cpp:4221,games/renegade/content/scripts,,,not_started,,parity,
callback:M07_Inn_Evac.Action_Complete,callback,M07_Inn_Evac.Action_Complete,Code/Scripts/Mission07.cpp:5984,games/renegade/content/scripts,,,not_started,,parity,
callback:M07_Inn_Evac.Created,callback,M07_Inn_Evac.Created,Code/Scripts/Mission07.cpp:5918,games/renegade/content/scripts,,,not_started,,parity,
callback:M07_Inn_Evac.Custom,callback,M07_Inn_Evac.Custom,Code/Scripts/Mission07.cpp:5926,games/renegade/content/scripts,,,not_started,,parity,
callback:M07_Inn_Evac.Timer_Expired,callback,M07_Inn_Evac.Timer_Expired,Code/Scripts/Mission07.cpp:5997,games/renegade/content/scripts,,,not_started,,parity,
callback:M07_Inn_Evac_Climb.Animation_Complete,callback,M07_Inn_Evac_Climb.Animation_Complete,Code/Scripts/Mission07.cpp:6069,games/renegade/content/scripts,,,not_started,,parity,
callback:M07_Inn_Evac_Climb.Created,callback,M07_Inn_Evac_Climb.Created,Code/Scripts/Mission07.cpp:6060,games/renegade/content/scripts,,,not_started,,parity,
callback:M07_Inn_Evac_Helicopter.Animation_Complete,callback,M07_Inn_Evac_Helicopter.Animation_Complete,Code/Scripts/Mission07.cpp:6170,games/renegade/content/scripts,,,not_started,,parity,
callback:M07_Inn_Evac_Helicopter.Created,callback,M07_Inn_Evac_Helicopter.Created,Code/Scripts/Mission07.cpp:6163,games/renegade/content/scripts,,,not_started,,parity,
callback:M07_Inn_Evac_Helicopter.Custom,callback,M07_Inn_Evac_Helicopter.Custom,Code/Scripts/Mission07.cpp:6186,games/renegade/content/scripts,,,not_started,,parity,
callback:M07_Inn_Evac_Helicopter.Damaged,callback,M07_Inn_Evac_Helicopter.Damaged,Code/Scripts/Mission07.cpp:6206,games/renegade/content/scripts,,,not_started,,parity,
callback:M07_Inn_Evac_Rope.Animation_Complete,callback,M07_Inn_Evac_Rope.Animation_Complete,Code/Scripts/Mission07.cpp:6107,games/renegade/content/scripts,,,not_started,,parity,
callback:M07_Inn_Evac_Rope.Custom,callback,M07_Inn_Evac_Rope.Custom,Code/Scripts/Mission07.cpp:6120,games/renegade/content/scripts,,,not_started,,parity,
callback:M07_Inn_Evac_Trajectory.Animation_Complete,callback,M07_Inn_Evac_Trajectory.Animation_Complete,Code/Scripts/Mission07.cpp:6135,games/renegade/content/scripts,,,not_started,,parity,
callback:M07_Inn_Evac_Trajectory.Custom,callback,M07_Inn_Evac_Trajectory.Custom,Code/Scripts/Mission07.cpp:6148,games/renegade/content/scripts,,,not_started,,parity,
callback:M07_Mobile_Radar.Created,callback,M07_Mobile_Radar.Created,Code/Scripts/Mission07.cpp:2597,games/renegade/content/scripts,,,not_started,,parity,
callback:M07_Mobile_Radar.Damaged,callback,M07_Mobile_Radar.Damaged,Code/Scripts/Mission07.cpp:2602,games/renegade/content/scripts,,,not_started,,parity,
callback:M07_Mobile_Radar.Killed,callback,M07_Mobile_Radar.Killed,Code/Scripts/Mission07.cpp:2615,games/renegade/content/scripts,,,not_started,,parity,
callback:M07_Move_Hotwire.Created,callback,M07_Move_Hotwire.Created,Code/Scripts/Mission07.cpp:5828,games/renegade/content/scripts,,,not_started,,parity,
callback:M07_Move_Hotwire.Entered,callback,M07_Move_Hotwire.Entered,Code/Scripts/Mission07.cpp:5833,games/renegade/content/scripts,,,not_started,,parity,
callback:M07_Move_To_Evac.Created,callback,M07_Move_To_Evac.Created,Code/Scripts/Mission07.cpp:5783,games/renegade/content/scripts,,,not_started,,parity,
callback:M07_Move_To_Evac.Custom,callback,M07_Move_To_Evac.Custom,Code/Scripts/Mission07.cpp:5788,games/renegade/content/scripts,,,not_started,,parity,
callback:M07_Move_To_Evac.Entered,callback,M07_Move_To_Evac.Entered,Code/Scripts/Mission07.cpp:5794,games/renegade/content/scripts,,,not_started,,parity,
callback:M07_Nod_Buggy_Dec.Created,callback,M07_Nod_Buggy_Dec.Created,Code/Scripts/Mission07.cpp:4397,games/renegade/content/scripts,,,not_started,,parity,
callback:M07_Nod_Buggy_Dec.Damaged,callback,M07_Nod_Buggy_Dec.Damaged,Code/Scripts/Mission07.cpp:4421,games/renegade/content/scripts,,,not_started,,parity,
callback:M07_Nod_Buggy_Dec.Enemy_Seen,callback,M07_Nod_Buggy_Dec.Enemy_Seen,Code/Scripts/Mission07.cpp:4405,games/renegade/content/scripts,,,not_started,,parity,
callback:M07_Nod_Buggy_Dec.Killed,callback,M07_Nod_Buggy_Dec.Killed,Code/Scripts/Mission07.cpp:4448,games/renegade/content/scripts,,,not_started,,parity,
callback:M07_Nod_Buggy_Dec.Timer_Expired,callback,M07_Nod_Buggy_Dec.Timer_Expired,Code/Scripts/Mission07.cpp:4438,games/renegade/content/scripts,,,not_started,,parity,
callback:M07_Nod_Gun_Emplacement.Created,callback,M07_Nod_Gun_Emplacement.Created,Code/Scripts/Mission07.cpp:1692,games/renegade/content/scripts,,,not_started,,parity,
callback:M07_Nod_Gun_Emplacement.Damaged,callback,M07_Nod_Gun_Emplacement.Damaged,Code/Scripts/Mission07.cpp:1716,games/renegade/content/scripts,,,not_started,,parity,
callback:M07_Nod_Gun_Emplacement.Enemy_Seen,callback,M07_Nod_Gun_Emplacement.Enemy_Seen,Code/Scripts/Mission07.cpp:1700,games/renegade/content/scripts,,,not_started,,parity,
callback:M07_Nod_Gun_Emplacement.Killed,callback,M07_Nod_Gun_Emplacement.Killed,Code/Scripts/Mission07.cpp:1743,games/renegade/content/scripts,,,not_started,,parity,
callback:M07_Nod_Gun_Emplacement.Timer_Expired,callback,M07_Nod_Gun_Emplacement.Timer_Expired,Code/Scripts/Mission07.cpp:1733,games/renegade/content/scripts,,,not_started,,parity,
callback:M07_Nod_Inn_Light_Tank_Dec.Created,callback,M07_Nod_Inn_Light_Tank_Dec.Created,Code/Scripts/Mission07.cpp:4028,games/renegade/content/scripts,,,not_started,,parity,
callback:M07_Nod_Inn_Light_Tank_Dec.Damaged,callback,M07_Nod_Inn_Light_Tank_Dec.Damaged,Code/Scripts/Mission07.cpp:4052,games/renegade/content/scripts,,,not_started,,parity,
callback:M07_Nod_Inn_Light_Tank_Dec.Enemy_Seen,callback,M07_Nod_Inn_Light_Tank_Dec.Enemy_Seen,Code/Scripts/Mission07.cpp:4036,games/renegade/content/scripts,,,not_started,,parity,
callback:M07_Nod_Inn_Light_Tank_Dec.Killed,callback,M07_Nod_Inn_Light_Tank_Dec.Killed,Code/Scripts/Mission07.cpp:4079,games/renegade/content/scripts,,,not_started,,parity,
callback:M07_Nod_Inn_Light_Tank_Dec.Timer_Expired,callback,M07_Nod_Inn_Light_Tank_Dec.Timer_Expired,Code/Scripts/Mission07.cpp:4069,games/renegade/content/scripts,,,not_started,,parity,
callback:M07_Nod_Light_Tank_Dec.Created,callback,M07_Nod_Light_Tank_Dec.Created,Code/Scripts/Mission07.cpp:3920,games/renegade/content/scripts,,,not_started,,parity,
callback:M07_Nod_Light_Tank_Dec.Damaged,callback,M07_Nod_Light_Tank_Dec.Damaged,Code/Scripts/Mission07.cpp:3967,games/renegade/content/scripts,,,not_started,,parity,
callback:M07_Nod_Light_Tank_Dec.Enemy_Seen,callback,M07_Nod_Light_Tank_Dec.Enemy_Seen,Code/Scripts/Mission07.cpp:3951,games/renegade/content/scripts,,,not_started,,parity,
callback:M07_Nod_Light_Tank_Dec.Killed,callback,M07_Nod_Light_Tank_Dec.Killed,Code/Scripts/Mission07.cpp:4007,games/renegade/content/scripts,,,not_started,,parity,
callback:M07_Nod_Light_Tank_Dec.Timer_Expired,callback,M07_Nod_Light_Tank_Dec.Timer_Expired,Code/Scripts/Mission07.cpp:3984,games/renegade/content/scripts,,,not_started,,parity,
callback:M07_Nod_Obelisk.Created,callback,M07_Nod_Obelisk.Created,Code/Scripts/Mission07.cpp:3421,games/renegade/content/scripts,,,not_started,,parity,
callback:M07_Nod_Obelisk.Custom,callback,M07_Nod_Obelisk.Custom,Code/Scripts/Mission07.cpp:3427,games/renegade/content/scripts,,,not_started,,parity,
callback:M07_Nod_Obelisk.Killed,callback,M07_Nod_Obelisk.Killed,Code/Scripts/Mission07.cpp:3443,games/renegade/content/scripts,,,not_started,,parity,
callback:M07_Nod_Obelisk_MCT.Created,callback,M07_Nod_Obelisk_MCT.Created,Code/Scripts/Mission07.cpp:3467,games/renegade/content/scripts,,,not_started,,parity,
callback:M07_Nod_Obelisk_MCT.Custom,callback,M07_Nod_Obelisk_MCT.Custom,Code/Scripts/Mission07.cpp:3487,games/renegade/content/scripts,,,not_started,,parity,
callback:M07_Nod_Obelisk_MCT.Poked,callback,M07_Nod_Obelisk_MCT.Poked,Code/Scripts/Mission07.cpp:3473,games/renegade/content/scripts,,,not_started,,parity,
callback:M07_Nod_Recon_Bike_Dec.Created,callback,M07_Nod_Recon_Bike_Dec.Created,Code/Scripts/Mission07.cpp:4468,games/renegade/content/scripts,,,not_started,,parity,
callback:M07_Nod_Recon_Bike_Dec.Damaged,callback,M07_Nod_Recon_Bike_Dec.Damaged,Code/Scripts/Mission07.cpp:4492,games/renegade/content/scripts,,,not_started,,parity,
callback:M07_Nod_Recon_Bike_Dec.Enemy_Seen,callback,M07_Nod_Recon_Bike_Dec.Enemy_Seen,Code/Scripts/Mission07.cpp:4476,games/renegade/content/scripts,,,not_started,,parity,
callback:M07_Nod_Recon_Bike_Dec.Killed,callback,M07_Nod_Recon_Bike_Dec.Killed,Code/Scripts/Mission07.cpp:4519,games/renegade/content/scripts,,,not_started,,parity,
callback:M07_Nod_Recon_Bike_Dec.Timer_Expired,callback,M07_Nod_Recon_Bike_Dec.Timer_Expired,Code/Scripts/Mission07.cpp:4509,games/renegade/content/scripts,,,not_started,,parity,
callback:M07_Obelisk_Unit.Created,callback,M07_Obelisk_Unit.Created,Code/Scripts/Mission07.cpp:6541,games/renegade/content/scripts,,,not_started,,parity,
callback:M07_Obelisk_Unit.Custom,callback,M07_Obelisk_Unit.Custom,Code/Scripts/Mission07.cpp:6546,games/renegade/content/scripts,,,not_started,,parity,
callback:M07_Objective_Controller.Action_Complete,callback,M07_Objective_Controller.Action_Complete,Code/Scripts/Mission07.cpp:304,games/renegade/content/scripts,,,not_started,,parity,
callback:M07_Objective_Controller.Created,callback,M07_Objective_Controller.Created,Code/Scripts/Mission07.cpp:59,games/renegade/content/scripts,,,not_started,,parity,
callback:M07_Objective_Controller.Custom,callback,M07_Objective_Controller.Custom,Code/Scripts/Mission07.cpp:216,games/renegade/content/scripts,,,not_started,,parity,
callback:M07_Objective_Controller.Timer_Expired,callback,M07_Objective_Controller.Timer_Expired,Code/Scripts/Mission07.cpp:284,games/renegade/content/scripts,,,not_started,,parity,
callback:M07_Out_Nuke_Blast.Created,callback,M07_Out_Nuke_Blast.Created,Code/Scripts/Mission07.cpp:1634,games/renegade/content/scripts,,,not_started,,parity,
callback:M07_Out_Nuke_Blast.Custom,callback,M07_Out_Nuke_Blast.Custom,Code/Scripts/Mission07.cpp:1641,games/renegade/content/scripts,,,not_started,,parity,
callback:M07_Out_Nuke_Blast.Entered,callback,M07_Out_Nuke_Blast.Entered,Code/Scripts/Mission07.cpp:1654,games/renegade/content/scripts,,,not_started,,parity,
callback:M07_Para_Drop_Controller.Created,callback,M07_Para_Drop_Controller.Created,Code/Scripts/Mission07.cpp:5403,games/renegade/content/scripts,,,not_started,,parity,
callback:M07_Para_Drop_Controller.Custom,callback,M07_Para_Drop_Controller.Custom,Code/Scripts/Mission07.cpp:5425,games/renegade/content/scripts,,,not_started,,parity,
callback:M07_Para_Drop_Unit.Created,callback,M07_Para_Drop_Unit.Created,Code/Scripts/Mission07.cpp:5555,games/renegade/content/scripts,,,not_started,,parity,
callback:M07_Para_Drop_Unit.Killed,callback,M07_Para_Drop_Unit.Killed,Code/Scripts/Mission07.cpp:5579,games/renegade/content/scripts,,,not_started,,parity,
callback:M07_Para_Drop_Unit.Timer_Expired,callback,M07_Para_Drop_Unit.Timer_Expired,Code/Scripts/Mission07.cpp:5567,games/renegade/content/scripts,,,not_started,,parity,
callback:M07_Para_Drop_Zone.Created,callback,M07_Para_Drop_Zone.Created,Code/Scripts/Mission07.cpp:5525,games/renegade/content/scripts,,,not_started,,parity,
callback:M07_Para_Drop_Zone.Entered,callback,M07_Para_Drop_Zone.Entered,Code/Scripts/Mission07.cpp:5530,games/renegade/content/scripts,,,not_started,,parity,
callback:M07_Park_Controller.Created,callback,M07_Park_Controller.Created,Code/Scripts/Mission07.cpp:3333,games/renegade/content/scripts,,,not_started,,parity,
callback:M07_Park_Controller.Custom,callback,M07_Park_Controller.Custom,Code/Scripts/Mission07.cpp:3338,games/renegade/content/scripts,,,not_started,,parity,
callback:M07_Park_SSM.Created,callback,M07_Park_SSM.Created,Code/Scripts/Mission07.cpp:3366,games/renegade/content/scripts,,,not_started,,parity,
callback:M07_Park_SSM.Damaged,callback,M07_Park_SSM.Damaged,Code/Scripts/Mission07.cpp:3389,games/renegade/content/scripts,,,not_started,,parity,
callback:M07_Park_SSM.Killed,callback,M07_Park_SSM.Killed,Code/Scripts/Mission07.cpp:3402,games/renegade/content/scripts,,,not_started,,parity,
callback:M07_Park_SSM.Timer_Expired,callback,M07_Park_SSM.Timer_Expired,Code/Scripts/Mission07.cpp:3371,games/renegade/content/scripts,,,not_started,,parity,
callback:M07_Park_Stealth_Tank.Created,callback,M07_Park_Stealth_Tank.Created,Code/Scripts/Mission07.cpp:6569,games/renegade/content/scripts,,,not_started,,parity,
callback:M07_Park_Stealth_Tank.Damaged,callback,M07_Park_Stealth_Tank.Damaged,Code/Scripts/Mission07.cpp:6574,games/renegade/content/scripts,,,not_started,,parity,
callback:M07_Park_Stealth_Tank.Killed,callback,M07_Park_Stealth_Tank.Killed,Code/Scripts/Mission07.cpp:6585,games/renegade/content/scripts,,,not_started,,parity,
callback:M07_Park_Zone.Created,callback,M07_Park_Zone.Created,Code/Scripts/Mission07.cpp:3513,games/renegade/content/scripts,,,not_started,,parity,
callback:M07_Park_Zone.Entered,callback,M07_Park_Zone.Entered,Code/Scripts/Mission07.cpp:3518,games/renegade/content/scripts,,,not_started,,parity,
callback:M07_Player_Rocket_Emplacement.Created,callback,M07_Player_Rocket_Emplacement.Created,Code/Scripts/Mission07.cpp:5856,games/renegade/content/scripts,,,not_started,,parity,
callback:M07_Player_Rocket_Emplacement.Damaged,callback,M07_Player_Rocket_Emplacement.Damaged,Code/Scripts/Mission07.cpp:5861,games/renegade/content/scripts,,,not_started,,parity,
callback:M07_Player_Vehicle.Created,callback,M07_Player_Vehicle.Created,Code/Scripts/Mission07.cpp:2980,games/renegade/content/scripts,,,not_started,,parity,
callback:M07_Player_Vehicle.Damaged,callback,M07_Player_Vehicle.Damaged,Code/Scripts/Mission07.cpp:2989,games/renegade/content/scripts,,,not_started,,parity,
callback:M07_Player_Vehicle.Killed,callback,M07_Player_Vehicle.Killed,Code/Scripts/Mission07.cpp:3001,games/renegade/content/scripts,,,not_started,,parity,
callback:M07_Playertype_Neutral.Created,callback,M07_Playertype_Neutral.Created,Code/Scripts/Mission07.cpp:5892,games/renegade/content/scripts,,,not_started,,parity,
callback:M07_Prisoner_Gate.Created,callback,M07_Prisoner_Gate.Created,Code/Scripts/Mission07.cpp:2854,games/renegade/content/scripts,,,not_started,,parity,
callback:M07_Prisoner_Gate.Killed,callback,M07_Prisoner_Gate.Killed,Code/Scripts/Mission07.cpp:2859,games/renegade/content/scripts,,,not_started,,parity,
callback:M07_Radar_Engineer.Action_Complete,callback,M07_Radar_Engineer.Action_Complete,Code/Scripts/Mission07.cpp:2664,games/renegade/content/scripts,,,not_started,,parity,
callback:M07_Radar_Engineer.Created,callback,M07_Radar_Engineer.Created,Code/Scripts/Mission07.cpp:2635,games/renegade/content/scripts,,,not_started,,parity,
callback:M07_Radar_Engineer.Sound_Heard,callback,M07_Radar_Engineer.Sound_Heard,Code/Scripts/Mission07.cpp:2647,games/renegade/content/scripts,,,not_started,,parity,
callback:M07_Relocate_Triangle_Apache.Created,callback,M07_Relocate_Triangle_Apache.Created,Code/Scripts/Mission07.cpp:4693,games/renegade/content/scripts,,,not_started,,parity,
callback:M07_Relocate_Triangle_Apache.Entered,callback,M07_Relocate_Triangle_Apache.Entered,Code/Scripts/Mission07.cpp:4699,games/renegade/content/scripts,,,not_started,,parity,
callback:M07_SAM_Site_Logic.Created,callback,M07_SAM_Site_Logic.Created,Code/Scripts/Mission07.cpp:2480,games/renegade/content/scripts,,,not_started,,parity,
callback:M07_SAM_Site_Logic.Custom,callback,M07_SAM_Site_Logic.Custom,Code/Scripts/Mission07.cpp:2564,games/renegade/content/scripts,,,not_started,,parity,
callback:M07_SAM_Site_Logic.Enemy_Seen,callback,M07_SAM_Site_Logic.Enemy_Seen,Code/Scripts/Mission07.cpp:2506,games/renegade/content/scripts,,,not_started,,parity,
callback:M07_SAM_Site_Logic.Killed,callback,M07_SAM_Site_Logic.Killed,Code/Scripts/Mission07.cpp:2555,games/renegade/content/scripts,,,not_started,,parity,
callback:M07_SAM_Site_Logic.Timer_Expired,callback,M07_SAM_Site_Logic.Timer_Expired,Code/Scripts/Mission07.cpp:2532,games/renegade/content/scripts,,,not_started,,parity,
callback:M07_SAM_Truck_100679.Created,callback,M07_SAM_Truck_100679.Created,Code/Scripts/Mission07.cpp:2029,games/renegade/content/scripts,,,not_started,,parity,
callback:M07_SAM_Truck_100679.Custom,callback,M07_SAM_Truck_100679.Custom,Code/Scripts/Mission07.cpp:2034,games/renegade/content/scripts,,,not_started,,parity,
callback:M07_SAM_Truck_100679.Damaged,callback,M07_SAM_Truck_100679.Damaged,Code/Scripts/Mission07.cpp:2045,games/renegade/content/scripts,,,not_started,,parity,
callback:M07_SAM_Truck_100679.Killed,callback,M07_SAM_Truck_100679.Killed,Code/Scripts/Mission07.cpp:2056,games/renegade/content/scripts,,,not_started,,parity,
callback:M07_SAM_Truck_100680.Created,callback,M07_SAM_Truck_100680.Created,Code/Scripts/Mission07.cpp:1984,games/renegade/content/scripts,,,not_started,,parity,
callback:M07_SAM_Truck_100680.Custom,callback,M07_SAM_Truck_100680.Custom,Code/Scripts/Mission07.cpp:1989,games/renegade/content/scripts,,,not_started,,parity,
callback:M07_SAM_Truck_100680.Damaged,callback,M07_SAM_Truck_100680.Damaged,Code/Scripts/Mission07.cpp:2000,games/renegade/content/scripts,,,not_started,,parity,
callback:M07_SAM_Truck_100680.Killed,callback,M07_SAM_Truck_100680.Killed,Code/Scripts/Mission07.cpp:2011,games/renegade/content/scripts,,,not_started,,parity,
callback:M07_SSM_Crate.Created,callback,M07_SSM_Crate.Created,Code/Scripts/Mission07.cpp:6601,games/renegade/content/scripts,,,not_started,,parity,
callback:M07_SSM_Crate.Killed,callback,M07_SSM_Crate.Killed,Code/Scripts/Mission07.cpp:6606,games/renegade/content/scripts,,,not_started,,parity,
callback:M07_SSM_Unit.Created,callback,M07_SSM_Unit.Created,Code/Scripts/Mission07.cpp:6497,games/renegade/content/scripts,,,not_started,,parity,
callback:M07_SSM_Unit.Sound_Heard,callback,M07_SSM_Unit.Sound_Heard,Code/Scripts/Mission07.cpp:6509,games/renegade/content/scripts,,,not_started,,parity,
callback:M07_Stockpile_Controller.Created,callback,M07_Stockpile_Controller.Created,Code/Scripts/Mission07.cpp:3253,games/renegade/content/scripts,,,not_started,,parity,
callback:M07_Stockpile_Controller.Custom,callback,M07_Stockpile_Controller.Custom,Code/Scripts/Mission07.cpp:3259,games/renegade/content/scripts,,,not_started,,parity,
callback:M07_Stockpile_Engineer.Action_Complete,callback,M07_Stockpile_Engineer.Action_Complete,Code/Scripts/Mission07.cpp:3313,games/renegade/content/scripts,,,not_started,,parity,
callback:M07_Stockpile_Engineer.Created,callback,M07_Stockpile_Engineer.Created,Code/Scripts/Mission07.cpp:3286,games/renegade/content/scripts,,,not_started,,parity,
callback:M07_Stockpile_Engineer.Sound_Heard,callback,M07_Stockpile_Engineer.Sound_Heard,Code/Scripts/Mission07.cpp:3296,games/renegade/content/scripts,,,not_started,,parity,
callback:M07_Stockpile_Object.Created,callback,M07_Stockpile_Object.Created,Code/Scripts/Mission07.cpp:3198,games/renegade/content/scripts,,,not_started,,parity,
callback:M07_Stockpile_Object.Damaged,callback,M07_Stockpile_Object.Damaged,Code/Scripts/Mission07.cpp:3222,games/renegade/content/scripts,,,not_started,,parity,
callback:M07_Stockpile_Object.Sound_Heard,callback,M07_Stockpile_Object.Sound_Heard,Code/Scripts/Mission07.cpp:3203,games/renegade/content/scripts,,,not_started,,parity,
callback:M07_Stockpile_Object.Timer_Expired,callback,M07_Stockpile_Object.Timer_Expired,Code/Scripts/Mission07.cpp:3211,games/renegade/content/scripts,,,not_started,,parity,
callback:M07_Sydney.Action_Complete,callback,M07_Sydney.Action_Complete,Code/Scripts/Mission07.cpp:1327,games/renegade/content/scripts,,,not_started,,parity,
callback:M07_Sydney.Created,callback,M07_Sydney.Created,Code/Scripts/Mission07.cpp:1283,games/renegade/content/scripts,,,not_started,,parity,
callback:M07_Sydney.Custom,callback,M07_Sydney.Custom,Code/Scripts/Mission07.cpp:1295,games/renegade/content/scripts,,,not_started,,parity,
callback:M07_Sydney.Damaged,callback,M07_Sydney.Damaged,Code/Scripts/Mission07.cpp:1367,games/renegade/content/scripts,,,not_started,,parity,
callback:M07_Sydney.Killed,callback,M07_Sydney.Killed,Code/Scripts/Mission07.cpp:1382,games/renegade/content/scripts,,,not_started,,parity,
callback:M07_Sydney.Sound_Heard,callback,M07_Sydney.Sound_Heard,Code/Scripts/Mission07.cpp:1344,games/renegade/content/scripts,,,not_started,,parity,
callback:M07_Sydney.Timer_Expired,callback,M07_Sydney.Timer_Expired,Code/Scripts/Mission07.cpp:1355,games/renegade/content/scripts,,,not_started,,parity,
callback:M07_Sydney2.Action_Complete,callback,M07_Sydney2.Action_Complete,Code/Scripts/Mission07.cpp:945,games/renegade/content/scripts,,,not_started,,parity,
callback:M07_Sydney2.Created,callback,M07_Sydney2.Created,Code/Scripts/Mission07.cpp:933,games/renegade/content/scripts,,,not_started,,parity,
callback:M07_Sydney2.Damaged,callback,M07_Sydney2.Damaged,Code/Scripts/Mission07.cpp:955,games/renegade/content/scripts,,,not_started,,parity,
callback:M07_Sydney2.Killed,callback,M07_Sydney2.Killed,Code/Scripts/Mission07.cpp:960,games/renegade/content/scripts,,,not_started,,parity,
callback:M07_TownSquare_Controller.Created,callback,M07_TownSquare_Controller.Created,Code/Scripts/Mission07.cpp:2735,games/renegade/content/scripts,,,not_started,,parity,
callback:M07_TownSquare_Controller.Custom,callback,M07_TownSquare_Controller.Custom,Code/Scripts/Mission07.cpp:2741,games/renegade/content/scripts,,,not_started,,parity,
callback:M07_TownSquare_Controller.Timer_Expired,callback,M07_TownSquare_Controller.Timer_Expired,Code/Scripts/Mission07.cpp:2774,games/renegade/content/scripts,,,not_started,,parity,
callback:M07_TownSquare_Gun_Emp.Killed,callback,M07_TownSquare_Gun_Emp.Killed,Code/Scripts/Mission07.cpp:2837,games/renegade/content/scripts,,,not_started,,parity,
callback:M07_TownSquare_Unit.Action_Complete,callback,M07_TownSquare_Unit.Action_Complete,Code/Scripts/Mission07.cpp:2705,games/renegade/content/scripts,,,not_started,,parity,
callback:M07_TownSquare_Unit.Created,callback,M07_TownSquare_Unit.Created,Code/Scripts/Mission07.cpp:2686,games/renegade/content/scripts,,,not_started,,parity,
callback:M07_TownSquare_Unit.Killed,callback,M07_TownSquare_Unit.Killed,Code/Scripts/Mission07.cpp:2713,games/renegade/content/scripts,,,not_started,,parity,
callback:M07_Triangle_APC.Killed,callback,M07_Triangle_APC.Killed,Code/Scripts/Mission07.cpp:4713,games/renegade/content/scripts,,,not_started,,parity,
callback:M07_Triangle_APC_Soldier.Created,callback,M07_Triangle_APC_Soldier.Created,Code/Scripts/Mission07.cpp:4732,games/renegade/content/scripts,,,not_started,,parity,
callback:M07_Triangle_APC_Soldier.Killed,callback,M07_Triangle_APC_Soldier.Killed,Code/Scripts/Mission07.cpp:4743,games/renegade/content/scripts,,,not_started,,parity,
callback:M07_Triangle_Apache.Action_Complete,callback,M07_Triangle_Apache.Action_Complete,Code/Scripts/Mission07.cpp:4620,games/renegade/content/scripts,,,not_started,,parity,
callback:M07_Triangle_Apache.Created,callback,M07_Triangle_Apache.Created,Code/Scripts/Mission07.cpp:4607,games/renegade/content/scripts,,,not_started,,parity,
callback:M07_Triangle_Apache.Enemy_Seen,callback,M07_Triangle_Apache.Enemy_Seen,Code/Scripts/Mission07.cpp:4636,games/renegade/content/scripts,,,not_started,,parity,
callback:M07_Triangle_Apache.Sound_Heard,callback,M07_Triangle_Apache.Sound_Heard,Code/Scripts/Mission07.cpp:4664,games/renegade/content/scripts,,,not_started,,parity,
callback:M07_Triangle_Apache.Timer_Expired,callback,M07_Triangle_Apache.Timer_Expired,Code/Scripts/Mission07.cpp:4654,games/renegade/content/scripts,,,not_started,,parity,
callback:M07_Triangle_Controller.Created,callback,M07_Triangle_Controller.Created,Code/Scripts/Mission07.cpp:4799,games/renegade/content/scripts,,,not_started,,parity,
callback:M07_Triangle_Controller.Custom,callback,M07_Triangle_Controller.Custom,Code/Scripts/Mission07.cpp:4806,games/renegade/content/scripts,,,not_started,,parity,
callback:M07_Triangle_Guard.Created,callback,M07_Triangle_Guard.Created,Code/Scripts/Mission07.cpp:4765,games/renegade/content/scripts,,,not_started,,parity,
callback:M07_Triangle_Guard.Killed,callback,M07_Triangle_Guard.Killed,Code/Scripts/Mission07.cpp:4774,games/renegade/content/scripts,,,not_started,,parity,
callback:M07_Triangle_Unit.Created,callback,M07_Triangle_Unit.Created,Code/Scripts/Mission07.cpp:4865,games/renegade/content/scripts,,,not_started,,parity,
callback:M07_Triangle_Unit.Killed,callback,M07_Triangle_Unit.Killed,Code/Scripts/Mission07.cpp:4870,games/renegade/content/scripts,,,not_started,,parity,
callback:M07_V01_Controller.Created,callback,M07_V01_Controller.Created,Code/Scripts/Mission07.cpp:4301,games/renegade/content/scripts,,,not_started,,parity,
callback:M07_V01_Controller.Custom,callback,M07_V01_Controller.Custom,Code/Scripts/Mission07.cpp:4306,games/renegade/content/scripts,,,not_started,,parity,
callback:M07_V01_Destroyed_Flame_Tank.Created,callback,M07_V01_Destroyed_Flame_Tank.Created,Code/Scripts/Mission07.cpp:4361,games/renegade/content/scripts,,,not_started,,parity,
callback:M07_V01_Destroyed_Flame_Tank.Custom,callback,M07_V01_Destroyed_Flame_Tank.Custom,Code/Scripts/Mission07.cpp:4367,games/renegade/content/scripts,,,not_started,,parity,
callback:M07_V01_Destroyed_Flame_Tank.Killed,callback,M07_V01_Destroyed_Flame_Tank.Killed,Code/Scripts/Mission07.cpp:4378,games/renegade/content/scripts,,,not_started,,parity,
callback:M07_V01_Unit.Created,callback,M07_V01_Unit.Created,Code/Scripts/Mission07.cpp:4539,games/renegade/content/scripts,,,not_started,,parity,
callback:M07_V01_Unit.Killed,callback,M07_V01_Unit.Killed,Code/Scripts/Mission07.cpp:4558,games/renegade/content/scripts,,,not_started,,parity,
callback:M07_V01_Unit.Timer_Expired,callback,M07_V01_Unit.Timer_Expired,Code/Scripts/Mission07.cpp:4545,games/renegade/content/scripts,,,not_started,,parity,
callback:M07_V05_Controller.Created,callback,M07_V05_Controller.Created,Code/Scripts/Mission07.cpp:3767,games/renegade/content/scripts,,,not_started,,parity,
callback:M07_V05_Controller.Custom,callback,M07_V05_Controller.Custom,Code/Scripts/Mission07.cpp:3775,games/renegade/content/scripts,,,not_started,,parity,
callback:M07_V05_Controller.Timer_Expired,callback,M07_V05_Controller.Timer_Expired,Code/Scripts/Mission07.cpp:3804,games/renegade/content/scripts,,,not_started,,parity,
callback:M07_V05_Officer.Created,callback,M07_V05_Officer.Created,Code/Scripts/Mission07.cpp:3835,games/renegade/content/scripts,,,not_started,,parity,
callback:M07_V05_Officer.Killed,callback,M07_V05_Officer.Killed,Code/Scripts/Mission07.cpp:3840,games/renegade/content/scripts,,,not_started,,parity,
callback:M07_V05_Unit.Created,callback,M07_V05_Unit.Created,Code/Scripts/Mission07.cpp:3857,games/renegade/content/scripts,,,not_started,,parity,
callback:M07_V05_Unit.Killed,callback,M07_V05_Unit.Killed,Code/Scripts/Mission07.cpp:3868,games/renegade/content/scripts,,,not_started,,parity,
callback:M07_Vehicle_Drop_Controller.Created,callback,M07_Vehicle_Drop_Controller.Created,Code/Scripts/Mission07.cpp:3024,games/renegade/content/scripts,,,not_started,,parity,
callback:M07_Vehicle_Drop_Controller.Custom,callback,M07_Vehicle_Drop_Controller.Custom,Code/Scripts/Mission07.cpp:3040,games/renegade/content/scripts,,,not_started,,parity,
callback:M07_Vehicle_Drop_Zone.Created,callback,M07_Vehicle_Drop_Zone.Created,Code/Scripts/Mission07.cpp:3135,games/renegade/content/scripts,,,not_started,,parity,
callback:M07_Vehicle_Drop_Zone.Entered,callback,M07_Vehicle_Drop_Zone.Entered,Code/Scripts/Mission07.cpp:3140,games/renegade/content/scripts,,,not_started,,parity,
callback:M08_APC_Soldier.Created,callback,M08_APC_Soldier.Created,Code/Scripts/mission08.cpp:1348,games/renegade/content/scripts,,,not_started,,parity,
callback:M08_APC_Soldier.Killed,callback,M08_APC_Soldier.Killed,Code/Scripts/mission08.cpp:1353,games/renegade/content/scripts,,,not_started,,parity,
callback:M08_Activate_Cavern_Entrance_Truck.Created,callback,M08_Activate_Cavern_Entrance_Truck.Created,Code/Scripts/mission08.cpp:4898,games/renegade/content/scripts,,,not_started,,parity,
callback:M08_Activate_Cavern_Entrance_Truck.Entered,callback,M08_Activate_Cavern_Entrance_Truck.Entered,Code/Scripts/mission08.cpp:4904,games/renegade/content/scripts,,,not_started,,parity,
callback:M08_Activate_Convoy.Created,callback,M08_Activate_Convoy.Created,Code/Scripts/mission08.cpp:1656,games/renegade/content/scripts,,,not_started,,parity,
callback:M08_Activate_Convoy.Entered,callback,M08_Activate_Convoy.Entered,Code/Scripts/mission08.cpp:1661,games/renegade/content/scripts,,,not_started,,parity,
callback:M08_Activate_Encounter.Created,callback,M08_Activate_Encounter.Created,Code/Scripts/mission08.cpp:2859,games/renegade/content/scripts,,,not_started,,parity,
callback:M08_Activate_Encounter.Custom,callback,M08_Activate_Encounter.Custom,Code/Scripts/mission08.cpp:2907,games/renegade/content/scripts,,,not_started,,parity,
callback:M08_Activate_Encounter.Entered,callback,M08_Activate_Encounter.Entered,Code/Scripts/mission08.cpp:2865,games/renegade/content/scripts,,,not_started,,parity,
callback:M08_Activate_Excavation.Created,callback,M08_Activate_Excavation.Created,Code/Scripts/mission08.cpp:6112,games/renegade/content/scripts,,,not_started,,parity,
callback:M08_Activate_Excavation.Entered,callback,M08_Activate_Excavation.Entered,Code/Scripts/mission08.cpp:6117,games/renegade/content/scripts,,,not_started,,parity,
callback:M08_Activate_Innate.Created,callback,M08_Activate_Innate.Created,Code/Scripts/mission08.cpp:3185,games/renegade/content/scripts,,,not_started,,parity,
callback:M08_Activate_Innate.Entered,callback,M08_Activate_Innate.Entered,Code/Scripts/mission08.cpp:3191,games/renegade/content/scripts,,,not_started,,parity,
callback:M08_Activate_Midtro.Created,callback,M08_Activate_Midtro.Created,Code/Scripts/mission08.cpp:6807,games/renegade/content/scripts,,,not_started,,parity,
callback:M08_Activate_Midtro.Entered,callback,M08_Activate_Midtro.Entered,Code/Scripts/mission08.cpp:6812,games/renegade/content/scripts,,,not_started,,parity,
callback:M08_Activate_Objective_802.Action_Complete,callback,M08_Activate_Objective_802.Action_Complete,Code/Scripts/mission08.cpp:379,games/renegade/content/scripts,,,not_started,,parity,
callback:M08_Activate_Objective_802.Created,callback,M08_Activate_Objective_802.Created,Code/Scripts/mission08.cpp:346,games/renegade/content/scripts,,,not_started,,parity,
callback:M08_Activate_Objective_802.Custom,callback,M08_Activate_Objective_802.Custom,Code/Scripts/mission08.cpp:369,games/renegade/content/scripts,,,not_started,,parity,
callback:M08_Activate_Objective_802.Entered,callback,M08_Activate_Objective_802.Entered,Code/Scripts/mission08.cpp:351,games/renegade/content/scripts,,,not_started,,parity,
callback:M08_Activate_Objective_803.Action_Complete,callback,M08_Activate_Objective_803.Action_Complete,Code/Scripts/mission08.cpp:439,games/renegade/content/scripts,,,not_started,,parity,
callback:M08_Activate_Objective_803.Created,callback,M08_Activate_Objective_803.Created,Code/Scripts/mission08.cpp:405,games/renegade/content/scripts,,,not_started,,parity,
callback:M08_Activate_Objective_803.Custom,callback,M08_Activate_Objective_803.Custom,Code/Scripts/mission08.cpp:429,games/renegade/content/scripts,,,not_started,,parity,
callback:M08_Activate_Objective_803.Entered,callback,M08_Activate_Objective_803.Entered,Code/Scripts/mission08.cpp:410,games/renegade/content/scripts,,,not_started,,parity,
callback:M08_Activate_Objective_804.Action_Complete,callback,M08_Activate_Objective_804.Action_Complete,Code/Scripts/mission08.cpp:500,games/renegade/content/scripts,,,not_started,,parity,
callback:M08_Activate_Objective_804.Created,callback,M08_Activate_Objective_804.Created,Code/Scripts/mission08.cpp:465,games/renegade/content/scripts,,,not_started,,parity,
callback:M08_Activate_Objective_804.Custom,callback,M08_Activate_Objective_804.Custom,Code/Scripts/mission08.cpp:490,games/renegade/content/scripts,,,not_started,,parity,
callback:M08_Activate_Objective_804.Entered,callback,M08_Activate_Objective_804.Entered,Code/Scripts/mission08.cpp:470,games/renegade/content/scripts,,,not_started,,parity,
callback:M08_Activate_Objective_806.Action_Complete,callback,M08_Activate_Objective_806.Action_Complete,Code/Scripts/mission08.cpp:547,games/renegade/content/scripts,,,not_started,,parity,
callback:M08_Activate_Objective_806.Created,callback,M08_Activate_Objective_806.Created,Code/Scripts/mission08.cpp:525,games/renegade/content/scripts,,,not_started,,parity,
callback:M08_Activate_Objective_806.Entered,callback,M08_Activate_Objective_806.Entered,Code/Scripts/mission08.cpp:530,games/renegade/content/scripts,,,not_started,,parity,
callback:M08_Activate_PetraA21.Created,callback,M08_Activate_PetraA21.Created,Code/Scripts/mission08.cpp:1462,games/renegade/content/scripts,,,not_started,,parity,
callback:M08_Activate_PetraA21.Entered,callback,M08_Activate_PetraA21.Entered,Code/Scripts/mission08.cpp:1467,games/renegade/content/scripts,,,not_started,,parity,
callback:M08_Activate_PetraA22.Created,callback,M08_Activate_PetraA22.Created,Code/Scripts/mission08.cpp:1499,games/renegade/content/scripts,,,not_started,,parity,
callback:M08_Activate_PetraA22.Entered,callback,M08_Activate_PetraA22.Entered,Code/Scripts/mission08.cpp:1504,games/renegade/content/scripts,,,not_started,,parity,
callback:M08_Activate_Petra_A.Created,callback,M08_Activate_Petra_A.Created,Code/Scripts/mission08.cpp:3698,games/renegade/content/scripts,,,not_started,,parity,
callback:M08_Activate_Petra_A.Entered,callback,M08_Activate_Petra_A.Entered,Code/Scripts/mission08.cpp:3703,games/renegade/content/scripts,,,not_started,,parity,
callback:M08_Activate_Petra_B.Created,callback,M08_Activate_Petra_B.Created,Code/Scripts/mission08.cpp:4087,games/renegade/content/scripts,,,not_started,,parity,
callback:M08_Activate_Petra_B.Entered,callback,M08_Activate_Petra_B.Entered,Code/Scripts/mission08.cpp:4092,games/renegade/content/scripts,,,not_started,,parity,
callback:M08_Activate_Petra_C.Created,callback,M08_Activate_Petra_C.Created,Code/Scripts/mission08.cpp:4465,games/renegade/content/scripts,,,not_started,,parity,
callback:M08_Activate_Petra_C.Entered,callback,M08_Activate_Petra_C.Entered,Code/Scripts/mission08.cpp:4470,games/renegade/content/scripts,,,not_started,,parity,
callback:M08_Activate_Sakura.Created,callback,M08_Activate_Sakura.Created,Code/Scripts/mission08.cpp:5838,games/renegade/content/scripts,,,not_started,,parity,
callback:M08_Activate_Sakura.Entered,callback,M08_Activate_Sakura.Entered,Code/Scripts/mission08.cpp:5843,games/renegade/content/scripts,,,not_started,,parity,
callback:M08_Activate_Stealth_Trap.Created,callback,M08_Activate_Stealth_Trap.Created,Code/Scripts/mission08.cpp:1703,games/renegade/content/scripts,,,not_started,,parity,
callback:M08_Activate_Stealth_Trap.Custom,callback,M08_Activate_Stealth_Trap.Custom,Code/Scripts/mission08.cpp:1793,games/renegade/content/scripts,,,not_started,,parity,
callback:M08_Activate_Stealth_Trap.Entered,callback,M08_Activate_Stealth_Trap.Entered,Code/Scripts/mission08.cpp:1716,games/renegade/content/scripts,,,not_started,,parity,
callback:M08_Apache.Action_Complete,callback,M08_Apache.Action_Complete,Code/Scripts/mission08.cpp:6560,games/renegade/content/scripts,,,not_started,,parity,
callback:M08_Apache.Created,callback,M08_Apache.Created,Code/Scripts/mission08.cpp:6449,games/renegade/content/scripts,,,not_started,,parity,
callback:M08_Apache.Custom,callback,M08_Apache.Custom,Code/Scripts/mission08.cpp:6460,games/renegade/content/scripts,,,not_started,,parity,
callback:M08_Apache.Killed,callback,M08_Apache.Killed,Code/Scripts/mission08.cpp:6602,games/renegade/content/scripts,,,not_started,,parity,
callback:M08_Apache.Timer_Expired,callback,M08_Apache.Timer_Expired,Code/Scripts/mission08.cpp:6514,games/renegade/content/scripts,,,not_started,,parity,
callback:M08_Apache_Controller.Created,callback,M08_Apache_Controller.Created,Code/Scripts/mission08.cpp:6295,games/renegade/content/scripts,,,not_started,,parity,
callback:M08_Apache_Controller.Custom,callback,M08_Apache_Controller.Custom,Code/Scripts/mission08.cpp:6311,games/renegade/content/scripts,,,not_started,,parity,
callback:M08_Apache_Controller.Timer_Expired,callback,M08_Apache_Controller.Timer_Expired,Code/Scripts/mission08.cpp:6410,games/renegade/content/scripts,,,not_started,,parity,
callback:M08_Archaelogical_Reinforcements.Created,callback,M08_Archaelogical_Reinforcements.Created,Code/Scripts/mission08.cpp:2072,games/renegade/content/scripts,,,not_started,,parity,
callback:M08_Archaelogical_Reinforcements.Killed,callback,M08_Archaelogical_Reinforcements.Killed,Code/Scripts/mission08.cpp:2093,games/renegade/content/scripts,,,not_started,,parity,
callback:M08_Archaelogical_Reinforcements.Timer_Expired,callback,M08_Archaelogical_Reinforcements.Timer_Expired,Code/Scripts/mission08.cpp:2080,games/renegade/content/scripts,,,not_started,,parity,
callback:M08_Archaelogical_Site_Buggy.Created,callback,M08_Archaelogical_Site_Buggy.Created,Code/Scripts/mission08.cpp:2171,games/renegade/content/scripts,,,not_started,,parity,
callback:M08_Archaelogical_Site_Buggy.Enemy_Seen,callback,M08_Archaelogical_Site_Buggy.Enemy_Seen,Code/Scripts/mission08.cpp:2186,games/renegade/content/scripts,,,not_started,,parity,
callback:M08_Archaelogical_Site_Buggy.Timer_Expired,callback,M08_Archaelogical_Site_Buggy.Timer_Expired,Code/Scripts/mission08.cpp:2204,games/renegade/content/scripts,,,not_started,,parity,
callback:M08_Archaelogical_Site_Controller.Created,callback,M08_Archaelogical_Site_Controller.Created,Code/Scripts/mission08.cpp:2116,games/renegade/content/scripts,,,not_started,,parity,
callback:M08_Archaelogical_Site_Controller.Custom,callback,M08_Archaelogical_Site_Controller.Custom,Code/Scripts/mission08.cpp:2123,games/renegade/content/scripts,,,not_started,,parity,
callback:M08_Archaelogical_Site_Patrol.Action_Complete,callback,M08_Archaelogical_Site_Patrol.Action_Complete,Code/Scripts/mission08.cpp:2010,games/renegade/content/scripts,,,not_started,,parity,
callback:M08_Archaelogical_Site_Patrol.Created,callback,M08_Archaelogical_Site_Patrol.Created,Code/Scripts/mission08.cpp:1994,games/renegade/content/scripts,,,not_started,,parity,
callback:M08_Archaelogical_Site_Patrol.Killed,callback,M08_Archaelogical_Site_Patrol.Killed,Code/Scripts/mission08.cpp:2051,games/renegade/content/scripts,,,not_started,,parity,
callback:M08_Archaelogical_Site_Patrol.Timer_Expired,callback,M08_Archaelogical_Site_Patrol.Timer_Expired,Code/Scripts/mission08.cpp:2031,games/renegade/content/scripts,,,not_started,,parity,
callback:M08_Archaelogical_Site_Tomb.Created,callback,M08_Archaelogical_Site_Tomb.Created,Code/Scripts/mission08.cpp:2236,games/renegade/content/scripts,,,not_started,,parity,
callback:M08_Archaelogical_Site_Tomb.Entered,callback,M08_Archaelogical_Site_Tomb.Entered,Code/Scripts/mission08.cpp:2241,games/renegade/content/scripts,,,not_started,,parity,
callback:M08_Basketball_Court_Controller.Created,callback,M08_Basketball_Court_Controller.Created,Code/Scripts/mission08.cpp:3241,games/renegade/content/scripts,,,not_started,,parity,
callback:M08_Basketball_Court_Controller.Custom,callback,M08_Basketball_Court_Controller.Custom,Code/Scripts/mission08.cpp:3254,games/renegade/content/scripts,,,not_started,,parity,
callback:M08_Basketball_Gun_Emp.Killed,callback,M08_Basketball_Gun_Emp.Killed,Code/Scripts/mission08.cpp:3287,games/renegade/content/scripts,,,not_started,,parity,
callback:M08_Cavern_APC.Created,callback,M08_Cavern_APC.Created,Code/Scripts/mission08.cpp:5247,games/renegade/content/scripts,,,not_started,,parity,
callback:M08_Cavern_Controller.Created,callback,M08_Cavern_Controller.Created,Code/Scripts/mission08.cpp:5138,games/renegade/content/scripts,,,not_started,,parity,
callback:M08_Cavern_Controller.Custom,callback,M08_Cavern_Controller.Custom,Code/Scripts/mission08.cpp:5145,games/renegade/content/scripts,,,not_started,,parity,
callback:M08_Cavern_Entrance_Truck.Action_Complete,callback,M08_Cavern_Entrance_Truck.Action_Complete,Code/Scripts/mission08.cpp:4949,games/renegade/content/scripts,,,not_started,,parity,
callback:M08_Cavern_Entrance_Truck.Created,callback,M08_Cavern_Entrance_Truck.Created,Code/Scripts/mission08.cpp:4930,games/renegade/content/scripts,,,not_started,,parity,
callback:M08_Cavern_Entrance_Truck.Custom,callback,M08_Cavern_Entrance_Truck.Custom,Code/Scripts/mission08.cpp:4935,games/renegade/content/scripts,,,not_started,,parity,
callback:M08_Cavern_Gun_Emplacement.Created,callback,M08_Cavern_Gun_Emplacement.Created,Code/Scripts/mission08.cpp:5407,games/renegade/content/scripts,,,not_started,,parity,
callback:M08_Cavern_Gun_Emplacement.Damaged,callback,M08_Cavern_Gun_Emplacement.Damaged,Code/Scripts/mission08.cpp:5432,games/renegade/content/scripts,,,not_started,,parity,
callback:M08_Cavern_Gun_Emplacement.Enemy_Seen,callback,M08_Cavern_Gun_Emplacement.Enemy_Seen,Code/Scripts/mission08.cpp:5414,games/renegade/content/scripts,,,not_started,,parity,
callback:M08_Cavern_Gun_Emplacement.Timer_Expired,callback,M08_Cavern_Gun_Emplacement.Timer_Expired,Code/Scripts/mission08.cpp:5452,games/renegade/content/scripts,,,not_started,,parity,
callback:M08_Cavern_Tunnel_APC.Created,callback,M08_Cavern_Tunnel_APC.Created,Code/Scripts/mission08.cpp:5278,games/renegade/content/scripts,,,not_started,,parity,
callback:M08_Cavern_Tunnel_APC.Custom,callback,M08_Cavern_Tunnel_APC.Custom,Code/Scripts/mission08.cpp:5325,games/renegade/content/scripts,,,not_started,,parity,
callback:M08_Cavern_Tunnel_APC.Damaged,callback,M08_Cavern_Tunnel_APC.Damaged,Code/Scripts/mission08.cpp:5365,games/renegade/content/scripts,,,not_started,,parity,
callback:M08_Cavern_Tunnel_APC.Enemy_Seen,callback,M08_Cavern_Tunnel_APC.Enemy_Seen,Code/Scripts/mission08.cpp:5287,games/renegade/content/scripts,,,not_started,,parity,
callback:M08_Cavern_Tunnel_APC.Timer_Expired,callback,M08_Cavern_Tunnel_APC.Timer_Expired,Code/Scripts/mission08.cpp:5355,games/renegade/content/scripts,,,not_started,,parity,
callback:M08_Cell_Controller.Created,callback,M08_Cell_Controller.Created,Code/Scripts/mission08.cpp:894,games/renegade/content/scripts,,,not_started,,parity,
callback:M08_Cell_Controller.Poked,callback,M08_Cell_Controller.Poked,Code/Scripts/mission08.cpp:901,games/renegade/content/scripts,,,not_started,,parity,
callback:M08_Custom_Activate.Created,callback,M08_Custom_Activate.Created,Code/Scripts/mission08.cpp:5213,games/renegade/content/scripts,,,not_started,,parity,
callback:M08_Custom_Activate.Entered,callback,M08_Custom_Activate.Entered,Code/Scripts/mission08.cpp:5218,games/renegade/content/scripts,,,not_started,,parity,
callback:M08_DataDisc_01_DLS.Custom,callback,M08_DataDisc_01_DLS.Custom,Code/Scripts/mission08.cpp:7161,games/renegade/content/scripts,,,not_started,,parity,
callback:M08_DataDisc_02_DLS.Custom,callback,M08_DataDisc_02_DLS.Custom,Code/Scripts/mission08.cpp:7175,games/renegade/content/scripts,,,not_started,,parity,
callback:M08_Deactivate_Encounter.Created,callback,M08_Deactivate_Encounter.Created,Code/Scripts/mission08.cpp:2958,games/renegade/content/scripts,,,not_started,,parity,
callback:M08_Deactivate_Encounter.Entered,callback,M08_Deactivate_Encounter.Entered,Code/Scripts/mission08.cpp:2963,games/renegade/content/scripts,,,not_started,,parity,
callback:M08_Deactivate_Petra_A.Created,callback,M08_Deactivate_Petra_A.Created,Code/Scripts/mission08.cpp:3724,games/renegade/content/scripts,,,not_started,,parity,
callback:M08_Deactivate_Petra_A.Entered,callback,M08_Deactivate_Petra_A.Entered,Code/Scripts/mission08.cpp:3729,games/renegade/content/scripts,,,not_started,,parity,
callback:M08_Deactivate_Petra_B.Created,callback,M08_Deactivate_Petra_B.Created,Code/Scripts/mission08.cpp:4112,games/renegade/content/scripts,,,not_started,,parity,
callback:M08_Deactivate_Petra_B.Entered,callback,M08_Deactivate_Petra_B.Entered,Code/Scripts/mission08.cpp:4117,games/renegade/content/scripts,,,not_started,,parity,
callback:M08_Deactivate_Petra_C.Created,callback,M08_Deactivate_Petra_C.Created,Code/Scripts/mission08.cpp:4490,games/renegade/content/scripts,,,not_started,,parity,
callback:M08_Deactivate_Petra_C.Entered,callback,M08_Deactivate_Petra_C.Entered,Code/Scripts/mission08.cpp:4495,games/renegade/content/scripts,,,not_started,,parity,
callback:M08_Destroy_Stealth_Trap.Created,callback,M08_Destroy_Stealth_Trap.Created,Code/Scripts/mission08.cpp:1824,games/renegade/content/scripts,,,not_started,,parity,
callback:M08_Destroy_Stealth_Trap.Custom,callback,M08_Destroy_Stealth_Trap.Custom,Code/Scripts/mission08.cpp:1841,games/renegade/content/scripts,,,not_started,,parity,
callback:M08_Destroy_Stealth_Trap.Entered,callback,M08_Destroy_Stealth_Trap.Entered,Code/Scripts/mission08.cpp:1830,games/renegade/content/scripts,,,not_started,,parity,
callback:M08_Elevator_Movement_Zone.Entered,callback,M08_Elevator_Movement_Zone.Entered,Code/Scripts/mission08.cpp:6884,games/renegade/content/scripts,,,not_started,,parity,
callback:M08_Enable_KaneConversation.Created,callback,M08_Enable_KaneConversation.Created,Code/Scripts/mission08.cpp:7095,games/renegade/content/scripts,,,not_started,,parity,
callback:M08_Enable_KaneConversation.Entered,callback,M08_Enable_KaneConversation.Entered,Code/Scripts/mission08.cpp:7100,games/renegade/content/scripts,,,not_started,,parity,
callback:M08_Enable_Stealth.Created,callback,M08_Enable_Stealth.Created,Code/Scripts/mission08.cpp:6953,games/renegade/content/scripts,,,not_started,,parity,
callback:M08_Encounter_Unit.Action_Complete,callback,M08_Encounter_Unit.Action_Complete,Code/Scripts/mission08.cpp:3042,games/renegade/content/scripts,,,not_started,,parity,
callback:M08_Encounter_Unit.Created,callback,M08_Encounter_Unit.Created,Code/Scripts/mission08.cpp:2993,games/renegade/content/scripts,,,not_started,,parity,
callback:M08_Encounter_Unit.Timer_Expired,callback,M08_Encounter_Unit.Timer_Expired,Code/Scripts/mission08.cpp:3026,games/renegade/content/scripts,,,not_started,,parity,
callback:M08_Excavation_Mechanism.Killed,callback,M08_Excavation_Mechanism.Killed,Code/Scripts/mission08.cpp:2460,games/renegade/content/scripts,,,not_started,,parity,
callback:M08_Facility_APC.Created,callback,M08_Facility_APC.Created,Code/Scripts/mission08.cpp:4523,games/renegade/content/scripts,,,not_started,,parity,
callback:M08_Facility_APC.Custom,callback,M08_Facility_APC.Custom,Code/Scripts/mission08.cpp:4570,games/renegade/content/scripts,,,not_started,,parity,
callback:M08_Facility_APC.Damaged,callback,M08_Facility_APC.Damaged,Code/Scripts/mission08.cpp:4612,games/renegade/content/scripts,,,not_started,,parity,
callback:M08_Facility_APC.Enemy_Seen,callback,M08_Facility_APC.Enemy_Seen,Code/Scripts/mission08.cpp:4532,games/renegade/content/scripts,,,not_started,,parity,
callback:M08_Facility_APC.Timer_Expired,callback,M08_Facility_APC.Timer_Expired,Code/Scripts/mission08.cpp:4602,games/renegade/content/scripts,,,not_started,,parity,
callback:M08_Facility_Go_Point.Action_Complete,callback,M08_Facility_Go_Point.Action_Complete,Code/Scripts/mission08.cpp:2670,games/renegade/content/scripts,,,not_started,,parity,
callback:M08_Facility_Go_Point.Created,callback,M08_Facility_Go_Point.Created,Code/Scripts/mission08.cpp:2651,games/renegade/content/scripts,,,not_started,,parity,
callback:M08_Facility_Go_Point.Enemy_Seen,callback,M08_Facility_Go_Point.Enemy_Seen,Code/Scripts/mission08.cpp:2706,games/renegade/content/scripts,,,not_started,,parity,
callback:M08_Facility_Go_Point.Timer_Expired,callback,M08_Facility_Go_Point.Timer_Expired,Code/Scripts/mission08.cpp:2694,games/renegade/content/scripts,,,not_started,,parity,
callback:M08_Facility_Patrol.Action_Complete,callback,M08_Facility_Patrol.Action_Complete,Code/Scripts/mission08.cpp:2592,games/renegade/content/scripts,,,not_started,,parity,
callback:M08_Facility_Patrol.Created,callback,M08_Facility_Patrol.Created,Code/Scripts/mission08.cpp:2573,games/renegade/content/scripts,,,not_started,,parity,
callback:M08_Facility_Patrol.Enemy_Seen,callback,M08_Facility_Patrol.Enemy_Seen,Code/Scripts/mission08.cpp:2623,games/renegade/content/scripts,,,not_started,,parity,
callback:M08_Facility_Patrol.Timer_Expired,callback,M08_Facility_Patrol.Timer_Expired,Code/Scripts/mission08.cpp:2611,games/renegade/content/scripts,,,not_started,,parity,
callback:M08_Facility_Scientist.Action_Complete,callback,M08_Facility_Scientist.Action_Complete,Code/Scripts/mission08.cpp:6164,games/renegade/content/scripts,,,not_started,,parity,
callback:M08_Facility_Scientist.Created,callback,M08_Facility_Scientist.Created,Code/Scripts/mission08.cpp:6151,games/renegade/content/scripts,,,not_started,,parity,
callback:M08_Facility_Scientist.Enemy_Seen,callback,M08_Facility_Scientist.Enemy_Seen,Code/Scripts/mission08.cpp:6246,games/renegade/content/scripts,,,not_started,,parity,
callback:M08_Facility_Scientist.Killed,callback,M08_Facility_Scientist.Killed,Code/Scripts/mission08.cpp:6268,games/renegade/content/scripts,,,not_started,,parity,
callback:M08_Facility_Scientist_Inactive.Action_Complete,callback,M08_Facility_Scientist_Inactive.Action_Complete,Code/Scripts/mission08.cpp:5013,games/renegade/content/scripts,,,not_started,,parity,
callback:M08_Facility_Scientist_Inactive.Created,callback,M08_Facility_Scientist_Inactive.Created,Code/Scripts/mission08.cpp:4979,games/renegade/content/scripts,,,not_started,,parity,
callback:M08_Facility_Scientist_Inactive.Custom,callback,M08_Facility_Scientist_Inactive.Custom,Code/Scripts/mission08.cpp:4986,games/renegade/content/scripts,,,not_started,,parity,
callback:M08_Facility_Scientist_Inactive.Enemy_Seen,callback,M08_Facility_Scientist_Inactive.Enemy_Seen,Code/Scripts/mission08.cpp:5098,games/renegade/content/scripts,,,not_started,,parity,
callback:M08_Facility_Scientist_Inactive.Killed,callback,M08_Facility_Scientist_Inactive.Killed,Code/Scripts/mission08.cpp:5115,games/renegade/content/scripts,,,not_started,,parity,
callback:M08_Facility_Scientist_Inactive.Timer_Expired,callback,M08_Facility_Scientist_Inactive.Timer_Expired,Code/Scripts/mission08.cpp:5079,games/renegade/content/scripts,,,not_started,,parity,
callback:M08_Facility_Tank.Created,callback,M08_Facility_Tank.Created,Code/Scripts/mission08.cpp:2731,games/renegade/content/scripts,,,not_started,,parity,
callback:M08_Facility_Tank.Enemy_Seen,callback,M08_Facility_Tank.Enemy_Seen,Code/Scripts/mission08.cpp:2741,games/renegade/content/scripts,,,not_started,,parity,
callback:M08_Facility_Tank.Timer_Expired,callback,M08_Facility_Tank.Timer_Expired,Code/Scripts/mission08.cpp:2760,games/renegade/content/scripts,,,not_started,,parity,
callback:M08_Facility_Vehicle_Dec.Created,callback,M08_Facility_Vehicle_Dec.Created,Code/Scripts/mission08.cpp:2805,games/renegade/content/scripts,,,not_started,,parity,
callback:M08_Facility_Vehicle_Dec.Enemy_Seen,callback,M08_Facility_Vehicle_Dec.Enemy_Seen,Code/Scripts/mission08.cpp:2812,games/renegade/content/scripts,,,not_started,,parity,
callback:M08_Facility_Vehicle_Dec.Timer_Expired,callback,M08_Facility_Vehicle_Dec.Timer_Expired,Code/Scripts/mission08.cpp:2828,games/renegade/content/scripts,,,not_started,,parity,
callback:M08_Flyover_Controller.Created,callback,M08_Flyover_Controller.Created,Code/Scripts/mission08.cpp:6063,games/renegade/content/scripts,,,not_started,,parity,
callback:M08_Flyover_Controller.Timer_Expired,callback,M08_Flyover_Controller.Timer_Expired,Code/Scripts/mission08.cpp:6070,games/renegade/content/scripts,,,not_started,,parity,
callback:M08_Free_Jailed_Mutants.Created,callback,M08_Free_Jailed_Mutants.Created,Code/Scripts/mission08.cpp:6777,games/renegade/content/scripts,,,not_started,,parity,
callback:M08_Free_Jailed_Mutants.Poked,callback,M08_Free_Jailed_Mutants.Poked,Code/Scripts/mission08.cpp:6782,games/renegade/content/scripts,,,not_started,,parity,
callback:M08_Free_Prisoners_Zone.Created,callback,M08_Free_Prisoners_Zone.Created,Code/Scripts/mission08.cpp:5656,games/renegade/content/scripts,,,not_started,,parity,
callback:M08_Free_Prisoners_Zone.Entered,callback,M08_Free_Prisoners_Zone.Entered,Code/Scripts/mission08.cpp:5661,games/renegade/content/scripts,,,not_started,,parity,
callback:M08_GDI_Free_Prison.Killed,callback,M08_GDI_Free_Prison.Killed,Code/Scripts/mission08.cpp:1270,games/renegade/content/scripts,,,not_started,,parity,
callback:M08_Havoc_DLS.Created,callback,M08_Havoc_DLS.Created,Code/Scripts/mission08.cpp:288,games/renegade/content/scripts,,,not_started,,parity,
callback:M08_Havoc_DLS.Custom,callback,M08_Havoc_DLS.Custom,Code/Scripts/mission08.cpp:300,games/renegade/content/scripts,,,not_started,,parity,
callback:M08_Havoc_DLS.Destroyed,callback,M08_Havoc_DLS.Destroyed,Code/Scripts/mission08.cpp:325,games/renegade/content/scripts,,,not_started,,parity,
callback:M08_Helipad.Created,callback,M08_Helipad.Created,Code/Scripts/mission08.cpp:572,games/renegade/content/scripts,,,not_started,,parity,
callback:M08_Helipad.Killed,callback,M08_Helipad.Killed,Code/Scripts/mission08.cpp:577,games/renegade/content/scripts,,,not_started,,parity,
callback:M08_Homepoint.Created,callback,M08_Homepoint.Created,Code/Scripts/mission08.cpp:3295,games/renegade/content/scripts,,,not_started,,parity,
callback:M08_Immortal_Star_DLS.Created,callback,M08_Immortal_Star_DLS.Created,Code/Scripts/mission08.cpp:6926,games/renegade/content/scripts,,,not_started,,parity,
callback:M08_Immortal_Star_DLS.Custom,callback,M08_Immortal_Star_DLS.Custom,Code/Scripts/mission08.cpp:6932,games/renegade/content/scripts,,,not_started,,parity,
callback:M08_Immortal_Star_DLS.Damaged,callback,M08_Immortal_Star_DLS.Damaged,Code/Scripts/mission08.cpp:6940,games/renegade/content/scripts,,,not_started,,parity,
callback:M08_Initial_Prisoner.Action_Complete,callback,M08_Initial_Prisoner.Action_Complete,Code/Scripts/mission08.cpp:792,games/renegade/content/scripts,,,not_started,,parity,
callback:M08_Initial_Prisoner.Created,callback,M08_Initial_Prisoner.Created,Code/Scripts/mission08.cpp:745,games/renegade/content/scripts,,,not_started,,parity,
callback:M08_Initial_Prisoner.Custom,callback,M08_Initial_Prisoner.Custom,Code/Scripts/mission08.cpp:770,games/renegade/content/scripts,,,not_started,,parity,
callback:M08_Initial_Prisoner.Enemy_Seen,callback,M08_Initial_Prisoner.Enemy_Seen,Code/Scripts/mission08.cpp:752,games/renegade/content/scripts,,,not_started,,parity,
callback:M08_Initial_Prisoner.Killed,callback,M08_Initial_Prisoner.Killed,Code/Scripts/mission08.cpp:812,games/renegade/content/scripts,,,not_started,,parity,
callback:M08_Initial_Prisoner.Sound_Heard,callback,M08_Initial_Prisoner.Sound_Heard,Code/Scripts/mission08.cpp:781,games/renegade/content/scripts,,,not_started,,parity,
callback:M08_Innate_Control.Created,callback,M08_Innate_Control.Created,Code/Scripts/mission08.cpp:3155,games/renegade/content/scripts,,,not_started,,parity,
callback:M08_Innate_Control.Custom,callback,M08_Innate_Control.Custom,Code/Scripts/mission08.cpp:3160,games/renegade/content/scripts,,,not_started,,parity,
callback:M08_KaneHead.Action_Complete,callback,M08_KaneHead.Action_Complete,Code/Scripts/mission08.cpp:7144,games/renegade/content/scripts,,,not_started,,parity,
callback:M08_KaneHead.Created,callback,M08_KaneHead.Created,Code/Scripts/mission08.cpp:7133,games/renegade/content/scripts,,,not_started,,parity,
callback:M08_Lower_Cavern_Buggy.Action_Complete,callback,M08_Lower_Cavern_Buggy.Action_Complete,Code/Scripts/mission08.cpp:5513,games/renegade/content/scripts,,,not_started,,parity,
callback:M08_Lower_Cavern_Buggy.Created,callback,M08_Lower_Cavern_Buggy.Created,Code/Scripts/mission08.cpp:5478,games/renegade/content/scripts,,,not_started,,parity,
callback:M08_Lower_Cavern_Buggy.Enemy_Seen,callback,M08_Lower_Cavern_Buggy.Enemy_Seen,Code/Scripts/mission08.cpp:5494,games/renegade/content/scripts,,,not_started,,parity,
callback:M08_Lower_Cavern_Buggy.Timer_Expired,callback,M08_Lower_Cavern_Buggy.Timer_Expired,Code/Scripts/mission08.cpp:5531,games/renegade/content/scripts,,,not_started,,parity,
callback:M08_Mobile_Apache.Action_Complete,callback,M08_Mobile_Apache.Action_Complete,Code/Scripts/mission08.cpp:6636,games/renegade/content/scripts,,,not_started,,parity,
callback:M08_Mobile_Apache.Created,callback,M08_Mobile_Apache.Created,Code/Scripts/mission08.cpp:6623,games/renegade/content/scripts,,,not_started,,parity,
callback:M08_Mobile_Apache.Sound_Heard,callback,M08_Mobile_Apache.Sound_Heard,Code/Scripts/mission08.cpp:6710,games/renegade/content/scripts,,,not_started,,parity,
callback:M08_Mobile_Apache.Timer_Expired,callback,M08_Mobile_Apache.Timer_Expired,Code/Scripts/mission08.cpp:6669,games/renegade/content/scripts,,,not_started,,parity,
callback:M08_Mobile_Vehicle.Created,callback,M08_Mobile_Vehicle.Created,Code/Scripts/mission08.cpp:5966,games/renegade/content/scripts,,,not_started,,parity,
callback:M08_Mobile_Vehicle.Enemy_Seen,callback,M08_Mobile_Vehicle.Enemy_Seen,Code/Scripts/mission08.cpp:5991,games/renegade/content/scripts,,,not_started,,parity,
callback:M08_Mobile_Vehicle.Timer_Expired,callback,M08_Mobile_Vehicle.Timer_Expired,Code/Scripts/mission08.cpp:6016,games/renegade/content/scripts,,,not_started,,parity,
callback:M08_Move_Sakura.Created,callback,M08_Move_Sakura.Created,Code/Scripts/mission08.cpp:5907,games/renegade/content/scripts,,,not_started,,parity,
callback:M08_Move_Sakura.Custom,callback,M08_Move_Sakura.Custom,Code/Scripts/mission08.cpp:5927,games/renegade/content/scripts,,,not_started,,parity,
callback:M08_Move_Sakura.Entered,callback,M08_Move_Sakura.Entered,Code/Scripts/mission08.cpp:5913,games/renegade/content/scripts,,,not_started,,parity,
callback:M08_Mutant_Behavior.Created,callback,M08_Mutant_Behavior.Created,Code/Scripts/mission08.cpp:6737,games/renegade/content/scripts,,,not_started,,parity,
callback:M08_Mutant_Behavior.Custom,callback,M08_Mutant_Behavior.Custom,Code/Scripts/mission08.cpp:6748,games/renegade/content/scripts,,,not_started,,parity,
callback:M08_Nod_Buggy_Dec.Created,callback,M08_Nod_Buggy_Dec.Created,Code/Scripts/mission08.cpp:3317,games/renegade/content/scripts,,,not_started,,parity,
callback:M08_Nod_Buggy_Dec.Damaged,callback,M08_Nod_Buggy_Dec.Damaged,Code/Scripts/mission08.cpp:3339,games/renegade/content/scripts,,,not_started,,parity,
callback:M08_Nod_Buggy_Dec.Enemy_Seen,callback,M08_Nod_Buggy_Dec.Enemy_Seen,Code/Scripts/mission08.cpp:3323,games/renegade/content/scripts,,,not_started,,parity,
callback:M08_Nod_Buggy_Dec.Timer_Expired,callback,M08_Nod_Buggy_Dec.Timer_Expired,Code/Scripts/mission08.cpp:3356,games/renegade/content/scripts,,,not_started,,parity,
callback:M08_Nod_Gun_Emplacement.Created,callback,M08_Nod_Gun_Emplacement.Created,Code/Scripts/mission08.cpp:1011,games/renegade/content/scripts,,,not_started,,parity,
callback:M08_Nod_Gun_Emplacement.Damaged,callback,M08_Nod_Gun_Emplacement.Damaged,Code/Scripts/mission08.cpp:1034,games/renegade/content/scripts,,,not_started,,parity,
callback:M08_Nod_Gun_Emplacement.Enemy_Seen,callback,M08_Nod_Gun_Emplacement.Enemy_Seen,Code/Scripts/mission08.cpp:1018,games/renegade/content/scripts,,,not_started,,parity,
callback:M08_Nod_Gun_Emplacement.Timer_Expired,callback,M08_Nod_Gun_Emplacement.Timer_Expired,Code/Scripts/mission08.cpp:1051,games/renegade/content/scripts,,,not_started,,parity,
callback:M08_Nod_Light_Tank.Created,callback,M08_Nod_Light_Tank.Created,Code/Scripts/mission08.cpp:1888,games/renegade/content/scripts,,,not_started,,parity,
callback:M08_Nod_Light_Tank.Enemy_Seen,callback,M08_Nod_Light_Tank.Enemy_Seen,Code/Scripts/mission08.cpp:1894,games/renegade/content/scripts,,,not_started,,parity,
callback:M08_Nod_Light_Tank.Timer_Expired,callback,M08_Nod_Light_Tank.Timer_Expired,Code/Scripts/mission08.cpp:1909,games/renegade/content/scripts,,,not_started,,parity,
callback:M08_Nod_Prison_Unit.Created,callback,M08_Nod_Prison_Unit.Created,Code/Scripts/mission08.cpp:856,games/renegade/content/scripts,,,not_started,,parity,
callback:M08_Nod_Prison_Unit.Custom,callback,M08_Nod_Prison_Unit.Custom,Code/Scripts/mission08.cpp:861,games/renegade/content/scripts,,,not_started,,parity,
callback:M08_Nod_Prison_Unit.Killed,callback,M08_Nod_Prison_Unit.Killed,Code/Scripts/mission08.cpp:877,games/renegade/content/scripts,,,not_started,,parity,
callback:M08_Nod_Stealth_Tank.Created,callback,M08_Nod_Stealth_Tank.Created,Code/Scripts/mission08.cpp:1940,games/renegade/content/scripts,,,not_started,,parity,
callback:M08_Nod_Stealth_Tank.Enemy_Seen,callback,M08_Nod_Stealth_Tank.Enemy_Seen,Code/Scripts/mission08.cpp:1946,games/renegade/content/scripts,,,not_started,,parity,
callback:M08_Nod_Stealth_Tank.Timer_Expired,callback,M08_Nod_Stealth_Tank.Timer_Expired,Code/Scripts/mission08.cpp:1961,games/renegade/content/scripts,,,not_started,,parity,
callback:M08_Nod_Turret.Created,callback,M08_Nod_Turret.Created,Code/Scripts/mission08.cpp:1077,games/renegade/content/scripts,,,not_started,,parity,
callback:M08_Nod_Turret.Damaged,callback,M08_Nod_Turret.Damaged,Code/Scripts/mission08.cpp:1100,games/renegade/content/scripts,,,not_started,,parity,
callback:M08_Nod_Turret.Enemy_Seen,callback,M08_Nod_Turret.Enemy_Seen,Code/Scripts/mission08.cpp:1084,games/renegade/content/scripts,,,not_started,,parity,
callback:M08_Nod_Turret.Timer_Expired,callback,M08_Nod_Turret.Timer_Expired,Code/Scripts/mission08.cpp:1120,games/renegade/content/scripts,,,not_started,,parity,
callback:M08_Nod_Warden.Created,callback,M08_Nod_Warden.Created,Code/Scripts/mission08.cpp:5868,games/renegade/content/scripts,,,not_started,,parity,
callback:M08_Nod_Warden.Custom,callback,M08_Nod_Warden.Custom,Code/Scripts/mission08.cpp:5873,games/renegade/content/scripts,,,not_started,,parity,
callback:M08_Nod_Warden.Killed,callback,M08_Nod_Warden.Killed,Code/Scripts/mission08.cpp:5884,games/renegade/content/scripts,,,not_started,,parity,
callback:M08_Objective_Controller.Created,callback,M08_Objective_Controller.Created,Code/Scripts/mission08.cpp:58,games/renegade/content/scripts,,,not_started,,parity,
callback:M08_Objective_Controller.Custom,callback,M08_Objective_Controller.Custom,Code/Scripts/mission08.cpp:225,games/renegade/content/scripts,,,not_started,,parity,
callback:M08_Observatory_Dome_Controller.Created,callback,M08_Observatory_Dome_Controller.Created,Code/Scripts/mission08.cpp:4805,games/renegade/content/scripts,,,not_started,,parity,
callback:M08_Observatory_Dome_Controller.Custom,callback,M08_Observatory_Dome_Controller.Custom,Code/Scripts/mission08.cpp:4810,games/renegade/content/scripts,,,not_started,,parity,
callback:M08_Patrol_Inactive.Action_Complete,callback,M08_Patrol_Inactive.Action_Complete,Code/Scripts/mission08.cpp:4663,games/renegade/content/scripts,,,not_started,,parity,
callback:M08_Patrol_Inactive.Created,callback,M08_Patrol_Inactive.Created,Code/Scripts/mission08.cpp:4657,games/renegade/content/scripts,,,not_started,,parity,
callback:M08_Patrol_Inactive.Custom,callback,M08_Patrol_Inactive.Custom,Code/Scripts/mission08.cpp:4688,games/renegade/content/scripts,,,not_started,,parity,
callback:M08_Patrol_Inactive.Enemy_Seen,callback,M08_Patrol_Inactive.Enemy_Seen,Code/Scripts/mission08.cpp:4725,games/renegade/content/scripts,,,not_started,,parity,
callback:M08_Patrol_Inactive.Killed,callback,M08_Patrol_Inactive.Killed,Code/Scripts/mission08.cpp:4752,games/renegade/content/scripts,,,not_started,,parity,
callback:M08_Patrol_Inactive.Timer_Expired,callback,M08_Patrol_Inactive.Timer_Expired,Code/Scripts/mission08.cpp:4734,games/renegade/content/scripts,,,not_started,,parity,
callback:M08_PetraA21_Buggy.Action_Complete,callback,M08_PetraA21_Buggy.Action_Complete,Code/Scripts/mission08.cpp:1420,games/renegade/content/scripts,,,not_started,,parity,
callback:M08_PetraA21_Buggy.Created,callback,M08_PetraA21_Buggy.Created,Code/Scripts/mission08.cpp:1377,games/renegade/content/scripts,,,not_started,,parity,
callback:M08_PetraA21_Buggy.Custom,callback,M08_PetraA21_Buggy.Custom,Code/Scripts/mission08.cpp:1405,games/renegade/content/scripts,,,not_started,,parity,
callback:M08_PetraA21_Buggy.Enemy_Seen,callback,M08_PetraA21_Buggy.Enemy_Seen,Code/Scripts/mission08.cpp:1384,games/renegade/content/scripts,,,not_started,,parity,
callback:M08_PetraA21_Buggy.Timer_Expired,callback,M08_PetraA21_Buggy.Timer_Expired,Code/Scripts/mission08.cpp:1438,games/renegade/content/scripts,,,not_started,,parity,
callback:M08_PetraA22_Stealth_Tank.Created,callback,M08_PetraA22_Stealth_Tank.Created,Code/Scripts/mission08.cpp:1532,games/renegade/content/scripts,,,not_started,,parity,
callback:M08_PetraA22_Stealth_Tank.Custom,callback,M08_PetraA22_Stealth_Tank.Custom,Code/Scripts/mission08.cpp:1567,games/renegade/content/scripts,,,not_started,,parity,
callback:M08_PetraA22_Stealth_Tank.Enemy_Seen,callback,M08_PetraA22_Stealth_Tank.Enemy_Seen,Code/Scripts/mission08.cpp:1537,games/renegade/content/scripts,,,not_started,,parity,
callback:M08_PetraA22_Stealth_Tank.Timer_Expired,callback,M08_PetraA22_Stealth_Tank.Timer_Expired,Code/Scripts/mission08.cpp:1552,games/renegade/content/scripts,,,not_started,,parity,
callback:M08_PetraA25_Controller.Created,callback,M08_PetraA25_Controller.Created,Code/Scripts/mission08.cpp:2267,games/renegade/content/scripts,,,not_started,,parity,
callback:M08_PetraA25_Controller.Custom,callback,M08_PetraA25_Controller.Custom,Code/Scripts/mission08.cpp:2273,games/renegade/content/scripts,,,not_started,,parity,
callback:M08_PetraA25_Patrol.Action_Complete,callback,M08_PetraA25_Patrol.Action_Complete,Code/Scripts/mission08.cpp:2415,games/renegade/content/scripts,,,not_started,,parity,
callback:M08_PetraA25_Patrol.Created,callback,M08_PetraA25_Patrol.Created,Code/Scripts/mission08.cpp:2401,games/renegade/content/scripts,,,not_started,,parity,
callback:M08_PetraA25_Patrol.Timer_Expired,callback,M08_PetraA25_Patrol.Timer_Expired,Code/Scripts/mission08.cpp:2436,games/renegade/content/scripts,,,not_started,,parity,
callback:M08_PetraA25_Tank.Created,callback,M08_PetraA25_Tank.Created,Code/Scripts/mission08.cpp:2319,games/renegade/content/scripts,,,not_started,,parity,
callback:M08_PetraA25_Tank.Enemy_Seen,callback,M08_PetraA25_Tank.Enemy_Seen,Code/Scripts/mission08.cpp:2328,games/renegade/content/scripts,,,not_started,,parity,
callback:M08_PetraA25_Tank.Killed,callback,M08_PetraA25_Tank.Killed,Code/Scripts/mission08.cpp:2378,games/renegade/content/scripts,,,not_started,,parity,
callback:M08_PetraA25_Tank.Timer_Expired,callback,M08_PetraA25_Tank.Timer_Expired,Code/Scripts/mission08.cpp:2347,games/renegade/content/scripts,,,not_started,,parity,
callback:M08_Petra_A_Controller.Created,callback,M08_Petra_A_Controller.Created,Code/Scripts/mission08.cpp:3395,games/renegade/content/scripts,,,not_started,,parity,
callback:M08_Petra_A_Controller.Custom,callback,M08_Petra_A_Controller.Custom,Code/Scripts/mission08.cpp:3411,games/renegade/content/scripts,,,not_started,,parity,
callback:M08_Petra_A_Helo.Created,callback,M08_Petra_A_Helo.Created,Code/Scripts/mission08.cpp:3676,games/renegade/content/scripts,,,not_started,,parity,
callback:M08_Petra_A_Helo.Killed,callback,M08_Petra_A_Helo.Killed,Code/Scripts/mission08.cpp:3681,games/renegade/content/scripts,,,not_started,,parity,
callback:M08_Petra_A_Unit.Action_Complete,callback,M08_Petra_A_Unit.Action_Complete,Code/Scripts/mission08.cpp:3645,games/renegade/content/scripts,,,not_started,,parity,
callback:M08_Petra_A_Unit.Created,callback,M08_Petra_A_Unit.Created,Code/Scripts/mission08.cpp:3581,games/renegade/content/scripts,,,not_started,,parity,
callback:M08_Petra_A_Unit.Custom,callback,M08_Petra_A_Unit.Custom,Code/Scripts/mission08.cpp:3606,games/renegade/content/scripts,,,not_started,,parity,
callback:M08_Petra_A_Unit.Killed,callback,M08_Petra_A_Unit.Killed,Code/Scripts/mission08.cpp:3658,games/renegade/content/scripts,,,not_started,,parity,
callback:M08_Petra_A_Unit.Sound_Heard,callback,M08_Petra_A_Unit.Sound_Heard,Code/Scripts/mission08.cpp:3633,games/renegade/content/scripts,,,not_started,,parity,
callback:M08_Petra_A_Unit.Timer_Expired,callback,M08_Petra_A_Unit.Timer_Expired,Code/Scripts/mission08.cpp:3592,games/renegade/content/scripts,,,not_started,,parity,
callback:M08_Petra_B_Controller.Created,callback,M08_Petra_B_Controller.Created,Code/Scripts/mission08.cpp:3770,games/renegade/content/scripts,,,not_started,,parity,
callback:M08_Petra_B_Controller.Custom,callback,M08_Petra_B_Controller.Custom,Code/Scripts/mission08.cpp:3786,games/renegade/content/scripts,,,not_started,,parity,
callback:M08_Petra_B_Helo.Created,callback,M08_Petra_B_Helo.Created,Code/Scripts/mission08.cpp:4065,games/renegade/content/scripts,,,not_started,,parity,
callback:M08_Petra_B_Helo.Killed,callback,M08_Petra_B_Helo.Killed,Code/Scripts/mission08.cpp:4070,games/renegade/content/scripts,,,not_started,,parity,
callback:M08_Petra_B_Unit.Action_Complete,callback,M08_Petra_B_Unit.Action_Complete,Code/Scripts/mission08.cpp:4034,games/renegade/content/scripts,,,not_started,,parity,
callback:M08_Petra_B_Unit.Created,callback,M08_Petra_B_Unit.Created,Code/Scripts/mission08.cpp:3970,games/renegade/content/scripts,,,not_started,,parity,
callback:M08_Petra_B_Unit.Custom,callback,M08_Petra_B_Unit.Custom,Code/Scripts/mission08.cpp:3995,games/renegade/content/scripts,,,not_started,,parity,
callback:M08_Petra_B_Unit.Killed,callback,M08_Petra_B_Unit.Killed,Code/Scripts/mission08.cpp:4047,games/renegade/content/scripts,,,not_started,,parity,
callback:M08_Petra_B_Unit.Sound_Heard,callback,M08_Petra_B_Unit.Sound_Heard,Code/Scripts/mission08.cpp:4022,games/renegade/content/scripts,,,not_started,,parity,
callback:M08_Petra_B_Unit.Timer_Expired,callback,M08_Petra_B_Unit.Timer_Expired,Code/Scripts/mission08.cpp:3981,games/renegade/content/scripts,,,not_started,,parity,
callback:M08_Petra_C_Controller.Created,callback,M08_Petra_C_Controller.Created,Code/Scripts/mission08.cpp:4158,games/renegade/content/scripts,,,not_started,,parity,
callback:M08_Petra_C_Controller.Custom,callback,M08_Petra_C_Controller.Custom,Code/Scripts/mission08.cpp:4175,games/renegade/content/scripts,,,not_started,,parity,
callback:M08_Petra_C_Helo.Created,callback,M08_Petra_C_Helo.Created,Code/Scripts/mission08.cpp:4443,games/renegade/content/scripts,,,not_started,,parity,
callback:M08_Petra_C_Helo.Killed,callback,M08_Petra_C_Helo.Killed,Code/Scripts/mission08.cpp:4448,games/renegade/content/scripts,,,not_started,,parity,
callback:M08_Petra_C_Unit.Action_Complete,callback,M08_Petra_C_Unit.Action_Complete,Code/Scripts/mission08.cpp:4412,games/renegade/content/scripts,,,not_started,,parity,
callback:M08_Petra_C_Unit.Created,callback,M08_Petra_C_Unit.Created,Code/Scripts/mission08.cpp:4348,games/renegade/content/scripts,,,not_started,,parity,
callback:M08_Petra_C_Unit.Custom,callback,M08_Petra_C_Unit.Custom,Code/Scripts/mission08.cpp:4373,games/renegade/content/scripts,,,not_started,,parity,
callback:M08_Petra_C_Unit.Killed,callback,M08_Petra_C_Unit.Killed,Code/Scripts/mission08.cpp:4425,games/renegade/content/scripts,,,not_started,,parity,
callback:M08_Petra_C_Unit.Sound_Heard,callback,M08_Petra_C_Unit.Sound_Heard,Code/Scripts/mission08.cpp:4400,games/renegade/content/scripts,,,not_started,,parity,
callback:M08_Petra_C_Unit.Timer_Expired,callback,M08_Petra_C_Unit.Timer_Expired,Code/Scripts/mission08.cpp:4359,games/renegade/content/scripts,,,not_started,,parity,
callback:M08_Petra_Convoy.Created,callback,M08_Petra_Convoy.Created,Code/Scripts/mission08.cpp:1593,games/renegade/content/scripts,,,not_started,,parity,
callback:M08_Petra_Convoy.Custom,callback,M08_Petra_Convoy.Custom,Code/Scripts/mission08.cpp:1599,games/renegade/content/scripts,,,not_started,,parity,
callback:M08_Player_Stealth_Tank.Created,callback,M08_Player_Stealth_Tank.Created,Code/Scripts/mission08.cpp:1866,games/renegade/content/scripts,,,not_started,,parity,
callback:M08_Prison_Apache.Action_Complete,callback,M08_Prison_Apache.Action_Complete,Code/Scripts/mission08.cpp:1220,games/renegade/content/scripts,,,not_started,,parity,
callback:M08_Prison_Apache.Created,callback,M08_Prison_Apache.Created,Code/Scripts/mission08.cpp:1146,games/renegade/content/scripts,,,not_started,,parity,
callback:M08_Prison_Apache.Enemy_Seen,callback,M08_Prison_Apache.Enemy_Seen,Code/Scripts/mission08.cpp:1189,games/renegade/content/scripts,,,not_started,,parity,
callback:M08_Prison_Apache.Sound_Heard,callback,M08_Prison_Apache.Sound_Heard,Code/Scripts/mission08.cpp:1241,games/renegade/content/scripts,,,not_started,,parity,
callback:M08_Prison_Apache.Timer_Expired,callback,M08_Prison_Apache.Timer_Expired,Code/Scripts/mission08.cpp:1203,games/renegade/content/scripts,,,not_started,,parity,
callback:M08_Prison_Controller.Created,callback,M08_Prison_Controller.Created,Code/Scripts/mission08.cpp:1291,games/renegade/content/scripts,,,not_started,,parity,
callback:M08_Prison_Controller.Custom,callback,M08_Prison_Controller.Custom,Code/Scripts/mission08.cpp:1298,games/renegade/content/scripts,,,not_started,,parity,
callback:M08_Prison_Patrol.Action_Complete,callback,M08_Prison_Patrol.Action_Complete,Code/Scripts/mission08.cpp:674,games/renegade/content/scripts,,,not_started,,parity,
callback:M08_Prison_Patrol.Created,callback,M08_Prison_Patrol.Created,Code/Scripts/mission08.cpp:641,games/renegade/content/scripts,,,not_started,,parity,
callback:M08_Prison_Patrol.Enemy_Seen,callback,M08_Prison_Patrol.Enemy_Seen,Code/Scripts/mission08.cpp:699,games/renegade/content/scripts,,,not_started,,parity,
callback:M08_Prison_Patrol.Timer_Expired,callback,M08_Prison_Patrol.Timer_Expired,Code/Scripts/mission08.cpp:708,games/renegade/content/scripts,,,not_started,,parity,
callback:M08_Prison_Storage_Guard.Created,callback,M08_Prison_Storage_Guard.Created,Code/Scripts/mission08.cpp:930,games/renegade/content/scripts,,,not_started,,parity,
callback:M08_Prison_Storage_Guard.Killed,callback,M08_Prison_Storage_Guard.Killed,Code/Scripts/mission08.cpp:936,games/renegade/content/scripts,,,not_started,,parity,
callback:M08_Prisoner_Conversation.Created,callback,M08_Prisoner_Conversation.Created,Code/Scripts/mission08.cpp:6845,games/renegade/content/scripts,,,not_started,,parity,
callback:M08_Prisoner_Conversation.Entered,callback,M08_Prisoner_Conversation.Entered,Code/Scripts/mission08.cpp:6850,games/renegade/content/scripts,,,not_started,,parity,
callback:M08_Prisoner_Poke_Conversation.Action_Complete,callback,M08_Prisoner_Poke_Conversation.Action_Complete,Code/Scripts/mission08.cpp:7073,games/renegade/content/scripts,,,not_started,,parity,
callback:M08_Prisoner_Poke_Conversation.Created,callback,M08_Prisoner_Poke_Conversation.Created,Code/Scripts/mission08.cpp:7020,games/renegade/content/scripts,,,not_started,,parity,
callback:M08_Prisoner_Poke_Conversation.Poked,callback,M08_Prisoner_Poke_Conversation.Poked,Code/Scripts/mission08.cpp:7026,games/renegade/content/scripts,,,not_started,,parity,
callback:M08_Raveshaw.Created,callback,M08_Raveshaw.Created,Code/Scripts/mission08.cpp:600,games/renegade/content/scripts,,,not_started,,parity,
callback:M08_Raveshaw.Custom,callback,M08_Raveshaw.Custom,Code/Scripts/mission08.cpp:605,games/renegade/content/scripts,,,not_started,,parity,
callback:M08_Raveshaw.Killed,callback,M08_Raveshaw.Killed,Code/Scripts/mission08.cpp:618,games/renegade/content/scripts,,,not_started,,parity,
callback:M08_Reinforcement_Prisoner.Created,callback,M08_Reinforcement_Prisoner.Created,Code/Scripts/mission08.cpp:834,games/renegade/content/scripts,,,not_started,,parity,
callback:M08_Reinforcement_Prisoner.Killed,callback,M08_Reinforcement_Prisoner.Killed,Code/Scripts/mission08.cpp:839,games/renegade/content/scripts,,,not_started,,parity,
callback:M08_Reinforcements_Active.Created,callback,M08_Reinforcements_Active.Created,Code/Scripts/mission08.cpp:4840,games/renegade/content/scripts,,,not_started,,parity,
callback:M08_Reinforcements_Active.Entered,callback,M08_Reinforcements_Active.Entered,Code/Scripts/mission08.cpp:4845,games/renegade/content/scripts,,,not_started,,parity,
callback:M08_Reinforcements_Inactive.Created,callback,M08_Reinforcements_Inactive.Created,Code/Scripts/mission08.cpp:4867,games/renegade/content/scripts,,,not_started,,parity,
callback:M08_Reinforcements_Inactive.Entered,callback,M08_Reinforcements_Inactive.Entered,Code/Scripts/mission08.cpp:4872,games/renegade/content/scripts,,,not_started,,parity,
callback:M08_Research_Station_A.Created,callback,M08_Research_Station_A.Created,Code/Scripts/mission08.cpp:2506,games/renegade/content/scripts,,,not_started,,parity,
callback:M08_Research_Station_A.Killed,callback,M08_Research_Station_A.Killed,Code/Scripts/mission08.cpp:2511,games/renegade/content/scripts,,,not_started,,parity,
callback:M08_Research_Station_B.Created,callback,M08_Research_Station_B.Created,Code/Scripts/mission08.cpp:2536,games/renegade/content/scripts,,,not_started,,parity,
callback:M08_Research_Station_B.Killed,callback,M08_Research_Station_B.Killed,Code/Scripts/mission08.cpp:2541,games/renegade/content/scripts,,,not_started,,parity,
callback:M08_Sakura.Action_Complete,callback,M08_Sakura.Action_Complete,Code/Scripts/mission08.cpp:5769,games/renegade/content/scripts,,,not_started,,parity,
callback:M08_Sakura.Created,callback,M08_Sakura.Created,Code/Scripts/mission08.cpp:5702,games/renegade/content/scripts,,,not_started,,parity,
callback:M08_Sakura.Custom,callback,M08_Sakura.Custom,Code/Scripts/mission08.cpp:5746,games/renegade/content/scripts,,,not_started,,parity,
callback:M08_Sakura.Damaged,callback,M08_Sakura.Damaged,Code/Scripts/mission08.cpp:5801,games/renegade/content/scripts,,,not_started,,parity,
callback:M08_Sakura.Enemy_Seen,callback,M08_Sakura.Enemy_Seen,Code/Scripts/mission08.cpp:5725,games/renegade/content/scripts,,,not_started,,parity,
callback:M08_Sakura.Timer_Expired,callback,M08_Sakura.Timer_Expired,Code/Scripts/mission08.cpp:5739,games/renegade/content/scripts,,,not_started,,parity,
callback:M08_Scientist.Created,callback,M08_Scientist.Created,Code/Scripts/mission08.cpp:4770,games/renegade/content/scripts,,,not_started,,parity,
callback:M08_Scientist.Custom,callback,M08_Scientist.Custom,Code/Scripts/mission08.cpp:4776,games/renegade/content/scripts,,,not_started,,parity,
callback:M08_Scientist.Killed,callback,M08_Scientist.Killed,Code/Scripts/mission08.cpp:4786,games/renegade/content/scripts,,,not_started,,parity,
callback:M08_Sniper.Action_Complete,callback,M08_Sniper.Action_Complete,Code/Scripts/mission08.cpp:977,games/renegade/content/scripts,,,not_started,,parity,
callback:M08_Sniper.Created,callback,M08_Sniper.Created,Code/Scripts/mission08.cpp:958,games/renegade/content/scripts,,,not_started,,parity,
callback:M08_Tiberium_Cultivation_MCT.Created,callback,M08_Tiberium_Cultivation_MCT.Created,Code/Scripts/mission08.cpp:2477,games/renegade/content/scripts,,,not_started,,parity,
callback:M08_Tiberium_Cultivation_MCT.Killed,callback,M08_Tiberium_Cultivation_MCT.Killed,Code/Scripts/mission08.cpp:2481,games/renegade/content/scripts,,,not_started,,parity,
callback:M08_Unarmed_Prisoner.Action_Complete,callback,M08_Unarmed_Prisoner.Action_Complete,Code/Scripts/mission08.cpp:5571,games/renegade/content/scripts,,,not_started,,parity,
callback:M08_Unarmed_Prisoner.Created,callback,M08_Unarmed_Prisoner.Created,Code/Scripts/mission08.cpp:5564,games/renegade/content/scripts,,,not_started,,parity,
callback:M08_Unarmed_Prisoner.Custom,callback,M08_Unarmed_Prisoner.Custom,Code/Scripts/mission08.cpp:5607,games/renegade/content/scripts,,,not_started,,parity,
callback:M08_Unarmed_Prisoner.Killed,callback,M08_Unarmed_Prisoner.Killed,Code/Scripts/mission08.cpp:5638,games/renegade/content/scripts,,,not_started,,parity,
callback:M08_Unarmed_Prisoner.Poked,callback,M08_Unarmed_Prisoner.Poked,Code/Scripts/mission08.cpp:5629,games/renegade/content/scripts,,,not_started,,parity,
callback:M08_Unarmed_Prisoner.Timer_Expired,callback,M08_Unarmed_Prisoner.Timer_Expired,Code/Scripts/mission08.cpp:5594,games/renegade/content/scripts,,,not_started,,parity,
callback:M08_Warden_Announcement1.Created,callback,M08_Warden_Announcement1.Created,Code/Scripts/mission08.cpp:3072,games/renegade/content/scripts,,,not_started,,parity,
callback:M08_Warden_Announcement1.Entered,callback,M08_Warden_Announcement1.Entered,Code/Scripts/mission08.cpp:3078,games/renegade/content/scripts,,,not_started,,parity,
callback:M08_Warden_Announcement2.Action_Complete,callback,M08_Warden_Announcement2.Action_Complete,Code/Scripts/mission08.cpp:3131,games/renegade/content/scripts,,,not_started,,parity,
callback:M08_Warden_Announcement2.Created,callback,M08_Warden_Announcement2.Created,Code/Scripts/mission08.cpp:3109,games/renegade/content/scripts,,,not_started,,parity,
callback:M08_Warden_Announcement2.Entered,callback,M08_Warden_Announcement2.Entered,Code/Scripts/mission08.cpp:3115,games/renegade/content/scripts,,,not_started,,parity,
callback:M09_Ambient_Clutter.Created,callback,M09_Ambient_Clutter.Created,Code/Scripts/Mission09.cpp:4213,games/renegade/content/scripts,,,not_started,,parity,
callback:M09_Ambient_Clutter.Timer_Expired,callback,M09_Ambient_Clutter.Timer_Expired,Code/Scripts/Mission09.cpp:4232,games/renegade/content/scripts,,,not_started,,parity,
callback:M09_Animating_Mutant.Action_Complete,callback,M09_Animating_Mutant.Action_Complete,Code/Scripts/Mission09.cpp:722,games/renegade/content/scripts,,,not_started,,parity,
callback:M09_Animating_Mutant.Custom,callback,M09_Animating_Mutant.Custom,Code/Scripts/Mission09.cpp:699,games/renegade/content/scripts,,,not_started,,parity,
callback:M09_Attack_Blocked_False.Enemy_Seen,callback,M09_Attack_Blocked_False.Enemy_Seen,Code/Scripts/Mission09.cpp:4668,games/renegade/content/scripts,,,not_started,,parity,
callback:M09_Block_Off.Entered,callback,M09_Block_Off.Entered,Code/Scripts/Mission09.cpp:3523,games/renegade/content/scripts,,,not_started,,parity,
callback:M09_Camera_Activate.Created,callback,M09_Camera_Activate.Created,Code/Scripts/Mission09.cpp:4589,games/renegade/content/scripts,,,not_started,,parity,
callback:M09_Camera_Activate.Entered,callback,M09_Camera_Activate.Entered,Code/Scripts/Mission09.cpp:4600,games/renegade/content/scripts,,,not_started,,parity,
callback:M09_CheckpointA_Controller.Created,callback,M09_CheckpointA_Controller.Created,Code/Scripts/Mission09.cpp:2265,games/renegade/content/scripts,,,not_started,,parity,
callback:M09_CheckpointA_Controller.Custom,callback,M09_CheckpointA_Controller.Custom,Code/Scripts/Mission09.cpp:2270,games/renegade/content/scripts,,,not_started,,parity,
callback:M09_CheckpointA_Counter.Killed,callback,M09_CheckpointA_Counter.Killed,Code/Scripts/Mission09.cpp:2287,games/renegade/content/scripts,,,not_started,,parity,
callback:M09_Chinook_ParaDrop.Created,callback,M09_Chinook_ParaDrop.Created,Code/Scripts/Mission09.cpp:2306,games/renegade/content/scripts,,,not_started,,parity,
callback:M09_Chinook_ParaDrop.Custom,callback,M09_Chinook_ParaDrop.Custom,Code/Scripts/Mission09.cpp:2473,games/renegade/content/scripts,,,not_started,,parity,
callback:M09_Chinook_ParaDrop.Timer_Expired,callback,M09_Chinook_ParaDrop.Timer_Expired,Code/Scripts/Mission09.cpp:2342,games/renegade/content/scripts,,,not_started,,parity,
callback:M09_Containment_Key_1.Custom,callback,M09_Containment_Key_1.Custom,Code/Scripts/Mission09.cpp:2940,games/renegade/content/scripts,,,not_started,,parity,
callback:M09_Containment_Key_2.Custom,callback,M09_Containment_Key_2.Custom,Code/Scripts/Mission09.cpp:2960,games/renegade/content/scripts,,,not_started,,parity,
callback:M09_Cryo_Mutant_Zone_01.Created,callback,M09_Cryo_Mutant_Zone_01.Created,Code/Scripts/Mission09.cpp:2838,games/renegade/content/scripts,,,not_started,,parity,
callback:M09_Cryo_Mutant_Zone_01.Entered,callback,M09_Cryo_Mutant_Zone_01.Entered,Code/Scripts/Mission09.cpp:2843,games/renegade/content/scripts,,,not_started,,parity,
callback:M09_Cryo_Mutant_Zone_01.Timer_Expired,callback,M09_Cryo_Mutant_Zone_01.Timer_Expired,Code/Scripts/Mission09.cpp:2856,games/renegade/content/scripts,,,not_started,,parity,
callback:M09_Custom_Attack.Custom,callback,M09_Custom_Attack.Custom,Code/Scripts/Mission09.cpp:2780,games/renegade/content/scripts,,,not_started,,parity,
callback:M09_Damage_Modifier.Created,callback,M09_Damage_Modifier.Created,Code/Scripts/Mission09.cpp:3717,games/renegade/content/scripts,,,not_started,,parity,
callback:M09_Damage_Modifier.Damaged,callback,M09_Damage_Modifier.Damaged,Code/Scripts/Mission09.cpp:3723,games/renegade/content/scripts,,,not_started,,parity,
callback:M09_Destroy_Self_Zone.Created,callback,M09_Destroy_Self_Zone.Created,Code/Scripts/Mission09.cpp:4313,games/renegade/content/scripts,,,not_started,,parity,
callback:M09_Destroy_Self_Zone.Entered,callback,M09_Destroy_Self_Zone.Entered,Code/Scripts/Mission09.cpp:4318,games/renegade/content/scripts,,,not_started,,parity,
callback:M09_Destroy_Zone.Entered,callback,M09_Destroy_Zone.Entered,Code/Scripts/Mission09.cpp:4627,games/renegade/content/scripts,,,not_started,,parity,
callback:M09_Destroy_Zone.Timer_Expired,callback,M09_Destroy_Zone.Timer_Expired,Code/Scripts/Mission09.cpp:4632,games/renegade/content/scripts,,,not_started,,parity,
callback:M09_Elevator_All_Controller.Created,callback,M09_Elevator_All_Controller.Created,Code/Scripts/Mission09.cpp:3348,games/renegade/content/scripts,,,not_started,,parity,
callback:M09_Elevator_All_Controller.Custom,callback,M09_Elevator_All_Controller.Custom,Code/Scripts/Mission09.cpp:3386,games/renegade/content/scripts,,,not_started,,parity,
callback:M09_Elevator_All_Controller.Timer_Expired,callback,M09_Elevator_All_Controller.Timer_Expired,Code/Scripts/Mission09.cpp:3375,games/renegade/content/scripts,,,not_started,,parity,
callback:M09_Elevator_All_Zone.Created,callback,M09_Elevator_All_Zone.Created,Code/Scripts/Mission09.cpp:3299,games/renegade/content/scripts,,,not_started,,parity,
callback:M09_Elevator_All_Zone.Entered,callback,M09_Elevator_All_Zone.Entered,Code/Scripts/Mission09.cpp:3308,games/renegade/content/scripts,,,not_started,,parity,
callback:M09_Elevator_All_Zone.Exited,callback,M09_Elevator_All_Zone.Exited,Code/Scripts/Mission09.cpp:3317,games/renegade/content/scripts,,,not_started,,parity,
callback:M09_Elevator_Exit.Created,callback,M09_Elevator_Exit.Created,Code/Scripts/Mission09.cpp:4653,games/renegade/content/scripts,,,not_started,,parity,
callback:M09_Elevator_Exit.Entered,callback,M09_Elevator_Exit.Entered,Code/Scripts/Mission09.cpp:4658,games/renegade/content/scripts,,,not_started,,parity,
callback:M09_Elevator_Movement_Zone.Entered,callback,M09_Elevator_Movement_Zone.Entered,Code/Scripts/Mission09.cpp:3256,games/renegade/content/scripts,,,not_started,,parity,
callback:M09_Entrance_Zone.Created,callback,M09_Entrance_Zone.Created,Code/Scripts/Mission09.cpp:2205,games/renegade/content/scripts,,,not_started,,parity,
callback:M09_Entrance_Zone.Entered,callback,M09_Entrance_Zone.Entered,Code/Scripts/Mission09.cpp:2211,games/renegade/content/scripts,,,not_started,,parity,
callback:M09_Evac_Bone.Animation_Complete,callback,M09_Evac_Bone.Animation_Complete,Code/Scripts/Mission09.cpp:3952,games/renegade/content/scripts,,,not_started,,parity,
callback:M09_Evac_Helicopter.Animation_Complete,callback,M09_Evac_Helicopter.Animation_Complete,Code/Scripts/Mission09.cpp:3964,games/renegade/content/scripts,,,not_started,,parity,
callback:M09_Evac_Helicopter.Killed,callback,M09_Evac_Helicopter.Killed,Code/Scripts/Mission09.cpp:3978,games/renegade/content/scripts,,,not_started,,parity,
callback:M09_Evac_Helicopter.Timer_Expired,callback,M09_Evac_Helicopter.Timer_Expired,Code/Scripts/Mission09.cpp:3983,games/renegade/content/scripts,,,not_started,,parity,
callback:M09_Evac_Point_Objective.Created,callback,M09_Evac_Point_Objective.Created,Code/Scripts/Mission09.cpp:526,games/renegade/content/scripts,,,not_started,,parity,
callback:M09_Evac_Point_Objective.Entered,callback,M09_Evac_Point_Objective.Entered,Code/Scripts/Mission09.cpp:547,games/renegade/content/scripts,,,not_started,,parity,
callback:M09_Evac_Point_Objective.Exited,callback,M09_Evac_Point_Objective.Exited,Code/Scripts/Mission09.cpp:532,games/renegade/content/scripts,,,not_started,,parity,
callback:M09_Evac_Point_Objective.Timer_Expired,callback,M09_Evac_Point_Objective.Timer_Expired,Code/Scripts/Mission09.cpp:608,games/renegade/content/scripts,,,not_started,,parity,
callback:M09_Evac_Transport.Created,callback,M09_Evac_Transport.Created,Code/Scripts/Mission09.cpp:3907,games/renegade/content/scripts,,,not_started,,parity,
callback:M09_Evac_Transport.Entered,callback,M09_Evac_Transport.Entered,Code/Scripts/Mission09.cpp:3913,games/renegade/content/scripts,,,not_started,,parity,
callback:M09_Excavation_Tunnel_3.Created,callback,M09_Excavation_Tunnel_3.Created,Code/Scripts/Mission09.cpp:2168,games/renegade/content/scripts,,,not_started,,parity,
callback:M09_Excavation_Tunnel_3.Entered,callback,M09_Excavation_Tunnel_3.Entered,Code/Scripts/Mission09.cpp:2174,games/renegade/content/scripts,,,not_started,,parity,
callback:M09_Excavation_Tunnel_Controller.Custom,callback,M09_Excavation_Tunnel_Controller.Custom,Code/Scripts/Mission09.cpp:1944,games/renegade/content/scripts,,,not_started,,parity,
callback:M09_Excavation_Tunnel_Encounter_Off.Entered,callback,M09_Excavation_Tunnel_Encounter_Off.Entered,Code/Scripts/Mission09.cpp:1933,games/renegade/content/scripts,,,not_started,,parity,
callback:M09_Excavation_Tunnel_Encounter_On.Entered,callback,M09_Excavation_Tunnel_Encounter_On.Entered,Code/Scripts/Mission09.cpp:1922,games/renegade/content/scripts,,,not_started,,parity,
callback:M09_Explosion_Zone_Lab01.Created,callback,M09_Explosion_Zone_Lab01.Created,Code/Scripts/Mission09.cpp:2591,games/renegade/content/scripts,,,not_started,,parity,
callback:M09_Explosion_Zone_Lab01.Entered,callback,M09_Explosion_Zone_Lab01.Entered,Code/Scripts/Mission09.cpp:2597,games/renegade/content/scripts,,,not_started,,parity,
callback:M09_Explosion_Zone_Lab01.Timer_Expired,callback,M09_Explosion_Zone_Lab01.Timer_Expired,Code/Scripts/Mission09.cpp:2608,games/renegade/content/scripts,,,not_started,,parity,
callback:M09_Explosion_Zone_Lab02.Created,callback,M09_Explosion_Zone_Lab02.Created,Code/Scripts/Mission09.cpp:2631,games/renegade/content/scripts,,,not_started,,parity,
callback:M09_Explosion_Zone_Lab02.Entered,callback,M09_Explosion_Zone_Lab02.Entered,Code/Scripts/Mission09.cpp:2637,games/renegade/content/scripts,,,not_started,,parity,
callback:M09_Explosion_Zone_Tunnel01.Created,callback,M09_Explosion_Zone_Tunnel01.Created,Code/Scripts/Mission09.cpp:2663,games/renegade/content/scripts,,,not_started,,parity,
callback:M09_Explosion_Zone_Tunnel01.Entered,callback,M09_Explosion_Zone_Tunnel01.Entered,Code/Scripts/Mission09.cpp:2669,games/renegade/content/scripts,,,not_started,,parity,
callback:M09_First_Mutant_Encounter.Created,callback,M09_First_Mutant_Encounter.Created,Code/Scripts/Mission09.cpp:2532,games/renegade/content/scripts,,,not_started,,parity,
callback:M09_First_Mutant_Encounter.Timer_Expired,callback,M09_First_Mutant_Encounter.Timer_Expired,Code/Scripts/Mission09.cpp:2537,games/renegade/content/scripts,,,not_started,,parity,
callback:M09_First_Mutant_Encounter_Zone.Created,callback,M09_First_Mutant_Encounter_Zone.Created,Code/Scripts/Mission09.cpp:2494,games/renegade/content/scripts,,,not_started,,parity,
callback:M09_First_Mutant_Encounter_Zone.Entered,callback,M09_First_Mutant_Encounter_Zone.Entered,Code/Scripts/Mission09.cpp:2500,games/renegade/content/scripts,,,not_started,,parity,
callback:M09_First_Mutant_Encounter_Zone.Timer_Expired,callback,M09_First_Mutant_Encounter_Zone.Timer_Expired,Code/Scripts/Mission09.cpp:2516,games/renegade/content/scripts,,,not_started,,parity,
callback:M09_Flamer_Attack_Zone.Created,callback,M09_Flamer_Attack_Zone.Created,Code/Scripts/Mission09.cpp:2808,games/renegade/content/scripts,,,not_started,,parity,
callback:M09_Flamer_Attack_Zone.Entered,callback,M09_Flamer_Attack_Zone.Entered,Code/Scripts/Mission09.cpp:2814,games/renegade/content/scripts,,,not_started,,parity,
callback:M09_Flyover_Controller.Created,callback,M09_Flyover_Controller.Created,Code/Scripts/Mission09.cpp:3830,games/renegade/content/scripts,,,not_started,,parity,
callback:M09_Flyover_Controller.Custom,callback,M09_Flyover_Controller.Custom,Code/Scripts/Mission09.cpp:3835,games/renegade/content/scripts,,,not_started,,parity,
callback:M09_Flyover_Recycle.Destroyed,callback,M09_Flyover_Recycle.Destroyed,Code/Scripts/Mission09.cpp:3866,games/renegade/content/scripts,,,not_started,,parity,
callback:M09_Gunner.Created,callback,M09_Gunner.Created,Code/Scripts/Mission09.cpp:3996,games/renegade/content/scripts,,,not_started,,parity,
callback:M09_Gunner.Custom,callback,M09_Gunner.Custom,Code/Scripts/Mission09.cpp:4001,games/renegade/content/scripts,,,not_started,,parity,
callback:M09_Gunner.Damaged,callback,M09_Gunner.Damaged,Code/Scripts/Mission09.cpp:4033,games/renegade/content/scripts,,,not_started,,parity,
callback:M09_Gunner.Enemy_Seen,callback,M09_Gunner.Enemy_Seen,Code/Scripts/Mission09.cpp:4021,games/renegade/content/scripts,,,not_started,,parity,
callback:M09_Havoc_Script.Created,callback,M09_Havoc_Script.Created,Code/Scripts/Mission09.cpp:320,games/renegade/content/scripts,,,not_started,,parity,
callback:M09_Havoc_Script.Destroyed,callback,M09_Havoc_Script.Destroyed,Code/Scripts/Mission09.cpp:351,games/renegade/content/scripts,,,not_started,,parity,
callback:M09_Havoc_Script.Timer_Expired,callback,M09_Havoc_Script.Timer_Expired,Code/Scripts/Mission09.cpp:343,games/renegade/content/scripts,,,not_started,,parity,
callback:M09_Home_Location_10.Created,callback,M09_Home_Location_10.Created,Code/Scripts/Mission09.cpp:1468,games/renegade/content/scripts,,,not_started,,parity,
callback:M09_Immobile.Created,callback,M09_Immobile.Created,Code/Scripts/Mission09.cpp:2553,games/renegade/content/scripts,,,not_started,,parity,
callback:M09_Immobile.Enemy_Seen,callback,M09_Immobile.Enemy_Seen,Code/Scripts/Mission09.cpp:2558,games/renegade/content/scripts,,,not_started,,parity,
callback:M09_Innate_Activate.Created,callback,M09_Innate_Activate.Created,Code/Scripts/Mission09.cpp:4541,games/renegade/content/scripts,,,not_started,,parity,
callback:M09_Innate_Activate.Entered,callback,M09_Innate_Activate.Entered,Code/Scripts/Mission09.cpp:4557,games/renegade/content/scripts,,,not_started,,parity,
callback:M09_Innate_Disable.Created,callback,M09_Innate_Disable.Created,Code/Scripts/Mission09.cpp:4062,games/renegade/content/scripts,,,not_started,,parity,
callback:M09_Innate_Disable.Custom,callback,M09_Innate_Disable.Custom,Code/Scripts/Mission09.cpp:4085,games/renegade/content/scripts,,,not_started,,parity,
callback:M09_Innate_Disable.Damaged,callback,M09_Innate_Disable.Damaged,Code/Scripts/Mission09.cpp:4095,games/renegade/content/scripts,,,not_started,,parity,
callback:M09_Innate_Disable.Sound_Heard,callback,M09_Innate_Disable.Sound_Heard,Code/Scripts/Mission09.cpp:4071,games/renegade/content/scripts,,,not_started,,parity,
callback:M09_Innate_Enable_Zone.Created,callback,M09_Innate_Enable_Zone.Created,Code/Scripts/Mission09.cpp:4130,games/renegade/content/scripts,,,not_started,,parity,
callback:M09_Innate_Enable_Zone.Entered,callback,M09_Innate_Enable_Zone.Entered,Code/Scripts/Mission09.cpp:4162,games/renegade/content/scripts,,,not_started,,parity,
callback:M09_Innate_Enable_Zone.Timer_Expired,callback,M09_Innate_Enable_Zone.Timer_Expired,Code/Scripts/Mission09.cpp:4148,games/renegade/content/scripts,,,not_started,,parity,
callback:M09_Invincible_MrShuman.Created,callback,M09_Invincible_MrShuman.Created,Code/Scripts/Mission09.cpp:3230,games/renegade/content/scripts,,,not_started,,parity,
callback:M09_Invincible_MrShuman.Custom,callback,M09_Invincible_MrShuman.Custom,Code/Scripts/Mission09.cpp:3235,games/renegade/content/scripts,,,not_started,,parity,
callback:M09_Invincible_MrShuman.Damaged,callback,M09_Invincible_MrShuman.Damaged,Code/Scripts/Mission09.cpp:3243,games/renegade/content/scripts,,,not_started,,parity,
callback:M09_KeyCard_Zone.Action_Complete,callback,M09_KeyCard_Zone.Action_Complete,Code/Scripts/Mission09.cpp:4460,games/renegade/content/scripts,,,not_started,,parity,
callback:M09_KeyCard_Zone.Created,callback,M09_KeyCard_Zone.Created,Code/Scripts/Mission09.cpp:4355,games/renegade/content/scripts,,,not_started,,parity,
callback:M09_KeyCard_Zone.Custom,callback,M09_KeyCard_Zone.Custom,Code/Scripts/Mission09.cpp:4408,games/renegade/content/scripts,,,not_started,,parity,
callback:M09_KeyCard_Zone.Entered,callback,M09_KeyCard_Zone.Entered,Code/Scripts/Mission09.cpp:4383,games/renegade/content/scripts,,,not_started,,parity,
callback:M09_KeyCard_Zone.Exited,callback,M09_KeyCard_Zone.Exited,Code/Scripts/Mission09.cpp:4403,games/renegade/content/scripts,,,not_started,,parity,
callback:M09_KeyCard_Zone.Timer_Expired,callback,M09_KeyCard_Zone.Timer_Expired,Code/Scripts/Mission09.cpp:4364,games/renegade/content/scripts,,,not_started,,parity,
callback:M09_Key_Box.Action_Complete,callback,M09_Key_Box.Action_Complete,Code/Scripts/Mission09.cpp:3063,games/renegade/content/scripts,,,not_started,,parity,
callback:M09_Key_Box.Created,callback,M09_Key_Box.Created,Code/Scripts/Mission09.cpp:3038,games/renegade/content/scripts,,,not_started,,parity,
callback:M09_Key_Box.Custom,callback,M09_Key_Box.Custom,Code/Scripts/Mission09.cpp:3071,games/renegade/content/scripts,,,not_started,,parity,
callback:M09_Key_Box.Poked,callback,M09_Key_Box.Poked,Code/Scripts/Mission09.cpp:3044,games/renegade/content/scripts,,,not_started,,parity,
callback:M09_Key_Controller_Zones.Created,callback,M09_Key_Controller_Zones.Created,Code/Scripts/Mission09.cpp:3004,games/renegade/content/scripts,,,not_started,,parity,
callback:M09_Key_Controller_Zones.Custom,callback,M09_Key_Controller_Zones.Custom,Code/Scripts/Mission09.cpp:3018,games/renegade/content/scripts,,,not_started,,parity,
callback:M09_Key_Controller_Zones.Entered,callback,M09_Key_Controller_Zones.Entered,Code/Scripts/Mission09.cpp:3010,games/renegade/content/scripts,,,not_started,,parity,
callback:M09_Key_Grant.Poked,callback,M09_Key_Grant.Poked,Code/Scripts/Mission09.cpp:2896,games/renegade/content/scripts,,,not_started,,parity,
callback:M09_LabRoom_Controller.Created,callback,M09_LabRoom_Controller.Created,Code/Scripts/Mission09.cpp:766,games/renegade/content/scripts,,,not_started,,parity,
callback:M09_LabRoom_Controller.Custom,callback,M09_LabRoom_Controller.Custom,Code/Scripts/Mission09.cpp:772,games/renegade/content/scripts,,,not_started,,parity,
callback:M09_LabRoom_Zones.Created,callback,M09_LabRoom_Zones.Created,Code/Scripts/Mission09.cpp:663,games/renegade/content/scripts,,,not_started,,parity,
callback:M09_LabRoom_Zones.Custom,callback,M09_LabRoom_Zones.Custom,Code/Scripts/Mission09.cpp:686,games/renegade/content/scripts,,,not_started,,parity,
callback:M09_LabRoom_Zones.Entered,callback,M09_LabRoom_Zones.Entered,Code/Scripts/Mission09.cpp:674,games/renegade/content/scripts,,,not_started,,parity,
callback:M09_LabRoom_Zones.Exited,callback,M09_LabRoom_Zones.Exited,Code/Scripts/Mission09.cpp:681,games/renegade/content/scripts,,,not_started,,parity,
callback:M09_Lab_Key_Controller.Created,callback,M09_Lab_Key_Controller.Created,Code/Scripts/Mission09.cpp:2916,games/renegade/content/scripts,,,not_started,,parity,
callback:M09_Lab_Key_Controller.Custom,callback,M09_Lab_Key_Controller.Custom,Code/Scripts/Mission09.cpp:2921,games/renegade/content/scripts,,,not_started,,parity,
callback:M09_Lab_Powerup.Custom,callback,M09_Lab_Powerup.Custom,Code/Scripts/Mission09.cpp:4188,games/renegade/content/scripts,,,not_started,,parity,
callback:M09_Level10Key.Entered,callback,M09_Level10Key.Entered,Code/Scripts/Mission09.cpp:4619,games/renegade/content/scripts,,,not_started,,parity,
callback:M09_Mobius_Follow.Action_Complete,callback,M09_Mobius_Follow.Action_Complete,Code/Scripts/Mission09.cpp:1140,games/renegade/content/scripts,,,not_started,,parity,
callback:M09_Mobius_Follow.Created,callback,M09_Mobius_Follow.Created,Code/Scripts/Mission09.cpp:1093,games/renegade/content/scripts,,,not_started,,parity,
callback:M09_Mobius_Follow.Custom,callback,M09_Mobius_Follow.Custom,Code/Scripts/Mission09.cpp:996,games/renegade/content/scripts,,,not_started,,parity,
callback:M09_Mobius_Follow.Killed,callback,M09_Mobius_Follow.Killed,Code/Scripts/Mission09.cpp:974,games/renegade/content/scripts,,,not_started,,parity,
callback:M09_Mobius_Follow.Timer_Expired,callback,M09_Mobius_Follow.Timer_Expired,Code/Scripts/Mission09.cpp:1250,games/renegade/content/scripts,,,not_started,,parity,
callback:M09_Mobius_Goto.Entered,callback,M09_Mobius_Goto.Entered,Code/Scripts/Mission09.cpp:4042,games/renegade/content/scripts,,,not_started,,parity,
callback:M09_Mobius_Initial_Conversation.Action_Complete,callback,M09_Mobius_Initial_Conversation.Action_Complete,Code/Scripts/Mission09.cpp:842,games/renegade/content/scripts,,,not_started,,parity,
callback:M09_Mobius_Initial_Conversation.Created,callback,M09_Mobius_Initial_Conversation.Created,Code/Scripts/Mission09.cpp:807,games/renegade/content/scripts,,,not_started,,parity,
callback:M09_Mobius_Initial_Conversation.Killed,callback,M09_Mobius_Initial_Conversation.Killed,Code/Scripts/Mission09.cpp:837,games/renegade/content/scripts,,,not_started,,parity,
callback:M09_Mobius_Initial_Conversation.Timer_Expired,callback,M09_Mobius_Initial_Conversation.Timer_Expired,Code/Scripts/Mission09.cpp:819,games/renegade/content/scripts,,,not_started,,parity,
callback:M09_Mobius_OnFollow.Entered,callback,M09_Mobius_OnFollow.Entered,Code/Scripts/Mission09.cpp:4681,games/renegade/content/scripts,,,not_started,,parity,
callback:M09_Mobius_Suit_Objective.Action_Complete,callback,M09_Mobius_Suit_Objective.Action_Complete,Code/Scripts/Mission09.cpp:448,games/renegade/content/scripts,,,not_started,,parity,
callback:M09_Mobius_Suit_Objective.Animation_Complete,callback,M09_Mobius_Suit_Objective.Animation_Complete,Code/Scripts/Mission09.cpp:431,games/renegade/content/scripts,,,not_started,,parity,
callback:M09_Mobius_Suit_Objective.Created,callback,M09_Mobius_Suit_Objective.Created,Code/Scripts/Mission09.cpp:369,games/renegade/content/scripts,,,not_started,,parity,
callback:M09_Mobius_Suit_Objective.Custom,callback,M09_Mobius_Suit_Objective.Custom,Code/Scripts/Mission09.cpp:374,games/renegade/content/scripts,,,not_started,,parity,
callback:M09_Mobius_Suit_Objective.Entered,callback,M09_Mobius_Suit_Objective.Entered,Code/Scripts/Mission09.cpp:389,games/renegade/content/scripts,,,not_started,,parity,
callback:M09_MrShuman_Zone.Action_Complete,callback,M09_MrShuman_Zone.Action_Complete,Code/Scripts/Mission09.cpp:3205,games/renegade/content/scripts,,,not_started,,parity,
callback:M09_MrShuman_Zone.Created,callback,M09_MrShuman_Zone.Created,Code/Scripts/Mission09.cpp:3119,games/renegade/content/scripts,,,not_started,,parity,
callback:M09_MrShuman_Zone.Custom,callback,M09_MrShuman_Zone.Custom,Code/Scripts/Mission09.cpp:3166,games/renegade/content/scripts,,,not_started,,parity,
callback:M09_MrShuman_Zone.Entered,callback,M09_MrShuman_Zone.Entered,Code/Scripts/Mission09.cpp:3174,games/renegade/content/scripts,,,not_started,,parity,
callback:M09_MrShuman_Zone.Exited,callback,M09_MrShuman_Zone.Exited,Code/Scripts/Mission09.cpp:3161,games/renegade/content/scripts,,,not_started,,parity,
callback:M09_MrShuman_Zone.Timer_Expired,callback,M09_MrShuman_Zone.Timer_Expired,Code/Scripts/Mission09.cpp:3127,games/renegade/content/scripts,,,not_started,,parity,
callback:M09_Mutant.Created,callback,M09_Mutant.Created,Code/Scripts/Mission09.cpp:2573,games/renegade/content/scripts,,,not_started,,parity,
callback:M09_Mutant_Ambush_Zone_01.Created,callback,M09_Mutant_Ambush_Zone_01.Created,Code/Scripts/Mission09.cpp:1486,games/renegade/content/scripts,,,not_started,,parity,
callback:M09_Mutant_Ambush_Zone_01.Entered,callback,M09_Mutant_Ambush_Zone_01.Entered,Code/Scripts/Mission09.cpp:1492,games/renegade/content/scripts,,,not_started,,parity,
callback:M09_Mutant_Attack.Action_Complete,callback,M09_Mutant_Attack.Action_Complete,Code/Scripts/Mission09.cpp:3561,games/renegade/content/scripts,,,not_started,,parity,
callback:M09_Mutant_Attack.Created,callback,M09_Mutant_Attack.Created,Code/Scripts/Mission09.cpp:3534,games/renegade/content/scripts,,,not_started,,parity,
callback:M09_Mutant_Attack.Sound_Heard,callback,M09_Mutant_Attack.Sound_Heard,Code/Scripts/Mission09.cpp:3539,games/renegade/content/scripts,,,not_started,,parity,
callback:M09_Mutant_Damage_Mod_10.Created,callback,M09_Mutant_Damage_Mod_10.Created,Code/Scripts/Mission09.cpp:1540,games/renegade/content/scripts,,,not_started,,parity,
callback:M09_Mutant_Damage_Mod_10.Damaged,callback,M09_Mutant_Damage_Mod_10.Damaged,Code/Scripts/Mission09.cpp:1547,games/renegade/content/scripts,,,not_started,,parity,
callback:M09_Mutant_Damage_Mod_50.Created,callback,M09_Mutant_Damage_Mod_50.Created,Code/Scripts/Mission09.cpp:1574,games/renegade/content/scripts,,,not_started,,parity,
callback:M09_Mutant_Damage_Mod_50.Damaged,callback,M09_Mutant_Damage_Mod_50.Damaged,Code/Scripts/Mission09.cpp:1581,games/renegade/content/scripts,,,not_started,,parity,
callback:M09_Mutant_Encounter_Controller.Custom,callback,M09_Mutant_Encounter_Controller.Custom,Code/Scripts/Mission09.cpp:3681,games/renegade/content/scripts,,,not_started,,parity,
callback:M09_Mutant_Excavation_Zone_01.Created,callback,M09_Mutant_Excavation_Zone_01.Created,Code/Scripts/Mission09.cpp:2741,games/renegade/content/scripts,,,not_started,,parity,
callback:M09_Mutant_Excavation_Zone_01.Entered,callback,M09_Mutant_Excavation_Zone_01.Entered,Code/Scripts/Mission09.cpp:2747,games/renegade/content/scripts,,,not_started,,parity,
callback:M09_Mutant_Path_01.Action_Complete,callback,M09_Mutant_Path_01.Action_Complete,Code/Scripts/Mission09.cpp:2868,games/renegade/content/scripts,,,not_started,,parity,
callback:M09_Mutant_Path_02.Created,callback,M09_Mutant_Path_02.Created,Code/Scripts/Mission09.cpp:2882,games/renegade/content/scripts,,,not_started,,parity,
callback:M09_No_Obj_Damage.Created,callback,M09_No_Obj_Damage.Created,Code/Scripts/Mission09.cpp:3810,games/renegade/content/scripts,,,not_started,,parity,
callback:M09_No_Obj_Damage.Damaged,callback,M09_No_Obj_Damage.Damaged,Code/Scripts/Mission09.cpp:3815,games/renegade/content/scripts,,,not_started,,parity,
callback:M09_Nod_Damage_Mod_10.Created,callback,M09_Nod_Damage_Mod_10.Created,Code/Scripts/Mission09.cpp:1608,games/renegade/content/scripts,,,not_started,,parity,
callback:M09_Nod_Damage_Mod_10.Damaged,callback,M09_Nod_Damage_Mod_10.Damaged,Code/Scripts/Mission09.cpp:1615,games/renegade/content/scripts,,,not_started,,parity,
callback:M09_Objective_Controller.Created,callback,M09_Objective_Controller.Created,Code/Scripts/Mission09.cpp:65,games/renegade/content/scripts,,,not_started,,parity,
callback:M09_Objective_Controller.Custom,callback,M09_Objective_Controller.Custom,Code/Scripts/Mission09.cpp:197,games/renegade/content/scripts,,,not_started,,parity,
callback:M09_Objective_Controller.Timer_Expired,callback,M09_Objective_Controller.Timer_Expired,Code/Scripts/Mission09.cpp:300,games/renegade/content/scripts,,,not_started,,parity,
callback:M09_PSuitAnim.Created,callback,M09_PSuitAnim.Created,Code/Scripts/Mission09.cpp:4689,games/renegade/content/scripts,,,not_started,,parity,
callback:M09_PSuitAnim.Custom,callback,M09_PSuitAnim.Custom,Code/Scripts/Mission09.cpp:4699,games/renegade/content/scripts,,,not_started,,parity,
callback:M09_Sam_Controller.Created,callback,M09_Sam_Controller.Created,Code/Scripts/Mission09.cpp:2702,games/renegade/content/scripts,,,not_started,,parity,
callback:M09_Sam_Controller.Custom,callback,M09_Sam_Controller.Custom,Code/Scripts/Mission09.cpp:2707,games/renegade/content/scripts,,,not_started,,parity,
callback:M09_Sam_Counter.Killed,callback,M09_Sam_Counter.Killed,Code/Scripts/Mission09.cpp:2687,games/renegade/content/scripts,,,not_started,,parity,
callback:M09_Sam_Engineer_1.Action_Complete,callback,M09_Sam_Engineer_1.Action_Complete,Code/Scripts/Mission09.cpp:1885,games/renegade/content/scripts,,,not_started,,parity,
callback:M09_Sam_Engineer_1.Created,callback,M09_Sam_Engineer_1.Created,Code/Scripts/Mission09.cpp:1877,games/renegade/content/scripts,,,not_started,,parity,
callback:M09_Sam_Engineer_2.Action_Complete,callback,M09_Sam_Engineer_2.Action_Complete,Code/Scripts/Mission09.cpp:1907,games/renegade/content/scripts,,,not_started,,parity,
callback:M09_Sam_Engineer_2.Created,callback,M09_Sam_Engineer_2.Created,Code/Scripts/Mission09.cpp:1899,games/renegade/content/scripts,,,not_started,,parity,
callback:M09_Scientist_Cower.Created,callback,M09_Scientist_Cower.Created,Code/Scripts/Mission09.cpp:4283,games/renegade/content/scripts,,,not_started,,parity,
callback:M09_Scientist_Cower.Timer_Expired,callback,M09_Scientist_Cower.Timer_Expired,Code/Scripts/Mission09.cpp:4289,games/renegade/content/scripts,,,not_started,,parity,
callback:M09_Stationary.Created,callback,M09_Stationary.Created,Code/Scripts/Mission09.cpp:1363,games/renegade/content/scripts,,,not_started,,parity,
callback:M09_Stationary.Custom,callback,M09_Stationary.Custom,Code/Scripts/Mission09.cpp:1400,games/renegade/content/scripts,,,not_started,,parity,
callback:M09_Stationary.Enemy_Seen,callback,M09_Stationary.Enemy_Seen,Code/Scripts/Mission09.cpp:1375,games/renegade/content/scripts,,,not_started,,parity,
callback:M09_Stationary_Nod.Created,callback,M09_Stationary_Nod.Created,Code/Scripts/Mission09.cpp:1422,games/renegade/content/scripts,,,not_started,,parity,
callback:M09_Stationary_Nod.Custom,callback,M09_Stationary_Nod.Custom,Code/Scripts/Mission09.cpp:1453,games/renegade/content/scripts,,,not_started,,parity,
callback:M09_Stationary_Nod.Enemy_Seen,callback,M09_Stationary_Nod.Enemy_Seen,Code/Scripts/Mission09.cpp:1431,games/renegade/content/scripts,,,not_started,,parity,
callback:M09_Stationary_StealthTank.Custom,callback,M09_Stationary_StealthTank.Custom,Code/Scripts/Mission09.cpp:1669,games/renegade/content/scripts,,,not_started,,parity,
callback:M09_Stealth_Tank_Pilot.Action_Complete,callback,M09_Stealth_Tank_Pilot.Action_Complete,Code/Scripts/Mission09.cpp:1653,games/renegade/content/scripts,,,not_started,,parity,
callback:M09_Stealth_Tank_Pilot.Created,callback,M09_Stealth_Tank_Pilot.Created,Code/Scripts/Mission09.cpp:1633,games/renegade/content/scripts,,,not_started,,parity,
callback:M09_Stealth_Tank_Pilot.Enemy_Seen,callback,M09_Stealth_Tank_Pilot.Enemy_Seen,Code/Scripts/Mission09.cpp:1639,games/renegade/content/scripts,,,not_started,,parity,
callback:M09_Surface_Objective.Created,callback,M09_Surface_Objective.Created,Code/Scripts/Mission09.cpp:483,games/renegade/content/scripts,,,not_started,,parity,
callback:M09_Surface_Objective.Custom,callback,M09_Surface_Objective.Custom,Code/Scripts/Mission09.cpp:506,games/renegade/content/scripts,,,not_started,,parity,
callback:M09_Surface_Objective.Entered,callback,M09_Surface_Objective.Entered,Code/Scripts/Mission09.cpp:488,games/renegade/content/scripts,,,not_started,,parity,
callback:M09_Tunnel_Spawner_354.Action_Complete,callback,M09_Tunnel_Spawner_354.Action_Complete,Code/Scripts/Mission09.cpp:2076,games/renegade/content/scripts,,,not_started,,parity,
callback:M09_Tunnel_Spawner_354.Created,callback,M09_Tunnel_Spawner_354.Created,Code/Scripts/Mission09.cpp:2067,games/renegade/content/scripts,,,not_started,,parity,
callback:M09_Tunnel_Spawner_356.Action_Complete,callback,M09_Tunnel_Spawner_356.Action_Complete,Code/Scripts/Mission09.cpp:2096,games/renegade/content/scripts,,,not_started,,parity,
callback:M09_Tunnel_Spawner_356.Created,callback,M09_Tunnel_Spawner_356.Created,Code/Scripts/Mission09.cpp:2087,games/renegade/content/scripts,,,not_started,,parity,
callback:M09_Tunnel_Spawner_357.Action_Complete,callback,M09_Tunnel_Spawner_357.Action_Complete,Code/Scripts/Mission09.cpp:2055,games/renegade/content/scripts,,,not_started,,parity,
callback:M09_Tunnel_Spawner_357.Created,callback,M09_Tunnel_Spawner_357.Created,Code/Scripts/Mission09.cpp:2046,games/renegade/content/scripts,,,not_started,,parity,
callback:M09_Tunnel_Spawner_383_381.Action_Complete,callback,M09_Tunnel_Spawner_383_381.Action_Complete,Code/Scripts/Mission09.cpp:2143,games/renegade/content/scripts,,,not_started,,parity,
callback:M09_Tunnel_Spawner_383_381.Created,callback,M09_Tunnel_Spawner_383_381.Created,Code/Scripts/Mission09.cpp:2132,games/renegade/content/scripts,,,not_started,,parity,
callback:M09_Tunnel_Spawner_384_382.Action_Complete,callback,M09_Tunnel_Spawner_384_382.Action_Complete,Code/Scripts/Mission09.cpp:2118,games/renegade/content/scripts,,,not_started,,parity,
callback:M09_Tunnel_Spawner_384_382.Created,callback,M09_Tunnel_Spawner_384_382.Created,Code/Scripts/Mission09.cpp:2107,games/renegade/content/scripts,,,not_started,,parity,
callback:M09_Unteamed.Created,callback,M09_Unteamed.Created,Code/Scripts/Mission09.cpp:2723,games/renegade/content/scripts,,,not_started,,parity,
callback:M09_Vehicle_Attack_01.Created,callback,M09_Vehicle_Attack_01.Created,Code/Scripts/Mission09.cpp:1711,games/renegade/content/scripts,,,not_started,,parity,
callback:M09_Vehicle_Attack_01.Enemy_Seen,callback,M09_Vehicle_Attack_01.Enemy_Seen,Code/Scripts/Mission09.cpp:1727,games/renegade/content/scripts,,,not_started,,parity,
callback:M09_Vehicle_Attack_01.Timer_Expired,callback,M09_Vehicle_Attack_01.Timer_Expired,Code/Scripts/Mission09.cpp:1759,games/renegade/content/scripts,,,not_started,,parity,
callback:M09_Vehicle_Attack_02.Created,callback,M09_Vehicle_Attack_02.Created,Code/Scripts/Mission09.cpp:1827,games/renegade/content/scripts,,,not_started,,parity,
callback:M09_Vehicle_Attack_02.Enemy_Seen,callback,M09_Vehicle_Attack_02.Enemy_Seen,Code/Scripts/Mission09.cpp:1836,games/renegade/content/scripts,,,not_started,,parity,
callback:M09_Vehicle_Attack_02.Timer_Expired,callback,M09_Vehicle_Attack_02.Timer_Expired,Code/Scripts/Mission09.cpp:1861,games/renegade/content/scripts,,,not_started,,parity,
callback:M09_Vehicle_Attack_03.Created,callback,M09_Vehicle_Attack_03.Created,Code/Scripts/Mission09.cpp:1996,games/renegade/content/scripts,,,not_started,,parity,
callback:M09_Vehicle_Attack_03.Enemy_Seen,callback,M09_Vehicle_Attack_03.Enemy_Seen,Code/Scripts/Mission09.cpp:2005,games/renegade/content/scripts,,,not_started,,parity,
callback:M09_Vehicle_Attack_03.Timer_Expired,callback,M09_Vehicle_Attack_03.Timer_Expired,Code/Scripts/Mission09.cpp:2030,games/renegade/content/scripts,,,not_started,,parity,
callback:M09_Waypath_Run.Action_Complete,callback,M09_Waypath_Run.Action_Complete,Code/Scripts/Mission09.cpp:3622,games/renegade/content/scripts,,,not_started,,parity,
callback:M09_Waypath_Run.Created,callback,M09_Waypath_Run.Created,Code/Scripts/Mission09.cpp:3590,games/renegade/content/scripts,,,not_started,,parity,
callback:M09_Waypath_Run.Custom,callback,M09_Waypath_Run.Custom,Code/Scripts/Mission09.cpp:3646,games/renegade/content/scripts,,,not_started,,parity,
callback:M09_Waypath_Run.Damaged,callback,M09_Waypath_Run.Damaged,Code/Scripts/Mission09.cpp:3611,games/renegade/content/scripts,,,not_started,,parity,
callback:M09_Waypath_Run.Killed,callback,M09_Waypath_Run.Killed,Code/Scripts/Mission09.cpp:3641,games/renegade/content/scripts,,,not_started,,parity,
callback:M09_Waypath_Run.Timer_Expired,callback,M09_Waypath_Run.Timer_Expired,Code/Scripts/Mission09.cpp:3659,games/renegade/content/scripts,,,not_started,,parity,
callback:M09_Weather_Off.Entered,callback,M09_Weather_Off.Entered,Code/Scripts/Mission09.cpp:3885,games/renegade/content/scripts,,,not_started,,parity,
callback:M09_Weather_On.Entered,callback,M09_Weather_On.Entered,Code/Scripts/Mission09.cpp:3874,games/renegade/content/scripts,,,not_started,,parity,
callback:M09_Zone_Destroy.Entered,callback,M09_Zone_Destroy.Entered,Code/Scripts/Mission09.cpp:4180,games/renegade/content/scripts,,,not_started,,parity,
callback:M09_Zone_Enabled_Mobius.Created,callback,M09_Zone_Enabled_Mobius.Created,Code/Scripts/Mission09.cpp:3769,games/renegade/content/scripts,,,not_started,,parity,
callback:M09_Zone_Enabled_Mobius.Custom,callback,M09_Zone_Enabled_Mobius.Custom,Code/Scripts/Mission09.cpp:3784,games/renegade/content/scripts,,,not_started,,parity,
callback:M09_Zone_Enabled_Mobius.Entered,callback,M09_Zone_Enabled_Mobius.Entered,Code/Scripts/Mission09.cpp:3775,games/renegade/content/scripts,,,not_started,,parity,
callback:M10_Airstrip.Action_Complete,callback,M10_Airstrip.Action_Complete,Code/Scripts/Mission10.cpp:963,games/renegade/content/scripts,,,not_started,,parity,
callback:M10_Airstrip.Killed,callback,M10_Airstrip.Killed,Code/Scripts/Mission10.cpp:973,games/renegade/content/scripts,,,not_started,,parity,
callback:M10_Apache.Action_Complete,callback,M10_Apache.Action_Complete,Code/Scripts/Mission10.cpp:1507,games/renegade/content/scripts,,,not_started,,parity,
callback:M10_Apache.Created,callback,M10_Apache.Created,Code/Scripts/Mission10.cpp:1354,games/renegade/content/scripts,,,not_started,,parity,
callback:M10_Apache.Custom,callback,M10_Apache.Custom,Code/Scripts/Mission10.cpp:1365,games/renegade/content/scripts,,,not_started,,parity,
callback:M10_Apache.Killed,callback,M10_Apache.Killed,Code/Scripts/Mission10.cpp:1553,games/renegade/content/scripts,,,not_started,,parity,
callback:M10_Apache.Timer_Expired,callback,M10_Apache.Timer_Expired,Code/Scripts/Mission10.cpp:1457,games/renegade/content/scripts,,,not_started,,parity,
callback:M10_Apache_Controller.Created,callback,M10_Apache_Controller.Created,Code/Scripts/Mission10.cpp:1199,games/renegade/content/scripts,,,not_started,,parity,
callback:M10_Apache_Controller.Custom,callback,M10_Apache_Controller.Custom,Code/Scripts/Mission10.cpp:1216,games/renegade/content/scripts,,,not_started,,parity,
callback:M10_Apache_Controller.Timer_Expired,callback,M10_Apache_Controller.Timer_Expired,Code/Scripts/Mission10.cpp:1315,games/renegade/content/scripts,,,not_started,,parity,
callback:M10_Cargo_Plane_Dropoff.Created,callback,M10_Cargo_Plane_Dropoff.Created,Code/Scripts/Mission10.cpp:1903,games/renegade/content/scripts,,,not_started,,parity,
callback:M10_Cargo_Plane_Dropoff.Custom,callback,M10_Cargo_Plane_Dropoff.Custom,Code/Scripts/Mission10.cpp:1910,games/renegade/content/scripts,,,not_started,,parity,
callback:M10_Cargo_Plane_Dropoff.Entered,callback,M10_Cargo_Plane_Dropoff.Entered,Code/Scripts/Mission10.cpp:1923,games/renegade/content/scripts,,,not_started,,parity,
callback:M10_Cargo_Plane_Dropoff.Timer_Expired,callback,M10_Cargo_Plane_Dropoff.Timer_Expired,Code/Scripts/Mission10.cpp:1946,games/renegade/content/scripts,,,not_started,,parity,
callback:M10_Chinook_ParaDrop.Created,callback,M10_Chinook_ParaDrop.Created,Code/Scripts/Mission10.cpp:1696,games/renegade/content/scripts,,,not_started,,parity,
callback:M10_Chinook_ParaDrop.Custom,callback,M10_Chinook_ParaDrop.Custom,Code/Scripts/Mission10.cpp:1845,games/renegade/content/scripts,,,not_started,,parity,
callback:M10_Chinook_ParaDrop.Timer_Expired,callback,M10_Chinook_ParaDrop.Timer_Expired,Code/Scripts/Mission10.cpp:1732,games/renegade/content/scripts,,,not_started,,parity,
callback:M10_ComCenter_Spawn_Zones.Entered,callback,M10_ComCenter_Spawn_Zones.Entered,Code/Scripts/Mission10.cpp:2279,games/renegade/content/scripts,,,not_started,,parity,
callback:M10_Comm_Center.Action_Complete,callback,M10_Comm_Center.Action_Complete,Code/Scripts/Mission10.cpp:891,games/renegade/content/scripts,,,not_started,,parity,
callback:M10_Comm_Center.Killed,callback,M10_Comm_Center.Killed,Code/Scripts/Mission10.cpp:902,games/renegade/content/scripts,,,not_started,,parity,
callback:M10_ConYard_Key_Grant.Killed,callback,M10_ConYard_Key_Grant.Killed,Code/Scripts/Mission10.cpp:2746,games/renegade/content/scripts,,,not_started,,parity,
callback:M10_Con_Yard.Action_Complete,callback,M10_Con_Yard.Action_Complete,Code/Scripts/Mission10.cpp:755,games/renegade/content/scripts,,,not_started,,parity,
callback:M10_Con_Yard.Killed,callback,M10_Con_Yard.Killed,Code/Scripts/Mission10.cpp:765,games/renegade/content/scripts,,,not_started,,parity,
callback:M10_Con_Yard_Repair.Created,callback,M10_Con_Yard_Repair.Created,Code/Scripts/Mission10.cpp:4223,games/renegade/content/scripts,,,not_started,,parity,
callback:M10_Con_Yard_Repair.Custom,callback,M10_Con_Yard_Repair.Custom,Code/Scripts/Mission10.cpp:4267,games/renegade/content/scripts,,,not_started,,parity,
callback:M10_Con_Yard_Repair.Damaged,callback,M10_Con_Yard_Repair.Damaged,Code/Scripts/Mission10.cpp:4230,games/renegade/content/scripts,,,not_started,,parity,
callback:M10_Con_Yard_Repair.Timer_Expired,callback,M10_Con_Yard_Repair.Timer_Expired,Code/Scripts/Mission10.cpp:4257,games/renegade/content/scripts,,,not_started,,parity,
callback:M10_Conversation_Zone.Action_Complete,callback,M10_Conversation_Zone.Action_Complete,Code/Scripts/Mission10.cpp:3494,games/renegade/content/scripts,,,not_started,,parity,
callback:M10_Conversation_Zone.Created,callback,M10_Conversation_Zone.Created,Code/Scripts/Mission10.cpp:3471,games/renegade/content/scripts,,,not_started,,parity,
callback:M10_Conversation_Zone.Custom,callback,M10_Conversation_Zone.Custom,Code/Scripts/Mission10.cpp:3476,games/renegade/content/scripts,,,not_started,,parity,
callback:M10_Conversation_Zone.Entered,callback,M10_Conversation_Zone.Entered,Code/Scripts/Mission10.cpp:3576,games/renegade/content/scripts,,,not_started,,parity,
callback:M10_Conversation_Zone.Timer_Expired,callback,M10_Conversation_Zone.Timer_Expired,Code/Scripts/Mission10.cpp:3484,games/renegade/content/scripts,,,not_started,,parity,
callback:M10_Destroy_Self.Custom,callback,M10_Destroy_Self.Custom,Code/Scripts/Mission10.cpp:1176,games/renegade/content/scripts,,,not_started,,parity,
callback:M10_Destroyed_Turret.Created,callback,M10_Destroyed_Turret.Created,Code/Scripts/Mission10.cpp:1163,games/renegade/content/scripts,,,not_started,,parity,
callback:M10_Destroyed_Turret.Timer_Expired,callback,M10_Destroyed_Turret.Timer_Expired,Code/Scripts/Mission10.cpp:1168,games/renegade/content/scripts,,,not_started,,parity,
callback:M10_Elevator_All_Controller.Created,callback,M10_Elevator_All_Controller.Created,Code/Scripts/Mission03.cpp:6901,games/renegade/content/scripts,,,not_started,,parity,
callback:M10_Elevator_All_Controller.Custom,callback,M10_Elevator_All_Controller.Custom,Code/Scripts/Mission03.cpp:6931,games/renegade/content/scripts,,,not_started,,parity,
callback:M10_Elevator_All_Controller.Timer_Expired,callback,M10_Elevator_All_Controller.Timer_Expired,Code/Scripts/Mission03.cpp:6914,games/renegade/content/scripts,,,not_started,,parity,
callback:M10_Elevator_All_Zone.Created,callback,M10_Elevator_All_Zone.Created,Code/Scripts/Mission03.cpp:6859,games/renegade/content/scripts,,,not_started,,parity,
callback:M10_Elevator_All_Zone.Entered,callback,M10_Elevator_All_Zone.Entered,Code/Scripts/Mission03.cpp:6865,games/renegade/content/scripts,,,not_started,,parity,
callback:M10_Flyover_Controller.Created,callback,M10_Flyover_Controller.Created,Code/Scripts/Mission10.cpp:3389,games/renegade/content/scripts,,,not_started,,parity,
callback:M10_Flyover_Controller.Custom,callback,M10_Flyover_Controller.Custom,Code/Scripts/Mission10.cpp:3406,games/renegade/content/scripts,,,not_started,,parity,
callback:M10_Flyover_Controller.Entered,callback,M10_Flyover_Controller.Entered,Code/Scripts/Mission10.cpp:3396,games/renegade/content/scripts,,,not_started,,parity,
callback:M10_GDI_Reinforcement.Created,callback,M10_GDI_Reinforcement.Created,Code/Scripts/Mission10.cpp:2560,games/renegade/content/scripts,,,not_started,,parity,
callback:M10_GDI_Reinforcement.Custom,callback,M10_GDI_Reinforcement.Custom,Code/Scripts/Mission10.cpp:2567,games/renegade/content/scripts,,,not_started,,parity,
callback:M10_GDI_Reinforcement_Waypath.Created,callback,M10_GDI_Reinforcement_Waypath.Created,Code/Scripts/Mission10.cpp:2528,games/renegade/content/scripts,,,not_started,,parity,
callback:M10_GDI_Reinforcement_Waypath.Killed,callback,M10_GDI_Reinforcement_Waypath.Killed,Code/Scripts/Mission10.cpp:2540,games/renegade/content/scripts,,,not_started,,parity,
callback:M10_Gate_Check.Action_Complete,callback,M10_Gate_Check.Action_Complete,Code/Scripts/Mission10.cpp:2653,games/renegade/content/scripts,,,not_started,,parity,
callback:M10_Gate_Check.Created,callback,M10_Gate_Check.Created,Code/Scripts/Mission10.cpp:2646,games/renegade/content/scripts,,,not_started,,parity,
callback:M10_Gate_Check.Poked,callback,M10_Gate_Check.Poked,Code/Scripts/Mission10.cpp:2676,games/renegade/content/scripts,,,not_started,,parity,
callback:M10_Gate_Test.Poked,callback,M10_Gate_Test.Poked,Code/Scripts/Mission10.cpp:2335,games/renegade/content/scripts,,,not_started,,parity,
callback:M10_HON_KillPrevention.Killed,callback,M10_HON_KillPrevention.Killed,Code/Scripts/Mission10.cpp:4379,games/renegade/content/scripts,,,not_started,,parity,
callback:M10_HON_Spawn_Zones.Entered,callback,M10_HON_Spawn_Zones.Entered,Code/Scripts/Mission10.cpp:2144,games/renegade/content/scripts,,,not_started,,parity,
callback:M10_Hand_Of_Nod.Action_Complete,callback,M10_Hand_Of_Nod.Action_Complete,Code/Scripts/Mission10.cpp:919,games/renegade/content/scripts,,,not_started,,parity,
callback:M10_Hand_Of_Nod.Killed,callback,M10_Hand_Of_Nod.Killed,Code/Scripts/Mission10.cpp:929,games/renegade/content/scripts,,,not_started,,parity,
callback:M10_Havoc_Script.Created,callback,M10_Havoc_Script.Created,Code/Scripts/Mission10.cpp:616,games/renegade/content/scripts,,,not_started,,parity,
callback:M10_Helipad_Destroyed.Action_Complete,callback,M10_Helipad_Destroyed.Action_Complete,Code/Scripts/Mission10.cpp:3993,games/renegade/content/scripts,,,not_started,,parity,
callback:M10_Helipad_Destroyed.Killed,callback,M10_Helipad_Destroyed.Killed,Code/Scripts/Mission10.cpp:4010,games/renegade/content/scripts,,,not_started,,parity,
callback:M10_Helipad_Killed.Killed,callback,M10_Helipad_Killed.Killed,Code/Scripts/Mission10.cpp:2844,games/renegade/content/scripts,,,not_started,,parity,
callback:M10_Holograph_EntryZone2_DME.Created,callback,M10_Holograph_EntryZone2_DME.Created,Code/Scripts/Mission10.cpp:4657,games/renegade/content/scripts,,,not_started,,parity,
callback:M10_Holograph_EntryZone2_DME.Custom,callback,M10_Holograph_EntryZone2_DME.Custom,Code/Scripts/Mission10.cpp:4672,games/renegade/content/scripts,,,not_started,,parity,
callback:M10_Holograph_EntryZone2_DME.Entered,callback,M10_Holograph_EntryZone2_DME.Entered,Code/Scripts/Mission10.cpp:4663,games/renegade/content/scripts,,,not_started,,parity,
callback:M10_Holograph_EntryZone_DME.Created,callback,M10_Holograph_EntryZone_DME.Created,Code/Scripts/Mission10.cpp:4608,games/renegade/content/scripts,,,not_started,,parity,
callback:M10_Holograph_EntryZone_DME.Custom,callback,M10_Holograph_EntryZone_DME.Custom,Code/Scripts/Mission10.cpp:4623,games/renegade/content/scripts,,,not_started,,parity,
callback:M10_Holograph_EntryZone_DME.Entered,callback,M10_Holograph_EntryZone_DME.Entered,Code/Scripts/Mission10.cpp:4613,games/renegade/content/scripts,,,not_started,,parity,
callback:M10_Home_Point.Created,callback,M10_Home_Point.Created,Code/Scripts/Mission10.cpp:2136,games/renegade/content/scripts,,,not_started,,parity,
callback:M10_Hon_Killed.Killed,callback,M10_Hon_Killed.Killed,Code/Scripts/Mission10.cpp:2832,games/renegade/content/scripts,,,not_started,,parity,
callback:M10_Humm_SAMIgnore.Created,callback,M10_Humm_SAMIgnore.Created,Code/Scripts/Mission10.cpp:4166,games/renegade/content/scripts,,,not_started,,parity,
callback:M10_Ion_Cannon.Custom,callback,M10_Ion_Cannon.Custom,Code/Scripts/Mission10.cpp:604,games/renegade/content/scripts,,,not_started,,parity,
callback:M10_Ion_Cannon_Detector.Created,callback,M10_Ion_Cannon_Detector.Created,Code/Scripts/Mission10.cpp:2018,games/renegade/content/scripts,,,not_started,,parity,
callback:M10_Ion_Cannon_Detector.Damaged,callback,M10_Ion_Cannon_Detector.Damaged,Code/Scripts/Mission10.cpp:2025,games/renegade/content/scripts,,,not_started,,parity,
callback:M10_Ion_Cannon_Detector.Sound_Heard,callback,M10_Ion_Cannon_Detector.Sound_Heard,Code/Scripts/Mission10.cpp:2030,games/renegade/content/scripts,,,not_started,,parity,
callback:M10_KaneHead2_DME.Action_Complete,callback,M10_KaneHead2_DME.Action_Complete,Code/Scripts/Mission10.cpp:4755,games/renegade/content/scripts,,,not_started,,parity,
callback:M10_KaneHead2_DME.Created,callback,M10_KaneHead2_DME.Created,Code/Scripts/Mission10.cpp:4743,games/renegade/content/scripts,,,not_started,,parity,
callback:M10_KaneHead2_DME.Custom,callback,M10_KaneHead2_DME.Custom,Code/Scripts/Mission10.cpp:4771,games/renegade/content/scripts,,,not_started,,parity,
callback:M10_KaneHead_DME.Created,callback,M10_KaneHead_DME.Created,Code/Scripts/Mission10.cpp:4701,games/renegade/content/scripts,,,not_started,,parity,
callback:M10_KaneHead_DME.Custom,callback,M10_KaneHead_DME.Custom,Code/Scripts/Mission10.cpp:4731,games/renegade/content/scripts,,,not_started,,parity,
callback:M10_Light_Tank.Created,callback,M10_Light_Tank.Created,Code/Scripts/Mission10.cpp:1981,games/renegade/content/scripts,,,not_started,,parity,
callback:M10_Light_Tank.Timer_Expired,callback,M10_Light_Tank.Timer_Expired,Code/Scripts/Mission10.cpp:1988,games/renegade/content/scripts,,,not_started,,parity,
callback:M10_Lv2_KeyCarrier.Killed,callback,M10_Lv2_KeyCarrier.Killed,Code/Scripts/Mission10.cpp:4591,games/renegade/content/scripts,,,not_started,,parity,
callback:M10_Mammoth_Activate_Zone.Created,callback,M10_Mammoth_Activate_Zone.Created,Code/Scripts/Mission10.cpp:2460,games/renegade/content/scripts,,,not_started,,parity,
callback:M10_Mammoth_Activate_Zone.Entered,callback,M10_Mammoth_Activate_Zone.Entered,Code/Scripts/Mission10.cpp:2466,games/renegade/content/scripts,,,not_started,,parity,
callback:M10_Mammoth_Attack.Created,callback,M10_Mammoth_Attack.Created,Code/Scripts/Mission10.cpp:2360,games/renegade/content/scripts,,,not_started,,parity,
callback:M10_Mammoth_Attack.Custom,callback,M10_Mammoth_Attack.Custom,Code/Scripts/Mission10.cpp:2377,games/renegade/content/scripts,,,not_started,,parity,
callback:M10_Mammoth_Attack.Timer_Expired,callback,M10_Mammoth_Attack.Timer_Expired,Code/Scripts/Mission10.cpp:2407,games/renegade/content/scripts,,,not_started,,parity,
callback:M10_Mammoth_Grant_Controller.Created,callback,M10_Mammoth_Grant_Controller.Created,Code/Scripts/Mission10.cpp:2779,games/renegade/content/scripts,,,not_started,,parity,
callback:M10_Mammoth_Grant_Controller.Custom,callback,M10_Mammoth_Grant_Controller.Custom,Code/Scripts/Mission10.cpp:2785,games/renegade/content/scripts,,,not_started,,parity,
callback:M10_Mammoth_Target_Destruction.Destroyed,callback,M10_Mammoth_Target_Destruction.Destroyed,Code/Scripts/Mission10.cpp:2441,games/renegade/content/scripts,,,not_started,,parity,
callback:M10_Mrls_Grant.Created,callback,M10_Mrls_Grant.Created,Code/Scripts/Mission10.cpp:4071,games/renegade/content/scripts,,,not_started,,parity,
callback:M10_Mrls_Grant.Custom,callback,M10_Mrls_Grant.Custom,Code/Scripts/Mission10.cpp:4097,games/renegade/content/scripts,,,not_started,,parity,
callback:M10_Mrls_Grant.Poked,callback,M10_Mrls_Grant.Poked,Code/Scripts/Mission10.cpp:4081,games/renegade/content/scripts,,,not_started,,parity,
callback:M10_Mrls_Grant.Timer_Expired,callback,M10_Mrls_Grant.Timer_Expired,Code/Scripts/Mission10.cpp:4126,games/renegade/content/scripts,,,not_started,,parity,
callback:M10_Mrls_Waypath.Created,callback,M10_Mrls_Waypath.Created,Code/Scripts/Mission10.cpp:4147,games/renegade/content/scripts,,,not_started,,parity,
callback:M10_NBase_Attacked.Created,callback,M10_NBase_Attacked.Created,Code/Scripts/Mission10.cpp:4495,games/renegade/content/scripts,,,not_started,,parity,
callback:M10_NBase_Attacked.Custom,callback,M10_NBase_Attacked.Custom,Code/Scripts/Mission10.cpp:4508,games/renegade/content/scripts,,,not_started,,parity,
callback:M10_NBase_Attacked.Timer_Expired,callback,M10_NBase_Attacked.Timer_Expired,Code/Scripts/Mission10.cpp:4500,games/renegade/content/scripts,,,not_started,,parity,
callback:M10_NBase_Damage_Modifier.Created,callback,M10_NBase_Damage_Modifier.Created,Code/Scripts/Mission10.cpp:4537,games/renegade/content/scripts,,,not_started,,parity,
callback:M10_NBase_Damage_Modifier.Custom,callback,M10_NBase_Damage_Modifier.Custom,Code/Scripts/Mission10.cpp:4545,games/renegade/content/scripts,,,not_started,,parity,
callback:M10_NBase_Damage_Modifier.Damaged,callback,M10_NBase_Damage_Modifier.Damaged,Code/Scripts/Mission10.cpp:4553,games/renegade/content/scripts,,,not_started,,parity,
callback:M10_No_More_Parachute.Destroyed,callback,M10_No_More_Parachute.Destroyed,Code/Scripts/Mission10.cpp:1856,games/renegade/content/scripts,,,not_started,,parity,
callback:M10_Nod_Obelisk.Created,callback,M10_Nod_Obelisk.Created,Code/Scripts/Mission10.cpp:3248,games/renegade/content/scripts,,,not_started,,parity,
callback:M10_Nod_Obelisk.Custom,callback,M10_Nod_Obelisk.Custom,Code/Scripts/Mission10.cpp:3274,games/renegade/content/scripts,,,not_started,,parity,
callback:M10_Nod_Obelisk.Damaged,callback,M10_Nod_Obelisk.Damaged,Code/Scripts/Mission10.cpp:3287,games/renegade/content/scripts,,,not_started,,parity,
callback:M10_Nod_Obelisk.Enemy_Seen,callback,M10_Nod_Obelisk.Enemy_Seen,Code/Scripts/Mission10.cpp:3258,games/renegade/content/scripts,,,not_started,,parity,
callback:M10_Nod_Obelisk.Timer_Expired,callback,M10_Nod_Obelisk.Timer_Expired,Code/Scripts/Mission10.cpp:3304,games/renegade/content/scripts,,,not_started,,parity,
callback:M10_Obelisk.Created,callback,M10_Obelisk.Created,Code/Scripts/Mission10.cpp:1054,games/renegade/content/scripts,,,not_started,,parity,
callback:M10_Obelisk.Custom,callback,M10_Obelisk.Custom,Code/Scripts/Mission10.cpp:1106,games/renegade/content/scripts,,,not_started,,parity,
callback:M10_Obelisk.Killed,callback,M10_Obelisk.Killed,Code/Scripts/Mission10.cpp:1060,games/renegade/content/scripts,,,not_started,,parity,
callback:M10_Obelisk.Timer_Expired,callback,M10_Obelisk.Timer_Expired,Code/Scripts/Mission10.cpp:1096,games/renegade/content/scripts,,,not_started,,parity,
callback:M10_Obelisk_MCT.Created,callback,M10_Obelisk_MCT.Created,Code/Scripts/Mission10.cpp:3324,games/renegade/content/scripts,,,not_started,,parity,
callback:M10_Obelisk_MCT.Custom,callback,M10_Obelisk_MCT.Custom,Code/Scripts/Mission10.cpp:3338,games/renegade/content/scripts,,,not_started,,parity,
callback:M10_Obelisk_MCT.Poked,callback,M10_Obelisk_MCT.Poked,Code/Scripts/Mission10.cpp:3330,games/renegade/content/scripts,,,not_started,,parity,
callback:M10_Objective_Controller.Action_Complete,callback,M10_Objective_Controller.Action_Complete,Code/Scripts/Mission10.cpp:429,games/renegade/content/scripts,,,not_started,,parity,
callback:M10_Objective_Controller.Created,callback,M10_Objective_Controller.Created,Code/Scripts/Mission10.cpp:57,games/renegade/content/scripts,,,not_started,,parity,
callback:M10_Objective_Controller.Custom,callback,M10_Objective_Controller.Custom,Code/Scripts/Mission10.cpp:443,games/renegade/content/scripts,,,not_started,,parity,
callback:M10_Objective_Controller.Timer_Expired,callback,M10_Objective_Controller.Timer_Expired,Code/Scripts/Mission10.cpp:566,games/renegade/content/scripts,,,not_started,,parity,
callback:M10_Occupied.Created,callback,M10_Occupied.Created,Code/Scripts/Mission10.cpp:4179,games/renegade/content/scripts,,,not_started,,parity,
callback:M10_Occupied.Killed,callback,M10_Occupied.Killed,Code/Scripts/Mission10.cpp:4189,games/renegade/content/scripts,,,not_started,,parity,
callback:M10_Occupied.Sound_Heard,callback,M10_Occupied.Sound_Heard,Code/Scripts/Mission10.cpp:4194,games/renegade/content/scripts,,,not_started,,parity,
callback:M10_Playertype_Nod.Created,callback,M10_Playertype_Nod.Created,Code/Scripts/Mission10.cpp:3365,games/renegade/content/scripts,,,not_started,,parity,
callback:M10_Pokeable_Item_OnePoke.Created,callback,M10_Pokeable_Item_OnePoke.Created,Code/Scripts/Mission10.cpp:4310,games/renegade/content/scripts,,,not_started,,parity,
callback:M10_Pokeable_Item_OnePoke.Poked,callback,M10_Pokeable_Item_OnePoke.Poked,Code/Scripts/Mission10.cpp:4316,games/renegade/content/scripts,,,not_started,,parity,
callback:M10_PowerPlant_Spawn_Zones.Entered,callback,M10_PowerPlant_Spawn_Zones.Entered,Code/Scripts/Mission10.cpp:2243,games/renegade/content/scripts,,,not_started,,parity,
callback:M10_Power_Plant.Action_Complete,callback,M10_Power_Plant.Action_Complete,Code/Scripts/Mission10.cpp:720,games/renegade/content/scripts,,,not_started,,parity,
callback:M10_Power_Plant.Created,callback,M10_Power_Plant.Created,Code/Scripts/Mission10.cpp:689,games/renegade/content/scripts,,,not_started,,parity,
callback:M10_Power_Plant.Custom,callback,M10_Power_Plant.Custom,Code/Scripts/Mission10.cpp:695,games/renegade/content/scripts,,,not_started,,parity,
callback:M10_Power_Plant.Killed,callback,M10_Power_Plant.Killed,Code/Scripts/Mission10.cpp:731,games/renegade/content/scripts,,,not_started,,parity,
callback:M10_Radar_Scramble.Created,callback,M10_Radar_Scramble.Created,Code/Scripts/Mission10.cpp:4336,games/renegade/content/scripts,,,not_started,,parity,
callback:M10_Radar_Scramble.Custom,callback,M10_Radar_Scramble.Custom,Code/Scripts/Mission10.cpp:4341,games/renegade/content/scripts,,,not_started,,parity,
callback:M10_Radar_Scramble.Entered,callback,M10_Radar_Scramble.Entered,Code/Scripts/Mission10.cpp:4349,games/renegade/content/scripts,,,not_started,,parity,
callback:M10_Radar_UnScramble.Entered,callback,M10_Radar_UnScramble.Entered,Code/Scripts/Mission10.cpp:4371,games/renegade/content/scripts,,,not_started,,parity,
callback:M10_Refinery.Action_Complete,callback,M10_Refinery.Action_Complete,Code/Scripts/Mission10.cpp:941,games/renegade/content/scripts,,,not_started,,parity,
callback:M10_Refinery.Killed,callback,M10_Refinery.Killed,Code/Scripts/Mission10.cpp:951,games/renegade/content/scripts,,,not_started,,parity,
callback:M10_Refinery_Key_Grant.Killed,callback,M10_Refinery_Key_Grant.Killed,Code/Scripts/Mission10.cpp:2625,games/renegade/content/scripts,,,not_started,,parity,
callback:M10_Refinery_Keycard.Custom,callback,M10_Refinery_Keycard.Custom,Code/Scripts/Mission10.cpp:3349,games/renegade/content/scripts,,,not_started,,parity,
callback:M10_Refinery_Spawn_Zones.Entered,callback,M10_Refinery_Spawn_Zones.Entered,Code/Scripts/Mission10.cpp:2193,games/renegade/content/scripts,,,not_started,,parity,
callback:M10_Reinforcement_Chinook.Created,callback,M10_Reinforcement_Chinook.Created,Code/Scripts/Mission10.cpp:1871,games/renegade/content/scripts,,,not_started,,parity,
callback:M10_Reinforcement_Chinook.Destroyed,callback,M10_Reinforcement_Chinook.Destroyed,Code/Scripts/Mission10.cpp:1882,games/renegade/content/scripts,,,not_started,,parity,
callback:M10_Reinforcement_Chinook.Killed,callback,M10_Reinforcement_Chinook.Killed,Code/Scripts/Mission10.cpp:1876,games/renegade/content/scripts,,,not_started,,parity,
callback:M10_Reinforcement_Controller.Created,callback,M10_Reinforcement_Controller.Created,Code/Scripts/Mission10.cpp:1578,games/renegade/content/scripts,,,not_started,,parity,
callback:M10_Reinforcement_Controller.Custom,callback,M10_Reinforcement_Controller.Custom,Code/Scripts/Mission10.cpp:1586,games/renegade/content/scripts,,,not_started,,parity,
callback:M10_SAM_Reinforce.Killed,callback,M10_SAM_Reinforce.Killed,Code/Scripts/Mission10.cpp:2617,games/renegade/content/scripts,,,not_started,,parity,
callback:M10_Sam_Killed.Killed,callback,M10_Sam_Killed.Killed,Code/Scripts/Mission10.cpp:3955,games/renegade/content/scripts,,,not_started,,parity,
callback:M10_Silo.Killed,callback,M10_Silo.Killed,Code/Scripts/Mission10.cpp:986,games/renegade/content/scripts,,,not_started,,parity,
callback:M10_Silo_Controller.Action_Complete,callback,M10_Silo_Controller.Action_Complete,Code/Scripts/Mission10.cpp:1010,games/renegade/content/scripts,,,not_started,,parity,
callback:M10_Silo_Controller.Created,callback,M10_Silo_Controller.Created,Code/Scripts/Mission10.cpp:1005,games/renegade/content/scripts,,,not_started,,parity,
callback:M10_Silo_Controller.Custom,callback,M10_Silo_Controller.Custom,Code/Scripts/Mission10.cpp:1022,games/renegade/content/scripts,,,not_started,,parity,
callback:M10_SoldierPoke.Created,callback,M10_SoldierPoke.Created,Code/Scripts/Mission10.cpp:4403,games/renegade/content/scripts,,,not_started,,parity,
callback:M10_SoldierPoke.Poked,callback,M10_SoldierPoke.Poked,Code/Scripts/Mission10.cpp:4412,games/renegade/content/scripts,,,not_started,,parity,
callback:M10_Spacecraft_Check.Poked,callback,M10_Spacecraft_Check.Poked,Code/Scripts/Mission10.cpp:2757,games/renegade/content/scripts,,,not_started,,parity,
callback:M10_Ssm_Trigger.Created,callback,M10_Ssm_Trigger.Created,Code/Scripts/Mission10.cpp:4285,games/renegade/content/scripts,,,not_started,,parity,
callback:M10_Ssm_Trigger.Entered,callback,M10_Ssm_Trigger.Entered,Code/Scripts/Mission10.cpp:4290,games/renegade/content/scripts,,,not_started,,parity,
callback:M10_Stationary.Created,callback,M10_Stationary.Created,Code/Scripts/Mission10.cpp:2479,games/renegade/content/scripts,,,not_started,,parity,
callback:M10_Stealth.Created,callback,M10_Stealth.Created,Code/Scripts/Mission10.cpp:2128,games/renegade/content/scripts,,,not_started,,parity,
callback:M10_Stealth_Attack_01.Action_Complete,callback,M10_Stealth_Attack_01.Action_Complete,Code/Scripts/Mission10.cpp:3033,games/renegade/content/scripts,,,not_started,,parity,
callback:M10_Stealth_Attack_01.Created,callback,M10_Stealth_Attack_01.Created,Code/Scripts/Mission10.cpp:3003,games/renegade/content/scripts,,,not_started,,parity,
callback:M10_Stealth_Attack_01.Enemy_Seen,callback,M10_Stealth_Attack_01.Enemy_Seen,Code/Scripts/Mission10.cpp:3041,games/renegade/content/scripts,,,not_started,,parity,
callback:M10_Stealth_Attack_01.Killed,callback,M10_Stealth_Attack_01.Killed,Code/Scripts/Mission10.cpp:3054,games/renegade/content/scripts,,,not_started,,parity,
callback:M10_Stealth_Attack_01.Timer_Expired,callback,M10_Stealth_Attack_01.Timer_Expired,Code/Scripts/Mission10.cpp:3059,games/renegade/content/scripts,,,not_started,,parity,
callback:M10_Stealth_Attack_02.Action_Complete,callback,M10_Stealth_Attack_02.Action_Complete,Code/Scripts/Mission10.cpp:3173,games/renegade/content/scripts,,,not_started,,parity,
callback:M10_Stealth_Attack_02.Created,callback,M10_Stealth_Attack_02.Created,Code/Scripts/Mission10.cpp:3129,games/renegade/content/scripts,,,not_started,,parity,
callback:M10_Stealth_Attack_02.Enemy_Seen,callback,M10_Stealth_Attack_02.Enemy_Seen,Code/Scripts/Mission10.cpp:3181,games/renegade/content/scripts,,,not_started,,parity,
callback:M10_Stealth_Attack_02.Killed,callback,M10_Stealth_Attack_02.Killed,Code/Scripts/Mission10.cpp:3168,games/renegade/content/scripts,,,not_started,,parity,
callback:M10_Stealth_Attack_02.Timer_Expired,callback,M10_Stealth_Attack_02.Timer_Expired,Code/Scripts/Mission10.cpp:3194,games/renegade/content/scripts,,,not_started,,parity,
callback:M10_Stealth_Drop.Created,callback,M10_Stealth_Drop.Created,Code/Scripts/Mission10.cpp:2852,games/renegade/content/scripts,,,not_started,,parity,
callback:M10_Stealth_Drop.Custom,callback,M10_Stealth_Drop.Custom,Code/Scripts/Mission10.cpp:2862,games/renegade/content/scripts,,,not_started,,parity,
callback:M10_Stealth_Drop.Destroyed,callback,M10_Stealth_Drop.Destroyed,Code/Scripts/Mission10.cpp:2857,games/renegade/content/scripts,,,not_started,,parity,
callback:M10_Stealth_Drop.Timer_Expired,callback,M10_Stealth_Drop.Timer_Expired,Code/Scripts/Mission10.cpp:2877,games/renegade/content/scripts,,,not_started,,parity,
callback:M10_TestStealth.Created,callback,M10_TestStealth.Created,Code/Scripts/Mission10.cpp:2497,games/renegade/content/scripts,,,not_started,,parity,
callback:M10_TestStealth.Timer_Expired,callback,M10_TestStealth.Timer_Expired,Code/Scripts/Mission10.cpp:2505,games/renegade/content/scripts,,,not_started,,parity,
callback:M10_Turret.Created,callback,M10_Turret.Created,Code/Scripts/Mission10.cpp:1131,games/renegade/content/scripts,,,not_started,,parity,
callback:M10_Turret.Enemy_Seen,callback,M10_Turret.Enemy_Seen,Code/Scripts/Mission10.cpp:1136,games/renegade/content/scripts,,,not_started,,parity,
callback:M10_Turret.Killed,callback,M10_Turret.Killed,Code/Scripts/Mission10.cpp:1146,games/renegade/content/scripts,,,not_started,,parity,
callback:M10_Turret.Timer_Expired,callback,M10_Turret.Timer_Expired,Code/Scripts/Mission10.cpp:1155,games/renegade/content/scripts,,,not_started,,parity,
callback:M10_Turret_Killed.Killed,callback,M10_Turret_Killed.Killed,Code/Scripts/Mission10.cpp:4043,games/renegade/content/scripts,,,not_started,,parity,
callback:M10_Turret_Tank.Created,callback,M10_Turret_Tank.Created,Code/Scripts/Mission10.cpp:646,games/renegade/content/scripts,,,not_started,,parity,
callback:M10_Turret_Tank.Enemy_Seen,callback,M10_Turret_Tank.Enemy_Seen,Code/Scripts/Mission10.cpp:651,games/renegade/content/scripts,,,not_started,,parity,
callback:M10_Turret_Tank.Timer_Expired,callback,M10_Turret_Tank.Timer_Expired,Code/Scripts/Mission10.cpp:674,games/renegade/content/scripts,,,not_started,,parity,
callback:M10_Vehicle_Attack_02.Created,callback,M10_Vehicle_Attack_02.Created,Code/Scripts/Mission10.cpp:2080,games/renegade/content/scripts,,,not_started,,parity,
callback:M10_Vehicle_Attack_02.Enemy_Seen,callback,M10_Vehicle_Attack_02.Enemy_Seen,Code/Scripts/Mission10.cpp:2087,games/renegade/content/scripts,,,not_started,,parity,
callback:M10_Vehicle_Attack_02.Timer_Expired,callback,M10_Vehicle_Attack_02.Timer_Expired,Code/Scripts/Mission10.cpp:2112,games/renegade/content/scripts,,,not_started,,parity,
callback:M11_AblesTomb_TalkZone_JDG.Entered,callback,M11_AblesTomb_TalkZone_JDG.Entered,Code/Scripts/Mission11.cpp:6127,games/renegade/content/scripts,,,not_started,,parity,
callback:M11_Barracks_LivingQuarters_T13_EntryZone_JDG.Created,callback,M11_Barracks_LivingQuarters_T13_EntryZone_JDG.Created,Code/Scripts/Mission11.cpp:3161,games/renegade/content/scripts,,,not_started,,parity,
callback:M11_Barracks_LivingQuarters_T13_EntryZone_JDG.Entered,callback,M11_Barracks_LivingQuarters_T13_EntryZone_JDG.Entered,Code/Scripts/Mission11.cpp:3166,games/renegade/content/scripts,,,not_started,,parity,
callback:M11_Barracks_LivingQuarters_T14_EntryZone_JDG.Created,callback,M11_Barracks_LivingQuarters_T14_EntryZone_JDG.Created,Code/Scripts/Mission11.cpp:2893,games/renegade/content/scripts,,,not_started,,parity,
callback:M11_Barracks_LivingQuarters_T14_EntryZone_JDG.Entered,callback,M11_Barracks_LivingQuarters_T14_EntryZone_JDG.Entered,Code/Scripts/Mission11.cpp:2898,games/renegade/content/scripts,,,not_started,,parity,
callback:M11_Barracks_LivingQuarters_T15_EntryZone_JDG.Created,callback,M11_Barracks_LivingQuarters_T15_EntryZone_JDG.Created,Code/Scripts/Mission11.cpp:3028,games/renegade/content/scripts,,,not_started,,parity,
callback:M11_Barracks_LivingQuarters_T15_EntryZone_JDG.Entered,callback,M11_Barracks_LivingQuarters_T15_EntryZone_JDG.Entered,Code/Scripts/Mission11.cpp:3033,games/renegade/content/scripts,,,not_started,,parity,
callback:M11_Barracks_LivingQuarters_T16_EntryZone_JDG.Created,callback,M11_Barracks_LivingQuarters_T16_EntryZone_JDG.Created,Code/Scripts/Mission11.cpp:3291,games/renegade/content/scripts,,,not_started,,parity,
callback:M11_Barracks_LivingQuarters_T16_EntryZone_JDG.Entered,callback,M11_Barracks_LivingQuarters_T16_EntryZone_JDG.Entered,Code/Scripts/Mission11.cpp:3296,games/renegade/content/scripts,,,not_started,,parity,
callback:M11_Barracks_LivingQuarters_T17_EntryZone_JDG.Created,callback,M11_Barracks_LivingQuarters_T17_EntryZone_JDG.Created,Code/Scripts/Mission11.cpp:2970,games/renegade/content/scripts,,,not_started,,parity,
callback:M11_Barracks_LivingQuarters_T17_EntryZone_JDG.Entered,callback,M11_Barracks_LivingQuarters_T17_EntryZone_JDG.Entered,Code/Scripts/Mission11.cpp:2975,games/renegade/content/scripts,,,not_started,,parity,
callback:M11_Barracks_LivingQuarters_T18_EntryZone_JDG.Created,callback,M11_Barracks_LivingQuarters_T18_EntryZone_JDG.Created,Code/Scripts/Mission11.cpp:2771,games/renegade/content/scripts,,,not_started,,parity,
callback:M11_Barracks_LivingQuarters_T18_EntryZone_JDG.Entered,callback,M11_Barracks_LivingQuarters_T18_EntryZone_JDG.Entered,Code/Scripts/Mission11.cpp:2776,games/renegade/content/scripts,,,not_started,,parity,
callback:M11_Barracks_LivingQuarters_T19_EntryZone_JDG.Created,callback,M11_Barracks_LivingQuarters_T19_EntryZone_JDG.Created,Code/Scripts/Mission11.cpp:2568,games/renegade/content/scripts,,,not_started,,parity,
callback:M11_Barracks_LivingQuarters_T19_EntryZone_JDG.Entered,callback,M11_Barracks_LivingQuarters_T19_EntryZone_JDG.Entered,Code/Scripts/Mission11.cpp:2573,games/renegade/content/scripts,,,not_started,,parity,
callback:M11_Barracks_LivingQuarters_T20_EntryZone_JDG.Created,callback,M11_Barracks_LivingQuarters_T20_EntryZone_JDG.Created,Code/Scripts/Mission11.cpp:2505,games/renegade/content/scripts,,,not_started,,parity,
callback:M11_Barracks_LivingQuarters_T20_EntryZone_JDG.Entered,callback,M11_Barracks_LivingQuarters_T20_EntryZone_JDG.Entered,Code/Scripts/Mission11.cpp:2510,games/renegade/content/scripts,,,not_started,,parity,
callback:M11_Barracks_MutantConversationGuy_01_JDG.Action_Complete,callback,M11_Barracks_MutantConversationGuy_01_JDG.Action_Complete,Code/Scripts/Mission11.cpp:3099,games/renegade/content/scripts,,,not_started,,parity,
callback:M11_Barracks_MutantConversationGuy_01_JDG.Created,callback,M11_Barracks_MutantConversationGuy_01_JDG.Created,Code/Scripts/Mission11.cpp:3070,games/renegade/content/scripts,,,not_started,,parity,
callback:M11_Barracks_MutantConversationGuy_01_JDG.Custom,callback,M11_Barracks_MutantConversationGuy_01_JDG.Custom,Code/Scripts/Mission11.cpp:3076,games/renegade/content/scripts,,,not_started,,parity,
callback:M11_Barracks_MutantConversationGuy_02_JDG.Created,callback,M11_Barracks_MutantConversationGuy_02_JDG.Created,Code/Scripts/Mission11.cpp:3124,games/renegade/content/scripts,,,not_started,,parity,
callback:M11_Barracks_MutantConversationGuy_02_JDG.Custom,callback,M11_Barracks_MutantConversationGuy_02_JDG.Custom,Code/Scripts/Mission11.cpp:3129,games/renegade/content/scripts,,,not_started,,parity,
callback:M11_Barracks_MutantReject_JDG.Created,callback,M11_Barracks_MutantReject_JDG.Created,Code/Scripts/Mission11.cpp:2531,games/renegade/content/scripts,,,not_started,,parity,
callback:M11_Barracks_MutantReject_JDG.Custom,callback,M11_Barracks_MutantReject_JDG.Custom,Code/Scripts/Mission11.cpp:2536,games/renegade/content/scripts,,,not_started,,parity,
callback:M11_Barracks_MutantUprising_BlackhandGuy_JDG.Action_Complete,callback,M11_Barracks_MutantUprising_BlackhandGuy_JDG.Action_Complete,Code/Scripts/Mission11.cpp:6740,games/renegade/content/scripts,,,not_started,,parity,
callback:M11_Barracks_MutantUprising_BlackhandGuy_JDG.Created,callback,M11_Barracks_MutantUprising_BlackhandGuy_JDG.Created,Code/Scripts/Mission11.cpp:6717,games/renegade/content/scripts,,,not_started,,parity,
callback:M11_Barracks_MutantUprising_BlackhandGuy_JDG.Custom,callback,M11_Barracks_MutantUprising_BlackhandGuy_JDG.Custom,Code/Scripts/Mission11.cpp:6722,games/renegade/content/scripts,,,not_started,,parity,
callback:M11_Barracks_MutantUprising_Mutant01_JDG.Created,callback,M11_Barracks_MutantUprising_Mutant01_JDG.Created,Code/Scripts/Mission11.cpp:6768,games/renegade/content/scripts,,,not_started,,parity,
callback:M11_Barracks_MutantUprising_Mutant01_JDG.Custom,callback,M11_Barracks_MutantUprising_Mutant01_JDG.Custom,Code/Scripts/Mission11.cpp:6773,games/renegade/content/scripts,,,not_started,,parity,
callback:M11_Barracks_MutantUprising_Mutant02_JDG.Created,callback,M11_Barracks_MutantUprising_Mutant02_JDG.Created,Code/Scripts/Mission11.cpp:6798,games/renegade/content/scripts,,,not_started,,parity,
callback:M11_Barracks_MutantUprising_Mutant02_JDG.Custom,callback,M11_Barracks_MutantUprising_Mutant02_JDG.Custom,Code/Scripts/Mission11.cpp:6803,games/renegade/content/scripts,,,not_started,,parity,
callback:M11_Barracks_Scientist_JDG.Action_Complete,callback,M11_Barracks_Scientist_JDG.Action_Complete,Code/Scripts/Mission11.cpp:2649,games/renegade/content/scripts,,,not_started,,parity,
callback:M11_Barracks_Scientist_JDG.Created,callback,M11_Barracks_Scientist_JDG.Created,Code/Scripts/Mission11.cpp:2609,games/renegade/content/scripts,,,not_started,,parity,
callback:M11_Barracks_Scientist_JDG.Custom,callback,M11_Barracks_Scientist_JDG.Custom,Code/Scripts/Mission11.cpp:2624,games/renegade/content/scripts,,,not_started,,parity,
callback:M11_Barracks_Scientist_JDG.Killed,callback,M11_Barracks_Scientist_JDG.Killed,Code/Scripts/Mission11.cpp:2619,games/renegade/content/scripts,,,not_started,,parity,
callback:M11_Barracks_ShowerStealthSoldier_JDG.Created,callback,M11_Barracks_ShowerStealthSoldier_JDG.Created,Code/Scripts/Mission11.cpp:2927,games/renegade/content/scripts,,,not_started,,parity,
callback:M11_Barracks_ShowerStealthSoldier_JDG.Custom,callback,M11_Barracks_ShowerStealthSoldier_JDG.Custom,Code/Scripts/Mission11.cpp:2940,games/renegade/content/scripts,,,not_started,,parity,
callback:M11_Barracks_ShowerStealthSoldier_JDG.Killed,callback,M11_Barracks_ShowerStealthSoldier_JDG.Killed,Code/Scripts/Mission11.cpp:2935,games/renegade/content/scripts,,,not_started,,parity,
callback:M11_Barracks_SpawnedDude_JDG.Action_Complete,callback,M11_Barracks_SpawnedDude_JDG.Action_Complete,Code/Scripts/Mission11.cpp:2466,games/renegade/content/scripts,,,not_started,,parity,
callback:M11_Barracks_SpawnedDude_JDG.Created,callback,M11_Barracks_SpawnedDude_JDG.Created,Code/Scripts/Mission11.cpp:2431,games/renegade/content/scripts,,,not_started,,parity,
callback:M11_Barracks_SpawnedDude_JDG.Custom,callback,M11_Barracks_SpawnedDude_JDG.Custom,Code/Scripts/Mission11.cpp:2441,games/renegade/content/scripts,,,not_started,,parity,
callback:M11_Barracks_SpawnerController_JDG.Created,callback,M11_Barracks_SpawnerController_JDG.Created,Code/Scripts/Mission11.cpp:2371,games/renegade/content/scripts,,,not_started,,parity,
callback:M11_Barracks_SpawnerController_JDG.Custom,callback,M11_Barracks_SpawnerController_JDG.Custom,Code/Scripts/Mission11.cpp:2378,games/renegade/content/scripts,,,not_started,,parity,
callback:M11_Barracks_TechnicianConversation_Blackhand_JDG.Action_Complete,callback,M11_Barracks_TechnicianConversation_Blackhand_JDG.Action_Complete,Code/Scripts/Mission11.cpp:2835,games/renegade/content/scripts,,,not_started,,parity,
callback:M11_Barracks_TechnicianConversation_Blackhand_JDG.Created,callback,M11_Barracks_TechnicianConversation_Blackhand_JDG.Created,Code/Scripts/Mission11.cpp:2811,games/renegade/content/scripts,,,not_started,,parity,
callback:M11_Barracks_TechnicianConversation_Blackhand_JDG.Custom,callback,M11_Barracks_TechnicianConversation_Blackhand_JDG.Custom,Code/Scripts/Mission11.cpp:2816,games/renegade/content/scripts,,,not_started,,parity,
callback:M11_Barracks_TechnicianConversation_Tech_JDG.Created,callback,M11_Barracks_TechnicianConversation_Tech_JDG.Created,Code/Scripts/Mission11.cpp:2859,games/renegade/content/scripts,,,not_started,,parity,
callback:M11_Barracks_TechnicianConversation_Tech_JDG.Custom,callback,M11_Barracks_TechnicianConversation_Tech_JDG.Custom,Code/Scripts/Mission11.cpp:2864,games/renegade/content/scripts,,,not_started,,parity,
callback:M11_Barracks_ToiletMutant01_JDG.Created,callback,M11_Barracks_ToiletMutant01_JDG.Created,Code/Scripts/Mission11.cpp:3194,games/renegade/content/scripts,,,not_started,,parity,
callback:M11_Barracks_ToiletMutant01_JDG.Custom,callback,M11_Barracks_ToiletMutant01_JDG.Custom,Code/Scripts/Mission11.cpp:3204,games/renegade/content/scripts,,,not_started,,parity,
callback:M11_Barracks_ToiletMutant02_JDG.Created,callback,M11_Barracks_ToiletMutant02_JDG.Created,Code/Scripts/Mission11.cpp:3237,games/renegade/content/scripts,,,not_started,,parity,
callback:M11_Barracks_ToiletMutant02_JDG.Custom,callback,M11_Barracks_ToiletMutant02_JDG.Custom,Code/Scripts/Mission11.cpp:3246,games/renegade/content/scripts,,,not_started,,parity,
callback:M11_Barracks_Visceroid_JDG.Created,callback,M11_Barracks_Visceroid_JDG.Created,Code/Scripts/Mission11.cpp:6143,games/renegade/content/scripts,,,not_started,,parity,
callback:M11_Barracks_Visceroid_JDG.Custom,callback,M11_Barracks_Visceroid_JDG.Custom,Code/Scripts/Mission11.cpp:6148,games/renegade/content/scripts,,,not_started,,parity,
callback:M11_Barracks_Visceroid_KeyCarrier_JDG.Created,callback,M11_Barracks_Visceroid_KeyCarrier_JDG.Created,Code/Scripts/Mission11.cpp:6167,games/renegade/content/scripts,,,not_started,,parity,
callback:M11_Barracks_Visceroid_KeyCarrier_JDG.Custom,callback,M11_Barracks_Visceroid_KeyCarrier_JDG.Custom,Code/Scripts/Mission11.cpp:6179,games/renegade/content/scripts,,,not_started,,parity,
callback:M11_Barracks_Visceroid_KeyCarrier_JDG.Killed,callback,M11_Barracks_Visceroid_KeyCarrier_JDG.Killed,Code/Scripts/Mission11.cpp:6172,games/renegade/content/scripts,,,not_started,,parity,
callback:M11_Barracks_Visceroid_Morpher_JDG.Created,callback,M11_Barracks_Visceroid_Morpher_JDG.Created,Code/Scripts/Mission11.cpp:6199,games/renegade/content/scripts,,,not_started,,parity,
callback:M11_Barracks_Visceroid_Morpher_JDG.Custom,callback,M11_Barracks_Visceroid_Morpher_JDG.Custom,Code/Scripts/Mission11.cpp:6204,games/renegade/content/scripts,,,not_started,,parity,
callback:M11_BattleStationAlpha_CommanderEncounter_KaneHead_JDG.Created,callback,M11_BattleStationAlpha_CommanderEncounter_KaneHead_JDG.Created,Code/Scripts/Mission11.cpp:5788,games/renegade/content/scripts,,,not_started,,parity,
callback:M11_BattleStationAlpha_CommanderEncounter_KaneHead_JDG.Custom,callback,M11_BattleStationAlpha_CommanderEncounter_KaneHead_JDG.Custom,Code/Scripts/Mission11.cpp:5797,games/renegade/content/scripts,,,not_started,,parity,
callback:M11_BattleStationAlpha_HavocEncounter_KaneHead_JDG.Created,callback,M11_BattleStationAlpha_HavocEncounter_KaneHead_JDG.Created,Code/Scripts/Mission11.cpp:5808,games/renegade/content/scripts,,,not_started,,parity,
callback:M11_BattleStationAlpha_HavocEncounter_KaneHead_JDG.Custom,callback,M11_BattleStationAlpha_HavocEncounter_KaneHead_JDG.Custom,Code/Scripts/Mission11.cpp:5817,games/renegade/content/scripts,,,not_started,,parity,
callback:M11_C130_Dropoff_Controller_JDG.Created,callback,M11_C130_Dropoff_Controller_JDG.Created,Code/Scripts/Mission11.cpp:1491,games/renegade/content/scripts,,,not_started,,parity,
callback:M11_C130_Dropoff_Controller_JDG.Custom,callback,M11_C130_Dropoff_Controller_JDG.Custom,Code/Scripts/Mission11.cpp:1499,games/renegade/content/scripts,,,not_started,,parity,
callback:M11_C130_Dropoff_Controller_JDG.Timer_Expired,callback,M11_C130_Dropoff_Controller_JDG.Timer_Expired,Code/Scripts/Mission11.cpp:1509,games/renegade/content/scripts,,,not_started,,parity,
callback:M11_C130_Dropoff_Dude_JDG.Animation_Complete,callback,M11_C130_Dropoff_Dude_JDG.Animation_Complete,Code/Scripts/Mission11.cpp:1548,games/renegade/content/scripts,,,not_started,,parity,
callback:M11_C130_Dropoff_Dude_JDG.Killed,callback,M11_C130_Dropoff_Dude_JDG.Killed,Code/Scripts/Mission11.cpp:1566,games/renegade/content/scripts,,,not_started,,parity,
callback:M11_CABAL_Babble_Contoller_JDG.Created,callback,M11_CABAL_Babble_Contoller_JDG.Created,Code/Scripts/Mission11.cpp:6014,games/renegade/content/scripts,,,not_started,,parity,
callback:M11_CABAL_Babble_Contoller_JDG.Custom,callback,M11_CABAL_Babble_Contoller_JDG.Custom,Code/Scripts/Mission11.cpp:6020,games/renegade/content/scripts,,,not_started,,parity,
callback:M11_CeilingRepeller2_JDG.Animation_Complete,callback,M11_CeilingRepeller2_JDG.Animation_Complete,Code/Scripts/Mission11.cpp:11246,games/renegade/content/scripts,,,not_started,,parity,
callback:M11_CeilingRepeller2_JDG.Created,callback,M11_CeilingRepeller2_JDG.Created,Code/Scripts/Mission11.cpp:11238,games/renegade/content/scripts,,,not_started,,parity,
callback:M11_CeilingRepeller2_JDG.Killed,callback,M11_CeilingRepeller2_JDG.Killed,Code/Scripts/Mission11.cpp:11254,games/renegade/content/scripts,,,not_started,,parity,
callback:M11_CeilingRepeller_JDG.Animation_Complete,callback,M11_CeilingRepeller_JDG.Animation_Complete,Code/Scripts/Mission11.cpp:5437,games/renegade/content/scripts,,,not_started,,parity,
callback:M11_CeilingRepeller_JDG.Killed,callback,M11_CeilingRepeller_JDG.Killed,Code/Scripts/Mission11.cpp:5445,games/renegade/content/scripts,,,not_started,,parity,
callback:M11_CeilingRepellers_Controller2_JDG.Created,callback,M11_CeilingRepellers_Controller2_JDG.Created,Code/Scripts/Mission11.cpp:11152,games/renegade/content/scripts,,,not_started,,parity,
callback:M11_CeilingRepellers_Controller2_JDG.Custom,callback,M11_CeilingRepellers_Controller2_JDG.Custom,Code/Scripts/Mission11.cpp:11163,games/renegade/content/scripts,,,not_started,,parity,
callback:M11_CeilingRepellers_Controller_JDG.Created,callback,M11_CeilingRepellers_Controller_JDG.Created,Code/Scripts/Mission11.cpp:5297,games/renegade/content/scripts,,,not_started,,parity,
callback:M11_CeilingRepellers_Controller_JDG.Custom,callback,M11_CeilingRepellers_Controller_JDG.Custom,Code/Scripts/Mission11.cpp:5308,games/renegade/content/scripts,,,not_started,,parity,
callback:M11_CeilingRepellers_RopeA_JDG.Created,callback,M11_CeilingRepellers_RopeA_JDG.Created,Code/Scripts/Mission11.cpp:5411,games/renegade/content/scripts,,,not_started,,parity,
callback:M11_CeilingRepellers_RopeB_JDG.Created,callback,M11_CeilingRepellers_RopeB_JDG.Created,Code/Scripts/Mission11.cpp:5424,games/renegade/content/scripts,,,not_started,,parity,
callback:M11_CeilingRepellers_RopeC_JDG.Created,callback,M11_CeilingRepellers_RopeC_JDG.Created,Code/Scripts/Mission11.cpp:11223,games/renegade/content/scripts,,,not_started,,parity,
callback:M11_Cell_Mutant01_JDG.Created,callback,M11_Cell_Mutant01_JDG.Created,Code/Scripts/Mission11.cpp:7186,games/renegade/content/scripts,,,not_started,,parity,
callback:M11_Cell_Mutant02_JDG.Action_Complete,callback,M11_Cell_Mutant02_JDG.Action_Complete,Code/Scripts/Mission11.cpp:7230,games/renegade/content/scripts,,,not_started,,parity,
callback:M11_Cell_Mutant02_JDG.Created,callback,M11_Cell_Mutant02_JDG.Created,Code/Scripts/Mission11.cpp:7202,games/renegade/content/scripts,,,not_started,,parity,
callback:M11_Cell_Mutant02_JDG.Custom,callback,M11_Cell_Mutant02_JDG.Custom,Code/Scripts/Mission11.cpp:7214,games/renegade/content/scripts,,,not_started,,parity,
callback:M11_Cell_Visceroid_JDG.Action_Complete,callback,M11_Cell_Visceroid_JDG.Action_Complete,Code/Scripts/Mission11.cpp:7348,games/renegade/content/scripts,,,not_started,,parity,
callback:M11_Cell_Visceroid_JDG.Created,callback,M11_Cell_Visceroid_JDG.Created,Code/Scripts/Mission11.cpp:7272,games/renegade/content/scripts,,,not_started,,parity,
callback:M11_Cell_Visceroid_JDG.Custom,callback,M11_Cell_Visceroid_JDG.Custom,Code/Scripts/Mission11.cpp:7285,games/renegade/content/scripts,,,not_started,,parity,
callback:M11_Cell_Visceroid_JDG.Killed,callback,M11_Cell_Visceroid_JDG.Killed,Code/Scripts/Mission11.cpp:7280,games/renegade/content/scripts,,,not_started,,parity,
callback:M11_Cinematic_Havoc_Script_JDG.Created,callback,M11_Cinematic_Havoc_Script_JDG.Created,Code/Scripts/Mission11.cpp:6866,games/renegade/content/scripts,,,not_started,,parity,
callback:M11_Cinematic_Petrova_Script_JDG.Created,callback,M11_Cinematic_Petrova_Script_JDG.Created,Code/Scripts/Mission11.cpp:6874,games/renegade/content/scripts,,,not_started,,parity,
callback:M11_Cryochamber_DestroyedSimple_JDG.Created,callback,M11_Cryochamber_DestroyedSimple_JDG.Created,Code/Scripts/Mission11.cpp:3412,games/renegade/content/scripts,,,not_started,,parity,
callback:M11_Cryochamber_DestroyedSimple_JDG.Damaged,callback,M11_Cryochamber_DestroyedSimple_JDG.Damaged,Code/Scripts/Mission11.cpp:3420,games/renegade/content/scripts,,,not_started,,parity,
callback:M11_Cryochamber_Simple_JDG.Created,callback,M11_Cryochamber_Simple_JDG.Created,Code/Scripts/Mission11.cpp:8417,games/renegade/content/scripts,,,not_started,,parity,
callback:M11_Cryochamber_Simple_JDG.Custom,callback,M11_Cryochamber_Simple_JDG.Custom,Code/Scripts/Mission11.cpp:8424,games/renegade/content/scripts,,,not_started,,parity,
callback:M11_Cryochamber_Simple_JDG.Damaged,callback,M11_Cryochamber_Simple_JDG.Damaged,Code/Scripts/Mission11.cpp:8459,games/renegade/content/scripts,,,not_started,,parity,
callback:M11_Elevator_Switch_MasterControllerScript_JDG.Created,callback,M11_Elevator_Switch_MasterControllerScript_JDG.Created,Code/Scripts/Mission11.cpp:10661,games/renegade/content/scripts,,,not_started,,parity,
callback:M11_Elevator_Switch_MasterControllerScript_JDG.Custom,callback,M11_Elevator_Switch_MasterControllerScript_JDG.Custom,Code/Scripts/Mission11.cpp:10677,games/renegade/content/scripts,,,not_started,,parity,
callback:M11_Elevator_Switch_MasterControllerScript_JDG.Timer_Expired,callback,M11_Elevator_Switch_MasterControllerScript_JDG.Timer_Expired,Code/Scripts/Mission11.cpp:10876,games/renegade/content/scripts,,,not_started,,parity,
callback:M11_End_First_Objective_Zone_JDG.Entered,callback,M11_End_First_Objective_Zone_JDG.Entered,Code/Scripts/Mission11.cpp:4800,games/renegade/content/scripts,,,not_started,,parity,
callback:M11_End_Mission_Switch_JDG.Created,callback,M11_End_Mission_Switch_JDG.Created,Code/Scripts/Mission11.cpp:4896,games/renegade/content/scripts,,,not_started,,parity,
callback:M11_End_Mission_Switch_JDG.Custom,callback,M11_End_Mission_Switch_JDG.Custom,Code/Scripts/Mission11.cpp:4915,games/renegade/content/scripts,,,not_started,,parity,
callback:M11_End_Mission_Switch_JDG.Damaged,callback,M11_End_Mission_Switch_JDG.Damaged,Code/Scripts/Mission11.cpp:4907,games/renegade/content/scripts,,,not_started,,parity,
callback:M11_End_Mission_Switch_JDG.Killed,callback,M11_End_Mission_Switch_JDG.Killed,Code/Scripts/Mission11.cpp:4902,games/renegade/content/scripts,,,not_started,,parity,
callback:M11_End_Third_Objective_Zone_JDG.Created,callback,M11_End_Third_Objective_Zone_JDG.Created,Code/Scripts/Mission11.cpp:5491,games/renegade/content/scripts,,,not_started,,parity,
callback:M11_End_Third_Objective_Zone_JDG.Entered,callback,M11_End_Third_Objective_Zone_JDG.Entered,Code/Scripts/Mission11.cpp:5496,games/renegade/content/scripts,,,not_started,,parity,
callback:M11_ExternalArtillery_Controller_JDG.Created,callback,M11_ExternalArtillery_Controller_JDG.Created,Code/Scripts/Mission11.cpp:1158,games/renegade/content/scripts,,,not_started,,parity,
callback:M11_ExternalArtillery_Controller_JDG.Custom,callback,M11_ExternalArtillery_Controller_JDG.Custom,Code/Scripts/Mission11.cpp:1169,games/renegade/content/scripts,,,not_started,,parity,
callback:M11_ExternalSound_Controller_GDITanks_JDG.Created,callback,M11_ExternalSound_Controller_GDITanks_JDG.Created,Code/Scripts/Mission11.cpp:964,games/renegade/content/scripts,,,not_started,,parity,
callback:M11_ExternalSound_Controller_GDITanks_JDG.Custom,callback,M11_ExternalSound_Controller_GDITanks_JDG.Custom,Code/Scripts/Mission11.cpp:971,games/renegade/content/scripts,,,not_started,,parity,
callback:M11_ExternalSound_Controller_GDITanks_JDG.Timer_Expired,callback,M11_ExternalSound_Controller_GDITanks_JDG.Timer_Expired,Code/Scripts/Mission11.cpp:986,games/renegade/content/scripts,,,not_started,,parity,
callback:M11_ExternalSound_Controller_GDITroops_JDG.Created,callback,M11_ExternalSound_Controller_GDITroops_JDG.Created,Code/Scripts/Mission11.cpp:1060,games/renegade/content/scripts,,,not_started,,parity,
callback:M11_ExternalSound_Controller_GDITroops_JDG.Custom,callback,M11_ExternalSound_Controller_GDITroops_JDG.Custom,Code/Scripts/Mission11.cpp:1067,games/renegade/content/scripts,,,not_started,,parity,
callback:M11_ExternalSound_Controller_GDITroops_JDG.Timer_Expired,callback,M11_ExternalSound_Controller_GDITroops_JDG.Timer_Expired,Code/Scripts/Mission11.cpp:1082,games/renegade/content/scripts,,,not_started,,parity,
callback:M11_ExternalSound_Controller_NodTanks_JDG.Created,callback,M11_ExternalSound_Controller_NodTanks_JDG.Created,Code/Scripts/Mission11.cpp:916,games/renegade/content/scripts,,,not_started,,parity,
callback:M11_ExternalSound_Controller_NodTanks_JDG.Custom,callback,M11_ExternalSound_Controller_NodTanks_JDG.Custom,Code/Scripts/Mission11.cpp:923,games/renegade/content/scripts,,,not_started,,parity,
callback:M11_ExternalSound_Controller_NodTanks_JDG.Timer_Expired,callback,M11_ExternalSound_Controller_NodTanks_JDG.Timer_Expired,Code/Scripts/Mission11.cpp:938,games/renegade/content/scripts,,,not_started,,parity,
callback:M11_ExternalSound_Controller_NodTroops_JDG.Created,callback,M11_ExternalSound_Controller_NodTroops_JDG.Created,Code/Scripts/Mission11.cpp:1012,games/renegade/content/scripts,,,not_started,,parity,
callback:M11_ExternalSound_Controller_NodTroops_JDG.Custom,callback,M11_ExternalSound_Controller_NodTroops_JDG.Custom,Code/Scripts/Mission11.cpp:1019,games/renegade/content/scripts,,,not_started,,parity,
callback:M11_ExternalSound_Controller_NodTroops_JDG.Timer_Expired,callback,M11_ExternalSound_Controller_NodTroops_JDG.Timer_Expired,Code/Scripts/Mission11.cpp:1034,games/renegade/content/scripts,,,not_started,,parity,
callback:M11_FirstFloor_Elevator_Switch_Script_JDG.Created,callback,M11_FirstFloor_Elevator_Switch_Script_JDG.Created,Code/Scripts/Mission11.cpp:10574,games/renegade/content/scripts,,,not_started,,parity,
callback:M11_FirstFloor_Elevator_Switch_Script_JDG.Custom,callback,M11_FirstFloor_Elevator_Switch_Script_JDG.Custom,Code/Scripts/Mission11.cpp:10592,games/renegade/content/scripts,,,not_started,,parity,
callback:M11_FirstFloor_Elevator_Switch_Script_JDG.Poked,callback,M11_FirstFloor_Elevator_Switch_Script_JDG.Poked,Code/Scripts/Mission11.cpp:10580,games/renegade/content/scripts,,,not_started,,parity,
callback:M11_FirstFloor_Stuff_Controller_JDG.Created,callback,M11_FirstFloor_Stuff_Controller_JDG.Created,Code/Scripts/Mission11.cpp:722,games/renegade/content/scripts,,,not_started,,parity,
callback:M11_FirstFloor_Stuff_Controller_JDG.Custom,callback,M11_FirstFloor_Stuff_Controller_JDG.Custom,Code/Scripts/Mission11.cpp:728,games/renegade/content/scripts,,,not_started,,parity,
callback:M11_Floor01_ChaseGuy_JDG.Created,callback,M11_Floor01_ChaseGuy_JDG.Created,Code/Scripts/Mission11.cpp:1465,games/renegade/content/scripts,,,not_started,,parity,
callback:M11_Floor01_FireGuy_JDG.Created,callback,M11_Floor01_FireGuy_JDG.Created,Code/Scripts/Mission11.cpp:1440,games/renegade/content/scripts,,,not_started,,parity,
callback:M11_Floor01_FireGuy_JDG.Custom,callback,M11_Floor01_FireGuy_JDG.Custom,Code/Scripts/Mission11.cpp:1453,games/renegade/content/scripts,,,not_started,,parity,
callback:M11_Floor01_InitialPatrol_Left01_JDG.Action_Complete,callback,M11_Floor01_InitialPatrol_Left01_JDG.Action_Complete,Code/Scripts/Mission11.cpp:5866,games/renegade/content/scripts,,,not_started,,parity,
callback:M11_Floor01_InitialPatrol_Left01_JDG.Created,callback,M11_Floor01_InitialPatrol_Left01_JDG.Created,Code/Scripts/Mission11.cpp:5853,games/renegade/content/scripts,,,not_started,,parity,
callback:M11_Floor01_InitialPatrol_Right01_JDG.Action_Complete,callback,M11_Floor01_InitialPatrol_Right01_JDG.Action_Complete,Code/Scripts/Mission11.cpp:5901,games/renegade/content/scripts,,,not_started,,parity,
callback:M11_Floor01_InitialPatrol_Right01_JDG.Created,callback,M11_Floor01_InitialPatrol_Right01_JDG.Created,Code/Scripts/Mission11.cpp:5888,games/renegade/content/scripts,,,not_started,,parity,
callback:M11_Floor01_SecurityTurret_JDG.Created,callback,M11_Floor01_SecurityTurret_JDG.Created,Code/Scripts/Mission11.cpp:564,games/renegade/content/scripts,,,not_started,,parity,
callback:M11_Floor01_SecurityTurret_JDG.Custom,callback,M11_Floor01_SecurityTurret_JDG.Custom,Code/Scripts/Mission11.cpp:644,games/renegade/content/scripts,,,not_started,,parity,
callback:M11_Floor01_SecurityTurret_JDG.Killed,callback,M11_Floor01_SecurityTurret_JDG.Killed,Code/Scripts/Mission11.cpp:575,games/renegade/content/scripts,,,not_started,,parity,
callback:M11_Floor01_SecurityTurrets_Controller_JDG.Created,callback,M11_Floor01_SecurityTurrets_Controller_JDG.Created,Code/Scripts/Mission11.cpp:475,games/renegade/content/scripts,,,not_started,,parity,
callback:M11_Floor01_SecurityTurrets_Controller_JDG.Custom,callback,M11_Floor01_SecurityTurrets_Controller_JDG.Custom,Code/Scripts/Mission11.cpp:481,games/renegade/content/scripts,,,not_started,,parity,
callback:M11_Floor01_StealthSoldier01_JDG.Action_Complete,callback,M11_Floor01_StealthSoldier01_JDG.Action_Complete,Code/Scripts/Mission11.cpp:1287,games/renegade/content/scripts,,,not_started,,parity,
callback:M11_Floor01_StealthSoldier01_JDG.Created,callback,M11_Floor01_StealthSoldier01_JDG.Created,Code/Scripts/Mission11.cpp:1235,games/renegade/content/scripts,,,not_started,,parity,
callback:M11_Floor01_StealthSoldier01_JDG.Custom,callback,M11_Floor01_StealthSoldier01_JDG.Custom,Code/Scripts/Mission11.cpp:1310,games/renegade/content/scripts,,,not_started,,parity,
callback:M11_Floor01_StealthSoldier01_JDG.Damaged,callback,M11_Floor01_StealthSoldier01_JDG.Damaged,Code/Scripts/Mission11.cpp:1272,games/renegade/content/scripts,,,not_started,,parity,
callback:M11_Floor01_StealthSoldier01_JDG.Poked,callback,M11_Floor01_StealthSoldier01_JDG.Poked,Code/Scripts/Mission11.cpp:1257,games/renegade/content/scripts,,,not_started,,parity,
callback:M11_Floor01_StealthSoldier01_JDG.Timer_Expired,callback,M11_Floor01_StealthSoldier01_JDG.Timer_Expired,Code/Scripts/Mission11.cpp:1249,games/renegade/content/scripts,,,not_started,,parity,
callback:M11_Floor01_StealthSoldier02_JDG.Action_Complete,callback,M11_Floor01_StealthSoldier02_JDG.Action_Complete,Code/Scripts/Mission11.cpp:1392,games/renegade/content/scripts,,,not_started,,parity,
callback:M11_Floor01_StealthSoldier02_JDG.Created,callback,M11_Floor01_StealthSoldier02_JDG.Created,Code/Scripts/Mission11.cpp:1342,games/renegade/content/scripts,,,not_started,,parity,
callback:M11_Floor01_StealthSoldier02_JDG.Custom,callback,M11_Floor01_StealthSoldier02_JDG.Custom,Code/Scripts/Mission11.cpp:1415,games/renegade/content/scripts,,,not_started,,parity,
callback:M11_Floor01_StealthSoldier02_JDG.Damaged,callback,M11_Floor01_StealthSoldier02_JDG.Damaged,Code/Scripts/Mission11.cpp:1378,games/renegade/content/scripts,,,not_started,,parity,
callback:M11_Floor01_StealthSoldier02_JDG.Poked,callback,M11_Floor01_StealthSoldier02_JDG.Poked,Code/Scripts/Mission11.cpp:1364,games/renegade/content/scripts,,,not_started,,parity,
callback:M11_Floor01_StealthSoldier02_JDG.Timer_Expired,callback,M11_Floor01_StealthSoldier02_JDG.Timer_Expired,Code/Scripts/Mission11.cpp:1356,games/renegade/content/scripts,,,not_started,,parity,
callback:M11_Flyover_Contoller_JDG.Created,callback,M11_Flyover_Contoller_JDG.Created,Code/Scripts/Mission11.cpp:6835,games/renegade/content/scripts,,,not_started,,parity,
callback:M11_Flyover_Contoller_JDG.Timer_Expired,callback,M11_Flyover_Contoller_JDG.Timer_Expired,Code/Scripts/Mission11.cpp:6841,games/renegade/content/scripts,,,not_started,,parity,
callback:M11_ForthFloor_Elevator_Switch_Script_JDG.Created,callback,M11_ForthFloor_Elevator_Switch_Script_JDG.Created,Code/Scripts/Mission11.cpp:10374,games/renegade/content/scripts,,,not_started,,parity,
callback:M11_ForthFloor_Elevator_Switch_Script_JDG.Custom,callback,M11_ForthFloor_Elevator_Switch_Script_JDG.Custom,Code/Scripts/Mission11.cpp:10393,games/renegade/content/scripts,,,not_started,,parity,
callback:M11_ForthFloor_Elevator_Switch_Script_JDG.Poked,callback,M11_ForthFloor_Elevator_Switch_Script_JDG.Poked,Code/Scripts/Mission11.cpp:10381,games/renegade/content/scripts,,,not_started,,parity,
callback:M11_GreenRoom_EntryZone_JDG.Entered,callback,M11_GreenRoom_EntryZone_JDG.Entered,Code/Scripts/Mission11.cpp:2038,games/renegade/content/scripts,,,not_started,,parity,
callback:M11_GreenRoom_SurpriseGuy_JDG.Created,callback,M11_GreenRoom_SurpriseGuy_JDG.Created,Code/Scripts/Mission11.cpp:2055,games/renegade/content/scripts,,,not_started,,parity,
callback:M11_IonCannon_Guy_JDG.Created,callback,M11_IonCannon_Guy_JDG.Created,Code/Scripts/Mission11.cpp:894,games/renegade/content/scripts,,,not_started,,parity,
callback:M11_KaneRoom_KaneEncounter_Hologram_JDG.Created,callback,M11_KaneRoom_KaneEncounter_Hologram_JDG.Created,Code/Scripts/Mission11.cpp:5999,games/renegade/content/scripts,,,not_started,,parity,
callback:M11_KaneRoom_KaneEncounter_Kane_JDG.Action_Complete,callback,M11_KaneRoom_KaneEncounter_Kane_JDG.Action_Complete,Code/Scripts/Mission11.cpp:5971,games/renegade/content/scripts,,,not_started,,parity,
callback:M11_KaneRoom_KaneEncounter_Kane_JDG.Created,callback,M11_KaneRoom_KaneEncounter_Kane_JDG.Created,Code/Scripts/Mission11.cpp:5958,games/renegade/content/scripts,,,not_started,,parity,
callback:M11_KaneRoom_KaneEncounter_Kane_JDG.Custom,callback,M11_KaneRoom_KaneEncounter_Kane_JDG.Custom,Code/Scripts/Mission11.cpp:5987,games/renegade/content/scripts,,,not_started,,parity,
callback:M11_KaneRoom_KaneEncounter_Zone_JDG.Entered,callback,M11_KaneRoom_KaneEncounter_Zone_JDG.Entered,Code/Scripts/Mission11.cpp:5929,games/renegade/content/scripts,,,not_started,,parity,
callback:M11_KanesRoom_SecurityTurret_JDG.Created,callback,M11_KanesRoom_SecurityTurret_JDG.Created,Code/Scripts/Mission11.cpp:4935,games/renegade/content/scripts,,,not_started,,parity,
callback:M11_KanesRoom_SecurityTurret_JDG.Custom,callback,M11_KanesRoom_SecurityTurret_JDG.Custom,Code/Scripts/Mission11.cpp:4978,games/renegade/content/scripts,,,not_started,,parity,
callback:M11_KanesRoom_SecurityTurret_JDG.Killed,callback,M11_KanesRoom_SecurityTurret_JDG.Killed,Code/Scripts/Mission11.cpp:4946,games/renegade/content/scripts,,,not_started,,parity,
callback:M11_KanesRoom_SecurityZone_JDG.Created,callback,M11_KanesRoom_SecurityZone_JDG.Created,Code/Scripts/Mission11.cpp:5014,games/renegade/content/scripts,,,not_started,,parity,
callback:M11_KanesRoom_SecurityZone_JDG.Custom,callback,M11_KanesRoom_SecurityZone_JDG.Custom,Code/Scripts/Mission11.cpp:5031,games/renegade/content/scripts,,,not_started,,parity,
callback:M11_KanesRoom_SecurityZone_JDG.Entered,callback,M11_KanesRoom_SecurityZone_JDG.Entered,Code/Scripts/Mission11.cpp:5022,games/renegade/content/scripts,,,not_started,,parity,
callback:M11_KeyCard_01_Carrier_JDG.Created,callback,M11_KeyCard_01_Carrier_JDG.Created,Code/Scripts/Mission11.cpp:176,games/renegade/content/scripts,,,not_started,,parity,
callback:M11_KeyCard_01_Carrier_JDG.Killed,callback,M11_KeyCard_01_Carrier_JDG.Killed,Code/Scripts/Mission11.cpp:182,games/renegade/content/scripts,,,not_started,,parity,
callback:M11_LabMutant_Simple_JDG.Animation_Complete,callback,M11_LabMutant_Simple_JDG.Animation_Complete,Code/Scripts/Mission11.cpp:8614,games/renegade/content/scripts,,,not_started,,parity,
callback:M11_LabMutant_Simple_JDG.Created,callback,M11_LabMutant_Simple_JDG.Created,Code/Scripts/Mission11.cpp:8506,games/renegade/content/scripts,,,not_started,,parity,
callback:M11_LabMutant_Simple_JDG.Custom,callback,M11_LabMutant_Simple_JDG.Custom,Code/Scripts/Mission11.cpp:8582,games/renegade/content/scripts,,,not_started,,parity,
callback:M11_LabMutant_Simple_JDG.Damaged,callback,M11_LabMutant_Simple_JDG.Damaged,Code/Scripts/Mission11.cpp:8516,games/renegade/content/scripts,,,not_started,,parity,
callback:M11_LabMutant_Simple_JDG.Killed,callback,M11_LabMutant_Simple_JDG.Killed,Code/Scripts/Mission11.cpp:8527,games/renegade/content/scripts,,,not_started,,parity,
callback:M11_Lab_Cryochamber_Controller_JDG.Created,callback,M11_Lab_Cryochamber_Controller_JDG.Created,Code/Scripts/Mission11.cpp:7716,games/renegade/content/scripts,,,not_started,,parity,
callback:M11_Lab_Cryochamber_Controller_JDG.Custom,callback,M11_Lab_Cryochamber_Controller_JDG.Custom,Code/Scripts/Mission11.cpp:7973,games/renegade/content/scripts,,,not_started,,parity,
callback:M11_Lab_Cryochamber_Switch01_JDG.Created,callback,M11_Lab_Cryochamber_Switch01_JDG.Created,Code/Scripts/Mission11.cpp:5118,games/renegade/content/scripts,,,not_started,,parity,
callback:M11_Lab_Cryochamber_Switch01_JDG.Poked,callback,M11_Lab_Cryochamber_Switch01_JDG.Poked,Code/Scripts/Mission11.cpp:5125,games/renegade/content/scripts,,,not_started,,parity,
callback:M11_Lab_Cryochamber_Switch02_JDG.Created,callback,M11_Lab_Cryochamber_Switch02_JDG.Created,Code/Scripts/Mission11.cpp:7604,games/renegade/content/scripts,,,not_started,,parity,
callback:M11_Lab_Cryochamber_Switch02_JDG.Poked,callback,M11_Lab_Cryochamber_Switch02_JDG.Poked,Code/Scripts/Mission11.cpp:7611,games/renegade/content/scripts,,,not_started,,parity,
callback:M11_Laboratory_EntryZone_JDG.Entered,callback,M11_Laboratory_EntryZone_JDG.Entered,Code/Scripts/Mission11.cpp:3333,games/renegade/content/scripts,,,not_started,,parity,
callback:M11_Laboratory_Mutant_JDG.Created,callback,M11_Laboratory_Mutant_JDG.Created,Code/Scripts/Mission11.cpp:5249,games/renegade/content/scripts,,,not_started,,parity,
callback:M11_Laboratory_Mutant_JDG.Killed,callback,M11_Laboratory_Mutant_JDG.Killed,Code/Scripts/Mission11.cpp:5255,games/renegade/content/scripts,,,not_started,,parity,
callback:M11_Laboratory_Scientist_JDG.Action_Complete,callback,M11_Laboratory_Scientist_JDG.Action_Complete,Code/Scripts/Mission11.cpp:5230,games/renegade/content/scripts,,,not_started,,parity,
callback:M11_Laboratory_Scientist_JDG.Created,callback,M11_Laboratory_Scientist_JDG.Created,Code/Scripts/Mission11.cpp:5152,games/renegade/content/scripts,,,not_started,,parity,
callback:M11_Laboratory_Scientist_JDG.Custom,callback,M11_Laboratory_Scientist_JDG.Custom,Code/Scripts/Mission11.cpp:5191,games/renegade/content/scripts,,,not_started,,parity,
callback:M11_Laboratory_Scientist_JDG.Damaged,callback,M11_Laboratory_Scientist_JDG.Damaged,Code/Scripts/Mission11.cpp:5158,games/renegade/content/scripts,,,not_started,,parity,
callback:M11_Laboratory_Scientist_JDG.Enemy_Seen,callback,M11_Laboratory_Scientist_JDG.Enemy_Seen,Code/Scripts/Mission11.cpp:5180,games/renegade/content/scripts,,,not_started,,parity,
callback:M11_Laboratory_Scientist_JDG.Killed,callback,M11_Laboratory_Scientist_JDG.Killed,Code/Scripts/Mission11.cpp:5241,games/renegade/content/scripts,,,not_started,,parity,
callback:M11_Laboratory_Scientist_JDG.Sound_Heard,callback,M11_Laboratory_Scientist_JDG.Sound_Heard,Code/Scripts/Mission11.cpp:5169,games/renegade/content/scripts,,,not_started,,parity,
callback:M11_Level03Key_Script_JDG.Custom,callback,M11_Level03Key_Script_JDG.Custom,Code/Scripts/Mission11.cpp:6485,games/renegade/content/scripts,,,not_started,,parity,
callback:M11_Mission_Controller_JDG.Action_Complete,callback,M11_Mission_Controller_JDG.Action_Complete,Code/Scripts/Mission11.cpp:223,games/renegade/content/scripts,,,not_started,,parity,
callback:M11_Mission_Controller_JDG.Created,callback,M11_Mission_Controller_JDG.Created,Code/Scripts/Mission11.cpp:214,games/renegade/content/scripts,,,not_started,,parity,
callback:M11_Mission_Controller_JDG.Custom,callback,M11_Mission_Controller_JDG.Custom,Code/Scripts/Mission11.cpp:266,games/renegade/content/scripts,,,not_started,,parity,
callback:M11_MuseumLevel_Defender_Aggressive_JDG.Created,callback,M11_MuseumLevel_Defender_Aggressive_JDG.Created,Code/Scripts/Mission11.cpp:1739,games/renegade/content/scripts,,,not_started,,parity,
callback:M11_MuseumLevel_Defender_Aggressive_JDG.Custom,callback,M11_MuseumLevel_Defender_Aggressive_JDG.Custom,Code/Scripts/Mission11.cpp:1754,games/renegade/content/scripts,,,not_started,,parity,
callback:M11_MuseumLevel_Defender_Aggressive_JDG.Killed,callback,M11_MuseumLevel_Defender_Aggressive_JDG.Killed,Code/Scripts/Mission11.cpp:1745,games/renegade/content/scripts,,,not_started,,parity,
callback:M11_MuseumLevel_Defender_Defensive_JDG.Created,callback,M11_MuseumLevel_Defender_Defensive_JDG.Created,Code/Scripts/Mission11.cpp:1779,games/renegade/content/scripts,,,not_started,,parity,
callback:M11_MuseumLevel_Defender_Defensive_JDG.Custom,callback,M11_MuseumLevel_Defender_Defensive_JDG.Custom,Code/Scripts/Mission11.cpp:1794,games/renegade/content/scripts,,,not_started,,parity,
callback:M11_MuseumLevel_Defender_Defensive_JDG.Killed,callback,M11_MuseumLevel_Defender_Defensive_JDG.Killed,Code/Scripts/Mission11.cpp:1785,games/renegade/content/scripts,,,not_started,,parity,
callback:M11_MuseumLevel_Disable_Spawners_Zone_JDG.Entered,callback,M11_MuseumLevel_Disable_Spawners_Zone_JDG.Entered,Code/Scripts/Mission11.cpp:1812,games/renegade/content/scripts,,,not_started,,parity,
callback:M11_MuseumLevel_EntryZone_JDG.Entered,callback,M11_MuseumLevel_EntryZone_JDG.Entered,Code/Scripts/Mission11.cpp:1653,games/renegade/content/scripts,,,not_started,,parity,
callback:M11_MuseumLevel_Spawner_JDG.Created,callback,M11_MuseumLevel_Spawner_JDG.Created,Code/Scripts/Mission11.cpp:1712,games/renegade/content/scripts,,,not_started,,parity,
callback:M11_MuseumLevel_Spawner_JDG.Timer_Expired,callback,M11_MuseumLevel_Spawner_JDG.Timer_Expired,Code/Scripts/Mission11.cpp:1718,games/renegade/content/scripts,,,not_started,,parity,
callback:M11_MutantCrypt_Spawner02_Guy_JDG.Action_Complete,callback,M11_MutantCrypt_Spawner02_Guy_JDG.Action_Complete,Code/Scripts/Mission11.cpp:4418,games/renegade/content/scripts,,,not_started,,parity,
callback:M11_MutantCrypt_Spawner02_Guy_JDG.Created,callback,M11_MutantCrypt_Spawner02_Guy_JDG.Created,Code/Scripts/Mission11.cpp:4327,games/renegade/content/scripts,,,not_started,,parity,
callback:M11_MutantCrypt_Spawner02_Guy_JDG.Custom,callback,M11_MutantCrypt_Spawner02_Guy_JDG.Custom,Code/Scripts/Mission11.cpp:4375,games/renegade/content/scripts,,,not_started,,parity,
callback:M11_MutantCrypt_Spawner02_Guy_JDG.Enemy_Seen,callback,M11_MutantCrypt_Spawner02_Guy_JDG.Enemy_Seen,Code/Scripts/Mission11.cpp:4352,games/renegade/content/scripts,,,not_started,,parity,
callback:M11_MutantCrypt_Spawner02_Guy_JDG.Killed,callback,M11_MutantCrypt_Spawner02_Guy_JDG.Killed,Code/Scripts/Mission11.cpp:4341,games/renegade/content/scripts,,,not_started,,parity,
callback:M11_MutantCrypt_Spawner02_Guy_JDG.Sound_Heard,callback,M11_MutantCrypt_Spawner02_Guy_JDG.Sound_Heard,Code/Scripts/Mission11.cpp:4367,games/renegade/content/scripts,,,not_started,,parity,
callback:M11_MutantCrypt_Spawner03_Guy_JDG.Action_Complete,callback,M11_MutantCrypt_Spawner03_Guy_JDG.Action_Complete,Code/Scripts/Mission11.cpp:4225,games/renegade/content/scripts,,,not_started,,parity,
callback:M11_MutantCrypt_Spawner03_Guy_JDG.Created,callback,M11_MutantCrypt_Spawner03_Guy_JDG.Created,Code/Scripts/Mission11.cpp:4130,games/renegade/content/scripts,,,not_started,,parity,
callback:M11_MutantCrypt_Spawner03_Guy_JDG.Custom,callback,M11_MutantCrypt_Spawner03_Guy_JDG.Custom,Code/Scripts/Mission11.cpp:4173,games/renegade/content/scripts,,,not_started,,parity,
callback:M11_MutantCrypt_Spawner03_Guy_JDG.Enemy_Seen,callback,M11_MutantCrypt_Spawner03_Guy_JDG.Enemy_Seen,Code/Scripts/Mission11.cpp:4150,games/renegade/content/scripts,,,not_started,,parity,
callback:M11_MutantCrypt_Spawner03_Guy_JDG.Killed,callback,M11_MutantCrypt_Spawner03_Guy_JDG.Killed,Code/Scripts/Mission11.cpp:4139,games/renegade/content/scripts,,,not_started,,parity,
callback:M11_MutantCrypt_Spawner03_Guy_JDG.Sound_Heard,callback,M11_MutantCrypt_Spawner03_Guy_JDG.Sound_Heard,Code/Scripts/Mission11.cpp:4165,games/renegade/content/scripts,,,not_started,,parity,
callback:M11_MutantCrypt_Spawner04_Guy_JDG.Action_Complete,callback,M11_MutantCrypt_Spawner04_Guy_JDG.Action_Complete,Code/Scripts/Mission11.cpp:4078,games/renegade/content/scripts,,,not_started,,parity,
callback:M11_MutantCrypt_Spawner04_Guy_JDG.Created,callback,M11_MutantCrypt_Spawner04_Guy_JDG.Created,Code/Scripts/Mission11.cpp:3987,games/renegade/content/scripts,,,not_started,,parity,
callback:M11_MutantCrypt_Spawner04_Guy_JDG.Custom,callback,M11_MutantCrypt_Spawner04_Guy_JDG.Custom,Code/Scripts/Mission11.cpp:4035,games/renegade/content/scripts,,,not_started,,parity,
callback:M11_MutantCrypt_Spawner04_Guy_JDG.Enemy_Seen,callback,M11_MutantCrypt_Spawner04_Guy_JDG.Enemy_Seen,Code/Scripts/Mission11.cpp:4012,games/renegade/content/scripts,,,not_started,,parity,
callback:M11_MutantCrypt_Spawner04_Guy_JDG.Killed,callback,M11_MutantCrypt_Spawner04_Guy_JDG.Killed,Code/Scripts/Mission11.cpp:4001,games/renegade/content/scripts,,,not_started,,parity,
callback:M11_MutantCrypt_Spawner04_Guy_JDG.Sound_Heard,callback,M11_MutantCrypt_Spawner04_Guy_JDG.Sound_Heard,Code/Scripts/Mission11.cpp:4027,games/renegade/content/scripts,,,not_started,,parity,
callback:M11_MutantCrypt_Spawner05_Guy_JDG.Action_Complete,callback,M11_MutantCrypt_Spawner05_Guy_JDG.Action_Complete,Code/Scripts/Mission11.cpp:3889,games/renegade/content/scripts,,,not_started,,parity,
callback:M11_MutantCrypt_Spawner05_Guy_JDG.Created,callback,M11_MutantCrypt_Spawner05_Guy_JDG.Created,Code/Scripts/Mission11.cpp:3794,games/renegade/content/scripts,,,not_started,,parity,
callback:M11_MutantCrypt_Spawner05_Guy_JDG.Custom,callback,M11_MutantCrypt_Spawner05_Guy_JDG.Custom,Code/Scripts/Mission11.cpp:3837,games/renegade/content/scripts,,,not_started,,parity,
callback:M11_MutantCrypt_Spawner05_Guy_JDG.Enemy_Seen,callback,M11_MutantCrypt_Spawner05_Guy_JDG.Enemy_Seen,Code/Scripts/Mission11.cpp:3814,games/renegade/content/scripts,,,not_started,,parity,
callback:M11_MutantCrypt_Spawner05_Guy_JDG.Killed,callback,M11_MutantCrypt_Spawner05_Guy_JDG.Killed,Code/Scripts/Mission11.cpp:3803,games/renegade/content/scripts,,,not_started,,parity,
callback:M11_MutantCrypt_Spawner05_Guy_JDG.Sound_Heard,callback,M11_MutantCrypt_Spawner05_Guy_JDG.Sound_Heard,Code/Scripts/Mission11.cpp:3829,games/renegade/content/scripts,,,not_started,,parity,
callback:M11_MutantCrypt_Spawner06_Guy_JDG.Action_Complete,callback,M11_MutantCrypt_Spawner06_Guy_JDG.Action_Complete,Code/Scripts/Mission11.cpp:3702,games/renegade/content/scripts,,,not_started,,parity,
callback:M11_MutantCrypt_Spawner06_Guy_JDG.Created,callback,M11_MutantCrypt_Spawner06_Guy_JDG.Created,Code/Scripts/Mission11.cpp:3606,games/renegade/content/scripts,,,not_started,,parity,
callback:M11_MutantCrypt_Spawner06_Guy_JDG.Custom,callback,M11_MutantCrypt_Spawner06_Guy_JDG.Custom,Code/Scripts/Mission11.cpp:3650,games/renegade/content/scripts,,,not_started,,parity,
callback:M11_MutantCrypt_Spawner06_Guy_JDG.Enemy_Seen,callback,M11_MutantCrypt_Spawner06_Guy_JDG.Enemy_Seen,Code/Scripts/Mission11.cpp:3627,games/renegade/content/scripts,,,not_started,,parity,
callback:M11_MutantCrypt_Spawner06_Guy_JDG.Killed,callback,M11_MutantCrypt_Spawner06_Guy_JDG.Killed,Code/Scripts/Mission11.cpp:3616,games/renegade/content/scripts,,,not_started,,parity,
callback:M11_MutantCrypt_Spawner06_Guy_JDG.Sound_Heard,callback,M11_MutantCrypt_Spawner06_Guy_JDG.Sound_Heard,Code/Scripts/Mission11.cpp:3642,games/renegade/content/scripts,,,not_started,,parity,
callback:M11_Mutant_Crypt_Spawners_Controller_JDG.Created,callback,M11_Mutant_Crypt_Spawners_Controller_JDG.Created,Code/Scripts/Mission11.cpp:3472,games/renegade/content/scripts,,,not_started,,parity,
callback:M11_Mutant_Crypt_Spawners_Controller_JDG.Custom,callback,M11_Mutant_Crypt_Spawners_Controller_JDG.Custom,Code/Scripts/Mission11.cpp:3477,games/renegade/content/scripts,,,not_started,,parity,
callback:M11_Mutant_ShatterGlass_JDG.Animation_Complete,callback,M11_Mutant_ShatterGlass_JDG.Animation_Complete,Code/Scripts/Mission11.cpp:3401,games/renegade/content/scripts,,,not_started,,parity,
callback:M11_Mutant_ShatterGlass_JDG.Created,callback,M11_Mutant_ShatterGlass_JDG.Created,Code/Scripts/Mission11.cpp:3395,games/renegade/content/scripts,,,not_started,,parity,
callback:M11_Mutant_TrajectoryBone_JDG.Animation_Complete,callback,M11_Mutant_TrajectoryBone_JDG.Animation_Complete,Code/Scripts/Mission11.cpp:3383,games/renegade/content/scripts,,,not_started,,parity,
callback:M11_Mutant_TrajectoryBone_JDG.Created,callback,M11_Mutant_TrajectoryBone_JDG.Created,Code/Scripts/Mission11.cpp:3377,games/renegade/content/scripts,,,not_started,,parity,
callback:M11_NetRunnerRoom_EntryZone_JDG.Created,callback,M11_NetRunnerRoom_EntryZone_JDG.Created,Code/Scripts/Mission11.cpp:1583,games/renegade/content/scripts,,,not_started,,parity,
callback:M11_NetRunnerRoom_EntryZone_JDG.Entered,callback,M11_NetRunnerRoom_EntryZone_JDG.Entered,Code/Scripts/Mission11.cpp:1588,games/renegade/content/scripts,,,not_started,,parity,
callback:M11_NetRunnerRoom_ExitZone_JDG.Created,callback,M11_NetRunnerRoom_ExitZone_JDG.Created,Code/Scripts/Mission11.cpp:1613,games/renegade/content/scripts,,,not_started,,parity,
callback:M11_NetRunnerRoom_ExitZone_JDG.Custom,callback,M11_NetRunnerRoom_ExitZone_JDG.Custom,Code/Scripts/Mission11.cpp:1618,games/renegade/content/scripts,,,not_started,,parity,
callback:M11_NetRunnerRoom_ExitZone_JDG.Entered,callback,M11_NetRunnerRoom_ExitZone_JDG.Entered,Code/Scripts/Mission11.cpp:1626,games/renegade/content/scripts,,,not_started,,parity,
callback:M11_NukeSilo_Protector_JDG.Created,callback,M11_NukeSilo_Protector_JDG.Created,Code/Scripts/Mission11.cpp:4786,games/renegade/content/scripts,,,not_started,,parity,
callback:M11_ObeliskBattle_Contoller_JDG.Created,callback,M11_ObeliskBattle_Contoller_JDG.Created,Code/Scripts/Mission11.cpp:7139,games/renegade/content/scripts,,,not_started,,parity,
callback:M11_ObeliskBattle_Contoller_JDG.Custom,callback,M11_ObeliskBattle_Contoller_JDG.Custom,Code/Scripts/Mission11.cpp:7148,games/renegade/content/scripts,,,not_started,,parity,
callback:M11_Okay_ToPlay_MidtroZone_JDG.Entered,callback,M11_Okay_ToPlay_MidtroZone_JDG.Entered,Code/Scripts/Mission11.cpp:6500,games/renegade/content/scripts,,,not_started,,parity,
callback:M11_Petrova_Script_JDG.Action_Complete,callback,M11_Petrova_Script_JDG.Action_Complete,Code/Scripts/Mission11.cpp:6450,games/renegade/content/scripts,,,not_started,,parity,
callback:M11_Petrova_Script_JDG.Created,callback,M11_Petrova_Script_JDG.Created,Code/Scripts/Mission11.cpp:6274,games/renegade/content/scripts,,,not_started,,parity,
callback:M11_Petrova_Script_JDG.Custom,callback,M11_Petrova_Script_JDG.Custom,Code/Scripts/Mission11.cpp:6329,games/renegade/content/scripts,,,not_started,,parity,
callback:M11_Petrova_Script_JDG.Damaged,callback,M11_Petrova_Script_JDG.Damaged,Code/Scripts/Mission11.cpp:6288,games/renegade/content/scripts,,,not_started,,parity,
callback:M11_Petrova_Script_JDG.Killed,callback,M11_Petrova_Script_JDG.Killed,Code/Scripts/Mission11.cpp:6305,games/renegade/content/scripts,,,not_started,,parity,
callback:M11_Petrova_StealthSoldier_Controller_JDG.Custom,callback,M11_Petrova_StealthSoldier_Controller_JDG.Custom,Code/Scripts/Mission11.cpp:9126,games/renegade/content/scripts,,,not_started,,parity,
callback:M11_Petrova_StealthSoldier_Initial01_JDG.Created,callback,M11_Petrova_StealthSoldier_Initial01_JDG.Created,Code/Scripts/Mission11.cpp:9191,games/renegade/content/scripts,,,not_started,,parity,
callback:M11_Petrova_StealthSoldier_Initial01_JDG.Custom,callback,M11_Petrova_StealthSoldier_Initial01_JDG.Custom,Code/Scripts/Mission11.cpp:9200,games/renegade/content/scripts,,,not_started,,parity,
callback:M11_Petrova_StealthSoldier_Initial01_JDG.Killed,callback,M11_Petrova_StealthSoldier_Initial01_JDG.Killed,Code/Scripts/Mission11.cpp:9216,games/renegade/content/scripts,,,not_started,,parity,
callback:M11_Petrova_StealthSoldier_Initial02_JDG.Created,callback,M11_Petrova_StealthSoldier_Initial02_JDG.Created,Code/Scripts/Mission11.cpp:9228,games/renegade/content/scripts,,,not_started,,parity,
callback:M11_Petrova_StealthSoldier_Initial02_JDG.Custom,callback,M11_Petrova_StealthSoldier_Initial02_JDG.Custom,Code/Scripts/Mission11.cpp:9237,games/renegade/content/scripts,,,not_started,,parity,
callback:M11_Petrova_StealthSoldier_Initial02_JDG.Killed,callback,M11_Petrova_StealthSoldier_Initial02_JDG.Killed,Code/Scripts/Mission11.cpp:9252,games/renegade/content/scripts,,,not_started,,parity,
callback:M11_Petrova_StealthSoldier_Initial03_JDG.Created,callback,M11_Petrova_StealthSoldier_Initial03_JDG.Created,Code/Scripts/Mission11.cpp:9264,games/renegade/content/scripts,,,not_started,,parity,
callback:M11_Petrova_StealthSoldier_Initial03_JDG.Custom,callback,M11_Petrova_StealthSoldier_Initial03_JDG.Custom,Code/Scripts/Mission11.cpp:9273,games/renegade/content/scripts,,,not_started,,parity,
callback:M11_Petrova_StealthSoldier_Initial03_JDG.Killed,callback,M11_Petrova_StealthSoldier_Initial03_JDG.Killed,Code/Scripts/Mission11.cpp:9288,games/renegade/content/scripts,,,not_started,,parity,
callback:M11_Petrova_StealthSoldier_Reinforcement01_JDG.Created,callback,M11_Petrova_StealthSoldier_Reinforcement01_JDG.Created,Code/Scripts/Mission11.cpp:9301,games/renegade/content/scripts,,,not_started,,parity,
callback:M11_Petrova_StealthSoldier_Reinforcement01_JDG.Killed,callback,M11_Petrova_StealthSoldier_Reinforcement01_JDG.Killed,Code/Scripts/Mission11.cpp:9312,games/renegade/content/scripts,,,not_started,,parity,
callback:M11_Petrova_StealthSoldier_Reinforcement02_JDG.Created,callback,M11_Petrova_StealthSoldier_Reinforcement02_JDG.Created,Code/Scripts/Mission11.cpp:9324,games/renegade/content/scripts,,,not_started,,parity,
callback:M11_Petrova_StealthSoldier_Reinforcement02_JDG.Killed,callback,M11_Petrova_StealthSoldier_Reinforcement02_JDG.Killed,Code/Scripts/Mission11.cpp:9335,games/renegade/content/scripts,,,not_started,,parity,
callback:M11_Petrova_StealthSoldier_Reinforcement03_JDG.Created,callback,M11_Petrova_StealthSoldier_Reinforcement03_JDG.Created,Code/Scripts/Mission11.cpp:9347,games/renegade/content/scripts,,,not_started,,parity,
callback:M11_Petrova_StealthSoldier_Reinforcement03_JDG.Killed,callback,M11_Petrova_StealthSoldier_Reinforcement03_JDG.Killed,Code/Scripts/Mission11.cpp:9358,games/renegade/content/scripts,,,not_started,,parity,
callback:M11_Petrova_Taunt_Controller_JDG.Created,callback,M11_Petrova_Taunt_Controller_JDG.Created,Code/Scripts/Mission11.cpp:7538,games/renegade/content/scripts,,,not_started,,parity,
callback:M11_Petrova_Taunt_Controller_JDG.Custom,callback,M11_Petrova_Taunt_Controller_JDG.Custom,Code/Scripts/Mission11.cpp:7545,games/renegade/content/scripts,,,not_started,,parity,
callback:M11_PowerCore_EntryZone_JDG.Entered,callback,M11_PowerCore_EntryZone_JDG.Entered,Code/Scripts/Mission11.cpp:4688,games/renegade/content/scripts,,,not_started,,parity,
callback:M11_PowerCore_Initial_StealthSoldier_JDG.Created,callback,M11_PowerCore_Initial_StealthSoldier_JDG.Created,Code/Scripts/Mission11.cpp:4594,games/renegade/content/scripts,,,not_started,,parity,
callback:M11_PowerCore_Initial_StealthSoldier_JDG.Custom,callback,M11_PowerCore_Initial_StealthSoldier_JDG.Custom,Code/Scripts/Mission11.cpp:4608,games/renegade/content/scripts,,,not_started,,parity,
callback:M11_PowerCore_Initial_StealthSoldier_JDG.Enemy_Seen,callback,M11_PowerCore_Initial_StealthSoldier_JDG.Enemy_Seen,Code/Scripts/Mission11.cpp:4600,games/renegade/content/scripts,,,not_started,,parity,
callback:M11_PowerCore_Powerup_Zone_JDG.Created,callback,M11_PowerCore_Powerup_Zone_JDG.Created,Code/Scripts/Mission11.cpp:4630,games/renegade/content/scripts,,,not_started,,parity,
callback:M11_PowerCore_Powerup_Zone_JDG.Custom,callback,M11_PowerCore_Powerup_Zone_JDG.Custom,Code/Scripts/Mission11.cpp:4648,games/renegade/content/scripts,,,not_started,,parity,
callback:M11_PowerCore_Powerup_Zone_JDG.Entered,callback,M11_PowerCore_Powerup_Zone_JDG.Entered,Code/Scripts/Mission11.cpp:4635,games/renegade/content/scripts,,,not_started,,parity,
callback:M11_PowerCore_StealthSoldier_Group2_JDG.Created,callback,M11_PowerCore_StealthSoldier_Group2_JDG.Created,Code/Scripts/Mission11.cpp:4537,games/renegade/content/scripts,,,not_started,,parity,
callback:M11_PowerCore_StealthSoldier_Group2_JDG.Custom,callback,M11_PowerCore_StealthSoldier_Group2_JDG.Custom,Code/Scripts/Mission11.cpp:4552,games/renegade/content/scripts,,,not_started,,parity,
callback:M11_PowerCore_StealthSoldier_Group2_JDG.Killed,callback,M11_PowerCore_StealthSoldier_Group2_JDG.Killed,Code/Scripts/Mission11.cpp:4563,games/renegade/content/scripts,,,not_started,,parity,
callback:M11_PowerCore_StealthSoldier_Group2_JDG.Sound_Heard,callback,M11_PowerCore_StealthSoldier_Group2_JDG.Sound_Heard,Code/Scripts/Mission11.cpp:4544,games/renegade/content/scripts,,,not_started,,parity,
callback:M11_PowerCore_StealthSoldier_JDG.Created,callback,M11_PowerCore_StealthSoldier_JDG.Created,Code/Scripts/Mission11.cpp:4582,games/renegade/content/scripts,,,not_started,,parity,
callback:M11_PowerCore_TriggerPetrova_EnterZone_JDG.Entered,callback,M11_PowerCore_TriggerPetrova_EnterZone_JDG.Entered,Code/Scripts/Mission11.cpp:6690,games/renegade/content/scripts,,,not_started,,parity,
callback:M11_PowerCore_WanderingMutantSpawner_JDG.Action_Complete,callback,M11_PowerCore_WanderingMutantSpawner_JDG.Action_Complete,Code/Scripts/Mission11.cpp:4507,games/renegade/content/scripts,,,not_started,,parity,
callback:M11_PowerCore_WanderingMutantSpawner_JDG.Created,callback,M11_PowerCore_WanderingMutantSpawner_JDG.Created,Code/Scripts/Mission11.cpp:4470,games/renegade/content/scripts,,,not_started,,parity,
callback:M11_PowerCore_WanderingMutantSpawner_JDG.Custom,callback,M11_PowerCore_WanderingMutantSpawner_JDG.Custom,Code/Scripts/Mission11.cpp:4482,games/renegade/content/scripts,,,not_started,,parity,
callback:M11_PowerCore_WanderingMutant_JDG.Created,callback,M11_PowerCore_WanderingMutant_JDG.Created,Code/Scripts/Mission11.cpp:4451,games/renegade/content/scripts,,,not_started,,parity,
callback:M11_PowerupDifficulty_Manager_JDG.Created,callback,M11_PowerupDifficulty_Manager_JDG.Created,Code/Scripts/Mission11.cpp:7363,games/renegade/content/scripts,,,not_started,,parity,
callback:M11_SecondFloor_Elevator_Switch_Script_JDG.Created,callback,M11_SecondFloor_Elevator_Switch_Script_JDG.Created,Code/Scripts/Mission11.cpp:10507,games/renegade/content/scripts,,,not_started,,parity,
callback:M11_SecondFloor_Elevator_Switch_Script_JDG.Custom,callback,M11_SecondFloor_Elevator_Switch_Script_JDG.Custom,Code/Scripts/Mission11.cpp:10526,games/renegade/content/scripts,,,not_started,,parity,
callback:M11_SecondFloor_Elevator_Switch_Script_JDG.Poked,callback,M11_SecondFloor_Elevator_Switch_Script_JDG.Poked,Code/Scripts/Mission11.cpp:10514,games/renegade/content/scripts,,,not_started,,parity,
callback:M11_SecondHolograph_EntryZone_JDG.Entered,callback,M11_SecondHolograph_EntryZone_JDG.Entered,Code/Scripts/Mission11.cpp:5836,games/renegade/content/scripts,,,not_started,,parity,
callback:M11_SecurityCamera_JDG.Action_Complete,callback,M11_SecurityCamera_JDG.Action_Complete,Code/Scripts/Mission11.cpp:5530,games/renegade/content/scripts,,,not_started,,parity,
callback:M11_SecurityCamera_JDG.Created,callback,M11_SecurityCamera_JDG.Created,Code/Scripts/Mission11.cpp:5520,games/renegade/content/scripts,,,not_started,,parity,
callback:M11_Seths_Room_Conversation_Zone_JDG.Entered,callback,M11_Seths_Room_Conversation_Zone_JDG.Entered,Code/Scripts/Mission11.cpp:5263,games/renegade/content/scripts,,,not_started,,parity,
callback:M11_Silo_ElevatorController_JDG.Created,callback,M11_Silo_ElevatorController_JDG.Created,Code/Scripts/Mission11.cpp:8639,games/renegade/content/scripts,,,not_started,,parity,
callback:M11_Silo_ElevatorDeactivator_JDG.Custom,callback,M11_Silo_ElevatorDeactivator_JDG.Custom,Code/Scripts/Mission11.cpp:10041,games/renegade/content/scripts,,,not_started,,parity,
callback:M11_Silo_ElevatorZone01_JDG.Created,callback,M11_Silo_ElevatorZone01_JDG.Created,Code/Scripts/Mission11.cpp:8660,games/renegade/content/scripts,,,not_started,,parity,
callback:M11_Silo_ElevatorZone01_JDG.Custom,callback,M11_Silo_ElevatorZone01_JDG.Custom,Code/Scripts/Mission11.cpp:8696,games/renegade/content/scripts,,,not_started,,parity,
callback:M11_Silo_ElevatorZone01_JDG.Entered,callback,M11_Silo_ElevatorZone01_JDG.Entered,Code/Scripts/Mission11.cpp:8666,games/renegade/content/scripts,,,not_started,,parity,
callback:M11_Silo_ElevatorZone01_JDG.Exited,callback,M11_Silo_ElevatorZone01_JDG.Exited,Code/Scripts/Mission11.cpp:8682,games/renegade/content/scripts,,,not_started,,parity,
callback:M11_Silo_ElevatorZone01_Top_JDG.Created,callback,M11_Silo_ElevatorZone01_Top_JDG.Created,Code/Scripts/Mission11.cpp:10251,games/renegade/content/scripts,,,not_started,,parity,
callback:M11_Silo_ElevatorZone01_Top_JDG.Custom,callback,M11_Silo_ElevatorZone01_Top_JDG.Custom,Code/Scripts/Mission11.cpp:10257,games/renegade/content/scripts,,,not_started,,parity,
callback:M11_Silo_ElevatorZone01_Top_JDG.Entered,callback,M11_Silo_ElevatorZone01_Top_JDG.Entered,Code/Scripts/Mission11.cpp:10281,games/renegade/content/scripts,,,not_started,,parity,
callback:M11_Silo_ElevatorZone02_JDG.Created,callback,M11_Silo_ElevatorZone02_JDG.Created,Code/Scripts/Mission11.cpp:8734,games/renegade/content/scripts,,,not_started,,parity,
callback:M11_Silo_ElevatorZone02_JDG.Custom,callback,M11_Silo_ElevatorZone02_JDG.Custom,Code/Scripts/Mission11.cpp:8770,games/renegade/content/scripts,,,not_started,,parity,
callback:M11_Silo_ElevatorZone02_JDG.Entered,callback,M11_Silo_ElevatorZone02_JDG.Entered,Code/Scripts/Mission11.cpp:8740,games/renegade/content/scripts,,,not_started,,parity,
callback:M11_Silo_ElevatorZone02_JDG.Exited,callback,M11_Silo_ElevatorZone02_JDG.Exited,Code/Scripts/Mission11.cpp:8756,games/renegade/content/scripts,,,not_started,,parity,
callback:M11_Silo_ElevatorZone02_Top_JDG.Entered,callback,M11_Silo_ElevatorZone02_Top_JDG.Entered,Code/Scripts/Mission11.cpp:10301,games/renegade/content/scripts,,,not_started,,parity,
callback:M11_Silo_ElevatorZone03_JDG.Created,callback,M11_Silo_ElevatorZone03_JDG.Created,Code/Scripts/Mission11.cpp:8808,games/renegade/content/scripts,,,not_started,,parity,
callback:M11_Silo_ElevatorZone03_JDG.Custom,callback,M11_Silo_ElevatorZone03_JDG.Custom,Code/Scripts/Mission11.cpp:8844,games/renegade/content/scripts,,,not_started,,parity,
callback:M11_Silo_ElevatorZone03_JDG.Entered,callback,M11_Silo_ElevatorZone03_JDG.Entered,Code/Scripts/Mission11.cpp:8814,games/renegade/content/scripts,,,not_started,,parity,
callback:M11_Silo_ElevatorZone03_JDG.Exited,callback,M11_Silo_ElevatorZone03_JDG.Exited,Code/Scripts/Mission11.cpp:8830,games/renegade/content/scripts,,,not_started,,parity,
callback:M11_Silo_ElevatorZone03_Top_JDG.Entered,callback,M11_Silo_ElevatorZone03_Top_JDG.Entered,Code/Scripts/Mission11.cpp:10323,games/renegade/content/scripts,,,not_started,,parity,
callback:M11_Silo_ElevatorZone04_JDG.Created,callback,M11_Silo_ElevatorZone04_JDG.Created,Code/Scripts/Mission11.cpp:8882,games/renegade/content/scripts,,,not_started,,parity,
callback:M11_Silo_ElevatorZone04_JDG.Custom,callback,M11_Silo_ElevatorZone04_JDG.Custom,Code/Scripts/Mission11.cpp:8918,games/renegade/content/scripts,,,not_started,,parity,
callback:M11_Silo_ElevatorZone04_JDG.Entered,callback,M11_Silo_ElevatorZone04_JDG.Entered,Code/Scripts/Mission11.cpp:8888,games/renegade/content/scripts,,,not_started,,parity,
callback:M11_Silo_ElevatorZone04_JDG.Exited,callback,M11_Silo_ElevatorZone04_JDG.Exited,Code/Scripts/Mission11.cpp:8904,games/renegade/content/scripts,,,not_started,,parity,
callback:M11_Silo_ElevatorZone04_Top_JDG.Entered,callback,M11_Silo_ElevatorZone04_Top_JDG.Entered,Code/Scripts/Mission11.cpp:10345,games/renegade/content/scripts,,,not_started,,parity,
callback:M11_SimpleSydney_Script_JDG.Animation_Complete,callback,M11_SimpleSydney_Script_JDG.Animation_Complete,Code/Scripts/Mission11.cpp:7088,games/renegade/content/scripts,,,not_started,,parity,
callback:M11_SimpleSydney_Script_JDG.Created,callback,M11_SimpleSydney_Script_JDG.Created,Code/Scripts/Mission11.cpp:6991,games/renegade/content/scripts,,,not_started,,parity,
callback:M11_SimpleSydney_Script_JDG.Custom,callback,M11_SimpleSydney_Script_JDG.Custom,Code/Scripts/Mission11.cpp:7013,games/renegade/content/scripts,,,not_started,,parity,
callback:M11_Start_Fifth_Objective_Zone_JDG.Entered,callback,M11_Start_Fifth_Objective_Zone_JDG.Entered,Code/Scripts/Mission11.cpp:4864,games/renegade/content/scripts,,,not_started,,parity,
callback:M11_Start_FirstMidtro_Zone_JDG.Created,callback,M11_Start_FirstMidtro_Zone_JDG.Created,Code/Scripts/Mission11.cpp:6526,games/renegade/content/scripts,,,not_started,,parity,
callback:M11_Start_FirstMidtro_Zone_JDG.Custom,callback,M11_Start_FirstMidtro_Zone_JDG.Custom,Code/Scripts/Mission11.cpp:6543,games/renegade/content/scripts,,,not_started,,parity,
callback:M11_Start_FirstMidtro_Zone_JDG.Entered,callback,M11_Start_FirstMidtro_Zone_JDG.Entered,Code/Scripts/Mission11.cpp:6532,games/renegade/content/scripts,,,not_started,,parity,
callback:M11_Start_Third_Objective_Zone_JDG.Action_Complete,callback,M11_Start_Third_Objective_Zone_JDG.Action_Complete,Code/Scripts/Mission11.cpp:4845,games/renegade/content/scripts,,,not_started,,parity,
callback:M11_Start_Third_Objective_Zone_JDG.Created,callback,M11_Start_Third_Objective_Zone_JDG.Created,Code/Scripts/Mission11.cpp:4828,games/renegade/content/scripts,,,not_started,,parity,
callback:M11_Start_Third_Objective_Zone_JDG.Entered,callback,M11_Start_Third_Objective_Zone_JDG.Entered,Code/Scripts/Mission11.cpp:4833,games/renegade/content/scripts,,,not_started,,parity,
callback:M11_Sydney_Rally_Zone_01_JDG.Created,callback,M11_Sydney_Rally_Zone_01_JDG.Created,Code/Scripts/Mission11.cpp:8954,games/renegade/content/scripts,,,not_started,,parity,
callback:M11_Sydney_Rally_Zone_01_JDG.Custom,callback,M11_Sydney_Rally_Zone_01_JDG.Custom,Code/Scripts/Mission11.cpp:8959,games/renegade/content/scripts,,,not_started,,parity,
callback:M11_Sydney_Rally_Zone_01_JDG.Entered,callback,M11_Sydney_Rally_Zone_01_JDG.Entered,Code/Scripts/Mission11.cpp:8967,games/renegade/content/scripts,,,not_started,,parity,
callback:M11_Sydney_Rally_Zone_02_JDG.Created,callback,M11_Sydney_Rally_Zone_02_JDG.Created,Code/Scripts/Mission11.cpp:8991,games/renegade/content/scripts,,,not_started,,parity,
callback:M11_Sydney_Rally_Zone_02_JDG.Custom,callback,M11_Sydney_Rally_Zone_02_JDG.Custom,Code/Scripts/Mission11.cpp:8996,games/renegade/content/scripts,,,not_started,,parity,
callback:M11_Sydney_Rally_Zone_02_JDG.Entered,callback,M11_Sydney_Rally_Zone_02_JDG.Entered,Code/Scripts/Mission11.cpp:9004,games/renegade/content/scripts,,,not_started,,parity,
callback:M11_Sydney_Rally_Zone_03_JDG.Created,callback,M11_Sydney_Rally_Zone_03_JDG.Created,Code/Scripts/Mission11.cpp:9028,games/renegade/content/scripts,,,not_started,,parity,
callback:M11_Sydney_Rally_Zone_03_JDG.Custom,callback,M11_Sydney_Rally_Zone_03_JDG.Custom,Code/Scripts/Mission11.cpp:9033,games/renegade/content/scripts,,,not_started,,parity,
callback:M11_Sydney_Rally_Zone_03_JDG.Entered,callback,M11_Sydney_Rally_Zone_03_JDG.Entered,Code/Scripts/Mission11.cpp:9041,games/renegade/content/scripts,,,not_started,,parity,
callback:M11_Sydney_Rally_Zone_03b_JDG.Created,callback,M11_Sydney_Rally_Zone_03b_JDG.Created,Code/Scripts/Mission11.cpp:9075,games/renegade/content/scripts,,,not_started,,parity,
callback:M11_Sydney_Rally_Zone_03b_JDG.Custom,callback,M11_Sydney_Rally_Zone_03b_JDG.Custom,Code/Scripts/Mission11.cpp:9080,games/renegade/content/scripts,,,not_started,,parity,
callback:M11_Sydney_Rally_Zone_03b_JDG.Entered,callback,M11_Sydney_Rally_Zone_03b_JDG.Entered,Code/Scripts/Mission11.cpp:9088,games/renegade/content/scripts,,,not_started,,parity,
callback:M11_Sydney_SandM_Chair_Script_JDG.Created,callback,M11_Sydney_SandM_Chair_Script_JDG.Created,Code/Scripts/Mission11.cpp:6905,games/renegade/content/scripts,,,not_started,,parity,
callback:M11_Sydney_SandM_Chair_Script_JDG.Custom,callback,M11_Sydney_SandM_Chair_Script_JDG.Custom,Code/Scripts/Mission11.cpp:6911,games/renegade/content/scripts,,,not_started,,parity,
callback:M11_Sydney_SandM_Machine_Script_JDG.Created,callback,M11_Sydney_SandM_Machine_Script_JDG.Created,Code/Scripts/Mission11.cpp:6883,games/renegade/content/scripts,,,not_started,,parity,
callback:M11_Sydney_SandM_Machine_Script_JDG.Custom,callback,M11_Sydney_SandM_Machine_Script_JDG.Custom,Code/Scripts/Mission11.cpp:6889,games/renegade/content/scripts,,,not_started,,parity,
callback:M11_Sydney_SandM_Sydney_Bone_JDG.Created,callback,M11_Sydney_SandM_Sydney_Bone_JDG.Created,Code/Scripts/Mission11.cpp:6941,games/renegade/content/scripts,,,not_started,,parity,
callback:M11_Sydney_SandM_Sydney_Bone_JDG.Custom,callback,M11_Sydney_SandM_Sydney_Bone_JDG.Custom,Code/Scripts/Mission11.cpp:6947,games/renegade/content/scripts,,,not_started,,parity,
callback:M11_Sydney_SandM_Wall_Script_JDG.Custom,callback,M11_Sydney_SandM_Wall_Script_JDG.Custom,Code/Scripts/Mission11.cpp:6927,games/renegade/content/scripts,,,not_started,,parity,
callback:M11_Sydney_Script_JDG.Action_Complete,callback,M11_Sydney_Script_JDG.Action_Complete,Code/Scripts/Mission11.cpp:9772,games/renegade/content/scripts,,,not_started,,parity,
callback:M11_Sydney_Script_JDG.Created,callback,M11_Sydney_Script_JDG.Created,Code/Scripts/Mission11.cpp:9415,games/renegade/content/scripts,,,not_started,,parity,
callback:M11_Sydney_Script_JDG.Custom,callback,M11_Sydney_Script_JDG.Custom,Code/Scripts/Mission11.cpp:9517,games/renegade/content/scripts,,,not_started,,parity,
callback:M11_Sydney_Script_JDG.Damaged,callback,M11_Sydney_Script_JDG.Damaged,Code/Scripts/Mission11.cpp:9437,games/renegade/content/scripts,,,not_started,,parity,
callback:M11_Sydney_Script_JDG.Killed,callback,M11_Sydney_Script_JDG.Killed,Code/Scripts/Mission11.cpp:9482,games/renegade/content/scripts,,,not_started,,parity,
callback:M11_Temple_Commander_JDG.Created,callback,M11_Temple_Commander_JDG.Created,Code/Scripts/Mission11.cpp:5553,games/renegade/content/scripts,,,not_started,,parity,
callback:M11_Temple_Commander_JDG.Custom,callback,M11_Temple_Commander_JDG.Custom,Code/Scripts/Mission11.cpp:5568,games/renegade/content/scripts,,,not_started,,parity,
callback:M11_Temple_Commander_JDG.Killed,callback,M11_Temple_Commander_JDG.Killed,Code/Scripts/Mission11.cpp:5579,games/renegade/content/scripts,,,not_started,,parity,
callback:M11_Temple_Hologram_01_JDG.Created,callback,M11_Temple_Hologram_01_JDG.Created,Code/Scripts/Mission11.cpp:5828,games/renegade/content/scripts,,,not_started,,parity,
callback:M11_Temple_Hologram_Controller_JDG.Action_Complete,callback,M11_Temple_Hologram_Controller_JDG.Action_Complete,Code/Scripts/Mission11.cpp:5736,games/renegade/content/scripts,,,not_started,,parity,
callback:M11_Temple_Hologram_Controller_JDG.Created,callback,M11_Temple_Hologram_Controller_JDG.Created,Code/Scripts/Mission11.cpp:5617,games/renegade/content/scripts,,,not_started,,parity,
callback:M11_Temple_Hologram_Controller_JDG.Custom,callback,M11_Temple_Hologram_Controller_JDG.Custom,Code/Scripts/Mission11.cpp:5639,games/renegade/content/scripts,,,not_started,,parity,
callback:M11_Theres_Sydney_Zone_JDG.Entered,callback,M11_Theres_Sydney_Zone_JDG.Entered,Code/Scripts/Mission11.cpp:5457,games/renegade/content/scripts,,,not_started,,parity,
callback:M11_ThirdFloor_Elevator_Switch_Script_JDG.Created,callback,M11_ThirdFloor_Elevator_Switch_Script_JDG.Created,Code/Scripts/Mission11.cpp:10440,games/renegade/content/scripts,,,not_started,,parity,
callback:M11_ThirdFloor_Elevator_Switch_Script_JDG.Custom,callback,M11_ThirdFloor_Elevator_Switch_Script_JDG.Custom,Code/Scripts/Mission11.cpp:10459,games/renegade/content/scripts,,,not_started,,parity,
callback:M11_ThirdFloor_Elevator_Switch_Script_JDG.Poked,callback,M11_ThirdFloor_Elevator_Switch_Script_JDG.Poked,Code/Scripts/Mission11.cpp:10447,games/renegade/content/scripts,,,not_started,,parity,
callback:M11_Turn_Off_FirstFloor_Stuff_JDG.Entered,callback,M11_Turn_Off_FirstFloor_Stuff_JDG.Entered,Code/Scripts/Mission11.cpp:772,games/renegade/content/scripts,,,not_started,,parity,
callback:M11_Turn_On_FirstFloor_Stuff_JDG.Entered,callback,M11_Turn_On_FirstFloor_Stuff_JDG.Entered,Code/Scripts/Mission11.cpp:783,games/renegade/content/scripts,,,not_started,,parity,
callback:M11_Turn_On_Mutant_Crypt_Spawners_Zone_JDG.Entered,callback,M11_Turn_On_Mutant_Crypt_Spawners_Zone_JDG.Entered,Code/Scripts/Mission11.cpp:3435,games/renegade/content/scripts,,,not_started,,parity,
callback:M11_VoltRifleGuy_Script_JDG.Created,callback,M11_VoltRifleGuy_Script_JDG.Created,Code/Scripts/Mission11.cpp:57,games/renegade/content/scripts,,,not_started,,parity,
callback:M11_VoltRifleGuy_Script_JDG.Custom,callback,M11_VoltRifleGuy_Script_JDG.Custom,Code/Scripts/Mission11.cpp:68,games/renegade/content/scripts,,,not_started,,parity,
callback:M11_VoltRifleGuy_Script_JDG.Killed,callback,M11_VoltRifleGuy_Script_JDG.Killed,Code/Scripts/Mission11.cpp:79,games/renegade/content/scripts,,,not_started,,parity,
callback:M11_VoltRifle_Monitor_Script_JDG.Created,callback,M11_VoltRifle_Monitor_Script_JDG.Created,Code/Scripts/Mission11.cpp:100,games/renegade/content/scripts,,,not_started,,parity,
callback:M11_VoltRifle_Monitor_Script_JDG.Custom,callback,M11_VoltRifle_Monitor_Script_JDG.Custom,Code/Scripts/Mission11.cpp:106,games/renegade/content/scripts,,,not_started,,parity,
callback:M11_VoltRifle_Script_JDG.Custom,callback,M11_VoltRifle_Script_JDG.Custom,Code/Scripts/Mission11.cpp:132,games/renegade/content/scripts,,,not_started,,parity,
callback:M11_WarRoom_BattleController_JDG.Created,callback,M11_WarRoom_BattleController_JDG.Created,Code/Scripts/Mission11.cpp:2230,games/renegade/content/scripts,,,not_started,,parity,
callback:M11_WarRoom_BattleController_JDG.Custom,callback,M11_WarRoom_BattleController_JDG.Custom,Code/Scripts/Mission11.cpp:2238,games/renegade/content/scripts,,,not_started,,parity,
callback:M11_WarRoom_Engineer_JDG.Created,callback,M11_WarRoom_Engineer_JDG.Created,Code/Scripts/Mission11.cpp:2116,games/renegade/content/scripts,,,not_started,,parity,
callback:M11_WarRoom_Engineer_JDG.Custom,callback,M11_WarRoom_Engineer_JDG.Custom,Code/Scripts/Mission11.cpp:2121,games/renegade/content/scripts,,,not_started,,parity,
callback:M11_WarRoom_Engineer_JDG.Killed,callback,M11_WarRoom_Engineer_JDG.Killed,Code/Scripts/Mission11.cpp:2133,games/renegade/content/scripts,,,not_started,,parity,
callback:M11_WarRoom_EntryZone_JDG.Entered,callback,M11_WarRoom_EntryZone_JDG.Entered,Code/Scripts/Mission11.cpp:2072,games/renegade/content/scripts,,,not_started,,parity,
callback:M11_WarRoom_ExitZone_JDG.Entered,callback,M11_WarRoom_ExitZone_JDG.Entered,Code/Scripts/Mission11.cpp:2334,games/renegade/content/scripts,,,not_started,,parity,
callback:M11_WarRoom_SecurityTurret_JDG.Created,callback,M11_WarRoom_SecurityTurret_JDG.Created,Code/Scripts/Mission11.cpp:2169,games/renegade/content/scripts,,,not_started,,parity,
callback:M11_WarRoom_SecurityTurret_JDG.Custom,callback,M11_WarRoom_SecurityTurret_JDG.Custom,Code/Scripts/Mission11.cpp:2191,games/renegade/content/scripts,,,not_started,,parity,
callback:M11_WarRoom_SecurityTurret_JDG.Killed,callback,M11_WarRoom_SecurityTurret_JDG.Killed,Code/Scripts/Mission11.cpp:2178,games/renegade/content/scripts,,,not_started,,parity,
callback:M11_WarRoom_SpawnedDude_JDG.Created,callback,M11_WarRoom_SpawnedDude_JDG.Created,Code/Scripts/Mission11.cpp:2305,games/renegade/content/scripts,,,not_started,,parity,
callback:M11_WarRoom_SpawnedDude_JDG.Custom,callback,M11_WarRoom_SpawnedDude_JDG.Custom,Code/Scripts/Mission11.cpp:2318,games/renegade/content/scripts,,,not_started,,parity,
callback:M11_WarRoom_SpawnedDude_JDG.Killed,callback,M11_WarRoom_SpawnedDude_JDG.Killed,Code/Scripts/Mission11.cpp:2326,games/renegade/content/scripts,,,not_started,,parity,
callback:M11_WarRoom_StationaryTech_JDG.Created,callback,M11_WarRoom_StationaryTech_JDG.Created,Code/Scripts/Mission11.cpp:2141,games/renegade/content/scripts,,,not_started,,parity,
callback:M11_WarRoom_StationaryTech_JDG.Killed,callback,M11_WarRoom_StationaryTech_JDG.Killed,Code/Scripts/Mission11.cpp:2152,games/renegade/content/scripts,,,not_started,,parity,
callback:M11_WetBar_MutantGuard_JDG.Created,callback,M11_WetBar_MutantGuard_JDG.Created,Code/Scripts/Mission11.cpp:1935,games/renegade/content/scripts,,,not_started,,parity,
callback:M11_WetBar_MutantGuard_JDG.Killed,callback,M11_WetBar_MutantGuard_JDG.Killed,Code/Scripts/Mission11.cpp:1941,games/renegade/content/scripts,,,not_started,,parity,
callback:M11_WetBar_NeighborRoom_EntryZone_JDG.Entered,callback,M11_WetBar_NeighborRoom_EntryZone_JDG.Entered,Code/Scripts/Mission11.cpp:1871,games/renegade/content/scripts,,,not_started,,parity,
callback:M11_WetBar_NeighborRoom_SpawnedDude_JDG.Action_Complete,callback,M11_WetBar_NeighborRoom_SpawnedDude_JDG.Action_Complete,Code/Scripts/Mission11.cpp:2009,games/renegade/content/scripts,,,not_started,,parity,
callback:M11_WetBar_NeighborRoom_SpawnedDude_JDG.Created,callback,M11_WetBar_NeighborRoom_SpawnedDude_JDG.Created,Code/Scripts/Mission11.cpp:1974,games/renegade/content/scripts,,,not_started,,parity,
callback:M11_WetBar_NeighborRoom_SpawnedDude_JDG.Custom,callback,M11_WetBar_NeighborRoom_SpawnedDude_JDG.Custom,Code/Scripts/Mission11.cpp:1984,games/renegade/content/scripts,,,not_started,,parity,
callback:M11_WetBar_NeighborRoom_SpawnerController_JDG.Created,callback,M11_WetBar_NeighborRoom_SpawnerController_JDG.Created,Code/Scripts/Mission11.cpp:1899,games/renegade/content/scripts,,,not_started,,parity,
callback:M11_WetBar_NeighborRoom_SpawnerController_JDG.Custom,callback,M11_WetBar_NeighborRoom_SpawnerController_JDG.Custom,Code/Scripts/Mission11.cpp:1904,games/renegade/content/scripts,,,not_started,,parity,
callback:MDD_Commando.Created,callback,MDD_Commando.Created,Code/Scripts/MissionDemo.cpp:1790,games/renegade/content/scripts,,,not_started,,parity,
callback:MDD_Flying_Vehicle.Created,callback,MDD_Flying_Vehicle.Created,Code/Scripts/MissionDemo.cpp:1693,games/renegade/content/scripts,,,not_started,,parity,
callback:MDD_Flying_Vehicle.Destroyed,callback,MDD_Flying_Vehicle.Destroyed,Code/Scripts/MissionDemo.cpp:1769,games/renegade/content/scripts,,,not_started,,parity,
callback:MDD_Flying_Vehicle.Enemy_Seen,callback,MDD_Flying_Vehicle.Enemy_Seen,Code/Scripts/MissionDemo.cpp:1722,games/renegade/content/scripts,,,not_started,,parity,
callback:MDD_Flying_Vehicle.Timer_Expired,callback,MDD_Flying_Vehicle.Timer_Expired,Code/Scripts/MissionDemo.cpp:1731,games/renegade/content/scripts,,,not_started,,parity,
callback:MDD_GDI_Soldier.Created,callback,MDD_GDI_Soldier.Created,Code/Scripts/MissionDemo.cpp:1227,games/renegade/content/scripts,,,not_started,,parity,
callback:MDD_GDI_Soldier.Custom,callback,MDD_GDI_Soldier.Custom,Code/Scripts/MissionDemo.cpp:1326,games/renegade/content/scripts,,,not_started,,parity,
callback:MDD_GDI_Soldier.Destroyed,callback,MDD_GDI_Soldier.Destroyed,Code/Scripts/MissionDemo.cpp:1337,games/renegade/content/scripts,,,not_started,,parity,
callback:MDD_GDI_Soldier.Sound_Heard,callback,MDD_GDI_Soldier.Sound_Heard,Code/Scripts/MissionDemo.cpp:1289,games/renegade/content/scripts,,,not_started,,parity,
callback:MDD_GDI_Soldier.Timer_Expired,callback,MDD_GDI_Soldier.Timer_Expired,Code/Scripts/MissionDemo.cpp:1252,games/renegade/content/scripts,,,not_started,,parity,
callback:MDD_Havoc_Unit.Created,callback,MDD_Havoc_Unit.Created,Code/Scripts/MissionDemo.cpp:1802,games/renegade/content/scripts,,,not_started,,parity,
callback:MDD_Havoc_Unit.Custom,callback,MDD_Havoc_Unit.Custom,Code/Scripts/MissionDemo.cpp:1818,games/renegade/content/scripts,,,not_started,,parity,
callback:MDD_Havoc_Unit.Sound_Heard,callback,MDD_Havoc_Unit.Sound_Heard,Code/Scripts/MissionDemo.cpp:1842,games/renegade/content/scripts,,,not_started,,parity,
callback:MDD_Havoc_Unit.Timer_Expired,callback,MDD_Havoc_Unit.Timer_Expired,Code/Scripts/MissionDemo.cpp:1833,games/renegade/content/scripts,,,not_started,,parity,
callback:MDD_Nod_Apache.Created,callback,MDD_Nod_Apache.Created,Code/Scripts/MissionDemo.cpp:1457,games/renegade/content/scripts,,,not_started,,parity,
callback:MDD_Nod_Apache.Sound_Heard,callback,MDD_Nod_Apache.Sound_Heard,Code/Scripts/MissionDemo.cpp:1610,games/renegade/content/scripts,,,not_started,,parity,
callback:MDD_Nod_Apache.Timer_Expired,callback,MDD_Nod_Apache.Timer_Expired,Code/Scripts/MissionDemo.cpp:1491,games/renegade/content/scripts,,,not_started,,parity,
callback:MDD_Nod_Soldier.Created,callback,MDD_Nod_Soldier.Created,Code/Scripts/MissionDemo.cpp:727,games/renegade/content/scripts,,,not_started,,parity,
callback:MDD_Nod_Soldier.Custom,callback,MDD_Nod_Soldier.Custom,Code/Scripts/MissionDemo.cpp:1113,games/renegade/content/scripts,,,not_started,,parity,
callback:MDD_Nod_Soldier.Damaged,callback,MDD_Nod_Soldier.Damaged,Code/Scripts/MissionDemo.cpp:1198,games/renegade/content/scripts,,,not_started,,parity,
callback:MDD_Nod_Soldier.Enemy_Seen,callback,MDD_Nod_Soldier.Enemy_Seen,Code/Scripts/MissionDemo.cpp:787,games/renegade/content/scripts,,,not_started,,parity,
callback:MDD_Nod_Soldier.Killed,callback,MDD_Nod_Soldier.Killed,Code/Scripts/MissionDemo.cpp:1088,games/renegade/content/scripts,,,not_started,,parity,
callback:MDD_Nod_Soldier.Sound_Heard,callback,MDD_Nod_Soldier.Sound_Heard,Code/Scripts/MissionDemo.cpp:792,games/renegade/content/scripts,,,not_started,,parity,
callback:MDD_Nod_Soldier.Timer_Expired,callback,MDD_Nod_Soldier.Timer_Expired,Code/Scripts/MissionDemo.cpp:823,games/renegade/content/scripts,,,not_started,,parity,
callback:MDD_Nod_Stealth.Created,callback,MDD_Nod_Stealth.Created,Code/Scripts/MissionDemo.cpp:1627,games/renegade/content/scripts,,,not_started,,parity,
callback:MDD_Nod_Stealth.Destroyed,callback,MDD_Nod_Stealth.Destroyed,Code/Scripts/MissionDemo.cpp:1679,games/renegade/content/scripts,,,not_started,,parity,
callback:MDD_Nod_Stealth.Enemy_Seen,callback,MDD_Nod_Stealth.Enemy_Seen,Code/Scripts/MissionDemo.cpp:1642,games/renegade/content/scripts,,,not_started,,parity,
callback:MDD_Nod_Stealth.Timer_Expired,callback,MDD_Nod_Stealth.Timer_Expired,Code/Scripts/MissionDemo.cpp:1656,games/renegade/content/scripts,,,not_started,,parity,
callback:MDD_Objective_Controller.Created,callback,MDD_Objective_Controller.Created,Code/Scripts/MissionDemo.cpp:57,games/renegade/content/scripts,,,not_started,,parity,
callback:MDD_Respawn_Controller.Created,callback,MDD_Respawn_Controller.Created,Code/Scripts/MissionDemo.cpp:128,games/renegade/content/scripts,,,not_started,,parity,
callback:MDD_Respawn_Controller.Custom,callback,MDD_Respawn_Controller.Custom,Code/Scripts/MissionDemo.cpp:486,games/renegade/content/scripts,,,not_started,,parity,
callback:MDD_Respawn_Controller.Timer_Expired,callback,MDD_Respawn_Controller.Timer_Expired,Code/Scripts/MissionDemo.cpp:212,games/renegade/content/scripts,,,not_started,,parity,
callback:MDD_Stationary_Vehicle.Created,callback,MDD_Stationary_Vehicle.Created,Code/Scripts/MissionDemo.cpp:1377,games/renegade/content/scripts,,,not_started,,parity,
callback:MDD_Stationary_Vehicle.Custom,callback,MDD_Stationary_Vehicle.Custom,Code/Scripts/MissionDemo.cpp:1424,games/renegade/content/scripts,,,not_started,,parity,
callback:MDD_Stationary_Vehicle.Enemy_Seen,callback,MDD_Stationary_Vehicle.Enemy_Seen,Code/Scripts/MissionDemo.cpp:1397,games/renegade/content/scripts,,,not_started,,parity,
callback:MDD_Stationary_Vehicle.Sound_Heard,callback,MDD_Stationary_Vehicle.Sound_Heard,Code/Scripts/MissionDemo.cpp:1407,games/renegade/content/scripts,,,not_started,,parity,
callback:MDD_Stationary_Vehicle.Timer_Expired,callback,MDD_Stationary_Vehicle.Timer_Expired,Code/Scripts/MissionDemo.cpp:1434,games/renegade/content/scripts,,,not_started,,parity,
callback:MPR_A01_Chinook_Evac_Civies_PMP.Animation_Complete,callback,MPR_A01_Chinook_Evac_Civies_PMP.Animation_Complete,Code/Scripts/PRDemo.cpp:435,games/renegade/content/scripts,,,not_started,,parity,
callback:MPR_A01_Chinook_Evac_Civies_PMP.Created,callback,MPR_A01_Chinook_Evac_Civies_PMP.Created,Code/Scripts/PRDemo.cpp:426,games/renegade/content/scripts,,,not_started,,parity,
callback:MPR_A01_Chinook_Evac_Civies_PMP.Timer_Expired,callback,MPR_A01_Chinook_Evac_Civies_PMP.Timer_Expired,Code/Scripts/PRDemo.cpp:457,games/renegade/content/scripts,,,not_started,,parity,
callback:MPR_A01_CivFollower_PMP.Created,callback,MPR_A01_CivFollower_PMP.Created,Code/Scripts/PRDemo.cpp:197,games/renegade/content/scripts,,,not_started,,parity,
callback:MPR_A01_CivFollower_PMP.Custom,callback,MPR_A01_CivFollower_PMP.Custom,Code/Scripts/PRDemo.cpp:205,games/renegade/content/scripts,,,not_started,,parity,
callback:MPR_A01_CivLeader_PMP.Created,callback,MPR_A01_CivLeader_PMP.Created,Code/Scripts/PRDemo.cpp:101,games/renegade/content/scripts,,,not_started,,parity,
callback:MPR_A01_CivLeader_PMP.Custom,callback,MPR_A01_CivLeader_PMP.Custom,Code/Scripts/PRDemo.cpp:121,games/renegade/content/scripts,,,not_started,,parity,
callback:MPR_A01_CivLeader_PMP.Timer_Expired,callback,MPR_A01_CivLeader_PMP.Timer_Expired,Code/Scripts/PRDemo.cpp:140,games/renegade/content/scripts,,,not_started,,parity,
callback:MPR_A01_EscortDestination_PMP.Created,callback,MPR_A01_EscortDestination_PMP.Created,Code/Scripts/PRDemo.cpp:237,games/renegade/content/scripts,,,not_started,,parity,
callback:MPR_A01_EscortDies_PMP.Killed,callback,MPR_A01_EscortDies_PMP.Killed,Code/Scripts/PRDemo.cpp:269,games/renegade/content/scripts,,,not_started,,parity,
callback:MPR_A01_Evac_Call_PMP.Created,callback,MPR_A01_Evac_Call_PMP.Created,Code/Scripts/PRDemo.cpp:388,games/renegade/content/scripts,,,not_started,,parity,
callback:MPR_A01_Evac_Call_PMP.Entered,callback,MPR_A01_Evac_Call_PMP.Entered,Code/Scripts/PRDemo.cpp:393,games/renegade/content/scripts,,,not_started,,parity,
callback:MPR_A01_Get_Barn_Zone_id_PMP.Created,callback,MPR_A01_Get_Barn_Zone_id_PMP.Created,Code/Scripts/PRDemo.cpp:369,games/renegade/content/scripts,,,not_started,,parity,
callback:MPR_A01_Get_Civ01_id_PMP.Created,callback,MPR_A01_Get_Civ01_id_PMP.Created,Code/Scripts/PRDemo.cpp:508,games/renegade/content/scripts,,,not_started,,parity,
callback:MPR_A01_Get_Civ02_id_PMP.Created,callback,MPR_A01_Get_Civ02_id_PMP.Created,Code/Scripts/PRDemo.cpp:525,games/renegade/content/scripts,,,not_started,,parity,
callback:MPR_A01_Get_Civ03_ID_PMP.Created,callback,MPR_A01_Get_Civ03_ID_PMP.Created,Code/Scripts/PRDemo.cpp:542,games/renegade/content/scripts,,,not_started,,parity,
callback:MPR_A01_Get_To_Chinook_PMP.Custom,callback,MPR_A01_Get_To_Chinook_PMP.Custom,Code/Scripts/PRDemo.cpp:477,games/renegade/content/scripts,,,not_started,,parity,
callback:MPR_A01_Intro_Cinematic_RMV.Created,callback,MPR_A01_Intro_Cinematic_RMV.Created,Code/Scripts/PRDemo.cpp:2242,games/renegade/content/scripts,,,not_started,,parity,
callback:MPR_A01_Intro_Cinematic_RMV.Timer_Expired,callback,MPR_A01_Intro_Cinematic_RMV.Timer_Expired,Code/Scripts/PRDemo.cpp:2256,games/renegade/content/scripts,,,not_started,,parity,
callback:MPR_A01_Orca_Strike_On_Turret_RAD.Created,callback,MPR_A01_Orca_Strike_On_Turret_RAD.Created,Code/Scripts/PRDemo.cpp:1262,games/renegade/content/scripts,,,not_started,,parity,
callback:MPR_A01_Orca_Strike_On_Turret_RAD.Custom,callback,MPR_A01_Orca_Strike_On_Turret_RAD.Custom,Code/Scripts/PRDemo.cpp:1268,games/renegade/content/scripts,,,not_started,,parity,
callback:MPR_A01_Orca_Strike_On_Turret_RAD.Timer_Expired,callback,MPR_A01_Orca_Strike_On_Turret_RAD.Timer_Expired,Code/Scripts/PRDemo.cpp:1326,games/renegade/content/scripts,,,not_started,,parity,
callback:MPR_A01_Orca_Turret_Attack_Zone_RAD.Entered,callback,MPR_A01_Orca_Turret_Attack_Zone_RAD.Entered,Code/Scripts/PRDemo.cpp:1498,games/renegade/content/scripts,,,not_started,,parity,
callback:MPR_A01_Orca_Turret_RAD.Created,callback,MPR_A01_Orca_Turret_RAD.Created,Code/Scripts/PRDemo.cpp:1420,games/renegade/content/scripts,,,not_started,,parity,
callback:MPR_A01_Orca_Turret_RAD.Damaged,callback,MPR_A01_Orca_Turret_RAD.Damaged,Code/Scripts/PRDemo.cpp:1454,games/renegade/content/scripts,,,not_started,,parity,
callback:MPR_A01_Orca_Turret_RAD.Timer_Expired,callback,MPR_A01_Orca_Turret_RAD.Timer_Expired,Code/Scripts/PRDemo.cpp:1446,games/renegade/content/scripts,,,not_started,,parity,
callback:MPR_A01_SeeEnemy_PMP.Created,callback,MPR_A01_SeeEnemy_PMP.Created,Code/Scripts/PRDemo.cpp:311,games/renegade/content/scripts,,,not_started,,parity,
callback:MPR_A01_SeeEnemy_PMP.Enemy_Seen,callback,MPR_A01_SeeEnemy_PMP.Enemy_Seen,Code/Scripts/PRDemo.cpp:323,games/renegade/content/scripts,,,not_started,,parity,
callback:MPR_A01_SeeEnemy_PMP.Timer_Expired,callback,MPR_A01_SeeEnemy_PMP.Timer_Expired,Code/Scripts/PRDemo.cpp:347,games/renegade/content/scripts,,,not_started,,parity,
callback:MPR_A01_TiberiumCloud_PMP.Created,callback,MPR_A01_TiberiumCloud_PMP.Created,Code/Scripts/PRDemo.cpp:61,games/renegade/content/scripts,,,not_started,,parity,
callback:MPR_A01_TiberiumCloud_PMP.Timer_Expired,callback,MPR_A01_TiberiumCloud_PMP.Timer_Expired,Code/Scripts/PRDemo.cpp:69,games/renegade/content/scripts,,,not_started,,parity,
callback:MPR_A02_Apache_Dogfight_RMV.Animation_Complete,callback,MPR_A02_Apache_Dogfight_RMV.Animation_Complete,Code/Scripts/PRDemo.cpp:2145,games/renegade/content/scripts,,,not_started,,parity,
callback:MPR_A02_Drill_Cadet_1_JDG.Animation_Complete,callback,MPR_A02_Drill_Cadet_1_JDG.Animation_Complete,Code/Scripts/PRDemo.cpp:3205,games/renegade/content/scripts,,,not_started,,parity,
callback:MPR_A02_Drill_Cadet_1_JDG.Created,callback,MPR_A02_Drill_Cadet_1_JDG.Created,Code/Scripts/PRDemo.cpp:3094,games/renegade/content/scripts,,,not_started,,parity,
callback:MPR_A02_Drill_Cadet_1_JDG.Custom,callback,MPR_A02_Drill_Cadet_1_JDG.Custom,Code/Scripts/PRDemo.cpp:3118,games/renegade/content/scripts,,,not_started,,parity,
callback:MPR_A02_Drill_Cadet_1_JDG.Killed,callback,MPR_A02_Drill_Cadet_1_JDG.Killed,Code/Scripts/PRDemo.cpp:3108,games/renegade/content/scripts,,,not_started,,parity,
callback:MPR_A02_Drill_Cadet_1_JDG.Timer_Expired,callback,MPR_A02_Drill_Cadet_1_JDG.Timer_Expired,Code/Scripts/PRDemo.cpp:3131,games/renegade/content/scripts,,,not_started,,parity,
callback:MPR_A02_Drill_Cadet_2_JDG.Animation_Complete,callback,MPR_A02_Drill_Cadet_2_JDG.Animation_Complete,Code/Scripts/PRDemo.cpp:3387,games/renegade/content/scripts,,,not_started,,parity,
callback:MPR_A02_Drill_Cadet_2_JDG.Created,callback,MPR_A02_Drill_Cadet_2_JDG.Created,Code/Scripts/PRDemo.cpp:3277,games/renegade/content/scripts,,,not_started,,parity,
callback:MPR_A02_Drill_Cadet_2_JDG.Custom,callback,MPR_A02_Drill_Cadet_2_JDG.Custom,Code/Scripts/PRDemo.cpp:3301,games/renegade/content/scripts,,,not_started,,parity,
callback:MPR_A02_Drill_Cadet_2_JDG.Killed,callback,MPR_A02_Drill_Cadet_2_JDG.Killed,Code/Scripts/PRDemo.cpp:3291,games/renegade/content/scripts,,,not_started,,parity,
callback:MPR_A02_Drill_Cadet_2_JDG.Timer_Expired,callback,MPR_A02_Drill_Cadet_2_JDG.Timer_Expired,Code/Scripts/PRDemo.cpp:3314,games/renegade/content/scripts,,,not_started,,parity,
callback:MPR_A02_Drill_Cadet_3_JDG.Animation_Complete,callback,MPR_A02_Drill_Cadet_3_JDG.Animation_Complete,Code/Scripts/PRDemo.cpp:3569,games/renegade/content/scripts,,,not_started,,parity,
callback:MPR_A02_Drill_Cadet_3_JDG.Created,callback,MPR_A02_Drill_Cadet_3_JDG.Created,Code/Scripts/PRDemo.cpp:3459,games/renegade/content/scripts,,,not_started,,parity,
callback:MPR_A02_Drill_Cadet_3_JDG.Custom,callback,MPR_A02_Drill_Cadet_3_JDG.Custom,Code/Scripts/PRDemo.cpp:3483,games/renegade/content/scripts,,,not_started,,parity,
callback:MPR_A02_Drill_Cadet_3_JDG.Killed,callback,MPR_A02_Drill_Cadet_3_JDG.Killed,Code/Scripts/PRDemo.cpp:3473,games/renegade/content/scripts,,,not_started,,parity,
callback:MPR_A02_Drill_Cadet_3_JDG.Timer_Expired,callback,MPR_A02_Drill_Cadet_3_JDG.Timer_Expired,Code/Scripts/PRDemo.cpp:3496,games/renegade/content/scripts,,,not_started,,parity,
callback:MPR_A02_Drill_Instructor_JDG.Animation_Complete,callback,MPR_A02_Drill_Instructor_JDG.Animation_Complete,Code/Scripts/PRDemo.cpp:2877,games/renegade/content/scripts,,,not_started,,parity,
callback:MPR_A02_Drill_Instructor_JDG.Created,callback,MPR_A02_Drill_Instructor_JDG.Created,Code/Scripts/PRDemo.cpp:2306,games/renegade/content/scripts,,,not_started,,parity,
callback:MPR_A02_Drill_Instructor_JDG.Custom,callback,MPR_A02_Drill_Instructor_JDG.Custom,Code/Scripts/PRDemo.cpp:2323,games/renegade/content/scripts,,,not_started,,parity,
callback:MPR_A02_Drill_Instructor_JDG.Killed,callback,MPR_A02_Drill_Instructor_JDG.Killed,Code/Scripts/PRDemo.cpp:2313,games/renegade/content/scripts,,,not_started,,parity,
callback:MPR_A02_Drill_Instructor_JDG.Timer_Expired,callback,MPR_A02_Drill_Instructor_JDG.Timer_Expired,Code/Scripts/PRDemo.cpp:2971,games/renegade/content/scripts,,,not_started,,parity,
callback:MPR_A02_Drill_Kill_Havoc_Zone_JDG.Created,callback,MPR_A02_Drill_Kill_Havoc_Zone_JDG.Created,Code/Scripts/PRDemo.cpp:3632,games/renegade/content/scripts,,,not_started,,parity,
callback:MPR_A02_Drill_Kill_Havoc_Zone_JDG.Entered,callback,MPR_A02_Drill_Kill_Havoc_Zone_JDG.Entered,Code/Scripts/PRDemo.cpp:3639,games/renegade/content/scripts,,,not_started,,parity,
callback:MPR_A02_Drill_Start_Zone_JDG.Created,callback,MPR_A02_Drill_Start_Zone_JDG.Created,Code/Scripts/PRDemo.cpp:3053,games/renegade/content/scripts,,,not_started,,parity,
callback:MPR_A02_Drill_Start_Zone_JDG.Entered,callback,MPR_A02_Drill_Start_Zone_JDG.Entered,Code/Scripts/PRDemo.cpp:3060,games/renegade/content/scripts,,,not_started,,parity,
callback:MPR_A02_DriveBy_EnterZone_JDG.Created,callback,MPR_A02_DriveBy_EnterZone_JDG.Created,Code/Scripts/PRDemo.cpp:4194,games/renegade/content/scripts,,,not_started,,parity,
callback:MPR_A02_DriveBy_EnterZone_JDG.Entered,callback,MPR_A02_DriveBy_EnterZone_JDG.Entered,Code/Scripts/PRDemo.cpp:4201,games/renegade/content/scripts,,,not_started,,parity,
callback:MPR_A02_DriveBy_Harvester_JDG.Created,callback,MPR_A02_DriveBy_Harvester_JDG.Created,Code/Scripts/PRDemo.cpp:4225,games/renegade/content/scripts,,,not_started,,parity,
callback:MPR_A02_DriveBy_Harvester_JDG.Custom,callback,MPR_A02_DriveBy_Harvester_JDG.Custom,Code/Scripts/PRDemo.cpp:4235,games/renegade/content/scripts,,,not_started,,parity,
callback:MPR_A02_Orca_Dogfight_RMV.Created,callback,MPR_A02_Orca_Dogfight_RMV.Created,Code/Scripts/PRDemo.cpp:2171,games/renegade/content/scripts,,,not_started,,parity,
callback:MPR_A02_Orca_Dogfight_RMV.Timer_Expired,callback,MPR_A02_Orca_Dogfight_RMV.Timer_Expired,Code/Scripts/PRDemo.cpp:2184,games/renegade/content/scripts,,,not_started,,parity,
callback:MPR_A02_Zone_Trigger_For_Dogfight_RMV.Entered,callback,MPR_A02_Zone_Trigger_For_Dogfight_RMV.Entered,Code/Scripts/PRDemo.cpp:2008,games/renegade/content/scripts,,,not_started,,parity,
callback:MPR_A03_BridgeScene_BlowUpZone_JDG.Created,callback,MPR_A03_BridgeScene_BlowUpZone_JDG.Created,Code/Scripts/PRDemo.cpp:4552,games/renegade/content/scripts,,,not_started,,parity,
callback:MPR_A03_BridgeScene_BlowUpZone_JDG.Entered,callback,MPR_A03_BridgeScene_BlowUpZone_JDG.Entered,Code/Scripts/PRDemo.cpp:4561,games/renegade/content/scripts,,,not_started,,parity,
callback:MPR_A03_BridgeScene_Engineer_JDG.Animation_Complete,callback,MPR_A03_BridgeScene_Engineer_JDG.Animation_Complete,Code/Scripts/PRDemo.cpp:4619,games/renegade/content/scripts,,,not_started,,parity,
callback:MPR_A03_BridgeScene_Engineer_JDG.Created,callback,MPR_A03_BridgeScene_Engineer_JDG.Created,Code/Scripts/PRDemo.cpp:4595,games/renegade/content/scripts,,,not_started,,parity,
callback:MPR_A03_BridgeScene_Engineer_JDG.Timer_Expired,callback,MPR_A03_BridgeScene_Engineer_JDG.Timer_Expired,Code/Scripts/PRDemo.cpp:4606,games/renegade/content/scripts,,,not_started,,parity,
callback:MPR_A03_BridgeScene_EnterZone_JDG.Created,callback,MPR_A03_BridgeScene_EnterZone_JDG.Created,Code/Scripts/PRDemo.cpp:4503,games/renegade/content/scripts,,,not_started,,parity,
callback:MPR_A03_BridgeScene_EnterZone_JDG.Entered,callback,MPR_A03_BridgeScene_EnterZone_JDG.Entered,Code/Scripts/PRDemo.cpp:4514,games/renegade/content/scripts,,,not_started,,parity,
callback:MPR_A03_BridgeScene_EnterZone_JDG.Timer_Expired,callback,MPR_A03_BridgeScene_EnterZone_JDG.Timer_Expired,Code/Scripts/PRDemo.cpp:4530,games/renegade/content/scripts,,,not_started,,parity,
callback:MPR_A03_Bridge_Exploding_DEL.Created,callback,MPR_A03_Bridge_Exploding_DEL.Created,Code/Scripts/PRDemo.cpp:675,games/renegade/content/scripts,,,not_started,,parity,
callback:MPR_A03_Bridge_Exploding_DEL.Custom,callback,MPR_A03_Bridge_Exploding_DEL.Custom,Code/Scripts/PRDemo.cpp:683,games/renegade/content/scripts,,,not_started,,parity,
callback:MPR_A03_Bridge_Trigger_DEL.Entered,callback,MPR_A03_Bridge_Trigger_DEL.Entered,Code/Scripts/PRDemo.cpp:710,games/renegade/content/scripts,,,not_started,,parity,
callback:MPR_A03_Helicopter_EnterZone_JDG.Created,callback,MPR_A03_Helicopter_EnterZone_JDG.Created,Code/Scripts/PRDemo.cpp:4274,games/renegade/content/scripts,,,not_started,,parity,
callback:MPR_A03_Helicopter_EnterZone_JDG.Entered,callback,MPR_A03_Helicopter_EnterZone_JDG.Entered,Code/Scripts/PRDemo.cpp:4284,games/renegade/content/scripts,,,not_started,,parity,
callback:MPR_A03_Helicopter_EnterZone_JDG.Timer_Expired,callback,MPR_A03_Helicopter_EnterZone_JDG.Timer_Expired,Code/Scripts/PRDemo.cpp:4351,games/renegade/content/scripts,,,not_started,,parity,
callback:MPR_A03_Helicopter_Injured_NOD_Pilot_JDG.Animation_Complete,callback,MPR_A03_Helicopter_Injured_NOD_Pilot_JDG.Animation_Complete,Code/Scripts/PRDemo.cpp:4457,games/renegade/content/scripts,,,not_started,,parity,
callback:MPR_A03_Helicopter_Injured_NOD_Pilot_JDG.Created,callback,MPR_A03_Helicopter_Injured_NOD_Pilot_JDG.Created,Code/Scripts/PRDemo.cpp:4433,games/renegade/content/scripts,,,not_started,,parity,
callback:MPR_A03_Helicopter_Injured_NOD_Pilot_JDG.Timer_Expired,callback,MPR_A03_Helicopter_Injured_NOD_Pilot_JDG.Timer_Expired,Code/Scripts/PRDemo.cpp:4444,games/renegade/content/scripts,,,not_started,,parity,
callback:MPR_A04_Main_Control_Terminal_RAD.Killed,callback,MPR_A04_Main_Control_Terminal_RAD.Killed,Code/Scripts/PRDemo.cpp:1698,games/renegade/content/scripts,,,not_started,,parity,
callback:MPR_A04_Obelisk_Weapon_RAD.Created,callback,MPR_A04_Obelisk_Weapon_RAD.Created,Code/Scripts/PRDemo.cpp:1542,games/renegade/content/scripts,,,not_started,,parity,
callback:MPR_A04_Obelisk_Weapon_RAD.Custom,callback,MPR_A04_Obelisk_Weapon_RAD.Custom,Code/Scripts/PRDemo.cpp:1662,games/renegade/content/scripts,,,not_started,,parity,
callback:MPR_A04_Obelisk_Weapon_RAD.Entered,callback,MPR_A04_Obelisk_Weapon_RAD.Entered,Code/Scripts/PRDemo.cpp:1565,games/renegade/content/scripts,,,not_started,,parity,
callback:MPR_A04_Obelisk_Weapon_RAD.Timer_Expired,callback,MPR_A04_Obelisk_Weapon_RAD.Timer_Expired,Code/Scripts/PRDemo.cpp:1608,games/renegade/content/scripts,,,not_started,,parity,
callback:MPR_A04_SuicideRun_Console_JDG.Created,callback,MPR_A04_SuicideRun_Console_JDG.Created,Code/Scripts/PRDemo.cpp:4162,games/renegade/content/scripts,,,not_started,,parity,
callback:MPR_A04_SuicideRun_Console_JDG.Killed,callback,MPR_A04_SuicideRun_Console_JDG.Killed,Code/Scripts/PRDemo.cpp:4167,games/renegade/content/scripts,,,not_started,,parity,
callback:MPR_A04_SuicideRun_GDI_Medium_Tank_JDG.Created,callback,MPR_A04_SuicideRun_GDI_Medium_Tank_JDG.Created,Code/Scripts/PRDemo.cpp:3971,games/renegade/content/scripts,,,not_started,,parity,
callback:MPR_A04_SuicideRun_GDI_Medium_Tank_JDG.Timer_Expired,callback,MPR_A04_SuicideRun_GDI_Medium_Tank_JDG.Timer_Expired,Code/Scripts/PRDemo.cpp:3978,games/renegade/content/scripts,,,not_started,,parity,
callback:MPR_A04_SuicideRun_GDI_Minigunner_1_JDG.Animation_Complete,callback,MPR_A04_SuicideRun_GDI_Minigunner_1_JDG.Animation_Complete,Code/Scripts/PRDemo.cpp:3814,games/renegade/content/scripts,,,not_started,,parity,
callback:MPR_A04_SuicideRun_GDI_Minigunner_1_JDG.Created,callback,MPR_A04_SuicideRun_GDI_Minigunner_1_JDG.Created,Code/Scripts/PRDemo.cpp:3718,games/renegade/content/scripts,,,not_started,,parity,
callback:MPR_A04_SuicideRun_GDI_Minigunner_1_JDG.Timer_Expired,callback,MPR_A04_SuicideRun_GDI_Minigunner_1_JDG.Timer_Expired,Code/Scripts/PRDemo.cpp:3727,games/renegade/content/scripts,,,not_started,,parity,
callback:MPR_A04_SuicideRun_GDI_Minigunner_2_JDG.Animation_Complete,callback,MPR_A04_SuicideRun_GDI_Minigunner_2_JDG.Animation_Complete,Code/Scripts/PRDemo.cpp:3943,games/renegade/content/scripts,,,not_started,,parity,
callback:MPR_A04_SuicideRun_GDI_Minigunner_2_JDG.Created,callback,MPR_A04_SuicideRun_GDI_Minigunner_2_JDG.Created,Code/Scripts/PRDemo.cpp:3851,games/renegade/content/scripts,,,not_started,,parity,
callback:MPR_A04_SuicideRun_GDI_Minigunner_2_JDG.Timer_Expired,callback,MPR_A04_SuicideRun_GDI_Minigunner_2_JDG.Timer_Expired,Code/Scripts/PRDemo.cpp:3858,games/renegade/content/scripts,,,not_started,,parity,
callback:MPR_A04_SuicideRun_NOD_Light_Tank_JDG.Created,callback,MPR_A04_SuicideRun_NOD_Light_Tank_JDG.Created,Code/Scripts/PRDemo.cpp:4109,games/renegade/content/scripts,,,not_started,,parity,
callback:MPR_A04_SuicideRun_NOD_Light_Tank_JDG.Killed,callback,MPR_A04_SuicideRun_NOD_Light_Tank_JDG.Killed,Code/Scripts/PRDemo.cpp:4137,games/renegade/content/scripts,,,not_started,,parity,
callback:MPR_A04_SuicideRun_NOD_Light_Tank_JDG.Timer_Expired,callback,MPR_A04_SuicideRun_NOD_Light_Tank_JDG.Timer_Expired,Code/Scripts/PRDemo.cpp:4120,games/renegade/content/scripts,,,not_started,,parity,
callback:MPR_A04_SuicideRun_NOD_Minigunner_JDG.Created,callback,MPR_A04_SuicideRun_NOD_Minigunner_JDG.Created,Code/Scripts/PRDemo.cpp:4037,games/renegade/content/scripts,,,not_started,,parity,
callback:MPR_A04_SuicideRun_NOD_Minigunner_JDG.Damaged,callback,MPR_A04_SuicideRun_NOD_Minigunner_JDG.Damaged,Code/Scripts/PRDemo.cpp:4069,games/renegade/content/scripts,,,not_started,,parity,
callback:MPR_A04_SuicideRun_NOD_Minigunner_JDG.Killed,callback,MPR_A04_SuicideRun_NOD_Minigunner_JDG.Killed,Code/Scripts/PRDemo.cpp:4085,games/renegade/content/scripts,,,not_started,,parity,
callback:MPR_A04_SuicideRun_NOD_Minigunner_JDG.Timer_Expired,callback,MPR_A04_SuicideRun_NOD_Minigunner_JDG.Timer_Expired,Code/Scripts/PRDemo.cpp:4044,games/renegade/content/scripts,,,not_started,,parity,
callback:MPR_A04_SuicideRun_StartZone_JDG.Created,callback,MPR_A04_SuicideRun_StartZone_JDG.Created,Code/Scripts/PRDemo.cpp:3666,games/renegade/content/scripts,,,not_started,,parity,
callback:MPR_A04_SuicideRun_StartZone_JDG.Entered,callback,MPR_A04_SuicideRun_StartZone_JDG.Entered,Code/Scripts/PRDemo.cpp:3675,games/renegade/content/scripts,,,not_started,,parity,
callback:MPR_A05_A10_Air_Strike_RMV.Animation_Complete,callback,MPR_A05_A10_Air_Strike_RMV.Animation_Complete,Code/Scripts/PRDemo.cpp:2129,games/renegade/content/scripts,,,not_started,,parity,
callback:MPR_A05_A10_Air_Strike_RMV.Created,callback,MPR_A05_A10_Air_Strike_RMV.Created,Code/Scripts/PRDemo.cpp:2086,games/renegade/content/scripts,,,not_started,,parity,
callback:MPR_A05_A10_Air_Strike_RMV.Timer_Expired,callback,MPR_A05_A10_Air_Strike_RMV.Timer_Expired,Code/Scripts/PRDemo.cpp:2104,games/renegade/content/scripts,,,not_started,,parity,
callback:MPR_A05_A10_Trigger_When_SAM_Destroyed_RMV.Killed,callback,MPR_A05_A10_Trigger_When_SAM_Destroyed_RMV.Killed,Code/Scripts/PRDemo.cpp:1982,games/renegade/content/scripts,,,not_started,,parity,
callback:MPR_A05_A10_Trigger_When_SAM_Destroyed_RMV.Timer_Expired,callback,MPR_A05_A10_Trigger_When_SAM_Destroyed_RMV.Timer_Expired,Code/Scripts/PRDemo.cpp:1989,games/renegade/content/scripts,,,not_started,,parity,
callback:MPR_A05_C130_Dropoff_Animation_RMV.Created,callback,MPR_A05_C130_Dropoff_Animation_RMV.Created,Code/Scripts/PRDemo.cpp:2037,games/renegade/content/scripts,,,not_started,,parity,
callback:MPR_A05_C130_Dropoff_Animation_RMV.Timer_Expired,callback,MPR_A05_C130_Dropoff_Animation_RMV.Timer_Expired,Code/Scripts/PRDemo.cpp:2045,games/renegade/content/scripts,,,not_started,,parity,
callback:MPR_A05_C130_Zone_Trigger_RMV.Entered,callback,MPR_A05_C130_Zone_Trigger_RMV.Entered,Code/Scripts/PRDemo.cpp:1960,games/renegade/content/scripts,,,not_started,,parity,
callback:MPR_A05_Tank_Controller_RAD.Created,callback,MPR_A05_Tank_Controller_RAD.Created,Code/Scripts/PRDemo.cpp:1773,games/renegade/content/scripts,,,not_started,,parity,
callback:MPR_A05_Tank_Controller_RAD.Custom,callback,MPR_A05_Tank_Controller_RAD.Custom,Code/Scripts/PRDemo.cpp:1790,games/renegade/content/scripts,,,not_started,,parity,
callback:MPR_A05_Tank_Controller_RAD.Timer_Expired,callback,MPR_A05_Tank_Controller_RAD.Timer_Expired,Code/Scripts/PRDemo.cpp:1828,games/renegade/content/scripts,,,not_started,,parity,
callback:MPR_A06_Final_Zone_Trigger_RMV.Created,callback,MPR_A06_Final_Zone_Trigger_RMV.Created,Code/Scripts/PRDemo.cpp:1878,games/renegade/content/scripts,,,not_started,,parity,
callback:MPR_A06_Final_Zone_Trigger_RMV.Entered,callback,MPR_A06_Final_Zone_Trigger_RMV.Entered,Code/Scripts/PRDemo.cpp:1883,games/renegade/content/scripts,,,not_started,,parity,
callback:MPR_A06_Final_Zone_Trigger_RMV.Timer_Expired,callback,MPR_A06_Final_Zone_Trigger_RMV.Timer_Expired,Code/Scripts/PRDemo.cpp:1907,games/renegade/content/scripts,,,not_started,,parity,
callback:MPR_ApacheController.Animation_Complete,callback,MPR_ApacheController.Animation_Complete,Code/Scripts/PRDemo.cpp:1132,games/renegade/content/scripts,,,not_started,,parity,
callback:MPR_ApacheController.Created,callback,MPR_ApacheController.Created,Code/Scripts/PRDemo.cpp:1070,games/renegade/content/scripts,,,not_started,,parity,
callback:MPR_ApacheController.Custom,callback,MPR_ApacheController.Custom,Code/Scripts/PRDemo.cpp:1089,games/renegade/content/scripts,,,not_started,,parity,
callback:MPR_ApacheController.Damaged,callback,MPR_ApacheController.Damaged,Code/Scripts/PRDemo.cpp:1200,games/renegade/content/scripts,,,not_started,,parity,
callback:MPR_ApacheController.Killed,callback,MPR_ApacheController.Killed,Code/Scripts/PRDemo.cpp:1194,games/renegade/content/scripts,,,not_started,,parity,
callback:MPR_ApacheController.Timer_Expired,callback,MPR_ApacheController.Timer_Expired,Code/Scripts/PRDemo.cpp:1158,games/renegade/content/scripts,,,not_started,,parity,
callback:MPR_ApacheShootAtPlayer.Entered,callback,MPR_ApacheShootAtPlayer.Entered,Code/Scripts/PRDemo.cpp:988,games/renegade/content/scripts,,,not_started,,parity,
callback:MPR_ApacheShootAtPlayer.Exited,callback,MPR_ApacheShootAtPlayer.Exited,Code/Scripts/PRDemo.cpp:1012,games/renegade/content/scripts,,,not_started,,parity,
callback:MPR_ApacheTrigger.Entered,callback,MPR_ApacheTrigger.Entered,Code/Scripts/PRDemo.cpp:948,games/renegade/content/scripts,,,not_started,,parity,
callback:MPR_Looping_Path_JDG.Created,callback,MPR_Looping_Path_JDG.Created,Code/Scripts/PRDemo.cpp:629,games/renegade/content/scripts,,,not_started,,parity,
callback:MS04_Gunboat_Waypath_Movement.Created,callback,MS04_Gunboat_Waypath_Movement.Created,Code/Scripts/MissionS04.cpp:51,games/renegade/content/scripts,,,not_started,,parity,
callback:MSK_Controller.Created,callback,MSK_Controller.Created,Code/Scripts/Mission00.cpp:3870,games/renegade/content/scripts,,,not_started,,parity,
callback:MSK_Controller.Custom,callback,MSK_Controller.Custom,Code/Scripts/Mission00.cpp:3912,games/renegade/content/scripts,,,not_started,,parity,
callback:MSK_Info_Zone.Created,callback,MSK_Info_Zone.Created,Code/Scripts/Mission00.cpp:4159,games/renegade/content/scripts,,,not_started,,parity,
callback:MSK_Info_Zone.Entered,callback,MSK_Info_Zone.Entered,Code/Scripts/Mission00.cpp:4165,games/renegade/content/scripts,,,not_started,,parity,
callback:MSK_Soldier.Action_Complete,callback,MSK_Soldier.Action_Complete,Code/Scripts/Mission00.cpp:4117,games/renegade/content/scripts,,,not_started,,parity,
callback:MSK_Soldier.Created,callback,MSK_Soldier.Created,Code/Scripts/Mission00.cpp:3929,games/renegade/content/scripts,,,not_started,,parity,
callback:MSK_Soldier.Damaged,callback,MSK_Soldier.Damaged,Code/Scripts/Mission00.cpp:4138,games/renegade/content/scripts,,,not_started,,parity,
callback:MSK_Soldier.Killed,callback,MSK_Soldier.Killed,Code/Scripts/Mission00.cpp:4129,games/renegade/content/scripts,,,not_started,,parity,
callback:MSK_Soldier.Timer_Expired,callback,MSK_Soldier.Timer_Expired,Code/Scripts/Mission00.cpp:3937,games/renegade/content/scripts,,,not_started,,parity,
callback:MTU_Building_Controller.Created,callback,MTU_Building_Controller.Created,Code/Scripts/Mission00.cpp:3731,games/renegade/content/scripts,,,not_started,,parity,
callback:MTU_Building_Controller.Custom,callback,MTU_Building_Controller.Custom,Code/Scripts/Mission00.cpp:3749,games/renegade/content/scripts,,,not_started,,parity,
callback:MTU_Building_Controller.Damaged,callback,MTU_Building_Controller.Damaged,Code/Scripts/Mission00.cpp:3736,games/renegade/content/scripts,,,not_started,,parity,
callback:MTU_Commando.Created,callback,MTU_Commando.Created,Code/Scripts/Mission00.cpp:3354,games/renegade/content/scripts,engine/gameplay/common/scripts/components/lua_behavior.cppm;engine/gameplay/common/scripts/resources/behavior_programs.cppm;engine/gameplay/common/scripts/systems/lua_behavior_system.cppm;engine/gameplay/common/scripts/systems/behavior_attachment_system.cppm;engine/gameplay/common/input/components/input_permission.cppm;engine/gameplay/common/input/systems/input_permission_system.cppm;games/renegade/content/campaign/behavior_programs.cppm;games/renegade/content/scripts/MTU_Commando_Startup.lua;games/renegade/content/scripts/MTU_Commando.lua;games/renegade/gameplay/missions/systems/mission_command_system.cppm;games/renegade/gameplay/humans/systems/motion_system.cppm;games/renegade/session/session.cppm;games/renegade/presentation/player/input.cppm;games/renegade/presentation/scene/level_view.cppm;games/renegade/hosts/game/main.cppm,engine/gameplay/common/scripts/behavior_events.test;engine/gameplay/common/input/input_permission.test;games/renegade/content/campaign/behavior_programs.test;games/renegade/gameplay/humans/motion.test;games/renegade/presentation/player/input.test;games/renegade/scripting/mission.test;games/renegade/session/scene.test;games/renegade/hosts/game/tutorial_runtime_test.py,in_progress,games/renegade/migration/behavior-runtime-validation.json,parity," Current increment: saved player startup, shared deferred Lua attachments and persistent input permission; source custom control messages verified with directly injected live events and actual SDL3 movement. Complete callback branches, source lesson sequencing, weapon/action effects and mission saves remain open."
callback:MTU_Commando.Custom,callback,MTU_Commando.Custom,Code/Scripts/Mission00.cpp:3361,games/renegade/content/scripts,engine/gameplay/common/scripts/components/lua_behavior.cppm;engine/gameplay/common/scripts/resources/behavior_programs.cppm;engine/gameplay/common/scripts/systems/lua_behavior_system.cppm;engine/gameplay/common/scripts/systems/behavior_attachment_system.cppm;engine/gameplay/common/input/components/input_permission.cppm;engine/gameplay/common/input/systems/input_permission_system.cppm;games/renegade/content/campaign/behavior_programs.cppm;games/renegade/content/scripts/MTU_Commando_Startup.lua;games/renegade/content/scripts/MTU_Commando.lua;games/renegade/gameplay/missions/systems/mission_command_system.cppm;games/renegade/gameplay/humans/systems/motion_system.cppm;games/renegade/session/session.cppm;games/renegade/presentation/player/input.cppm;games/renegade/presentation/scene/level_view.cppm;games/renegade/hosts/game/main.cppm,engine/gameplay/common/scripts/behavior_events.test;engine/gameplay/common/input/input_permission.test;games/renegade/content/campaign/behavior_programs.test;games/renegade/gameplay/humans/motion.test;games/renegade/presentation/player/input.test;games/renegade/scripting/mission.test;games/renegade/session/scene.test;games/renegade/hosts/game/tutorial_runtime_test.py,in_progress,games/renegade/migration/behavior-runtime-validation.json,parity," Current increment: saved player startup, shared deferred Lua attachments and persistent input permission; source custom control messages verified with directly injected live events and actual SDL3 movement. Complete callback branches, source lesson sequencing, weapon/action effects and mission saves remain open."
callback:MTU_Commando.Damaged,callback,MTU_Commando.Damaged,Code/Scripts/Mission00.cpp:3426,games/renegade/content/scripts,,,not_started,,parity,
callback:MTU_Commando.Timer_Expired,callback,MTU_Commando.Timer_Expired,Code/Scripts/Mission00.cpp:3414,games/renegade/content/scripts,,,not_started,,parity,
callback:MTU_Commando_Startup.Created,callback,MTU_Commando_Startup.Created,Code/Scripts/Mission00.cpp:3457,games/renegade/content/scripts,engine/gameplay/common/scripts/components/lua_behavior.cppm;engine/gameplay/common/scripts/resources/behavior_programs.cppm;engine/gameplay/common/scripts/systems/lua_behavior_system.cppm;engine/gameplay/common/scripts/systems/behavior_attachment_system.cppm;engine/gameplay/common/input/components/input_permission.cppm;engine/gameplay/common/input/systems/input_permission_system.cppm;games/renegade/content/campaign/behavior_programs.cppm;games/renegade/content/scripts/MTU_Commando_Startup.lua;games/renegade/content/scripts/MTU_Commando.lua;games/renegade/gameplay/missions/systems/mission_command_system.cppm;games/renegade/gameplay/humans/systems/motion_system.cppm;games/renegade/session/session.cppm;games/renegade/presentation/player/input.cppm;games/renegade/presentation/scene/level_view.cppm;games/renegade/hosts/game/main.cppm,engine/gameplay/common/scripts/behavior_events.test;engine/gameplay/common/input/input_permission.test;games/renegade/content/campaign/behavior_programs.test;games/renegade/gameplay/humans/motion.test;games/renegade/presentation/player/input.test;games/renegade/scripting/mission.test;games/renegade/session/scene.test;games/renegade/hosts/game/tutorial_runtime_test.py,in_progress,games/renegade/migration/behavior-runtime-validation.json,parity," Current increment: saved player startup, shared deferred Lua attachments and persistent input permission; source custom control messages verified with directly injected live events and actual SDL3 movement. Complete callback branches, source lesson sequencing, weapon/action effects and mission saves remain open."
callback:MTU_Flyover.Action_Complete,callback,MTU_Flyover.Action_Complete,Code/Scripts/Mission00.cpp:3855,games/renegade/content/scripts,,,not_started,,parity,
callback:MTU_Flyover.Created,callback,MTU_Flyover.Created,Code/Scripts/Mission00.cpp:3838,games/renegade/content/scripts,,,not_started,,parity,
callback:MTU_GDI_Soldier.Action_Complete,callback,MTU_GDI_Soldier.Action_Complete,Code/Scripts/Mission00.cpp:3291,games/renegade/content/scripts,,,not_started,,parity,
callback:MTU_GDI_Soldier.Created,callback,MTU_GDI_Soldier.Created,Code/Scripts/Mission00.cpp:3236,games/renegade/content/scripts,,,not_started,,parity,
callback:MTU_GDI_Soldier.Custom,callback,MTU_GDI_Soldier.Custom,Code/Scripts/Mission00.cpp:3321,games/renegade/content/scripts,,,not_started,,parity,
callback:MTU_GDI_Soldier.Damaged,callback,MTU_GDI_Soldier.Damaged,Code/Scripts/Mission00.cpp:3331,games/renegade/content/scripts,,,not_started,,parity,
callback:MTU_GDI_Soldier.Poked,callback,MTU_GDI_Soldier.Poked,Code/Scripts/Mission00.cpp:3282,games/renegade/content/scripts,,,not_started,,parity,
callback:MTU_GDI_Soldier.Timer_Expired,callback,MTU_GDI_Soldier.Timer_Expired,Code/Scripts/Mission00.cpp:3250,games/renegade/content/scripts,,,not_started,,parity,
callback:MTU_GDI_Vehicle.Created,callback,MTU_GDI_Vehicle.Created,Code/Scripts/Mission00.cpp:3649,games/renegade/content/scripts,,,not_started,,parity,
callback:MTU_GDI_Vehicle.Custom,callback,MTU_GDI_Vehicle.Custom,Code/Scripts/Mission00.cpp:3673,games/renegade/content/scripts,,,not_started,,parity,
callback:MTU_GDI_Vehicle.Killed,callback,MTU_GDI_Vehicle.Killed,Code/Scripts/Mission00.cpp:3655,games/renegade/content/scripts,,,not_started,,parity,
callback:MTU_Nod_Apache.Created,callback,MTU_Nod_Apache.Created,Code/Scripts/Mission00.cpp:3508,games/renegade/content/scripts,,,not_started,,parity,
callback:MTU_Nod_Apache.Timer_Expired,callback,MTU_Nod_Apache.Timer_Expired,Code/Scripts/Mission00.cpp:3525,games/renegade/content/scripts,,,not_started,,parity,
callback:MTU_Nod_Soldier.Created,callback,MTU_Nod_Soldier.Created,Code/Scripts/Mission00.cpp:3774,games/renegade/content/scripts,,,not_started,,parity,
callback:MTU_Nod_Soldier.Damaged,callback,MTU_Nod_Soldier.Damaged,Code/Scripts/Mission00.cpp:3796,games/renegade/content/scripts,,,not_started,,parity,
callback:MTU_Nod_Soldier.Killed,callback,MTU_Nod_Soldier.Killed,Code/Scripts/Mission00.cpp:3805,games/renegade/content/scripts,,,not_started,,parity,
callback:MTU_Nod_Soldier.Timer_Expired,callback,MTU_Nod_Soldier.Timer_Expired,Code/Scripts/Mission00.cpp:3826,games/renegade/content/scripts,,,not_started,,parity,
callback:MTU_PowerUp_Armor.Custom,callback,MTU_PowerUp_Armor.Custom,Code/Scripts/Mission00.cpp:3487,games/renegade/content/scripts,,,not_started,,parity,
callback:MTU_PowerUp_Health.Custom,callback,MTU_PowerUp_Health.Custom,Code/Scripts/Mission00.cpp:3466,games/renegade/content/scripts,,,not_started,,parity,
callback:MTU_Range_Powerup.Custom,callback,MTU_Range_Powerup.Custom,Code/Scripts/Mission00.cpp:3625,games/renegade/content/scripts,,,not_started,,parity,
callback:MTU_Range_Target.Created,callback,MTU_Range_Target.Created,Code/Scripts/Mission00.cpp:3545,games/renegade/content/scripts,,,not_started,,parity,
callback:MTU_Range_Target.Killed,callback,MTU_Range_Target.Killed,Code/Scripts/Mission00.cpp:3551,games/renegade/content/scripts,,,not_started,,parity,
callback:MTU_Range_Target_Miss_Commando.Created,callback,MTU_Range_Target_Miss_Commando.Created,Code/Scripts/Mission00.cpp:3605,games/renegade/content/scripts,,,not_started,,parity,
callback:MTU_Range_Target_Miss_Commando.Enemy_Seen,callback,MTU_Range_Target_Miss_Commando.Enemy_Seen,Code/Scripts/Mission00.cpp:3610,games/renegade/content/scripts,,,not_started,,parity,
callback:MTU_Range_Target_Path_Left.Created,callback,MTU_Range_Target_Path_Left.Created,Code/Scripts/Mission00.cpp:3592,games/renegade/content/scripts,,,not_started,,parity,
callback:MTU_Range_Target_Path_Mid.Created,callback,MTU_Range_Target_Path_Mid.Created,Code/Scripts/Mission00.cpp:3566,games/renegade/content/scripts,,,not_started,,parity,
callback:MTU_Range_Target_Path_Right.Created,callback,MTU_Range_Target_Path_Right.Created,Code/Scripts/Mission00.cpp:3579,games/renegade/content/scripts,,,not_started,,parity,
callback:MTU_Trigger_Zone.Created,callback,MTU_Trigger_Zone.Created,Code/Scripts/Mission00.cpp:2768,games/renegade/content/scripts,engine/camera/motion/anchor_transition.cppm;engine/gameplay/common/appearance/components/clip_playback.cppm;games/renegade/content/cameras/camera_profiles.cppm;engine/level/model/level.cppm;games/renegade/content/levels/transition_definitions.cppm;games/renegade/content/levels/traversal_portals.cppm;games/renegade/gameplay/humans/resources/ladders.cppm;games/renegade/gameplay/humans/systems/ladder_transition_system.cppm;games/renegade/gameplay/humans/systems/animation_system.cppm;engine/core/math/fixed/transform/FixedLookAngles.cppm;engine/gameplay/common/spatial/resources/heading_requests.cppm;engine/gameplay/common/spatial/systems/heading_target_system.cppm;engine/gameplay/common/spatial/systems/rigid_heading_system.cppm;engine/gameplay/common/areas/resources/trigger_volumes.cppm;engine/gameplay/common/areas/systems/volume_presence_system.cppm;engine/gameplay/common/spatial/resources/position_requests.cppm;engine/gameplay/common/spatial/systems/position_request_system.cppm;games/renegade/content/scripts/MTU_Trigger_Zone.lua;games/renegade/content/scripts/MTU_Tutorial_Instructor.lua;games/renegade/gameplay/missions/systems/mission_command_system.cppm;games/renegade/gameplay/missions/resources/camera_requests.cppm;games/renegade/gameplay/humans/systems/motion_system.cppm;games/renegade/presentation/player/input.cppm;games/renegade/session/session.cppm;games/renegade/presentation/scene/level_view.cppm;games/renegade/hosts/game/main.cppm,engine/camera/camera.test;engine/gameplay/common/appearance/clip_playback.test;games/renegade/content/cameras/camera_profiles.test;engine/level/model/level.test;games/renegade/content/levels/level_scene.test;games/renegade/gameplay/humans/ladder.test;games/renegade/gameplay/humans/motion.test;games/renegade/gameplay/humans/animation.test;engine/core/math/fixed/tests/FixedLookAngles.test;engine/gameplay/common/spatial/heading_requests.test;engine/gameplay/common/areas/volume_presence.test;engine/gameplay/common/spatial/position_requests.test;games/renegade/scripting/mission.test;games/renegade/session/scene.test;games/renegade/presentation/player/input.test;games/renegade/hosts/game/tutorial_course_runtime_test.py,in_progress,games/renegade/migration/tutorial-course-validation.json,parity,
callback:MTU_Trigger_Zone.Custom,callback,MTU_Trigger_Zone.Custom,Code/Scripts/Mission00.cpp:3203,games/renegade/content/scripts,,,not_started,,parity,
callback:MTU_Trigger_Zone.Entered,callback,MTU_Trigger_Zone.Entered,Code/Scripts/Mission00.cpp:2774,games/renegade/content/scripts,engine/camera/motion/anchor_transition.cppm;engine/gameplay/common/appearance/components/clip_playback.cppm;games/renegade/content/cameras/camera_profiles.cppm;engine/level/model/level.cppm;games/renegade/content/levels/transition_definitions.cppm;games/renegade/content/levels/traversal_portals.cppm;games/renegade/gameplay/humans/resources/ladders.cppm;games/renegade/gameplay/humans/systems/ladder_transition_system.cppm;games/renegade/gameplay/humans/systems/animation_system.cppm;engine/core/math/fixed/transform/FixedLookAngles.cppm;engine/gameplay/common/spatial/resources/heading_requests.cppm;engine/gameplay/common/spatial/systems/heading_target_system.cppm;engine/gameplay/common/spatial/systems/rigid_heading_system.cppm;engine/gameplay/common/areas/resources/trigger_volumes.cppm;engine/gameplay/common/areas/systems/volume_presence_system.cppm;engine/gameplay/common/spatial/resources/position_requests.cppm;engine/gameplay/common/spatial/systems/position_request_system.cppm;games/renegade/content/scripts/MTU_Trigger_Zone.lua;games/renegade/content/scripts/MTU_Tutorial_Instructor.lua;games/renegade/gameplay/missions/systems/mission_command_system.cppm;games/renegade/gameplay/missions/resources/camera_requests.cppm;games/renegade/gameplay/humans/systems/motion_system.cppm;games/renegade/presentation/player/input.cppm;games/renegade/session/session.cppm;games/renegade/presentation/scene/level_view.cppm;games/renegade/hosts/game/main.cppm,engine/camera/camera.test;engine/gameplay/common/appearance/clip_playback.test;games/renegade/content/cameras/camera_profiles.test;engine/level/model/level.test;games/renegade/content/levels/level_scene.test;games/renegade/gameplay/humans/ladder.test;games/renegade/gameplay/humans/motion.test;games/renegade/gameplay/humans/animation.test;engine/core/math/fixed/tests/FixedLookAngles.test;engine/gameplay/common/spatial/heading_requests.test;engine/gameplay/common/areas/volume_presence.test;engine/gameplay/common/spatial/position_requests.test;games/renegade/scripting/mission.test;games/renegade/session/scene.test;games/renegade/presentation/player/input.test;games/renegade/hosts/game/tutorial_course_runtime_test.py,in_progress,games/renegade/migration/tutorial-course-validation.json,parity,
callback:MTU_Tutorial_Controller.Created,callback,MTU_Tutorial_Controller.Created,Code/Scripts/Mission00.cpp:95,games/renegade/content/scripts,,,in_progress,games/renegade/migration/tutorial-intro-validation.json,parity,
callback:MTU_Tutorial_Controller.Custom,callback,MTU_Tutorial_Controller.Custom,Code/Scripts/Mission00.cpp:312,games/renegade/content/scripts,,,in_progress,games/renegade/migration/tutorial-intro-validation.json,parity,
callback:MTU_Tutorial_Controller.Timer_Expired,callback,MTU_Tutorial_Controller.Timer_Expired,Code/Scripts/Mission00.cpp:168,games/renegade/content/scripts,,,in_progress,games/renegade/migration/tutorial-intro-validation.json,parity,
callback:MTU_Tutorial_Instructor.Action_Complete,callback,MTU_Tutorial_Instructor.Action_Complete,Code/Scripts/Mission00.cpp:2312,games/renegade/content/scripts,engine/camera/motion/anchor_transition.cppm;engine/gameplay/common/appearance/components/clip_playback.cppm;games/renegade/content/cameras/camera_profiles.cppm;engine/level/model/level.cppm;games/renegade/content/levels/transition_definitions.cppm;games/renegade/content/levels/traversal_portals.cppm;games/renegade/gameplay/humans/resources/ladders.cppm;games/renegade/gameplay/humans/systems/ladder_transition_system.cppm;games/renegade/gameplay/humans/systems/animation_system.cppm;engine/core/math/fixed/transform/FixedLookAngles.cppm;engine/gameplay/common/spatial/resources/heading_requests.cppm;engine/gameplay/common/spatial/systems/heading_target_system.cppm;engine/gameplay/common/spatial/systems/rigid_heading_system.cppm;engine/gameplay/common/areas/resources/trigger_volumes.cppm;engine/gameplay/common/areas/systems/volume_presence_system.cppm;engine/gameplay/common/spatial/resources/position_requests.cppm;engine/gameplay/common/spatial/systems/position_request_system.cppm;games/renegade/content/scripts/MTU_Trigger_Zone.lua;games/renegade/content/scripts/MTU_Tutorial_Instructor.lua;games/renegade/gameplay/missions/systems/mission_command_system.cppm;games/renegade/gameplay/missions/resources/camera_requests.cppm;games/renegade/gameplay/humans/systems/motion_system.cppm;games/renegade/presentation/player/input.cppm;games/renegade/session/session.cppm;games/renegade/presentation/scene/level_view.cppm;games/renegade/hosts/game/main.cppm,engine/camera/camera.test;engine/gameplay/common/appearance/clip_playback.test;games/renegade/content/cameras/camera_profiles.test;engine/level/model/level.test;games/renegade/content/levels/level_scene.test;games/renegade/gameplay/humans/ladder.test;games/renegade/gameplay/humans/motion.test;games/renegade/gameplay/humans/animation.test;engine/core/math/fixed/tests/FixedLookAngles.test;engine/gameplay/common/spatial/heading_requests.test;engine/gameplay/common/areas/volume_presence.test;engine/gameplay/common/spatial/position_requests.test;games/renegade/scripting/mission.test;games/renegade/session/scene.test;games/renegade/presentation/player/input.test;games/renegade/hosts/game/tutorial_course_runtime_test.py,in_progress,games/renegade/migration/tutorial-course-validation.json,parity,
callback:MTU_Tutorial_Instructor.Created,callback,MTU_Tutorial_Instructor.Created,Code/Scripts/Mission00.cpp:1262,games/renegade/content/scripts,,,in_progress,games/renegade/migration/tutorial-intro-validation.json,parity,
callback:MTU_Tutorial_Instructor.Custom,callback,MTU_Tutorial_Instructor.Custom,Code/Scripts/Mission00.cpp:1289,games/renegade/content/scripts,engine/camera/motion/anchor_transition.cppm;engine/gameplay/common/appearance/components/clip_playback.cppm;games/renegade/content/cameras/camera_profiles.cppm;engine/level/model/level.cppm;games/renegade/content/levels/transition_definitions.cppm;games/renegade/content/levels/traversal_portals.cppm;games/renegade/gameplay/humans/resources/ladders.cppm;games/renegade/gameplay/humans/systems/ladder_transition_system.cppm;games/renegade/gameplay/humans/systems/animation_system.cppm;engine/core/math/fixed/transform/FixedLookAngles.cppm;engine/gameplay/common/spatial/resources/heading_requests.cppm;engine/gameplay/common/spatial/systems/heading_target_system.cppm;engine/gameplay/common/spatial/systems/rigid_heading_system.cppm;engine/gameplay/common/areas/resources/trigger_volumes.cppm;engine/gameplay/common/areas/systems/volume_presence_system.cppm;engine/gameplay/common/spatial/resources/position_requests.cppm;engine/gameplay/common/spatial/systems/position_request_system.cppm;games/renegade/content/scripts/MTU_Trigger_Zone.lua;games/renegade/content/scripts/MTU_Tutorial_Instructor.lua;games/renegade/gameplay/missions/systems/mission_command_system.cppm;games/renegade/gameplay/missions/resources/camera_requests.cppm;games/renegade/gameplay/humans/systems/motion_system.cppm;games/renegade/presentation/player/input.cppm;games/renegade/session/session.cppm;games/renegade/presentation/scene/level_view.cppm;games/renegade/hosts/game/main.cppm,engine/camera/camera.test;engine/gameplay/common/appearance/clip_playback.test;games/renegade/content/cameras/camera_profiles.test;engine/level/model/level.test;games/renegade/content/levels/level_scene.test;games/renegade/gameplay/humans/ladder.test;games/renegade/gameplay/humans/motion.test;games/renegade/gameplay/humans/animation.test;engine/core/math/fixed/tests/FixedLookAngles.test;engine/gameplay/common/spatial/heading_requests.test;engine/gameplay/common/areas/volume_presence.test;engine/gameplay/common/spatial/position_requests.test;games/renegade/scripting/mission.test;games/renegade/session/scene.test;games/renegade/presentation/player/input.test;games/renegade/hosts/game/tutorial_course_runtime_test.py,in_progress,games/renegade/migration/tutorial-course-validation.json,parity,
callback:MTU_Tutorial_Instructor.Damaged,callback,MTU_Tutorial_Instructor.Damaged,Code/Scripts/Mission00.cpp:2747,games/renegade/content/scripts,,,in_progress,games/renegade/migration/tutorial-intro-validation.json,parity,
callback:MTU_Tutorial_Instructor.Sound_Heard,callback,MTU_Tutorial_Instructor.Sound_Heard,Code/Scripts/Mission00.cpp:2732,games/renegade/content/scripts,,,in_progress,games/renegade/migration/tutorial-intro-validation.json,parity,
callback:MTU_Tutorial_Instructor.Timer_Expired,callback,MTU_Tutorial_Instructor.Timer_Expired,Code/Scripts/Mission00.cpp:1695,games/renegade/content/scripts,,,in_progress,games/renegade/migration/tutorial-intro-validation.json,parity,
callback:MX0_A02_ACTOR.Action_Complete,callback,MX0_A02_ACTOR.Action_Complete,Code/Scripts/Test_RAD.cpp:2013,games/renegade/content/scripts,,,not_started,,parity,
callback:MX0_A02_ACTOR.Created,callback,MX0_A02_ACTOR.Created,Code/Scripts/Test_RAD.cpp:1298,games/renegade/content/scripts,,,not_started,,parity,
callback:MX0_A02_ACTOR.Custom,callback,MX0_A02_ACTOR.Custom,Code/Scripts/Test_RAD.cpp:1529,games/renegade/content/scripts,,,not_started,,parity,
callback:MX0_A02_ACTOR.Damaged,callback,MX0_A02_ACTOR.Damaged,Code/Scripts/Test_RAD.cpp:1406,games/renegade/content/scripts,,,not_started,,parity,
callback:MX0_A02_ACTOR.Enemy_Seen,callback,MX0_A02_ACTOR.Enemy_Seen,Code/Scripts/Test_RAD.cpp:2351,games/renegade/content/scripts,,,not_started,,parity,
callback:MX0_A02_ACTOR.Killed,callback,MX0_A02_ACTOR.Killed,Code/Scripts/Test_RAD.cpp:1502,games/renegade/content/scripts,,,not_started,,parity,
callback:MX0_A02_ACTOR.Timer_Expired,callback,MX0_A02_ACTOR.Timer_Expired,Code/Scripts/Test_RAD.cpp:2361,games/renegade/content/scripts,,,not_started,,parity,
callback:MX0_A02_Controller.Created,callback,MX0_A02_Controller.Created,Code/Scripts/Test_RAD.cpp:82,games/renegade/content/scripts,,,not_started,,parity,
callback:MX0_A02_Controller.Custom,callback,MX0_A02_Controller.Custom,Code/Scripts/Test_RAD.cpp:120,games/renegade/content/scripts,,,not_started,,parity,
callback:MX0_A02_Controller.Timer_Expired,callback,MX0_A02_Controller.Timer_Expired,Code/Scripts/Test_RAD.cpp:886,games/renegade/content/scripts,,,not_started,,parity,
callback:MX0_A02_DEFAULT_OFF.Created,callback,MX0_A02_DEFAULT_OFF.Created,Code/Scripts/Test_RAD.cpp:3080,games/renegade/content/scripts,,,not_started,,parity,
callback:MX0_A02_DEFAULT_OFF.Damaged,callback,MX0_A02_DEFAULT_OFF.Damaged,Code/Scripts/Test_RAD.cpp:3085,games/renegade/content/scripts,,,not_started,,parity,
callback:MX0_A02_GDI_APC.Created,callback,MX0_A02_GDI_APC.Created,Code/Scripts/Test_RAD.cpp:2978,games/renegade/content/scripts,,,not_started,,parity,
callback:MX0_A02_GDI_APC.Custom,callback,MX0_A02_GDI_APC.Custom,Code/Scripts/Test_RAD.cpp:3000,games/renegade/content/scripts,,,not_started,,parity,
callback:MX0_A02_GDI_APC.Damaged,callback,MX0_A02_GDI_APC.Damaged,Code/Scripts/Test_RAD.cpp:2983,games/renegade/content/scripts,,,not_started,,parity,
callback:MX0_A02_GDI_APC.Enemy_Seen,callback,MX0_A02_GDI_APC.Enemy_Seen,Code/Scripts/Test_RAD.cpp:2991,games/renegade/content/scripts,,,not_started,,parity,
callback:MX0_A02_GDI_MEDTANK.Created,callback,MX0_A02_GDI_MEDTANK.Created,Code/Scripts/Test_RAD.cpp:2946,games/renegade/content/scripts,,,not_started,,parity,
callback:MX0_A02_GDI_MEDTANK.Custom,callback,MX0_A02_GDI_MEDTANK.Custom,Code/Scripts/Test_RAD.cpp:2956,games/renegade/content/scripts,,,not_started,,parity,
callback:MX0_A02_GDI_MEDTANK.Damaged,callback,MX0_A02_GDI_MEDTANK.Damaged,Code/Scripts/Test_RAD.cpp:2951,games/renegade/content/scripts,,,not_started,,parity,
callback:MX0_A02_GDI_VEHICLE.Created,callback,MX0_A02_GDI_VEHICLE.Created,Code/Scripts/Test_RAD.cpp:2923,games/renegade/content/scripts,,,not_started,,parity,
callback:MX0_A02_GDI_VEHICLE.Damaged,callback,MX0_A02_GDI_VEHICLE.Damaged,Code/Scripts/Test_RAD.cpp:2928,games/renegade/content/scripts,,,not_started,,parity,
callback:MX0_A02_HELICOPTER.Created,callback,MX0_A02_HELICOPTER.Created,Code/Scripts/Test_RAD.cpp:3036,games/renegade/content/scripts,,,not_started,,parity,
callback:MX0_A02_HELICOPTER.Killed,callback,MX0_A02_HELICOPTER.Killed,Code/Scripts/Test_RAD.cpp:3045,games/renegade/content/scripts,,,not_started,,parity,
callback:MX0_A02_HELICOPTER.Timer_Expired,callback,MX0_A02_HELICOPTER.Timer_Expired,Code/Scripts/Test_RAD.cpp:3066,games/renegade/content/scripts,,,not_started,,parity,
callback:MX0_A02_ZONE_DEFAULT_ON.Entered,callback,MX0_A02_ZONE_DEFAULT_ON.Entered,Code/Scripts/Test_RAD.cpp:3096,games/renegade/content/scripts,,,not_started,,parity,
callback:MX0_A02_ZONE_STARTUP.Entered,callback,MX0_A02_ZONE_STARTUP.Entered,Code/Scripts/Test_RAD.cpp:3020,games/renegade/content/scripts,,,not_started,,parity,
callback:MX0_A03_CONTROLLER_DAK.Created,callback,MX0_A03_CONTROLLER_DAK.Created,Code/Scripts/MissionX0.cpp:1816,games/renegade/content/scripts,,,not_started,,parity,
callback:MX0_A03_CONTROLLER_DAK.Custom,callback,MX0_A03_CONTROLLER_DAK.Custom,Code/Scripts/MissionX0.cpp:1826,games/renegade/content/scripts,,,not_started,,parity,
callback:MX0_A03_END_ZONE.Created,callback,MX0_A03_END_ZONE.Created,Code/Scripts/MissionX0.cpp:2635,games/renegade/content/scripts,,,not_started,,parity,
callback:MX0_A03_END_ZONE.Custom,callback,MX0_A03_END_ZONE.Custom,Code/Scripts/MissionX0.cpp:2666,games/renegade/content/scripts,,,not_started,,parity,
callback:MX0_A03_END_ZONE.Entered,callback,MX0_A03_END_ZONE.Entered,Code/Scripts/MissionX0.cpp:2639,games/renegade/content/scripts,,,not_started,,parity,
callback:MX0_A03_FIRST_PLAYER_ZONE.Created,callback,MX0_A03_FIRST_PLAYER_ZONE.Created,Code/Scripts/MissionX0.cpp:2555,games/renegade/content/scripts,,,not_started,,parity,
callback:MX0_A03_FIRST_PLAYER_ZONE.Custom,callback,MX0_A03_FIRST_PLAYER_ZONE.Custom,Code/Scripts/MissionX0.cpp:2586,games/renegade/content/scripts,,,not_started,,parity,
callback:MX0_A03_FIRST_PLAYER_ZONE.Entered,callback,MX0_A03_FIRST_PLAYER_ZONE.Entered,Code/Scripts/MissionX0.cpp:2560,games/renegade/content/scripts,,,not_started,,parity,
callback:MX0_A03_GDI_INFANTRY.Action_Complete,callback,MX0_A03_GDI_INFANTRY.Action_Complete,Code/Scripts/MissionX0.cpp:1681,games/renegade/content/scripts,,,not_started,,parity,
callback:MX0_A03_GDI_INFANTRY.Created,callback,MX0_A03_GDI_INFANTRY.Created,Code/Scripts/MissionX0.cpp:1624,games/renegade/content/scripts,,,not_started,,parity,
callback:MX0_A03_GDI_INFANTRY.Custom,callback,MX0_A03_GDI_INFANTRY.Custom,Code/Scripts/MissionX0.cpp:1701,games/renegade/content/scripts,,,not_started,,parity,
callback:MX0_A03_GDI_TANK_DROP_ZONE_DAK.Created,callback,MX0_A03_GDI_TANK_DROP_ZONE_DAK.Created,Code/Scripts/MissionX0.cpp:1756,games/renegade/content/scripts,,,not_started,,parity,
callback:MX0_A03_GDI_TANK_DROP_ZONE_DAK.Entered,callback,MX0_A03_GDI_TANK_DROP_ZONE_DAK.Entered,Code/Scripts/MissionX0.cpp:1761,games/renegade/content/scripts,,,not_started,,parity,
callback:MX0_A03_GDI_TROOPER_ONE.Action_Complete,callback,MX0_A03_GDI_TROOPER_ONE.Action_Complete,Code/Scripts/MissionX0.cpp:2438,games/renegade/content/scripts,,,not_started,,parity,
callback:MX0_A03_GDI_TROOPER_ONE.Created,callback,MX0_A03_GDI_TROOPER_ONE.Created,Code/Scripts/MissionX0.cpp:2431,games/renegade/content/scripts,,,not_started,,parity,
callback:MX0_A03_GDI_TROOPER_ONE.Custom,callback,MX0_A03_GDI_TROOPER_ONE.Custom,Code/Scripts/MissionX0.cpp:2447,games/renegade/content/scripts,,,not_started,,parity,
callback:MX0_A03_GDI_TROOP_DROP_ZONE_DAK.Created,callback,MX0_A03_GDI_TROOP_DROP_ZONE_DAK.Created,Code/Scripts/MissionX0.cpp:1727,games/renegade/content/scripts,,,not_started,,parity,
callback:MX0_A03_GDI_TROOP_DROP_ZONE_DAK.Entered,callback,MX0_A03_GDI_TROOP_DROP_ZONE_DAK.Entered,Code/Scripts/MissionX0.cpp:1732,games/renegade/content/scripts,,,not_started,,parity,
callback:MX0_A03_HAVOC_TANK.Custom,callback,MX0_A03_HAVOC_TANK.Custom,Code/Scripts/MissionX0.cpp:2526,games/renegade/content/scripts,,,not_started,,parity,
callback:MX0_A03_HUMVEE.Action_Complete,callback,MX0_A03_HUMVEE.Action_Complete,Code/Scripts/MissionX0.cpp:2131,games/renegade/content/scripts,,,not_started,,parity,
callback:MX0_A03_HUMVEE.Created,callback,MX0_A03_HUMVEE.Created,Code/Scripts/MissionX0.cpp:2103,games/renegade/content/scripts,,,not_started,,parity,
callback:MX0_A03_HUMVEE.Custom,callback,MX0_A03_HUMVEE.Custom,Code/Scripts/MissionX0.cpp:2165,games/renegade/content/scripts,,,not_started,,parity,
callback:MX0_A03_NOD_BUGGIE.Action_Complete,callback,MX0_A03_NOD_BUGGIE.Action_Complete,Code/Scripts/MissionX0.cpp:2288,games/renegade/content/scripts,,,not_started,,parity,
callback:MX0_A03_NOD_BUGGIE.Created,callback,MX0_A03_NOD_BUGGIE.Created,Code/Scripts/MissionX0.cpp:2271,games/renegade/content/scripts,,,not_started,,parity,
callback:MX0_A03_NOD_BUGGIE.Custom,callback,MX0_A03_NOD_BUGGIE.Custom,Code/Scripts/MissionX0.cpp:2275,games/renegade/content/scripts,,,not_started,,parity,
callback:MX0_A03_NOD_BUGGIE.Killed,callback,MX0_A03_NOD_BUGGIE.Killed,Code/Scripts/MissionX0.cpp:2301,games/renegade/content/scripts,,,not_started,,parity,
callback:MX0_A03_NOD_HARVESTER.Action_Complete,callback,MX0_A03_NOD_HARVESTER.Action_Complete,Code/Scripts/MissionX0.cpp:2358,games/renegade/content/scripts,,,not_started,,parity,
callback:MX0_A03_NOD_HARVESTER.Animation_Complete,callback,MX0_A03_NOD_HARVESTER.Animation_Complete,Code/Scripts/MissionX0.cpp:2366,games/renegade/content/scripts,,,not_started,,parity,
callback:MX0_A03_NOD_HARVESTER.Created,callback,MX0_A03_NOD_HARVESTER.Created,Code/Scripts/MissionX0.cpp:2344,games/renegade/content/scripts,,,not_started,,parity,
callback:MX0_A03_NOD_HARVESTER.Custom,callback,MX0_A03_NOD_HARVESTER.Custom,Code/Scripts/MissionX0.cpp:2399,games/renegade/content/scripts,,,not_started,,parity,
callback:MX0_A03_NOD_HARVESTER.Damaged,callback,MX0_A03_NOD_HARVESTER.Damaged,Code/Scripts/MissionX0.cpp:2395,games/renegade/content/scripts,,,not_started,,parity,
callback:MX0_A03_NOD_HARVESTER.Killed,callback,MX0_A03_NOD_HARVESTER.Killed,Code/Scripts/MissionX0.cpp:2412,games/renegade/content/scripts,,,not_started,,parity,
callback:MX0_A03_NOD_PLACED_MINIGUNNER.Created,callback,MX0_A03_NOD_PLACED_MINIGUNNER.Created,Code/Scripts/MissionX0.cpp:1391,games/renegade/content/scripts,,,not_started,,parity,
callback:MX0_A03_NOD_PLACED_MINIGUNNER.Custom,callback,MX0_A03_NOD_PLACED_MINIGUNNER.Custom,Code/Scripts/MissionX0.cpp:1400,games/renegade/content/scripts,,,not_started,,parity,
callback:MX0_A03_NOD_TROOPER_TIB_DEATH.Custom,callback,MX0_A03_NOD_TROOPER_TIB_DEATH.Custom,Code/Scripts/MissionX0.cpp:2323,games/renegade/content/scripts,,,not_started,,parity,
callback:MX0_A03_NOD_TROOPER_TIB_DEATH.Killed,callback,MX0_A03_NOD_TROOPER_TIB_DEATH.Killed,Code/Scripts/MissionX0.cpp:2314,games/renegade/content/scripts,,,not_started,,parity,
callback:MX0_A03_NOD_TURRET.Created,callback,MX0_A03_NOD_TURRET.Created,Code/Scripts/MissionX0.cpp:2605,games/renegade/content/scripts,,,not_started,,parity,
callback:MX0_A03_NOD_TURRET.Killed,callback,MX0_A03_NOD_TURRET.Killed,Code/Scripts/MissionX0.cpp:2615,games/renegade/content/scripts,,,not_started,,parity,
callback:MX0_A03_TANK.Action_Complete,callback,MX0_A03_TANK.Action_Complete,Code/Scripts/MissionX0.cpp:2243,games/renegade/content/scripts,,,not_started,,parity,
callback:MX0_A03_TANK.Created,callback,MX0_A03_TANK.Created,Code/Scripts/MissionX0.cpp:2223,games/renegade/content/scripts,,,not_started,,parity,
callback:MX0_A03_TANK.Custom,callback,MX0_A03_TANK.Custom,Code/Scripts/MissionX0.cpp:2252,games/renegade/content/scripts,,,not_started,,parity,
callback:MX0_A03_TROOPER_ONE_TEST.Created,callback,MX0_A03_TROOPER_ONE_TEST.Created,Code/Scripts/MissionX0.cpp:2597,games/renegade/content/scripts,,,not_started,,parity,
callback:MX0_AmbientBattle.Created,callback,MX0_AmbientBattle.Created,Code/Scripts/MissionX0.cpp:1198,games/renegade/content/scripts,,,not_started,,parity,
callback:MX0_AmbientBattle.Custom,callback,MX0_AmbientBattle.Custom,Code/Scripts/MissionX0.cpp:1212,games/renegade/content/scripts,,,not_started,,parity,
callback:MX0_AmbientBattle.Timer_Expired,callback,MX0_AmbientBattle.Timer_Expired,Code/Scripts/MissionX0.cpp:1203,games/renegade/content/scripts,,,not_started,,parity,
callback:MX0_Area4_Controller_DLS.Created,callback,MX0_Area4_Controller_DLS.Created,Code/Scripts/Test_DLS.cpp:1866,games/renegade/content/scripts,,,not_started,,parity,
callback:MX0_Area4_Controller_DLS.Custom,callback,MX0_Area4_Controller_DLS.Custom,Code/Scripts/Test_DLS.cpp:1882,games/renegade/content/scripts,,,not_started,,parity,
callback:MX0_Area4_Controller_DLS.Timer_Expired,callback,MX0_Area4_Controller_DLS.Timer_Expired,Code/Scripts/Test_DLS.cpp:2063,games/renegade/content/scripts,,,not_started,,parity,
callback:MX0_Area4_Zone_DLS.Created,callback,MX0_Area4_Zone_DLS.Created,Code/Scripts/Test_DLS.cpp:2445,games/renegade/content/scripts,,,not_started,,parity,
callback:MX0_Area4_Zone_DLS.Entered,callback,MX0_Area4_Zone_DLS.Entered,Code/Scripts/Test_DLS.cpp:2450,games/renegade/content/scripts,,,not_started,,parity,
callback:MX0_Engineer1.Action_Complete,callback,MX0_Engineer1.Action_Complete,Code/Scripts/MissionX0.cpp:535,games/renegade/content/scripts,,,not_started,,parity,
callback:MX0_Engineer1.Animation_Complete,callback,MX0_Engineer1.Animation_Complete,Code/Scripts/MissionX0.cpp:612,games/renegade/content/scripts,,,not_started,,parity,
callback:MX0_Engineer1.Created,callback,MX0_Engineer1.Created,Code/Scripts/MissionX0.cpp:485,games/renegade/content/scripts,,,not_started,,parity,
callback:MX0_Engineer1.Custom,callback,MX0_Engineer1.Custom,Code/Scripts/MissionX0.cpp:620,games/renegade/content/scripts,,,not_started,,parity,
callback:MX0_Engineer1.Damaged,callback,MX0_Engineer1.Damaged,Code/Scripts/MissionX0.cpp:563,games/renegade/content/scripts,,,not_started,,parity,
callback:MX0_Engineer1.Timer_Expired,callback,MX0_Engineer1.Timer_Expired,Code/Scripts/MissionX0.cpp:498,games/renegade/content/scripts,,,not_started,,parity,
callback:MX0_Engineer2.Action_Complete,callback,MX0_Engineer2.Action_Complete,Code/Scripts/MissionX0.cpp:732,games/renegade/content/scripts,,,not_started,,parity,
callback:MX0_Engineer2.Animation_Complete,callback,MX0_Engineer2.Animation_Complete,Code/Scripts/MissionX0.cpp:886,games/renegade/content/scripts,,,not_started,,parity,
callback:MX0_Engineer2.Created,callback,MX0_Engineer2.Created,Code/Scripts/MissionX0.cpp:717,games/renegade/content/scripts,,,not_started,,parity,
callback:MX0_Engineer2.Custom,callback,MX0_Engineer2.Custom,Code/Scripts/MissionX0.cpp:894,games/renegade/content/scripts,,,not_started,,parity,
callback:MX0_Engineer2.Damaged,callback,MX0_Engineer2.Damaged,Code/Scripts/MissionX0.cpp:837,games/renegade/content/scripts,,,not_started,,parity,
callback:MX0_Engineer2.Timer_Expired,callback,MX0_Engineer2.Timer_Expired,Code/Scripts/MissionX0.cpp:773,games/renegade/content/scripts,,,not_started,,parity,
callback:MX0_Engineer_Goto.Created,callback,MX0_Engineer_Goto.Created,Code/Scripts/MissionX0.cpp:993,games/renegade/content/scripts,,,not_started,,parity,
callback:MX0_Engineer_Goto.Custom,callback,MX0_Engineer_Goto.Custom,Code/Scripts/MissionX0.cpp:998,games/renegade/content/scripts,,,not_started,,parity,
callback:MX0_Engineer_Goto.Entered,callback,MX0_Engineer_Goto.Entered,Code/Scripts/MissionX0.cpp:1011,games/renegade/content/scripts,,,not_started,,parity,
callback:MX0_Engineer_Goto2.Created,callback,MX0_Engineer_Goto2.Created,Code/Scripts/MissionX0.cpp:1038,games/renegade/content/scripts,,,not_started,,parity,
callback:MX0_Engineer_Goto2.Custom,callback,MX0_Engineer_Goto2.Custom,Code/Scripts/MissionX0.cpp:1043,games/renegade/content/scripts,,,not_started,,parity,
callback:MX0_Engineer_Goto2.Entered,callback,MX0_Engineer_Goto2.Entered,Code/Scripts/MissionX0.cpp:1075,games/renegade/content/scripts,,,not_started,,parity,
callback:MX0_Engineer_Goto2.Timer_Expired,callback,MX0_Engineer_Goto2.Timer_Expired,Code/Scripts/MissionX0.cpp:1067,games/renegade/content/scripts,,,not_started,,parity,
callback:MX0_Engineer_Return.Created,callback,MX0_Engineer_Return.Created,Code/Scripts/MissionX0.cpp:967,games/renegade/content/scripts,,,not_started,,parity,
callback:MX0_Engineer_Return.Entered,callback,MX0_Engineer_Return.Entered,Code/Scripts/MissionX0.cpp:972,games/renegade/content/scripts,,,not_started,,parity,
callback:MX0_Explosive_Barrels_DLS.Created,callback,MX0_Explosive_Barrels_DLS.Created,Code/Scripts/Test_DLS.cpp:3269,games/renegade/content/scripts,,,not_started,,parity,
callback:MX0_Explosive_Barrels_DLS.Custom,callback,MX0_Explosive_Barrels_DLS.Custom,Code/Scripts/Test_DLS.cpp:3274,games/renegade/content/scripts,,,not_started,,parity,
callback:MX0_Explosive_Barrels_DLS.Killed,callback,MX0_Explosive_Barrels_DLS.Killed,Code/Scripts/Test_DLS.cpp:3287,games/renegade/content/scripts,,,not_started,,parity,
callback:MX0_Explosive_Barrels_DLS.Sound_Heard,callback,MX0_Explosive_Barrels_DLS.Sound_Heard,Code/Scripts/Test_DLS.cpp:3279,games/renegade/content/scripts,,,not_started,,parity,
callback:MX0_GDI_Killed_DLS.Created,callback,MX0_GDI_Killed_DLS.Created,Code/Scripts/Test_DLS.cpp:2794,games/renegade/content/scripts,,,not_started,,parity,
callback:MX0_GDI_Killed_DLS.Damaged,callback,MX0_GDI_Killed_DLS.Damaged,Code/Scripts/Test_DLS.cpp:2799,games/renegade/content/scripts,,,not_started,,parity,
callback:MX0_GDI_Killed_DLS.Killed,callback,MX0_GDI_Killed_DLS.Killed,Code/Scripts/Test_DLS.cpp:2808,games/renegade/content/scripts,,,not_started,,parity,
callback:MX0_GDI_ORCA.Action_Complete,callback,MX0_GDI_ORCA.Action_Complete,Code/Scripts/MissionX0.cpp:1425,games/renegade/content/scripts,,,not_started,,parity,
callback:MX0_GDI_ORCA.Created,callback,MX0_GDI_ORCA.Created,Code/Scripts/MissionX0.cpp:1420,games/renegade/content/scripts,,,not_started,,parity,
callback:MX0_GDI_ORCA.Custom,callback,MX0_GDI_ORCA.Custom,Code/Scripts/MissionX0.cpp:1475,games/renegade/content/scripts,,,not_started,,parity,
callback:MX0_GDI_ORCA.Entered,callback,MX0_GDI_ORCA.Entered,Code/Scripts/MissionX0.cpp:1449,games/renegade/content/scripts,,,not_started,,parity,
callback:MX0_GDI_Soldier_DLS.Action_Complete,callback,MX0_GDI_Soldier_DLS.Action_Complete,Code/Scripts/Test_DLS.cpp:3014,games/renegade/content/scripts,,,not_started,,parity,
callback:MX0_GDI_Soldier_DLS.Created,callback,MX0_GDI_Soldier_DLS.Created,Code/Scripts/Test_DLS.cpp:2861,games/renegade/content/scripts,,,not_started,,parity,
callback:MX0_GDI_Soldier_DLS.Custom,callback,MX0_GDI_Soldier_DLS.Custom,Code/Scripts/Test_DLS.cpp:2895,games/renegade/content/scripts,,,not_started,,parity,
callback:MX0_GDI_Soldier_DLS.Enemy_Seen,callback,MX0_GDI_Soldier_DLS.Enemy_Seen,Code/Scripts/Test_DLS.cpp:2881,games/renegade/content/scripts,,,not_started,,parity,
callback:MX0_GDI_Soldier_DLS.Timer_Expired,callback,MX0_GDI_Soldier_DLS.Timer_Expired,Code/Scripts/Test_DLS.cpp:3001,games/renegade/content/scripts,,,not_started,,parity,
callback:MX0_Gun_Emplacement_DLS.Created,callback,MX0_Gun_Emplacement_DLS.Created,Code/Scripts/Test_DLS.cpp:3044,games/renegade/content/scripts,,,not_started,,parity,
callback:MX0_Gun_Emplacement_DLS.Custom,callback,MX0_Gun_Emplacement_DLS.Custom,Code/Scripts/Test_DLS.cpp:3049,games/renegade/content/scripts,,,not_started,,parity,
callback:MX0_Gun_Emplacement_DLS.Timer_Expired,callback,MX0_Gun_Emplacement_DLS.Timer_Expired,Code/Scripts/Test_DLS.cpp:3060,games/renegade/content/scripts,,,not_started,,parity,
callback:MX0_KillNotify.Created,callback,MX0_KillNotify.Created,Code/Scripts/MissionX0.cpp:1291,games/renegade/content/scripts,,,not_started,,parity,
callback:MX0_KillNotify.Custom,callback,MX0_KillNotify.Custom,Code/Scripts/MissionX0.cpp:1305,games/renegade/content/scripts,,,not_started,,parity,
callback:MX0_KillNotify.Damaged,callback,MX0_KillNotify.Damaged,Code/Scripts/MissionX0.cpp:1296,games/renegade/content/scripts,,,not_started,,parity,
callback:MX0_KillNotify.Killed,callback,MX0_KillNotify.Killed,Code/Scripts/MissionX0.cpp:1360,games/renegade/content/scripts,,,not_started,,parity,
callback:MX0_KillNotify.Timer_Expired,callback,MX0_KillNotify.Timer_Expired,Code/Scripts/MissionX0.cpp:1314,games/renegade/content/scripts,,,not_started,,parity,
callback:MX0_Kill_Sniper.Created,callback,MX0_Kill_Sniper.Created,Code/Scripts/MissionX0.cpp:1108,games/renegade/content/scripts,,,not_started,,parity,
callback:MX0_Kill_Sniper.Entered,callback,MX0_Kill_Sniper.Entered,Code/Scripts/MissionX0.cpp:1113,games/renegade/content/scripts,,,not_started,,parity,
callback:MX0_MissionStart_DME.Action_Complete,callback,MX0_MissionStart_DME.Action_Complete,Code/Scripts/MissionX0.cpp:74,games/renegade/content/scripts,,,not_started,,parity,
callback:MX0_MissionStart_DME.Created,callback,MX0_MissionStart_DME.Created,Code/Scripts/MissionX0.cpp:59,games/renegade/content/scripts,,,not_started,,parity,
callback:MX0_MissionStart_DME.Custom,callback,MX0_MissionStart_DME.Custom,Code/Scripts/MissionX0.cpp:179,games/renegade/content/scripts,,,not_started,,parity,
callback:MX0_MissionStart_DME.Timer_Expired,callback,MX0_MissionStart_DME.Timer_Expired,Code/Scripts/MissionX0.cpp:93,games/renegade/content/scripts,,,not_started,,parity,
callback:MX0_NOD_INFANTRY.Action_Complete,callback,MX0_NOD_INFANTRY.Action_Complete,Code/Scripts/MissionX0.cpp:1559,games/renegade/content/scripts,,,not_started,,parity,
callback:MX0_NOD_INFANTRY.Animation_Complete,callback,MX0_NOD_INFANTRY.Animation_Complete,Code/Scripts/MissionX0.cpp:1551,games/renegade/content/scripts,,,not_started,,parity,
callback:MX0_NOD_INFANTRY.Created,callback,MX0_NOD_INFANTRY.Created,Code/Scripts/MissionX0.cpp:1531,games/renegade/content/scripts,,,not_started,,parity,
callback:MX0_NOD_INFANTRY.Custom,callback,MX0_NOD_INFANTRY.Custom,Code/Scripts/MissionX0.cpp:1567,games/renegade/content/scripts,,,not_started,,parity,
callback:MX0_NOD_INFANTRY.Killed,callback,MX0_NOD_INFANTRY.Killed,Code/Scripts/MissionX0.cpp:1603,games/renegade/content/scripts,,,not_started,,parity,
callback:MX0_NOD_TroopDrop.Created,callback,MX0_NOD_TroopDrop.Created,Code/Scripts/MissionX0.cpp:1137,games/renegade/content/scripts,,,not_started,,parity,
callback:MX0_NOD_TroopDrop.Entered,callback,MX0_NOD_TroopDrop.Entered,Code/Scripts/MissionX0.cpp:1162,games/renegade/content/scripts,,,not_started,,parity,
callback:MX0_NOD_TroopDrop.Timer_Expired,callback,MX0_NOD_TroopDrop.Timer_Expired,Code/Scripts/MissionX0.cpp:1142,games/renegade/content/scripts,,,not_started,,parity,
callback:MX0_Nod_Bunker_DLS.Created,callback,MX0_Nod_Bunker_DLS.Created,Code/Scripts/Test_DLS.cpp:3186,games/renegade/content/scripts,,,not_started,,parity,
callback:MX0_Nod_Bunker_DLS.Enemy_Seen,callback,MX0_Nod_Bunker_DLS.Enemy_Seen,Code/Scripts/Test_DLS.cpp:3192,games/renegade/content/scripts,,,not_started,,parity,
callback:MX0_Nod_RocketSoldier_DLS.Action_Complete,callback,MX0_Nod_RocketSoldier_DLS.Action_Complete,Code/Scripts/Test_DLS.cpp:3125,games/renegade/content/scripts,,,not_started,,parity,
callback:MX0_Nod_RocketSoldier_DLS.Created,callback,MX0_Nod_RocketSoldier_DLS.Created,Code/Scripts/Test_DLS.cpp:3100,games/renegade/content/scripts,,,not_started,,parity,
callback:MX0_Nod_RocketSoldier_DLS.Custom,callback,MX0_Nod_RocketSoldier_DLS.Custom,Code/Scripts/Test_DLS.cpp:3111,games/renegade/content/scripts,,,not_started,,parity,
callback:MX0_Nod_RocketSoldier_DLS.Enemy_Seen,callback,MX0_Nod_RocketSoldier_DLS.Enemy_Seen,Code/Scripts/Test_DLS.cpp:3135,games/renegade/content/scripts,,,not_started,,parity,
callback:MX0_Obelisk_Weapon_DLS.Action_Complete,callback,MX0_Obelisk_Weapon_DLS.Action_Complete,Code/Scripts/Test_DLS.cpp:2752,games/renegade/content/scripts,,,not_started,,parity,
callback:MX0_Obelisk_Weapon_DLS.Created,callback,MX0_Obelisk_Weapon_DLS.Created,Code/Scripts/Test_DLS.cpp:2601,games/renegade/content/scripts,,,not_started,,parity,
callback:MX0_Obelisk_Weapon_DLS.Custom,callback,MX0_Obelisk_Weapon_DLS.Custom,Code/Scripts/Test_DLS.cpp:2620,games/renegade/content/scripts,,,not_started,,parity,
callback:MX0_Obelisk_Weapon_DLS.Destroyed,callback,MX0_Obelisk_Weapon_DLS.Destroyed,Code/Scripts/Test_DLS.cpp:2772,games/renegade/content/scripts,,,not_started,,parity,
callback:MX0_Obelisk_Weapon_DLS.Timer_Expired,callback,MX0_Obelisk_Weapon_DLS.Timer_Expired,Code/Scripts/Test_DLS.cpp:2707,games/renegade/content/scripts,,,not_started,,parity,
callback:MX0_Plant_Ion_Beacon_DLS.Created,callback,MX0_Plant_Ion_Beacon_DLS.Created,Code/Scripts/Test_DLS.cpp:3213,games/renegade/content/scripts,,,not_started,,parity,
callback:MX0_SAM_DLS.Created,callback,MX0_SAM_DLS.Created,Code/Scripts/Test_DLS.cpp:3155,games/renegade/content/scripts,,,not_started,,parity,
callback:MX0_SAM_DLS.Custom,callback,MX0_SAM_DLS.Custom,Code/Scripts/Test_DLS.cpp:3161,games/renegade/content/scripts,,,not_started,,parity,
callback:MX0_SniperAction.Created,callback,MX0_SniperAction.Created,Code/Scripts/MissionX0.cpp:1231,games/renegade/content/scripts,,,not_started,,parity,
callback:MX0_SniperAction.Custom,callback,MX0_SniperAction.Custom,Code/Scripts/MissionX0.cpp:1238,games/renegade/content/scripts,,,not_started,,parity,
callback:MX0_SniperAction.Damaged,callback,MX0_SniperAction.Damaged,Code/Scripts/MissionX0.cpp:1246,games/renegade/content/scripts,,,not_started,,parity,
callback:MX0_SniperAction.Timer_Expired,callback,MX0_SniperAction.Timer_Expired,Code/Scripts/MissionX0.cpp:1267,games/renegade/content/scripts,,,not_started,,parity,
callback:MX0_Vehicle_DLS.Action_Complete,callback,MX0_Vehicle_DLS.Action_Complete,Code/Scripts/Test_DLS.cpp:2553,games/renegade/content/scripts,,,not_started,,parity,
callback:MX0_Vehicle_DLS.Created,callback,MX0_Vehicle_DLS.Created,Code/Scripts/Test_DLS.cpp:2480,games/renegade/content/scripts,,,not_started,,parity,
callback:MX0_Vehicle_DLS.Custom,callback,MX0_Vehicle_DLS.Custom,Code/Scripts/Test_DLS.cpp:2514,games/renegade/content/scripts,,,not_started,,parity,
callback:MX0_Vehicle_DLS.Enemy_Seen,callback,MX0_Vehicle_DLS.Enemy_Seen,Code/Scripts/Test_DLS.cpp:2500,games/renegade/content/scripts,,,not_started,,parity,
callback:MXX_Group_Member_DEL.Created,callback,MXX_Group_Member_DEL.Created,Code/Scripts/GroupScript.cpp:50,games/renegade/content/scripts,,,not_started,,parity,
callback:MXX_Group_Member_DEL.Custom,callback,MXX_Group_Member_DEL.Custom,Code/Scripts/GroupScript.cpp:139,games/renegade/content/scripts,,,not_started,,parity,
callback:MXX_Group_Member_DEL.Damaged,callback,MXX_Group_Member_DEL.Damaged,Code/Scripts/GroupScript.cpp:88,games/renegade/content/scripts,,,not_started,,parity,
callback:MXX_Group_Member_DEL.Destroyed,callback,MXX_Group_Member_DEL.Destroyed,Code/Scripts/GroupScript.cpp:62,games/renegade/content/scripts,,,not_started,,parity,
callback:MXX_Group_Member_DEL.Enemy_Seen,callback,MXX_Group_Member_DEL.Enemy_Seen,Code/Scripts/GroupScript.cpp:122,games/renegade/content/scripts,,,not_started,,parity,
callback:MXX_Group_Member_DEL.Killed,callback,MXX_Group_Member_DEL.Killed,Code/Scripts/GroupScript.cpp:71,games/renegade/content/scripts,,,not_started,,parity,
callback:MXX_Group_Member_DEL.Sound_Heard,callback,MXX_Group_Member_DEL.Sound_Heard,Code/Scripts/GroupScript.cpp:105,games/renegade/content/scripts,,,not_started,,parity,
callback:PDS_Generic_Test.Created,callback,PDS_Generic_Test.Created,Code/Scripts/Test_PDS.cpp:43,games/renegade/content/scripts,,,not_started,,parity,
callback:PDS_Generic_Test.Timer_Expired,callback,PDS_Generic_Test.Timer_Expired,Code/Scripts/Test_PDS.cpp:50,games/renegade/content/scripts,,,not_started,,parity,
callback:PDS_Get_In_Vehicle_Do_Waypath.Action_Complete,callback,PDS_Get_In_Vehicle_Do_Waypath.Action_Complete,Code/Scripts/Test_PDS.cpp:335,games/renegade/content/scripts,,,not_started,,parity,
callback:PDS_Get_In_Vehicle_Do_Waypath.Created,callback,PDS_Get_In_Vehicle_Do_Waypath.Created,Code/Scripts/Test_PDS.cpp:305,games/renegade/content/scripts,,,not_started,,parity,
callback:PDS_Test_Bubba.Created,callback,PDS_Test_Bubba.Created,Code/Scripts/Test_PDS.cpp:821,games/renegade/content/scripts,,,not_started,,parity,
callback:PDS_Test_Controller.Created,callback,PDS_Test_Controller.Created,Code/Scripts/Test_PDS.cpp:839,games/renegade/content/scripts,,,not_started,,parity,
callback:PDS_Test_Controller.Timer_Expired,callback,PDS_Test_Controller.Timer_Expired,Code/Scripts/Test_PDS.cpp:848,games/renegade/content/scripts,,,not_started,,parity,
callback:PDS_Test_Conversation.Action_Complete,callback,PDS_Test_Conversation.Action_Complete,Code/Scripts/Test_PDS.cpp:201,games/renegade/content/scripts,,,not_started,,parity,
callback:PDS_Test_Conversation.Created,callback,PDS_Test_Conversation.Created,Code/Scripts/Test_PDS.cpp:192,games/renegade/content/scripts,,,not_started,,parity,
callback:PDS_Test_Conversation.Custom,callback,PDS_Test_Conversation.Custom,Code/Scripts/Test_PDS.cpp:216,games/renegade/content/scripts,,,not_started,,parity,
callback:PDS_Test_Conversation.Timer_Expired,callback,PDS_Test_Conversation.Timer_Expired,Code/Scripts/Test_PDS.cpp:235,games/renegade/content/scripts,,,not_started,,parity,
callback:PDS_Test_Dock.Created,callback,PDS_Test_Dock.Created,Code/Scripts/Test_PDS.cpp:139,games/renegade/content/scripts,,,not_started,,parity,
callback:PDS_Test_Dock.Timer_Expired,callback,PDS_Test_Dock.Timer_Expired,Code/Scripts/Test_PDS.cpp:146,games/renegade/content/scripts,,,not_started,,parity,
callback:PDS_Test_Follow_Player.Created,callback,PDS_Test_Follow_Player.Created,Code/Scripts/Test_PDS.cpp:444,games/renegade/content/scripts,,,not_started,,parity,
callback:PDS_Test_Follow_Player.Poked,callback,PDS_Test_Follow_Player.Poked,Code/Scripts/Test_PDS.cpp:451,games/renegade/content/scripts,,,not_started,,parity,
callback:PDS_Test_Follow_Player.Timer_Expired,callback,PDS_Test_Follow_Player.Timer_Expired,Code/Scripts/Test_PDS.cpp:460,games/renegade/content/scripts,,,not_started,,parity,
callback:PDS_Test_Follow_Waypath.Created,callback,PDS_Test_Follow_Waypath.Created,Code/Scripts/Test_PDS.cpp:485,games/renegade/content/scripts,,,not_started,,parity,
callback:PDS_Test_Follow_Waypath.Damaged,callback,PDS_Test_Follow_Waypath.Damaged,Code/Scripts/Test_PDS.cpp:536,games/renegade/content/scripts,,,not_started,,parity,
callback:PDS_Test_Follow_Waypath.Timer_Expired,callback,PDS_Test_Follow_Waypath.Timer_Expired,Code/Scripts/Test_PDS.cpp:514,games/renegade/content/scripts,,,not_started,,parity,
callback:PDS_Test_Goto_Loc.Created,callback,PDS_Test_Goto_Loc.Created,Code/Scripts/Test_PDS.cpp:399,games/renegade/content/scripts,,,not_started,,parity,
callback:PDS_Test_Goto_Loc.Timer_Expired,callback,PDS_Test_Goto_Loc.Timer_Expired,Code/Scripts/Test_PDS.cpp:409,games/renegade/content/scripts,,,not_started,,parity,
callback:PDS_Test_Goto_Player.Action_Complete,callback,PDS_Test_Goto_Player.Action_Complete,Code/Scripts/Test_PDS.cpp:382,games/renegade/content/scripts,,,not_started,,parity,
callback:PDS_Test_Goto_Player.Created,callback,PDS_Test_Goto_Player.Created,Code/Scripts/Test_PDS.cpp:358,games/renegade/content/scripts,,,not_started,,parity,
callback:PDS_Test_Goto_Player.Timer_Expired,callback,PDS_Test_Goto_Player.Timer_Expired,Code/Scripts/Test_PDS.cpp:366,games/renegade/content/scripts,,,not_started,,parity,
callback:PDS_Test_Gunboat.Created,callback,PDS_Test_Gunboat.Created,Code/Scripts/Test_PDS.cpp:891,games/renegade/content/scripts,,,not_started,,parity,
callback:PDS_Test_Gunboat.Timer_Expired,callback,PDS_Test_Gunboat.Timer_Expired,Code/Scripts/Test_PDS.cpp:951,games/renegade/content/scripts,,,not_started,,parity,
callback:PDS_Test_Harvester.Action_Complete,callback,PDS_Test_Harvester.Action_Complete,Code/Scripts/Test_PDS.cpp:609,games/renegade/content/scripts,,,not_started,,parity,
callback:PDS_Test_Harvester.Created,callback,PDS_Test_Harvester.Created,Code/Scripts/Test_PDS.cpp:578,games/renegade/content/scripts,,,not_started,,parity,
callback:PDS_Test_Harvester.Timer_Expired,callback,PDS_Test_Harvester.Timer_Expired,Code/Scripts/Test_PDS.cpp:596,games/renegade/content/scripts,,,not_started,,parity,
callback:PDS_Test_Inventory.Created,callback,PDS_Test_Inventory.Created,Code/Scripts/Test_PDS.cpp:743,games/renegade/content/scripts,,,not_started,,parity,
callback:PDS_Test_Inventory.Custom,callback,PDS_Test_Inventory.Custom,Code/Scripts/Test_PDS.cpp:758,games/renegade/content/scripts,,,not_started,,parity,
callback:PDS_Test_Modify_Attack.Created,callback,PDS_Test_Modify_Attack.Created,Code/Scripts/Test_PDS.cpp:70,games/renegade/content/scripts,,,not_started,,parity,
callback:PDS_Test_Modify_Attack.Timer_Expired,callback,PDS_Test_Modify_Attack.Timer_Expired,Code/Scripts/Test_PDS.cpp:77,games/renegade/content/scripts,,,not_started,,parity,
callback:PDS_Test_Sound.Created,callback,PDS_Test_Sound.Created,Code/Scripts/Test_PDS.cpp:981,games/renegade/content/scripts,,,not_started,,parity,
callback:PDS_Test_Sound.Custom,callback,PDS_Test_Sound.Custom,Code/Scripts/Test_PDS.cpp:1006,games/renegade/content/scripts,,,not_started,,parity,
callback:PDS_Test_Sound.Poked,callback,PDS_Test_Sound.Poked,Code/Scripts/Test_PDS.cpp:990,games/renegade/content/scripts,,,not_started,,parity,
callback:Poke_And_Play_Cinematic.Poked,callback,Poke_And_Play_Cinematic.Poked,Code/Scripts/Test_RMV.cpp:593,games/renegade/content/scripts,,,not_started,,parity,
callback:RMV_Audio_Sound_Player_Preset.Created,callback,RMV_Audio_Sound_Player_Preset.Created,Code/Scripts/Toolkit_Sounds.cpp:694,games/renegade/content/scripts,,,not_started,,parity,
callback:RMV_Audio_Sound_Player_Preset.Custom,callback,RMV_Audio_Sound_Player_Preset.Custom,Code/Scripts/Toolkit_Sounds.cpp:701,games/renegade/content/scripts,,,not_started,,parity,
callback:RMV_Audio_Sound_Player_WAV.Created,callback,RMV_Audio_Sound_Player_WAV.Created,Code/Scripts/Toolkit_Sounds.cpp:664,games/renegade/content/scripts,,,not_started,,parity,
callback:RMV_Audio_Sound_Player_WAV.Custom,callback,RMV_Audio_Sound_Player_WAV.Custom,Code/Scripts/Toolkit_Sounds.cpp:671,games/renegade/content/scripts,,,not_started,,parity,
callback:RMV_Audio_Timer_Delay.Created,callback,RMV_Audio_Timer_Delay.Created,Code/Scripts/Toolkit_Sounds.cpp:619,games/renegade/content/scripts,,,not_started,,parity,
callback:RMV_Audio_Timer_Delay.Timer_Expired,callback,RMV_Audio_Timer_Delay.Timer_Expired,Code/Scripts/Toolkit_Sounds.cpp:647,games/renegade/content/scripts,,,not_started,,parity,
callback:RMV_Building_Engineer_Controller.Created,callback,RMV_Building_Engineer_Controller.Created,Code/Scripts/Test_RMV_Toolkit.cpp:305,games/renegade/content/scripts,,,not_started,,parity,
callback:RMV_Building_Engineer_Controller.Custom,callback,RMV_Building_Engineer_Controller.Custom,Code/Scripts/Test_RMV_Toolkit.cpp:310,games/renegade/content/scripts,,,not_started,,parity,
callback:RMV_Building_Engineer_Controller.Killed,callback,RMV_Building_Engineer_Controller.Killed,Code/Scripts/Test_RMV_Toolkit.cpp:417,games/renegade/content/scripts,,,not_started,,parity,
callback:RMV_Camera_Behavior.Action_Complete,callback,RMV_Camera_Behavior.Action_Complete,Code/Scripts/Test_RMV.cpp:402,games/renegade/content/scripts,,,not_started,,parity,
callback:RMV_Camera_Behavior.Created,callback,RMV_Camera_Behavior.Created,Code/Scripts/Test_RMV.cpp:296,games/renegade/content/scripts,,,not_started,,parity,
callback:RMV_Camera_Behavior.Enemy_Seen,callback,RMV_Camera_Behavior.Enemy_Seen,Code/Scripts/Test_RMV.cpp:418,games/renegade/content/scripts,,,not_started,,parity,
callback:RMV_Camera_Behavior.Killed,callback,RMV_Camera_Behavior.Killed,Code/Scripts/Test_RMV.cpp:440,games/renegade/content/scripts,,,not_started,,parity,
callback:RMV_Camera_Behavior.Timer_Expired,callback,RMV_Camera_Behavior.Timer_Expired,Code/Scripts/Test_RMV.cpp:357,games/renegade/content/scripts,,,not_started,,parity,
callback:RMV_Cinematic_Position.Created,callback,RMV_Cinematic_Position.Created,Code/Scripts/Test_RMV.cpp:448,games/renegade/content/scripts,,,not_started,,parity,
callback:RMV_Cinematic_Position.Timer_Expired,callback,RMV_Cinematic_Position.Timer_Expired,Code/Scripts/Test_RMV.cpp:453,games/renegade/content/scripts,,,not_started,,parity,
callback:RMV_Engine_Sound.Created,callback,RMV_Engine_Sound.Created,Code/Scripts/Test_RMV.cpp:485,games/renegade/content/scripts,,,not_started,,parity,
callback:RMV_Engine_Sound.Destroyed,callback,RMV_Engine_Sound.Destroyed,Code/Scripts/Test_RMV.cpp:492,games/renegade/content/scripts,,,not_started,,parity,
callback:RMV_Engineer_Wander.Action_Complete,callback,RMV_Engineer_Wander.Action_Complete,Code/Scripts/Test_RMV_Toolkit.cpp:204,games/renegade/content/scripts,,,not_started,,parity,
callback:RMV_Engineer_Wander.Created,callback,RMV_Engineer_Wander.Created,Code/Scripts/Test_RMV_Toolkit.cpp:122,games/renegade/content/scripts,,,not_started,,parity,
callback:RMV_Engineer_Wander.Custom,callback,RMV_Engineer_Wander.Custom,Code/Scripts/Test_RMV_Toolkit.cpp:188,games/renegade/content/scripts,,,not_started,,parity,
callback:RMV_Engineer_Wander.Sound_Heard,callback,RMV_Engineer_Wander.Sound_Heard,Code/Scripts/Test_RMV_Toolkit.cpp:130,games/renegade/content/scripts,,,not_started,,parity,
callback:RMV_Home_Point.Created,callback,RMV_Home_Point.Created,Code/Scripts/Test_RMV.cpp:210,games/renegade/content/scripts,,,not_started,,parity,
callback:RMV_Hostage_Rescue_Point.Entered,callback,RMV_Hostage_Rescue_Point.Entered,Code/Scripts/Test_RMV.cpp:185,games/renegade/content/scripts,,,not_started,,parity,
callback:RMV_M03_Comm_Center_Terminal.Action_Complete,callback,RMV_M03_Comm_Center_Terminal.Action_Complete,Code/Scripts/Mission03.cpp:1346,games/renegade/content/scripts,,,not_started,,parity,
callback:RMV_M03_Comm_Center_Terminal.Created,callback,RMV_M03_Comm_Center_Terminal.Created,Code/Scripts/Mission03.cpp:1325,games/renegade/content/scripts,,,not_started,,parity,
callback:RMV_M03_Comm_Center_Terminal.Damaged,callback,RMV_M03_Comm_Center_Terminal.Damaged,Code/Scripts/Mission03.cpp:1372,games/renegade/content/scripts,,,not_started,,parity,
callback:RMV_M03_Comm_Center_Terminal.Poked,callback,RMV_M03_Comm_Center_Terminal.Poked,Code/Scripts/Mission03.cpp:1330,games/renegade/content/scripts,,,not_started,,parity,
callback:RMV_MCT_Switcher.Killed,callback,RMV_MCT_Switcher.Killed,Code/Scripts/Test_RMV_Toolkit.cpp:493,games/renegade/content/scripts,,,not_started,,parity,
callback:RMV_Sound_Play_Near_Player.Created,callback,RMV_Sound_Play_Near_Player.Created,Code/Scripts/Toolkit_Sounds.cpp:719,games/renegade/content/scripts,,,not_started,,parity,
callback:RMV_Sound_Play_Near_Player.Custom,callback,RMV_Sound_Play_Near_Player.Custom,Code/Scripts/Toolkit_Sounds.cpp:727,games/renegade/content/scripts,,,not_started,,parity,
callback:RMV_Sound_Play_Near_Player.Timer_Expired,callback,RMV_Sound_Play_Near_Player.Timer_Expired,Code/Scripts/Toolkit_Sounds.cpp:734,games/renegade/content/scripts,,,not_started,,parity,
callback:RMV_Test_Big_Gun_Turning.Created,callback,RMV_Test_Big_Gun_Turning.Created,Code/Scripts/Mission03.cpp:689,games/renegade/content/scripts,,,not_started,,parity,
callback:RMV_Test_Big_Gun_Turning.Custom,callback,RMV_Test_Big_Gun_Turning.Custom,Code/Scripts/Mission03.cpp:765,games/renegade/content/scripts,,,not_started,,parity,
callback:RMV_Test_Big_Gun_Turning.Damaged,callback,RMV_Test_Big_Gun_Turning.Damaged,Code/Scripts/Mission03.cpp:735,games/renegade/content/scripts,,,not_started,,parity,
callback:RMV_Test_Big_Gun_Turning.Killed,callback,RMV_Test_Big_Gun_Turning.Killed,Code/Scripts/Mission03.cpp:696,games/renegade/content/scripts,,,not_started,,parity,
callback:RMV_Test_Big_Gun_Turning.Sound_Heard,callback,RMV_Test_Big_Gun_Turning.Sound_Heard,Code/Scripts/Mission03.cpp:714,games/renegade/content/scripts,,,not_started,,parity,
callback:RMV_Test_Big_Gun_Turning.Timer_Expired,callback,RMV_Test_Big_Gun_Turning.Timer_Expired,Code/Scripts/Mission03.cpp:748,games/renegade/content/scripts,,,not_started,,parity,
callback:RMV_Test_Damage.Created,callback,RMV_Test_Damage.Created,Code/Scripts/Test_RMV.cpp:631,games/renegade/content/scripts,,,not_started,,parity,
callback:RMV_Test_Damage.Damaged,callback,RMV_Test_Damage.Damaged,Code/Scripts/Test_RMV.cpp:638,games/renegade/content/scripts,,,not_started,,parity,
callback:RMV_Test_Damage.Poked,callback,RMV_Test_Damage.Poked,Code/Scripts/Test_RMV.cpp:656,games/renegade/content/scripts,,,not_started,,parity,
callback:RMV_Test_Facing.Damaged,callback,RMV_Test_Facing.Damaged,Code/Scripts/Test_RMV.cpp:218,games/renegade/content/scripts,,,not_started,,parity,
callback:RMV_Test_Script.Sound_Heard,callback,RMV_Test_Script.Sound_Heard,Code/Scripts/Test_RMV.cpp:49,games/renegade/content/scripts,,,not_started,,parity,
callback:RMV_Test_Stealth.Created,callback,RMV_Test_Stealth.Created,Code/Scripts/Test_RMV.cpp:667,games/renegade/content/scripts,,,not_started,,parity,
callback:RMV_Toggled_Engineer_Target.Created,callback,RMV_Toggled_Engineer_Target.Created,Code/Scripts/Test_RMV_Toolkit.cpp:443,games/renegade/content/scripts,,,not_started,,parity,
callback:RMV_Toggled_Engineer_Target.Custom,callback,RMV_Toggled_Engineer_Target.Custom,Code/Scripts/Test_RMV_Toolkit.cpp:463,games/renegade/content/scripts,,,not_started,,parity,
callback:RMV_Toggled_Engineer_Target.Timer_Expired,callback,RMV_Toggled_Engineer_Target.Timer_Expired,Code/Scripts/Test_RMV_Toolkit.cpp:454,games/renegade/content/scripts,,,not_started,,parity,
callback:RMV_Transport_Evac.Created,callback,RMV_Transport_Evac.Created,Code/Scripts/Test_RMV.cpp:512,games/renegade/content/scripts,,,not_started,,parity,
callback:RMV_Transport_Evac.Custom,callback,RMV_Transport_Evac.Custom,Code/Scripts/Test_RMV.cpp:585,games/renegade/content/scripts,,,not_started,,parity,
callback:RMV_Transport_Evac.Timer_Expired,callback,RMV_Transport_Evac.Timer_Expired,Code/Scripts/Test_RMV.cpp:537,games/renegade/content/scripts,,,not_started,,parity,
callback:RMV_Trigger_Killed.Killed,callback,RMV_Trigger_Killed.Killed,Code/Scripts/Test_RMV.cpp:196,games/renegade/content/scripts,,,not_started,,parity,
callback:RMV_Trigger_Poked.Poked,callback,RMV_Trigger_Poked.Poked,Code/Scripts/Test_RMV_Toolkit.cpp:83,games/renegade/content/scripts,,,not_started,,parity,
callback:RMV_Trigger_Poked_2.Poked,callback,RMV_Trigger_Poked_2.Poked,Code/Scripts/Test_RMV.cpp:614,games/renegade/content/scripts,,,not_started,,parity,
callback:RMV_Trigger_Zone.Entered,callback,RMV_Trigger_Zone.Entered,Code/Scripts/Test_RMV_Toolkit.cpp:51,games/renegade/content/scripts,,,not_started,,parity,
callback:RMV_Trigger_Zone_2.Entered,callback,RMV_Trigger_Zone_2.Entered,Code/Scripts/Test_RMV_Toolkit.cpp:68,games/renegade/content/scripts,,,not_started,,parity,
callback:RMV_Volcano_And_Lava_Ball_Creator.Action_Complete,callback,RMV_Volcano_And_Lava_Ball_Creator.Action_Complete,Code/Scripts/Mission03.cpp:1432,games/renegade/content/scripts,,,not_started,,parity,
callback:RMV_Volcano_And_Lava_Ball_Creator.Created,callback,RMV_Volcano_And_Lava_Ball_Creator.Created,Code/Scripts/Mission03.cpp:1387,games/renegade/content/scripts,,,not_started,,parity,
callback:RMV_Volcano_And_Lava_Ball_Creator.Custom,callback,RMV_Volcano_And_Lava_Ball_Creator.Custom,Code/Scripts/Mission03.cpp:1394,games/renegade/content/scripts,,,not_started,,parity,
callback:RMV_Volcano_And_Lava_Ball_Creator.Timer_Expired,callback,RMV_Volcano_And_Lava_Ball_Creator.Timer_Expired,Code/Scripts/Mission03.cpp:1440,games/renegade/content/scripts,,,not_started,,parity,
callback:Respawn_Script.Created,callback,Respawn_Script.Created,Code/Scripts/Test_BMG.cpp:241,games/renegade/content/scripts,,,not_started,,parity,
callback:Sakura_Killed.Created,callback,Sakura_Killed.Created,Code/Scripts/Mission03.cpp:1241,games/renegade/content/scripts,,,not_started,,parity,
callback:Sakura_Killed.Damaged,callback,Sakura_Killed.Damaged,Code/Scripts/Mission03.cpp:1248,games/renegade/content/scripts,,,not_started,,parity,
callback:Sakura_Killed.Killed,callback,Sakura_Killed.Killed,Code/Scripts/Mission03.cpp:1259,games/renegade/content/scripts,,,not_started,,parity,
callback:Start_Script.Created,callback,Start_Script.Created,Code/Scripts/Test_BMG.cpp:233,games/renegade/content/scripts,,,not_started,,parity,
callback:Test_Cinematic.Created,callback,Test_Cinematic.Created,Code/Scripts/Test_Cinematic.cpp:996,games/renegade/content/scripts,,,not_started,,parity,
callback:Test_Cinematic.Custom,callback,Test_Cinematic.Custom,Code/Scripts/Test_Cinematic.cpp:1020,games/renegade/content/scripts,,,not_started,,parity,
callback:Test_Cinematic.Timer_Expired,callback,Test_Cinematic.Timer_Expired,Code/Scripts/Test_Cinematic.cpp:1014,games/renegade/content/scripts,,,not_started,,parity,
callback:Test_Cinematic_Primary_Killed.Created,callback,Test_Cinematic_Primary_Killed.Created,Code/Scripts/Test_Cinematic.cpp:83,games/renegade/content/scripts,,,not_started,,parity,
callback:Test_Cinematic_Primary_Killed.Destroyed,callback,Test_Cinematic_Primary_Killed.Destroyed,Code/Scripts/Test_Cinematic.cpp:103,games/renegade/content/scripts,,,not_started,,parity,
callback:Test_Cinematic_Primary_Killed.Killed,callback,Test_Cinematic_Primary_Killed.Killed,Code/Scripts/Test_Cinematic.cpp:88,games/renegade/content/scripts,,,not_started,,parity,
callback:Unit_Combat.Animation_Complete,callback,Unit_Combat.Animation_Complete,Code/Scripts/unitcombat.cpp:85,games/renegade/content/scripts,,,not_started,,parity,
callback:Unit_Combat.Created,callback,Unit_Combat.Created,Code/Scripts/unitcombat.cpp:123,games/renegade/content/scripts,,,not_started,,parity,
callback:Unit_Combat.Custom,callback,Unit_Combat.Custom,Code/Scripts/unitcombat.cpp:191,games/renegade/content/scripts,,,not_started,,parity,
callback:Unit_Combat.Damaged,callback,Unit_Combat.Damaged,Code/Scripts/unitcombat.cpp:256,games/renegade/content/scripts,,,not_started,,parity,
callback:Unit_Combat.Destroyed,callback,Unit_Combat.Destroyed,Code/Scripts/unitcombat.cpp:305,games/renegade/content/scripts,,,not_started,,parity,
callback:Unit_Combat.Enemy_Seen,callback,Unit_Combat.Enemy_Seen,Code/Scripts/unitcombat.cpp:321,games/renegade/content/scripts,,,not_started,,parity,
callback:Unit_Combat.Killed,callback,Unit_Combat.Killed,Code/Scripts/unitcombat.cpp:484,games/renegade/content/scripts,,,not_started,,parity,
callback:Unit_Combat.Sound_Heard,callback,Unit_Combat.Sound_Heard,Code/Scripts/unitcombat.cpp:513,games/renegade/content/scripts,,,not_started,,parity,
callback:Unit_Combat.Timer_Expired,callback,Unit_Combat.Timer_Expired,Code/Scripts/unitcombat.cpp:595,games/renegade/content/scripts,,,not_started,,parity,
callback:test_Ssm_Trigger.Damaged,callback,test_Ssm_Trigger.Damaged,Code/Scripts/Test_DME.cpp:1005,games/renegade/content/scripts,,,not_started,,parity,
