id,kind,feature,legacy_source,placement,target_paths,tests,status,verification,milestone,notes
script:BMG_Look_Test,script,BMG_Look_Test,Code/Scripts/Test_BMG.cpp:746,games/renegade/content/scripts,,,not_started,,parity,"Parameters: """""
script:BMG_Monitor_Events,script,BMG_Monitor_Events,Code/Scripts/Test_BMG.cpp:289,games/renegade/content/scripts,,,not_started,,parity,"Parameters: """""
script:BMG_Set_Home,script,BMG_Set_Home,Code/Scripts/Test_BMG.cpp:731,games/renegade/content/scripts,,,not_started,,parity,"Parameters: """""
script:BMG_Shooter,script,BMG_Shooter,Code/Scripts/Test_BMG.cpp:793,games/renegade/content/scripts,,,not_started,,parity,"Parameters: """""
script:BMG_Spray_Shooter,script,BMG_Spray_Shooter,Code/Scripts/Test_BMG.cpp:247,games/renegade/content/scripts,,,not_started,,parity,"Parameters: """""
script:BMG_Test_Anim,script,BMG_Test_Anim,Code/Scripts/Test_BMG.cpp:1142,games/renegade/content/scripts,,,not_started,,parity,"Parameters: """""
script:BMG_Test_Anim_Speed,script,BMG_Test_Anim_Speed,Code/Scripts/Test_BMG.cpp:466,games/renegade/content/scripts,,,not_started,,parity,"Parameters: ""speed=1.0:float"""
script:BMG_Test_Animation,script,BMG_Test_Animation,Code/Scripts/Test_BMG.cpp:555,games/renegade/content/scripts,,,not_started,,parity,"Parameters: """""
script:BMG_Test_Attach,script,BMG_Test_Attach,Code/Scripts/Test_BMG.cpp:664,games/renegade/content/scripts,,,not_started,,parity,"Parameters: """""
script:BMG_Test_Attack,script,BMG_Test_Attack,Code/Scripts/Test_BMG.cpp:575,games/renegade/content/scripts,,,not_started,,parity,"Parameters: """""
script:BMG_Test_C130_DropOff_Cinematic,script,BMG_Test_C130_DropOff_Cinematic,Code/Scripts/Test_BMG.cpp:1001,games/renegade/content/scripts,,,not_started,,parity,"Parameters: ""ObjToCreate=:string"""
script:BMG_Test_Cinematic,script,BMG_Test_Cinematic,Code/Scripts/Test_BMG.cpp:979,games/renegade/content/scripts,,,not_started,,parity,"Parameters: ""ScriptName=:string"""
script:BMG_Test_Complete,script,BMG_Test_Complete,Code/Scripts/Test_BMG.cpp:1107,games/renegade/content/scripts,,,not_started,,parity,"Parameters: """""
script:BMG_Test_Custom,script,BMG_Test_Custom,Code/Scripts/Test_BMG.cpp:696,games/renegade/content/scripts,,,not_started,,parity,"Parameters: """""
script:BMG_Test_Damage,script,BMG_Test_Damage,Code/Scripts/Test_BMG.cpp:589,games/renegade/content/scripts,,,not_started,,parity,"Parameters: """""
script:BMG_Test_Debug,script,BMG_Test_Debug,Code/Scripts/Test_BMG.cpp:1121,games/renegade/content/scripts,,,not_started,,parity,"Parameters: ""position=3.1 4.2 5.3:vector3"""
script:BMG_Test_Display_Text,script,BMG_Test_Display_Text,Code/Scripts/Test_BMG.cpp:811,games/renegade/content/scripts,,,not_started,,parity,"Parameters: """""
script:BMG_Test_Enter_Vehicle,script,BMG_Test_Enter_Vehicle,Code/Scripts/Test_BMG.cpp:102,games/renegade/content/scripts,,,not_started,,parity,"Parameters: """""
script:BMG_Test_Flash,script,BMG_Test_Flash,Code/Scripts/Test_BMG.cpp:405,games/renegade/content/scripts,,,not_started,,parity,"Parameters: """""
script:BMG_Test_Follow,script,BMG_Test_Follow,Code/Scripts/Test_BMG.cpp:1090,games/renegade/content/scripts,,,not_started,,parity,"Parameters: ""TargetID=:int"""
script:BMG_Test_Messages,script,BMG_Test_Messages,Code/Scripts/Test_BMG.cpp:441,games/renegade/content/scripts,,,not_started,,parity,"Parameters: ""speed=1.0:float"""
script:BMG_Test_Misc_Script,script,BMG_Test_Misc_Script,Code/Scripts/Test_BMG.cpp:177,games/renegade/content/scripts,,,not_started,,parity,"Parameters: """""
script:BMG_Test_Objective,script,BMG_Test_Objective,Code/Scripts/Test_BMG.cpp:422,games/renegade/content/scripts,,,not_started,,parity,"Parameters: """""
script:BMG_Test_Objectives,script,BMG_Test_Objectives,Code/Scripts/Test_BMG.cpp:860,games/renegade/content/scripts,,,not_started,,parity,"Parameters: """""
script:BMG_Test_Orca_Attack_Cinematic,script,BMG_Test_Orca_Attack_Cinematic,Code/Scripts/Test_BMG.cpp:1032,games/renegade/content/scripts,,,not_started,,parity,"Parameters: """""
script:BMG_Test_Pogs,script,BMG_Test_Pogs,Code/Scripts/Test_BMG.cpp:140,games/renegade/content/scripts,,,not_started,,parity,"Parameters: """""
script:BMG_Test_Poked,script,BMG_Test_Poked,Code/Scripts/Test_BMG.cpp:827,games/renegade/content/scripts,,,not_started,,parity,"Parameters: """""
script:BMG_Test_Powerup,script,BMG_Test_Powerup,Code/Scripts/Test_BMG.cpp:324,games/renegade/content/scripts,,,not_started,,parity,"Parameters: """""
script:BMG_Test_Priority_1,script,BMG_Test_Priority_1,Code/Scripts/Test_BMG.cpp:893,games/renegade/content/scripts,,,not_started,,parity,"Parameters: """""
script:BMG_Test_Priority_2,script,BMG_Test_Priority_2,Code/Scripts/Test_BMG.cpp:930,games/renegade/content/scripts,,,not_started,,parity,"Parameters: """""
script:BMG_Test_Radar,script,BMG_Test_Radar,Code/Scripts/Test_BMG.cpp:495,games/renegade/content/scripts,,,not_started,,parity,"Parameters: """""
script:BMG_Test_Running@Code/Scripts/Test_BMG.cpp:706,script,BMG_Test_Running,Code/Scripts/Test_BMG.cpp:706,games/renegade/content/scripts,,,not_started,,parity,"Parameters: """""
script:BMG_Test_Running@Code/Scripts/Test_BMG.cpp:835,script,BMG_Test_Running,Code/Scripts/Test_BMG.cpp:835,games/renegade/content/scripts,,,not_started,,parity,"Parameters: """""
script:BMG_Test_SAPO,script,BMG_Test_SAPO,Code/Scripts/Test_BMG.cpp:1061,games/renegade/content/scripts,,,not_started,,parity,"Parameters: """""
script:BMG_Test_Save_Load,script,BMG_Test_Save_Load,Code/Scripts/Test_BMG.cpp:604,games/renegade/content/scripts,,,not_started,,parity,"Parameters: """""
script:BMG_Test_Score,script,BMG_Test_Score,Code/Scripts/Test_BMG.cpp:386,games/renegade/content/scripts,,,not_started,,parity,"Parameters: """""
script:BMG_Test_Script,script,BMG_Test_Script,Code/Scripts/Test_BMG.cpp:38,games/renegade/content/scripts,,,not_started,,parity,"Parameters: """""
script:BMG_Test_Spawn,script,BMG_Test_Spawn,Code/Scripts/Test_BMG.cpp:681,games/renegade/content/scripts,,,not_started,,parity,"Parameters: """""
script:BMG_Test_Walking,script,BMG_Test_Walking,Code/Scripts/Test_BMG.cpp:336,games/renegade/content/scripts,,,not_started,,parity,"Parameters: """""
script:BMG_Test_Zone,script,BMG_Test_Zone,Code/Scripts/Test_BMG.cpp:964,games/renegade/content/scripts,,,not_started,,parity,"Parameters: """""
script:BMG_Timer_Test,script,BMG_Timer_Test,Code/Scripts/Test_BMG.cpp:776,games/renegade/content/scripts,,,not_started,,parity,"Parameters: """""
script:BMG_Toggle_Control,script,BMG_Toggle_Control,Code/Scripts/Test_BMG.cpp:82,games/renegade/content/scripts,,,not_started,,parity,"Parameters: """""
script:BMG_Vehicle_Awareness,script,BMG_Vehicle_Awareness,Code/Scripts/Test_BMG.cpp:366,games/renegade/content/scripts,,,not_started,,parity,"Parameters: """""
script:DAK_Electric_Death_DAK,script,DAK_Electric_Death_DAK,Code/Scripts/Test_DAK.cpp:145,games/renegade/content/scripts,,,not_started,,parity,"Parameters: """""
script:DAK_Fire_Gas_Elec_Death_DAK,script,DAK_Fire_Gas_Elec_Death_DAK,Code/Scripts/Test_DAK.cpp:71,games/renegade/content/scripts,,,not_started,,parity,"Parameters: ""DeathType:string"""
script:DAK_MX0_Sec_3_Humvee,script,DAK_MX0_Sec_3_Humvee,Code/Scripts/MissionX0.cpp:1370,games/renegade/content/scripts,,,not_started,,parity,"Parameters: """""
script:DAK_PCT_Pokable_DAK,script,DAK_PCT_Pokable_DAK,Code/Scripts/Test_DAK.cpp:179,games/renegade/content/scripts,,,not_started,,parity,"Parameters: """""
script:DAK_PlayerSpotted,script,DAK_PlayerSpotted,Code/Scripts/Test_DAK.cpp:49,games/renegade/content/scripts,,,not_started,,parity,"Parameters: """""
script:DAK_TestScriptOne,script,DAK_TestScriptOne,Code/Scripts/Test_DAK.cpp:35,games/renegade/content/scripts,,,not_started,,parity,"Parameters: """""
script:DAK_Vehicle_Regen_DAK,script,DAK_Vehicle_Regen_DAK,Code/Scripts/Test_DAK.cpp:123,games/renegade/content/scripts,,,not_started,,parity,"Parameters: """""
script:DAY_TestScriptOne,script,DAY_TestScriptOne,Code/Scripts/Test_DAY.cpp:68,games/renegade/content/scripts,,,not_started,,parity,"Parameters: """""
script:DAY_TestScriptThree,script,DAY_TestScriptThree,Code/Scripts/Test_DAY.cpp:127,games/renegade/content/scripts,,,not_started,,parity,"Parameters: """""
script:DAY_TestScriptTwo,script,DAY_TestScriptTwo,Code/Scripts/Test_DAY.cpp:118,games/renegade/content/scripts,,,not_started,,parity,"Parameters: """""
script:DAY_VTOL_CircleAttack,script,DAY_VTOL_CircleAttack,Code/Scripts/Test_DAY.cpp:136,games/renegade/content/scripts,,,not_started,,parity,"Parameters: """""
script:DEL_VehicleEnterTest,script,DEL_VehicleEnterTest,Code/Scripts/Test_DEL.cpp:45,games/renegade/content/scripts,,,not_started,,parity,"Parameters: ""X:float,Y:float,Z:float"""
script:DLS_ActionComplete_Test,script,DLS_ActionComplete_Test,Code/Scripts/Test_DLS.cpp:1380,games/renegade/content/scripts,,,not_started,,parity,"Parameters: """""
script:DLS_Artillery_Test,script,DLS_Artillery_Test,Code/Scripts/Test_DLS.cpp:1400,games/renegade/content/scripts,,,not_started,,parity,"Parameters: """""
script:DLS_Blink,script,DLS_Blink,Code/Scripts/Test_DLS.cpp:1661,games/renegade/content/scripts,,,not_started,,parity,"Parameters: """""
script:DLS_CNC_Sound,script,DLS_CNC_Sound,Code/Scripts/Test_DLS.cpp:1244,games/renegade/content/scripts,,,not_started,,parity,"Parameters: ""Box_ID:int"""
script:DLS_Camera_Test,script,DLS_Camera_Test,Code/Scripts/Test_DLS.cpp:170,games/renegade/content/scripts,,,not_started,,parity,"Parameters: ""Pan_Loc1_ID=0:int, Pan_Loc2_ID=0:int, Debug_Mode=0:int"""
script:DLS_Cargo_Plane_Test,script,DLS_Cargo_Plane_Test,Code/Scripts/Test_DLS.cpp:942,games/renegade/content/scripts,,,not_started,,parity,"Parameters: """""
script:DLS_Cinematic_Test,script,DLS_Cinematic_Test,Code/Scripts/Test_DLS.cpp:1433,games/renegade/content/scripts,,,not_started,,parity,"Parameters: """""
script:DLS_Cinematic_Test2,script,DLS_Cinematic_Test2,Code/Scripts/Test_DLS.cpp:1497,games/renegade/content/scripts,,,not_started,,parity,"Parameters: """""
script:DLS_Created_Too_Early,script,DLS_Created_Too_Early,Code/Scripts/Test_DLS.cpp:1643,games/renegade/content/scripts,,,not_started,,parity,"Parameters: """""
script:DLS_Drop_Unit,script,DLS_Drop_Unit,Code/Scripts/Test_DLS.cpp:1214,games/renegade/content/scripts,,,not_started,,parity,"Parameters: ""Box_ID:int"""
script:DLS_Filing_Cabinet,script,DLS_Filing_Cabinet,Code/Scripts/Test_DLS.cpp:480,games/renegade/content/scripts,,,not_started,,parity,"Parameters: ""Debug_Mode=0:int"""
script:DLS_Flame_Tank_Test,script,DLS_Flame_Tank_Test,Code/Scripts/Test_DLS.cpp:873,games/renegade/content/scripts,,,not_started,,parity,"Parameters: """""
script:DLS_Goto_Unit,script,DLS_Goto_Unit,Code/Scripts/Test_DLS.cpp:1325,games/renegade/content/scripts,,,not_started,,parity,"Parameters: """""
script:DLS_Gun_Test,script,DLS_Gun_Test,Code/Scripts/Test_DLS.cpp:291,games/renegade/content/scripts,,,not_started,,parity,"Parameters: ""Debug_Mode=0:int"""
script:DLS_InnateIsStationary_Test,script,DLS_InnateIsStationary_Test,Code/Scripts/Test_DLS.cpp:136,games/renegade/content/scripts,,,not_started,,parity,"Parameters: """""
script:DLS_Innate_Disable,script,DLS_Innate_Disable,Code/Scripts/Test_DLS.cpp:1727,games/renegade/content/scripts,,,not_started,,parity,"Parameters: """""
script:DLS_Innate_Force_State,script,DLS_Innate_Force_State,Code/Scripts/Test_DLS.cpp:896,games/renegade/content/scripts,,,not_started,,parity,"Parameters: """""
script:DLS_Invulnerable_Test,script,DLS_Invulnerable_Test,Code/Scripts/Test_DLS.cpp:112,games/renegade/content/scripts,,,not_started,,parity,"Parameters: """""
script:DLS_Math,script,DLS_Math,Code/Scripts/Test_DLS.cpp:1679,games/renegade/content/scripts,,,not_started,,parity,"Parameters: """""
script:DLS_No_Innate,script,DLS_No_Innate,Code/Scripts/Test_DLS.cpp:1368,games/renegade/content/scripts,,,not_started,,parity,"Parameters: """""
script:DLS_Playertype,script,DLS_Playertype,Code/Scripts/Test_DLS.cpp:1351,games/renegade/content/scripts,,,not_started,,parity,"Parameters: """""
script:DLS_Rappelling_Activate,script,DLS_Rappelling_Activate,Code/Scripts/Test_DLS.cpp:365,games/renegade/content/scripts,,,not_started,,parity,"Parameters: ""Debug_Mode=0:int"""
script:DLS_SSM_Test,script,DLS_SSM_Test,Code/Scripts/Test_DLS.cpp:1474,games/renegade/content/scripts,,,not_started,,parity,"Parameters: """""
script:DLS_SpawnTest,script,DLS_SpawnTest,Code/Scripts/Test_DLS.cpp:26,games/renegade/content/scripts,,,not_started,,parity,"Parameters: """""
script:DLS_Spawn_Engineer,script,DLS_Spawn_Engineer,Code/Scripts/Test_DLS.cpp:1257,games/renegade/content/scripts,,,not_started,,parity,"Parameters: """""
script:DLS_Spawn_Engineer2,script,DLS_Spawn_Engineer2,Code/Scripts/Test_DLS.cpp:1271,games/renegade/content/scripts,,,not_started,,parity,"Parameters: """""
script:DLS_Spawner,script,DLS_Spawner,Code/Scripts/Test_DLS.cpp:54,games/renegade/content/scripts,,,not_started,,parity,"Parameters: """""
script:DLS_Star_No_Fall,script,DLS_Star_No_Fall,Code/Scripts/Test_DLS.cpp:3227,games/renegade/content/scripts,,,not_started,,parity,"Parameters: """""
script:DLS_Tank_Path_Test,script,DLS_Tank_Path_Test,Code/Scripts/Test_DLS.cpp:390,games/renegade/content/scripts,,,not_started,,parity,"Parameters: ""Debug_Mode=0:int"""
script:DLS_Test_Apache,script,DLS_Test_Apache,Code/Scripts/Test_DLS.cpp:1293,games/renegade/content/scripts,,,not_started,,parity,"Parameters: """""
script:DLS_Test_Conversation,script,DLS_Test_Conversation,Code/Scripts/Test_DLS.cpp:1161,games/renegade/content/scripts,,,not_started,,parity,"Parameters: ""Debug_Mode=0:int"""
script:DLS_Test_Evac,script,DLS_Test_Evac,Code/Scripts/Test_DLS.cpp:1692,games/renegade/content/scripts,,,not_started,,parity,"Parameters: """""
script:DLS_Test_Flyovers,script,DLS_Test_Flyovers,Code/Scripts/Test_DLS.cpp:1571,games/renegade/content/scripts,,,not_started,,parity,"Parameters: """""
script:DLS_Test_Hand_Over_Head,script,DLS_Test_Hand_Over_Head,Code/Scripts/Test_DLS.cpp:1619,games/renegade/content/scripts,,,not_started,,parity,"Parameters: """""
script:DLS_Test_Homepoint,script,DLS_Test_Homepoint,Code/Scripts/Test_DLS.cpp:1285,games/renegade/content/scripts,,,not_started,,parity,"Parameters: """""
script:DLS_Test_NULL,script,DLS_Test_NULL,Code/Scripts/Test_DLS.cpp:331,games/renegade/content/scripts,,,not_started,,parity,"Parameters: ""Debug_Mode=0:int"""
script:DLS_Test_Pickup,script,DLS_Test_Pickup,Code/Scripts/Test_DLS.cpp:799,games/renegade/content/scripts,,,not_started,,parity,"Parameters: ""Debug_Mode=0:int"""
script:DLS_Test_Tank,script,DLS_Test_Tank,Code/Scripts/Test_DLS.cpp:1309,games/renegade/content/scripts,,,not_started,,parity,"Parameters: """""
script:DLS_Test_Zone_Timer,script,DLS_Test_Zone_Timer,Code/Scripts/Test_DLS.cpp:1189,games/renegade/content/scripts,,,not_started,,parity,"Parameters: ""Debug_Mode=0:int"""
script:DLS_Two_Way,script,DLS_Two_Way,Code/Scripts/Test_DLS.cpp:71,games/renegade/content/scripts,,,not_started,,parity,"Parameters: """""
script:DLS_Vehicle_Follow,script,DLS_Vehicle_Follow,Code/Scripts/Test_DLS.cpp:441,games/renegade/content/scripts,,,not_started,,parity,"Parameters: ""Debug_Mode=0:int"""
script:DLS_Volcano_Active,script,DLS_Volcano_Active,Code/Scripts/Mission03.cpp:5375,games/renegade/content/scripts,,,not_started,,parity,"Parameters: ""Receive_Type=0:int, Receive_Param=0:int, Volcano_Timer_Id=0:int, Volcano_Delay=0.0:float, Explosion_Delay_Min=0.0:float, Explosion_Delay_Max=0.0:float, Rumble_Delay_Min=0.0:float, Rumble_Delay_Max=0.0:float, Debug_Mode=0:int"""
script:DLS_Volcano_Stumble,script,DLS_Volcano_Stumble,Code/Scripts/Mission03.cpp:5546,games/renegade/content/scripts,,,not_started,,parity,"Parameters: ""Debug_Mode=0:int"""
script:DLS_Waypath_Test,script,DLS_Waypath_Test,Code/Scripts/Test_DLS.cpp:585,games/renegade/content/scripts,,,not_started,,parity,"Parameters: ""Debug_Mode=0:int"""
script:DLS_Where_Am_I,script,DLS_Where_Am_I,Code/Scripts/Test_DLS.cpp:1531,games/renegade/content/scripts,,,not_started,,parity,"Parameters: """""
script:DME_Cinematic_Test,script,DME_Cinematic_Test,Code/Scripts/Test_DME.cpp:1014,games/renegade/content/scripts,,,not_started,,parity,"Parameters: """""
script:DME_Cinematic_Zone,script,DME_Cinematic_Zone,Code/Scripts/Mission10.cpp:2886,games/renegade/content/scripts,,,not_started,,parity,"Parameters: """""
script:DME_Destroy_Item,script,DME_Destroy_Item,Code/Scripts/Test_DME.cpp:198,games/renegade/content/scripts,,,not_started,,parity,"Parameters: ""timer_length: float"""
script:DME_Test_Ejected_Soldier,script,DME_Test_Ejected_Soldier,Code/Scripts/Test_DME.cpp:233,games/renegade/content/scripts,,,not_started,,parity,"Parameters: """""
script:DME_Test_Paradrop,script,DME_Test_Paradrop,Code/Scripts/Test_DME.cpp:251,games/renegade/content/scripts,,,not_started,,parity,"Parameters: """""
script:DME_Test_Powerup,script,DME_Test_Powerup,Code/Scripts/Test_DME.cpp:37,games/renegade/content/scripts,,,not_started,,parity,"Parameters: """""
script:DME_Test_Work_Area,script,DME_Test_Work_Area,Code/Scripts/Test_DME.cpp:671,games/renegade/content/scripts,,,not_started,,parity,"Parameters: """""
script:DME_Test_Worker_Wander,script,DME_Test_Worker_Wander,Code/Scripts/Test_DME.cpp:304,games/renegade/content/scripts,,,not_started,,parity,"Parameters: ""Work_Area=3:int"""
script:DME_Waypath_test,script,DME_Waypath_test,Code/Scripts/Test_DME.cpp:216,games/renegade/content/scripts,,,not_started,,parity,"Parameters: """""
script:Dr_Mobius_Script,script,Dr_Mobius_Script,Code/Scripts/DrMobius.cpp:40,games/renegade/content/scripts,,,not_started,,parity,"Parameters: """""
script:GTH_Create_Object_On_Enter,script,GTH_Create_Object_On_Enter,Code/Scripts/Test_GTH.cpp:183,games/renegade/content/scripts,,,not_started,,parity,"Parameters: ""Create_Object=:string,Position:vector3,Min_Delay=10:int,Max_Creations=1:int,Probability=100:int,Player_Type=2:int"""
script:GTH_Create_Objective,script,GTH_Create_Objective,Code/Scripts/Test_GTH.cpp:469,games/renegade/content/scripts,,,not_started,,parity,"Parameters: ""Creation_Type=0:int,Objective_ID=0:int,Objective_Type=0:int,Short_Desc_ID=0:int,Long_Desc_ID=0:int,Priority=90:float,Position:vector3,Pog_Texture:string"""
script:GTH_Credit_Trickle,script,GTH_Credit_Trickle,Code/Scripts/Test_GTH.cpp:769,games/renegade/content/scripts,,,not_started,,parity,"Parameters: ""Credits=1:int,Delay=2.0:float"""
script:GTH_Drop_Object_On_Death,script,GTH_Drop_Object_On_Death,Code/Scripts/Test_GTH.cpp:43,games/renegade/content/scripts,,,not_started,,parity,"Parameters: ""Drop_Object=:string,Drop_Height=0.25:float,Probability=100:int"""
script:GTH_Drop_Object_On_Death_Zone,script,GTH_Drop_Object_On_Death_Zone,Code/Scripts/Test_GTH.cpp:79,games/renegade/content/scripts,,,not_started,,parity,"Parameters: ""Custom_Message=20000:int,Drop_Object=:string,Drop_Height=0.25:float,Probability=100:int"""
script:GTH_Enable_Spawner_On_Enter,script,GTH_Enable_Spawner_On_Enter,Code/Scripts/Test_GTH.cpp:799,games/renegade/content/scripts,,,not_started,,parity,"Parameters: ""SpawnerID=0:int,Player_Type=2:int,Enable=1:int"""
script:GTH_Objective_Complete_Enter_Kill_Poke,script,GTH_Objective_Complete_Enter_Kill_Poke,Code/Scripts/Test_GTH.cpp:527,games/renegade/content/scripts,,,not_started,,parity,"Parameters: ""Objective_ID=0:int, Success=1:int, Player_Type=2:int"""
script:GTH_On_Enter_Mission_Complete,script,GTH_On_Enter_Mission_Complete,Code/Scripts/Test_GTH.cpp:379,games/renegade/content/scripts,,,not_started,,parity,"Parameters: ""Success=1:int, Player_Type=2:int"""
script:GTH_On_Killed_Mission_Complete,script,GTH_On_Killed_Mission_Complete,Code/Scripts/Test_GTH.cpp:420,games/renegade/content/scripts,,,not_started,,parity,"Parameters: ""Success=1:int, Player_Type=2:int"""
script:GTH_Speed_Controlled_Anim,script,GTH_Speed_Controlled_Anim,Code/Scripts/Test_GTH.cpp:272,games/renegade/content/scripts,,,not_started,,parity,"Parameters: ""Stop_Speed=0.1:float,StopAnim=none:string,Walk_Speed=5.0:float,Walk_Anim=none:string,Run_Anim=none:string,Update_Rate=0.1:float"""
script:GTH_User_Controllable_Base_Defense,script,GTH_User_Controllable_Base_Defense,Code/Scripts/Test_GTH.cpp:582,games/renegade/content/scripts,,,not_started,,parity,"Parameters: ""MinAttackDistance=0:int, MaxAttackDistance=300:int, AttackTimer=10:int"""
script:GTH_Zone_Send_Custom,script,GTH_Zone_Send_Custom,Code/Scripts/Test_GTH.cpp:149,games/renegade/content/scripts,,,not_started,,parity,"Parameters: ""Enter_Message=20000:int,Enter_Param=1:int,Exit_Message=20000:int,Exit_Param=0:int"""
script:Havoc_Script,script,Havoc_Script,Code/Scripts/MissionX0.cpp:462,games/renegade/content/scripts,,,not_started,,parity,"Parameters: """""
script:M00_5MetalBarrels_ChainRxn_Controller_JDG,script,M00_5MetalBarrels_ChainRxn_Controller_JDG,Code/Scripts/Toolkit.cpp:386,games/renegade/content/scripts,,,not_started,,parity,"Parameters: ""Barrel01_Location:vector3, Barrel01_Type (1-8):int, Barrel01_Facing = 0:float, Barrel02_Location:vector3, Barrel02_Type (1-8):int, Barrel02_Facing = 0:float, Barrel03_Location:vector3, Barrel03_Type (1-8):int, Barrel03_Facing = 0:float, Barrel04_Location:vector3, Barrel04_Type (1-8):int, Barrel04_Facing = 0:float, Barrel05_Location:vector3, Barrel05_Type (1-8):int, Barrel05_Facing = 0:float"""
script:M00_Action,script,M00_Action,Code/Scripts/Toolkit_Actions.cpp:74,games/renegade/content/scripts,,,not_started,,parity,"Parameters: ""Start_Now=0:int, Receive_Type=14:int, Receive_Param_On=1:int, Receive_Param_Off=0:int, Action_Priority=99:int, Action_ID=0:int, _Move_Target_ID=0:int, _Move_Following=0:int, _Move_Destination:vector3, _Move_Waypath_ID=0:int, _Move_Waypath_Start_ID=0:int, _Move_Waypath_End_ID:int, _Move_Waypath_Splined=0:int, _Move_Arrive_Distance=1.0:float, _Move_Speed=1.0:float, _Move_Crouch=0:int, _Move_Backwards=0:int, _Move_Pathfind=1:int, _Attack_Target_ID=0:int, _Attack_Location:vector3, _Attack_Range=100.0:float, _Attack_Deviation=0.0:float, _Attack_Primary=1:int, _Attack_Crouched=0:int, Debug_Mode=0:int"""
script:M00_Action_Innate_Follow_Player,script,M00_Action_Innate_Follow_Player,Code/Scripts/Toolkit_Actions.cpp:374,games/renegade/content/scripts,,,not_started,,parity,"Parameters: """""
script:M00_Action_Innate_Follow_Waypath,script,M00_Action_Innate_Follow_Waypath,Code/Scripts/Toolkit_Actions.cpp:340,games/renegade/content/scripts,,,not_started,,parity,"Parameters: ""Waypath_ID:int"""
script:M00_Action_Set_Home_Location,script,M00_Action_Set_Home_Location,Code/Scripts/Toolkit_Actions.cpp:313,games/renegade/content/scripts,,,not_started,,parity,"Parameters: ""Start_Now=1:int, Receive_Type:int, Receive_Param_On:int, Home_Location:vector3, Wander_Distance=99999.0:float"""
script:M00_Activate_Weapon_At_Location_On_Frame_RMV,script,M00_Activate_Weapon_At_Location_On_Frame_RMV,Code/Scripts/Toolkit.cpp:233,games/renegade/content/scripts,,,not_started,,parity,"Parameters: ""Frame:int, Primary_Weapon=1:int, Duration:float, Target:vector3, Start_Timer_ID:int, Stop_Timer_ID"""
script:M00_Activate_Weapon_At_Location_On_Timer_RMV,script,M00_Activate_Weapon_At_Location_On_Timer_RMV,Code/Scripts/Toolkit.cpp:267,games/renegade/content/scripts,,,not_started,,parity,"Parameters: ""Delay:float, Primary_Weapon=1:int, Duration:float, Target:vector3, Start_Timer_ID:int, Stop_Timer_ID:int"""
script:M00_Activate_Weapon_At_Object_On_Frame_RMV,script,M00_Activate_Weapon_At_Object_On_Frame_RMV,Code/Scripts/Toolkit.cpp:153,games/renegade/content/scripts,,,not_started,,parity,"Parameters: ""Frame:int, Primary_Weapon=1:int, Duration:float, Target_ID:int, Start_Timer_ID:int, Stop_Timer_ID"""
script:M00_Activate_Weapon_At_Object_On_Timer_RMV,script,M00_Activate_Weapon_At_Object_On_Timer_RMV,Code/Scripts/Toolkit.cpp:193,games/renegade/content/scripts,,,not_started,,parity,"Parameters: ""Delay:float, Primary_Weapon=1:int, Duration:float, Target_ID:int, Start_Timer_ID:int, Stop_Timer_ID:int"""
script:M00_Advanced_Guard_Tower,script,M00_Advanced_Guard_Tower,Code/Scripts/Toolkit.cpp:705,games/renegade/content/scripts,,,not_started,,parity,"Parameters: """""
script:M00_Advanced_Guard_Tower_Gun,script,M00_Advanced_Guard_Tower_Gun,Code/Scripts/Toolkit.cpp:946,games/renegade/content/scripts,,,not_started,,parity,"Parameters: """""
script:M00_Advanced_Guard_Tower_Missile,script,M00_Advanced_Guard_Tower_Missile,Code/Scripts/Toolkit.cpp:1028,games/renegade/content/scripts,,,not_started,,parity,"Parameters: """""
script:M00_Animation_Play_Drop_Object_Attach_Script_RMV,script,M00_Animation_Play_Drop_Object_Attach_Script_RMV,Code/Scripts/Toolkit_Animations.cpp:213,games/renegade/content/scripts,,,not_started,,parity,"Parameters: ""Start_Now=0:int, Receive_Type:int, Receive_Param_On=1:int, Receive_Param_Off=0:int, Action_Priority:int, Action_ID:int, Animation:string, Drop_Frame:int, Drop_Object:string, Drop_Bone:string, Script_Name:string, Script_Params:string, Debug_Mode=0:int"""
script:M00_Animation_Play_Drop_Object_RMV,script,M00_Animation_Play_Drop_Object_RMV,Code/Scripts/Toolkit_Animations.cpp:144,games/renegade/content/scripts,,,not_started,,parity,"Parameters: ""Start_Now=0:int, Receive_Type:int, Receive_Param_On=1:int, Receive_Param_Off=1:int, Action_Priority:int, Action_ID:int, Animation:string, Drop_Frame:int, Drop_Object:string, Drop_Bone:string, Debug_Mode=0:int"""
script:M00_Animation_Play_RMV,script,M00_Animation_Play_RMV,Code/Scripts/Toolkit_Animations.cpp:87,games/renegade/content/scripts,,,not_started,,parity,"Parameters: ""Start_Now=0:int, Receive_Type:int, Receive_Param_On=1:int, Receive_Param_Off=0:int, Action_Priority:int, Action_ID:int, Animation:string, Loop=0:int, Debug_Mode=0:int"""
script:M00_ArmorMedal_TextMessage_JDG,script,M00_ArmorMedal_TextMessage_JDG,Code/Scripts/Toolkit.cpp:1731,games/renegade/content/scripts,,,not_started,,parity,"Parameters: """""
script:M00_BUILDING_EXPLODE_NO_DAMAGE_DAK,script,M00_BUILDING_EXPLODE_NO_DAMAGE_DAK,Code/Scripts/Test_DAK.cpp:189,games/renegade/content/scripts,,,not_started,,parity,"Parameters: """""
script:M00_Base_Defense,script,M00_Base_Defense,Code/Scripts/Toolkit.cpp:1923,games/renegade/content/scripts,,,not_started,,parity,"Parameters: ""MinAttackDistance=0:int, MaxAttackDistance=300:int, AttackTimer=10:int"""
script:M00_Broadcaster_Activator_RAD,script,M00_Broadcaster_Activator_RAD,Code/Scripts/Toolkit_Broadcaster.cpp:502,games/renegade/content/scripts,,,not_started,,parity,"Parameters: ""Terminal_ID:int, Prompt_Value=0:int, Debug_Mode=0:int"""
script:M00_Broadcaster_Register_RAD,script,M00_Broadcaster_Register_RAD,Code/Scripts/Toolkit_Broadcaster.cpp:59,games/renegade/content/scripts,,,not_started,,parity,"Parameters: ""Terminal_ID:int, Send_Attempts=3:int, Send_Delay=1:int, Debug_Mode=0:int"""
script:M00_Broadcaster_Terminal_RAD,script,M00_Broadcaster_Terminal_RAD,Code/Scripts/Toolkit_Broadcaster.cpp:168,games/renegade/content/scripts,,,not_started,,parity,"Parameters: ""Random_Percentage=100.0:float, Random_Param_Min=0:int, Random_Param_Max=0:int, Debug_Mode=0:int"""
script:M00_BuildingStateSoundController,script,M00_BuildingStateSoundController,Code/Scripts/Toolkit_Sounds.cpp:920,games/renegade/content/scripts,,,not_started,,parity,"Parameters: ""BuildingSpeaker_ID:int"""
script:M00_BuildingStateSoundSpeaker,script,M00_BuildingStateSoundSpeaker,Code/Scripts/Toolkit_Sounds.cpp:772,games/renegade/content/scripts,,,not_started,,parity,"Parameters: ""Sound_Normal:string,Sound_Destroyed:string,BuildingController_ID:int,Is_3D=1:int,Offset:vector3,Offset_Randomness:vector3,Frequency_Min=-1:float,Frequency_Max:float,Is_3D_Destroyed=1:int,Offset_Destroyed:vector3,Offset_Randomness_Destroyed:vector3,Frequency_Min_Destroyed=-1:float,Frequency_Max_Destroyed:float, Explosion_Name:string"""
script:M00_C130_Dropoff_RMV,script,M00_C130_Dropoff_RMV,Code/Scripts/Test_RMV.cpp:55,games/renegade/content/scripts,,,not_started,,parity,"Parameters: ""ObjToCreate=:string"""
script:M00_C130_Explosion,script,M00_C130_Explosion,Code/Scripts/Toolkit.cpp:319,games/renegade/content/scripts,,,not_started,,parity,"Parameters: """""
script:M00_C130_ParaDrop,script,M00_C130_ParaDrop,Code/Scripts/Test_DLS.cpp:962,games/renegade/content/scripts,,,not_started,,parity,"Parameters: ""Preset:string"""
script:M00_CNC_Crate,script,M00_CNC_Crate,Code/Scripts/Toolkit_Powerup.cpp:402,games/renegade/content/scripts,,,not_started,,parity,"Parameters: """""
script:M00_ChainRxn_Barrel_JDG,script,M00_ChainRxn_Barrel_JDG,Code/Scripts/Toolkit.cpp:607,games/renegade/content/scripts,,,not_started,,parity,"Parameters: ""Controller_ID :int"""
script:M00_Change_L3Mutant_RadarMarker_JDG,script,M00_Change_L3Mutant_RadarMarker_JDG,Code/Scripts/Toolkit.cpp:1753,games/renegade/content/scripts,,,not_started,,parity,"Parameters: """""
script:M00_Cinematic_Attack_Command_DLS,script,M00_Cinematic_Attack_Command_DLS,Code/Scripts/Test_Cinematic.cpp:43,games/renegade/content/scripts,,,not_started,,parity,"Parameters: ""AttackDuration=1.0:float"""
script:M00_Cinematic_Kill_Object_DAY,script,M00_Cinematic_Kill_Object_DAY,Code/Scripts/Test_DAY.cpp:318,games/renegade/content/scripts,,,not_started,,parity,"Parameters: """""
script:M00_Commando_Death_Taunt,script,M00_Commando_Death_Taunt,Code/Scripts/Test_RMV.cpp:93,games/renegade/content/scripts,,,not_started,,parity,"Parameters: """""
script:M00_Create_Anim_Effect_DAY,script,M00_Create_Anim_Effect_DAY,Code/Scripts/Toolkit_Objects.cpp:334,games/renegade/content/scripts,,,not_started,,parity,"Parameters: ""Effect_Model:string"""
script:M00_Create_Random_Explosion_DLS,script,M00_Create_Random_Explosion_DLS,Code/Scripts/Toolkit_Explosions.cpp:135,games/renegade/content/scripts,,,not_started,,parity,"Parameters: ""Explosion_Name:string, Delay_Min=0.0f:float, Delay_Max=4.0f:float, Loc_ID0=0:int, Loc_ID1=0:int, Loc_ID2=0:int, Loc_ID3=0:int, Loc_ID4=0:int, Loc_ID5=0:int, Loc_ID6=0:int, Loc_ID7=0:int, Loc_ID8=0:int, Loc_ID9=0:int"""
script:M00_Damage_Modifier_DME,script,M00_Damage_Modifier_DME,Code/Scripts/Toolkit.cpp:1824,games/renegade/content/scripts,,,not_started,,parity,"Parameters: ""Damage_multiplier:float, Star_Modifier=1:int, NotStar_Modifier=1:int, Killable_By_Star=1:int, Killable_by_NotStar=1:int"""
script:M00_Damaged_Warning,script,M00_Damaged_Warning,Code/Scripts/Test_RMV.cpp:115,games/renegade/content/scripts,,,not_started,,parity,"Parameters: """""
script:M00_Death_Powerup,script,M00_Death_Powerup,Code/Scripts/Toolkit_Powerup.cpp:414,games/renegade/content/scripts,,,not_started,,parity,"Parameters: """""
script:M00_Debug_Text_File_RMV,script,M00_Debug_Text_File_RMV,Code/Scripts/Toolkit.cpp:75,games/renegade/content/scripts,,,not_started,,parity,"Parameters: ""Description=Object:string, Filename=DebugLog.txt:string"""
script:M00_DestroyedStateObject_DAY,script,M00_DestroyedStateObject_DAY,Code/Scripts/Test_DAY.cpp:225,games/renegade/content/scripts,,,not_started,,parity,"Parameters: ""OriginalModelFacing:float,DestroyedModelPreset:string"""
script:M00_Destroyed_Turret,script,M00_Destroyed_Turret,Code/Scripts/Test_RMV.cpp:465,games/renegade/content/scripts,,,not_started,,parity,"Parameters: """""
script:M00_Disable_Loiter_DAY,script,M00_Disable_Loiter_DAY,Code/Scripts/Test_DAY.cpp:300,games/renegade/content/scripts,,,not_started,,parity,"Parameters: """""
script:M00_Disable_Physical_Collision_JDG,script,M00_Disable_Physical_Collision_JDG,Code/Scripts/Toolkit.cpp:303,games/renegade/content/scripts,,,not_started,,parity,"Parameters: """""
script:M00_Disable_Transition,script,M00_Disable_Transition,Code/Scripts/Toolkit_Objects.cpp:445,games/renegade/content/scripts,,,not_started,,parity,"Parameters: """""
script:M00_Enable_Physical_Collision_JDG,script,M00_Enable_Physical_Collision_JDG,Code/Scripts/Toolkit.cpp:311,games/renegade/content/scripts,,,not_started,,parity,"Parameters: """""
script:M00_Explosion_Create_At_Bone_RMV,script,M00_Explosion_Create_At_Bone_RMV,Code/Scripts/Toolkit_Explosions.cpp:101,games/renegade/content/scripts,,,not_started,,parity,"Parameters: ""Start_Now=0:int, Receive_Type:int, Receive_Param_On:int, Explosion_Name:string, Object_ID:int, Bone_Name:string, Debug_Mode=0:int"""
script:M00_Explosion_Create_RMV,script,M00_Explosion_Create_RMV,Code/Scripts/Toolkit_Explosions.cpp:51,games/renegade/content/scripts,,,not_started,,parity,"Parameters: ""Start_Now=0:int, Create_At_Obj=0:int, Receive_Type:int, Receive_Param_On=1:int, Explosion_Name:string, Origin:vector3, Debug_Mode=0:int"""
script:M00_Fire_Gas_Elec_Death_DAK,script,M00_Fire_Gas_Elec_Death_DAK,Code/Scripts/Toolkit_Objects.cpp:463,games/renegade/content/scripts,,,not_started,,parity,"Parameters: ""DeathType=1:int,HealthThreshhold=0.25:float"""
script:M00_Generic_Conv_DME,script,M00_Generic_Conv_DME,Code/Scripts/Toolkit.cpp:1813,games/renegade/content/scripts,,,not_started,,parity,"Parameters: ""ConvName:string"""
script:M00_Generic_Wandering_PMP,script,M00_Generic_Wandering_PMP,Code/Scripts/PRDemo.cpp:563,games/renegade/content/scripts,,,not_started,,parity,"Parameters: ""Wander_radius=:float,Seconds_to_wait=:float"""
script:M00_Global_Objective_Controller_RMV,script,M00_Global_Objective_Controller_RMV,Code/Scripts/Toolkit_Objectives.cpp:344,games/renegade/content/scripts,,,not_started,,parity,"Parameters: ""Set_Type:int, Set_Status:int, Remove:int"""
script:M00_GrantMoney_Powerup,script,M00_GrantMoney_Powerup,Code/Scripts/Toolkit_Powerup.cpp:346,games/renegade/content/scripts,,,not_started,,parity,"Parameters: ""ScoreAmount:float,Entire_Team=0:int,Randomizer=1:int"""
script:M00_GrantPowerup_Created,script,M00_GrantPowerup_Created,Code/Scripts/Test_DAY.cpp:195,games/renegade/content/scripts,,,not_started,,parity,"Parameters: ""WeaponDef:string"""
script:M00_GrantScore_Powerup,script,M00_GrantScore_Powerup,Code/Scripts/Toolkit_Powerup.cpp:315,games/renegade/content/scripts,,,not_started,,parity,"Parameters: ""ScoreAmount:float,Entire_Team=0:int,Randomizer=1:int"""
script:M00_HealthMedal_TextMessage_JDG,script,M00_HealthMedal_TextMessage_JDG,Code/Scripts/Toolkit.cpp:1742,games/renegade/content/scripts,,,not_started,,parity,"Parameters: """""
script:M00_InnateIsStationary,script,M00_InnateIsStationary,Code/Scripts/Mission05.cpp:6736,games/renegade/content/scripts,,,not_started,,parity,"Parameters: """""
script:M00_Ion_Cannon_Sound,script,M00_Ion_Cannon_Sound,Code/Scripts/Test_RMV.cpp:602,games/renegade/content/scripts,,,not_started,,parity,"Parameters: ""Number=0:int"""
script:M00_Monitor_Attached_Primary,script,M00_Monitor_Attached_Primary,Code/Scripts/Toolkit.cpp:328,games/renegade/content/scripts,,,not_started,,parity,"Parameters: """""
script:M00_MutantHeal_Script_JDG,script,M00_MutantHeal_Script_JDG,Code/Scripts/Mission11.cpp:5073,games/renegade/content/scripts,,,not_started,,parity,"Parameters: """""
script:M00_No_Falling_Damage_DME,script,M00_No_Falling_Damage_DME,Code/Scripts/Toolkit_Objects.cpp:364,games/renegade/content/scripts,,,not_started,,parity,"Parameters: """""
script:M00_Nod_Obelisk,script,M00_Nod_Obelisk,Code/Scripts/Toolkit.cpp:1491,games/renegade/content/scripts,,,not_started,,parity,"Parameters: ""Controller_ID=0:int"""
script:M00_Nod_Obelisk_CNC,script,M00_Nod_Obelisk_CNC,Code/Scripts/Toolkit.cpp:1240,games/renegade/content/scripts,,,not_started,,parity,"Parameters: ""Controller_ID=0:int"""
script:M00_Nod_Turret,script,M00_Nod_Turret,Code/Scripts/Toolkit.cpp:1103,games/renegade/content/scripts,,,not_started,,parity,"Parameters: """""
script:M00_NukeStrike_Anim,script,M00_NukeStrike_Anim,Code/Scripts/Toolkit_Explosions.cpp:207,games/renegade/content/scripts,,,not_started,,parity,"Parameters: """""
script:M00_Obelisk_Weapon,script,M00_Obelisk_Weapon,Code/Scripts/Toolkit.cpp:1559,games/renegade/content/scripts,,,not_started,,parity,"Parameters: """""
script:M00_Obelisk_Weapon_CNC,script,M00_Obelisk_Weapon_CNC,Code/Scripts/Toolkit.cpp:1316,games/renegade/content/scripts,,,not_started,,parity,"Parameters: """""
script:M00_Object_Create_Attach_Script_RMV,script,M00_Object_Create_Attach_Script_RMV,Code/Scripts/Toolkit_Objects.cpp:136,games/renegade/content/scripts,,,not_started,,parity,"Parameters: ""Start_Now=0:int, Receive_Type:int, Receive_Param_On=1:int, Object_To_Create:string, Location:vector3, Facing=0.00:float, Debug_Mode=0:int, Script_To_Attach:string, Script_Params:string"""
script:M00_Object_Create_RMV,script,M00_Object_Create_RMV,Code/Scripts/Toolkit_Objects.cpp:51,games/renegade/content/scripts,,,not_started,,parity,"Parameters: ""Start_Now=0:int, Receive_Type:int, Receive_Param_On=1:int, Object_To_Create:string, Location:vector3, Facing=0.00:float, Debug_Mode=0:int"""
script:M00_Object_Destroy_RMV,script,M00_Object_Destroy_RMV,Code/Scripts/Toolkit_Objects.cpp:99,games/renegade/content/scripts,,,not_started,,parity,"Parameters: ""Receive_Type_Activate:int, Debug_Mode=0:int"""
script:M00_Object_Destroy_Self_RMV,script,M00_Object_Destroy_Self_RMV,Code/Scripts/Toolkit_Objects.cpp:207,games/renegade/content/scripts,,,not_started,,parity,"Parameters: ""Start_Now=1:int, Receive_Type=3:int, Receive_Param_On=1:int, Receive_Param_Off=0:int, Receive_Param_Activate:int, Debug_Mode=0:int"""
script:M00_Objective_Controller_For_Locations_RMV,script,M00_Objective_Controller_For_Locations_RMV,Code/Scripts/Toolkit_Objectives.cpp:135,games/renegade/content/scripts,,,not_started,,parity,"Parameters: ""Objective_ID:int, Objective_Type=1:int, Objective_Description_ID:int, Radar_Blip=1:int, Hidden=0:int, Location:vector3, Custom_Type:int, Activate_Param=0:int, Unhide_Param=0:int, Success_Param:int, Failure_Param:int"""
script:M00_Objective_Controller_For_Objects_Multiple_Triggers_RMV,script,M00_Objective_Controller_For_Objects_Multiple_Triggers_RMV,Code/Scripts/Toolkit_Objectives.cpp:250,games/renegade/content/scripts,,,not_started,,parity,"Parameters: ""Objective_ID:int, Objective_Type=1:int, Objective_Description_ID:int, Hidden=0:int, Custom_Type:int, Activate_Param=0:int, Number_Of_Triggers:int, Trigger_Param:int, Unhide_Param=0:int, Failure_Param:int"""
script:M00_Objective_Controller_For_Objects_RMV,script,M00_Objective_Controller_For_Objects_RMV,Code/Scripts/Toolkit_Objectives.cpp:40,games/renegade/content/scripts,,,not_started,,parity,"Parameters: ""Objective_ID:int, Objective_Type=1:int, Objective_Description_ID:int, Radar_Blip=1:int, Hidden=0:int, Object_ID:int, Custom_Type:int, Activate_Param=0:int, Unhide_Param=0:int, Success_Param:int, Failure_Param:int"""
script:M00_Objective_Radar_Blip_On_Object_RMV,script,M00_Objective_Radar_Blip_On_Object_RMV,Code/Scripts/Toolkit_Objectives.cpp:232,games/renegade/content/scripts,,,not_started,,parity,"Parameters: ""Objective_ID:int, Activate_Type=0:int, Activate_Param=0:int"""
script:M00_PCT_Pokable_DAK,script,M00_PCT_Pokable_DAK,Code/Scripts/Toolkit_Objects.cpp:569,games/renegade/content/scripts,,,not_started,,parity,"Parameters: """""
script:M00_Permanent_No_Falling_Damage_IML,script,M00_Permanent_No_Falling_Damage_IML,Code/Scripts/Toolkit_Objects.cpp:412,games/renegade/content/scripts,,,not_started,,parity,"Parameters: """""
script:M00_PlayAnimation_DestroyObject_DAY,script,M00_PlayAnimation_DestroyObject_DAY,Code/Scripts/Test_DAY.cpp:283,games/renegade/content/scripts,,,not_started,,parity,"Parameters: ""AnimationName:string"""
script:M00_Play_Sound,script,M00_Play_Sound,Code/Scripts/Test_RMV_Toolkit.cpp:504,games/renegade/content/scripts,,,not_started,,parity,"Parameters: ""Sound_Preset:string, Is_3D=1:int, Offset:vector3, Offset_Randomness:vector3, Frequency_Min=-1:float, Frequency_Max:float"""
script:M00_Play_Sound_Object_Bone_DAY,script,M00_Play_Sound_Object_Bone_DAY,Code/Scripts/Test_DAY.cpp:240,games/renegade/content/scripts,,,not_started,,parity,"Parameters: ""Sound_Preset:string, Frequency_Min=-1.0:float, Frequency_Max:float"""
script:M00_PowerUp_Create_When_Killed_JDG,script,M00_PowerUp_Create_When_Killed_JDG,Code/Scripts/Toolkit_Objects.cpp:272,games/renegade/content/scripts,,,not_started,,parity,"Parameters: ""Preset_Name:string,Drop_Percentage=100:float,Create_At_Death_Pos=1:int,Position:vector3,Z_Offset=0.75:float,Spawn_Effect=0:int"""
script:M00_Powerup_Destroy,script,M00_Powerup_Destroy,Code/Scripts/Toolkit_Powerup.cpp:206,games/renegade/content/scripts,,,not_started,,parity,"Parameters: """""
script:M00_Purchase_Terminal_GDI,script,M00_Purchase_Terminal_GDI,Code/Scripts/Toolkit.cpp:1077,games/renegade/content/scripts,,,not_started,,parity,"Parameters: """""
script:M00_Purchase_Terminal_Mutant,script,M00_Purchase_Terminal_Mutant,Code/Scripts/Toolkit.cpp:1094,games/renegade/content/scripts,,,not_started,,parity,"Parameters: """""
script:M00_Purchase_Terminal_NOD,script,M00_Purchase_Terminal_NOD,Code/Scripts/Toolkit.cpp:1085,games/renegade/content/scripts,,,not_started,,parity,"Parameters: """""
script:M00_Put_Script_On_Commando,script,M00_Put_Script_On_Commando,Code/Scripts/Test_RMV.cpp:148,games/renegade/content/scripts,,,not_started,,parity,"Parameters: """""
script:M00_Reinforcement_C130,script,M00_Reinforcement_C130,Code/Scripts/Test_DLS.cpp:1139,games/renegade/content/scripts,,,not_started,,parity,"Parameters: ""Controller_ID:int"""
script:M00_Reveal_Enc_Building_DAY,script,M00_Reveal_Enc_Building_DAY,Code/Scripts/Toolkit_Powerup.cpp:233,games/renegade/content/scripts,,,not_started,,parity,"Parameters: ""BuildingEncyclopediaID:int"""
script:M00_Reveal_Enc_Character_DAY,script,M00_Reveal_Enc_Character_DAY,Code/Scripts/Toolkit_Powerup.cpp:251,games/renegade/content/scripts,,,not_started,,parity,"Parameters: ""CharacterEncyclopediaID:int"""
script:M00_Reveal_Enc_Vehicle_DAY,script,M00_Reveal_Enc_Vehicle_DAY,Code/Scripts/Toolkit_Powerup.cpp:269,games/renegade/content/scripts,,,not_started,,parity,"Parameters: ""VehicleEncyclopediaID:int"""
script:M00_Reveal_Enc_Weapon_DAY,script,M00_Reveal_Enc_Weapon_DAY,Code/Scripts/Toolkit_Powerup.cpp:288,games/renegade/content/scripts,,,not_started,,parity,"Parameters: ""WeaponEncyclopediaID:int"""
script:M00_SSM_DLS,script,M00_SSM_DLS,Code/Scripts/Toolkit.cpp:1761,games/renegade/content/scripts,,,not_started,,parity,"Parameters: """""
script:M00_Screenshot_Poser_DAY,script,M00_Screenshot_Poser_DAY,Code/Scripts/Test_DAY.cpp:36,games/renegade/content/scripts,,,not_started,,parity,"Parameters: ""Anim_Name:string"""
script:M00_Select_Empty_Hands,script,M00_Select_Empty_Hands,Code/Scripts/Toolkit.cpp:1710,games/renegade/content/scripts,,,not_started,,parity,"Parameters: ""On_Created=1:int"""
script:M00_Send_Object_ID,script,M00_Send_Object_ID,Code/Scripts/Toolkit_Objects.cpp:578,games/renegade/content/scripts,,,not_started,,parity,"Parameters: ""Receiver_ID:int, Param=0:int, Delay=1.0f:int"""
script:M00_Set_Background_Music_DAY,script,M00_Set_Background_Music_DAY,Code/Scripts/Test_DAY.cpp:328,games/renegade/content/scripts,,,not_started,,parity,"Parameters: ""MusicFile:string"""
script:M00_Siege_Actor_RAD,script,M00_Siege_Actor_RAD,Code/Scripts/Toolkit_Siege.cpp:168,games/renegade/content/scripts,,,not_started,,parity,"Parameters: ""Start_Now=1:int, Receive_Type:int, Receive_Param_On=1:int, Receive_Param_Off=0:int, My_Group_ID=0:int, Debug_Mode=0:int"""
script:M00_Siege_Zone_RAD,script,M00_Siege_Zone_RAD,Code/Scripts/Toolkit_Siege.cpp:40,games/renegade/content/scripts,,,not_started,,parity,"Parameters: ""Start_Now=1:int, Receive_Type:int, Receive_Param_On=1:int, Receive_Param_Off=0:int, Wander_Distance=3.0:float, My_Group_ID=0:int, Attraction_Radius=20.0:float, Debug_Mode=0:int"""
script:M00_Soldier_Powerup_Disable,script,M00_Soldier_Powerup_Disable,Code/Scripts/Toolkit_Powerup.cpp:188,games/renegade/content/scripts,,,not_started,,parity,"Parameters: """""
script:M00_Soldier_Powerup_Grant,script,M00_Soldier_Powerup_Grant,Code/Scripts/Toolkit_Powerup.cpp:71,games/renegade/content/scripts,,,not_started,,parity,"Parameters: """""
script:M00_Sound_Building_Ambient_RAD,script,M00_Sound_Building_Ambient_RAD,Code/Scripts/Toolkit_Sounds.cpp:608,games/renegade/content/scripts,,,not_started,,parity,"Parameters: ""Building_ID=0:int, Building_Type=0:int, Building Facing=0:int"""
script:M00_Sound_Play_2D_RAD,script,M00_Sound_Play_2D_RAD,Code/Scripts/Toolkit_Sounds.cpp:79,games/renegade/content/scripts,,,not_started,,parity,"Parameters: ""Start_Now=0:int, Receive_Type:int, Receive_Param_On=1:int, Receive_Param_Off=0:int, Sound_Effect:string, Play_Count=1:int, Sound_Delay_Min=0.1:float, Sound_Delay_Max=0.1:float, Debug_Mode=0:int"""
script:M00_Sound_Play_3D_At_Bone_RMV,script,M00_Sound_Play_3D_At_Bone_RMV,Code/Scripts/Toolkit_Sounds.cpp:433,games/renegade/content/scripts,,,not_started,,parity,"Parameters: ""Start_Now=0:int, Receive_Type:int, Receive_Param_On=1:int, Receive_Param_Off=0:int, Object_ID:int, Bone_Name:string, Sound_Effect:string, Play_Count=1:int, Sound_Delay_Min=0.1:float, Sound_Delay_Max=0.1:float, Debug_Mode=0:int"""
script:M00_Sound_Play_3D_At_Location_RMV,script,M00_Sound_Play_3D_At_Location_RMV,Code/Scripts/Toolkit_Sounds.cpp:331,games/renegade/content/scripts,,,not_started,,parity,"Parameters: ""Start_Now=0:int, Receive_Type:int, Receive_Param_On=1:int, Receive_Param_Off=0:int, Sound_Effect:string, Play_Count=1:int, Sound_Delay_Min=0.1:float, Sound_Delay_Max=0.1:float, Origin:vector3, Debug_Mode=0:int"""
script:M00_Sound_Play_3D_On_Object_RAD,script,M00_Sound_Play_3D_On_Object_RAD,Code/Scripts/Toolkit_Sounds.cpp:185,games/renegade/content/scripts,,,not_started,,parity,"Parameters: ""Start_Now=0:int, Receive_Type:int, Receive_Param_On=1:int, Receive_Param_Off=0:int, Object_ID:int, Sound_Effect:string, Play_Count=1:int, Sound_Delay_Min=0.1:float, Sound_Delay_Max=0.1:float, Debug_Mode=0:int"""
script:M00_Spawner_Controller_RMV,script,M00_Spawner_Controller_RMV,Code/Scripts/Toolkit_Spawners.cpp:40,games/renegade/content/scripts,,,not_started,,parity,"Parameters: ""Spawner_ID:int, Custom_Type_To_Enable:int, Custom_Type_To_Trigger:int, On_When_Created=0:int"""
script:M00_Test_Sound_RAD,script,M00_Test_Sound_RAD,Code/Scripts/Test_RAD.cpp:3211,games/renegade/content/scripts,,,not_started,,parity,"Parameters: """""
script:M00_Tiberium_Refinery,script,M00_Tiberium_Refinery,Code/Scripts/Toolkit_Powerup.cpp:380,games/renegade/content/scripts,,,not_started,,parity,"Parameters: ""MoneyAmount:int,TimerLength:int"""
script:M00_Trigger_State_Sequence_RAD,script,M00_Trigger_State_Sequence_RAD,Code/Scripts/Toolkit_Triggers.cpp:1322,games/renegade/content/scripts,,,not_started,,parity,"Parameters: ""Start_Now=0:int, Receive_Type:int, Num_States=2:int, Loop_States=0:int, Send_Type:int, Target_ID:int, Min_Delay=0.0:float, Max_Delay=0.0:float, Debug_Mode=0:int"""
script:M00_Trigger_Timer_Expired_RAD,script,M00_Trigger_Timer_Expired_RAD,Code/Scripts/Toolkit_Triggers.cpp:1187,games/renegade/content/scripts,,,not_started,,parity,"Parameters: ""Start_Now=0:int, Receive_Type=15:int, Receive_Param_On=1:int, Receive_Param_Off=0:int, Timer_Min=0.0:float, Timer_Max=1.0:float, Trigger_Count=0:int, Target_ID:int, Send_Type:int, Send_Param:int, Min_Delay=0.0:float, Max_Delay=0.0:float, Debug_Mode=0:int"""
script:M00_Trigger_When_Action_Complete_RMV,script,M00_Trigger_When_Action_Complete_RMV,Code/Scripts/Toolkit_Triggers.cpp:1007,games/renegade/content/scripts,,,not_started,,parity,"Parameters: ""Start_Now=1:int, Receive_Type=8:int, Receive_Param_On=1:int, Receive_Param_Off=0:int, Target_ID:int, Send_Type:int, Send_Param:int, Min_Delay=0.0:float, Max_Delay=0.0:float, Action_ID:int, Trigger_Count=0:int, Debug_Mode=0:int"""
script:M00_Trigger_When_Animation_Complete_RMV,script,M00_Trigger_When_Animation_Complete_RMV,Code/Scripts/Toolkit_Triggers.cpp:1102,games/renegade/content/scripts,,,not_started,,parity,"Parameters: ""Start_Now=1:int, Receive_Type=9:int, Receive_Param_On=1:int, Receive_Param_Off=0:int, Target_ID:int, Animation_Name:string, Send_Type:int, Send_Param:int, Min_Delay=0.0:float, Max_Delay=0.0:float, Trigger_Count=0:int, Debug_Mode=0:int"""
script:M00_Trigger_When_Created_RMV,script,M00_Trigger_When_Created_RMV,Code/Scripts/Toolkit_Triggers.cpp:261,games/renegade/content/scripts,,,not_started,,parity,"Parameters: ""Target_ID:int, Send_Type:int, Send_Parameter:int, Min_Delay=0.0:float, Max_Delay=0.0:float, Debug_Mode=0:int"""
script:M00_Trigger_When_Damaged_RMV,script,M00_Trigger_When_Damaged_RMV,Code/Scripts/Toolkit_Triggers.cpp:913,games/renegade/content/scripts,,,not_started,,parity,"Parameters: ""Start_Now=1:int, Receive_Type=7:int, Receive_Param_On=1:int, Receive_Param_Off=0:int, Target_ID:int, Send_Type:int, Send_Param:int, Min_Delay=0.0:float, Max_Delay=0.0:float, Trigger_Count=0:int, Debug_Mode=0:int"""
script:M00_Trigger_When_Destroyed_RMV,script,M00_Trigger_When_Destroyed_RMV,Code/Scripts/Toolkit_Triggers.cpp:180,games/renegade/content/scripts,,,not_started,,parity,"Parameters: ""Start_Now=1:int, Receive_Type=2:int, Receive_Param_On=1:int, Receive_Param_Off=0:int, Target_ID:int, Send_Type:int, Send_Param:int, Min_Delay=0.0:float, Max_Delay=0.0:float, Debug_Mode=0:int"""
script:M00_Trigger_When_Enemy_Seen_RMV,script,M00_Trigger_When_Enemy_Seen_RMV,Code/Scripts/Toolkit_Triggers.cpp:822,games/renegade/content/scripts,,,not_started,,parity,"Parameters: ""Start_Now=1:int, Receive_Type=6:int, Receive_Param_On=1:int, Receive_Param_Off=0:int, Target_ID:int, Send_Type:int, Send_Parameter:int, Min_Delay=0.0:float, Max_Delay=0.0:float, Trigger_Count=0:int, Debug_Mode=0:int"""
script:M00_Trigger_When_Killed_RMV,script,M00_Trigger_When_Killed_RMV,Code/Scripts/Toolkit_Triggers.cpp:99,games/renegade/content/scripts,,,not_started,,parity,"Parameters: ""Start_Now=1:int, Receive_Type=1:int, Receive_Param_On=1:int, Receive_Param_Off=0:int, Target_ID:int, Send_Type:int, Send_Param:int, Min_Delay=0.0:float, Max_Delay=0.0:float, Debug_Mode=0:int"""
script:M00_Trigger_Zone_Entered_Or_Exited_RMV,script,M00_Trigger_Zone_Entered_Or_Exited_RMV,Code/Scripts/Toolkit_Triggers.cpp:614,games/renegade/content/scripts,,,not_started,,parity,"Parameters: ""Start_Now=1:int, Receive_Type=5:int, Receive_Param_On=1:int, Receive_Param_Off=0:int, Target_ID:int, Send_Type:int, Send_Param:int, Min_Delay=0.0:float, Max_Delay=0.0:float, Trigger_Count=0:int, Triggerer=0:int, Debug_Mode=0:int"""
script:M00_Trigger_Zone_Entered_RMV,script,M00_Trigger_Zone_Entered_RMV,Code/Scripts/Toolkit_Triggers.cpp:313,games/renegade/content/scripts,,,not_started,,parity,"Parameters: ""Start_Now=1:int, Receive_Type=3:int, Receive_Param_On=1:int, Receive_Param_Off=0:int, Target_ID:int, Send_Type:int, Send_Param:int, Min_Delay=0.0:float, Max_Delay=0.0:float, Trigger_Count=0:int, Triggerer=0:int, Debug_Mode=0:int"""
script:M00_Trigger_Zone_Exited_RMV,script,M00_Trigger_Zone_Exited_RMV,Code/Scripts/Toolkit_Triggers.cpp:464,games/renegade/content/scripts,,,not_started,,parity,"Parameters: ""Start_Now=1:int, Receive_Type=4:int, Receive_Param_On=1:int, Receive_Param_Off=0:int, Target_ID:int, Send_Type:int, Send_Param:int, Min_Delay=0.0:float, Max_Delay=0.0:float, Trigger_Count=0:int, Triggerer=0:int, Debug_Mode=0:int"""
script:M00_Vehicle_Regen_DAK,script,M00_Vehicle_Regen_DAK,Code/Scripts/Toolkit_Objects.cpp:547,games/renegade/content/scripts,,,not_started,,parity,"Parameters: """""
script:M00_VisceroidInnate_DAY,script,M00_VisceroidInnate_DAY,Code/Scripts/Test_DAY.cpp:207,games/renegade/content/scripts,,,not_started,,parity,"Parameters: """""
script:M01_AccessDenied_Zone_JDG,script,M01_AccessDenied_Zone_JDG,Code/Scripts/Mission01.cpp:17460,games/renegade/content/scripts,,,not_started,,parity,"Parameters: """""
script:M01_Airstrike_Controller_JDG,script,M01_Airstrike_Controller_JDG,Code/Scripts/Mission01.cpp:17111,games/renegade/content/scripts,,,not_started,,parity,"Parameters: """""
script:M01_Ambient_Sound_Controller_JDG,script,M01_Ambient_Sound_Controller_JDG,Code/Scripts/Mission01.cpp:2628,games/renegade/content/scripts,,,not_started,,parity,"Parameters: """""
script:M01_Announce_Barn_Objective_Zone,script,M01_Announce_Barn_Objective_Zone,Code/Scripts/Mission01.cpp:4399,games/renegade/content/scripts,,,not_started,,parity,"Parameters: """""
script:M01_Announce_First_ObjectiveZone_JDG,script,M01_Announce_First_ObjectiveZone_JDG,Code/Scripts/Mission01.cpp:17323,games/renegade/content/scripts,,,not_started,,parity,"Parameters: """""
script:M01_Announce_Hand_of_Nod_Zone,script,M01_Announce_Hand_of_Nod_Zone,Code/Scripts/Mission01.cpp:4377,games/renegade/content/scripts,,,not_started,,parity,"Parameters: """""
script:M01_Announce_Prisoner_Objective_Zone,script,M01_Announce_Prisoner_Objective_Zone,Code/Scripts/Mission01.cpp:3139,games/renegade/content/scripts,,,not_started,,parity,"Parameters: """""
script:M01_Announce_TankAirstrikeZone_JDG,script,M01_Announce_TankAirstrikeZone_JDG,Code/Scripts/Mission01.cpp:19734,games/renegade/content/scripts,,,not_started,,parity,"Parameters: """""
script:M01_BackPath_EntranceZone_JDG,script,M01_BackPath_EntranceZone_JDG,Code/Scripts/Mission01.cpp:21569,games/renegade/content/scripts,,,not_started,,parity,"Parameters: """""
script:M01_BackPath_NodGuy_JDG,script,M01_BackPath_NodGuy_JDG,Code/Scripts/Mission01.cpp:10352,games/renegade/content/scripts,,,not_started,,parity,"Parameters: """""
script:M01_BarnArea_AI_ExitZone_JDG,script,M01_BarnArea_AI_ExitZone_JDG,Code/Scripts/Mission01.cpp:7973,games/renegade/content/scripts,,,not_started,,parity,"Parameters: """""
script:M01_BarnArea_Air_Evac_Chopper_JDG,script,M01_BarnArea_Air_Evac_Chopper_JDG,Code/Scripts/Mission01.cpp:12648,games/renegade/content/scripts,,,not_started,,parity,"Parameters: """""
script:M01_BarnArea_Air_Evac_Rope_JDG,script,M01_BarnArea_Air_Evac_Rope_JDG,Code/Scripts/Mission01.cpp:12579,games/renegade/content/scripts,,,not_started,,parity,"Parameters: """""
script:M01_BarnArea_Air_Evac_Waypath_JDG,script,M01_BarnArea_Air_Evac_Waypath_JDG,Code/Scripts/Mission01.cpp:12614,games/renegade/content/scripts,,,not_started,,parity,"Parameters: """""
script:M01_BarnArea_EvacMonitor_JDG,script,M01_BarnArea_EvacMonitor_JDG,Code/Scripts/Mission01.cpp:15451,games/renegade/content/scripts,,,not_started,,parity,"Parameters: """""
script:M01_BarnArea_NOD_Commander_Trigger_Zone02_JDG,script,M01_BarnArea_NOD_Commander_Trigger_Zone02_JDG,Code/Scripts/Mission01.cpp:18168,games/renegade/content/scripts,,,not_started,,parity,"Parameters: """""
script:M01_BarnArea_NOD_Commander_Trigger_Zone_JDG,script,M01_BarnArea_NOD_Commander_Trigger_Zone_JDG,Code/Scripts/Mission01.cpp:14678,games/renegade/content/scripts,,,not_started,,parity,"Parameters: """""
script:M01_Barn_Babushkas_Conversation_Zone_JDG,script,M01_Barn_Babushkas_Conversation_Zone_JDG,Code/Scripts/Mission01.cpp:7771,games/renegade/content/scripts,,,not_started,,parity,"Parameters: """""
script:M01_Barn_Door_Guard_JDG,script,M01_Barn_Door_Guard_JDG,Code/Scripts/Mission01.cpp:7935,games/renegade/content/scripts,,,not_started,,parity,"Parameters: """""
script:M01_Barn_EntryZone_JDG,script,M01_Barn_EntryZone_JDG,Code/Scripts/Mission01.cpp:15377,games/renegade/content/scripts,,,not_started,,parity,"Parameters: """""
script:M01_Barn_Point_Guard_01_JDG,script,M01_Barn_Point_Guard_01_JDG,Code/Scripts/Mission01.cpp:7838,games/renegade/content/scripts,,,not_started,,parity,"Parameters: """""
script:M01_Barn_Point_Guard_02_JDG,script,M01_Barn_Point_Guard_02_JDG,Code/Scripts/Mission01.cpp:7868,games/renegade/content/scripts,,,not_started,,parity,"Parameters: """""
script:M01_Barn_Prisoner_01_JDG,script,M01_Barn_Prisoner_01_JDG,Code/Scripts/Mission01.cpp:12777,games/renegade/content/scripts,,,not_started,,parity,"Parameters: """""
script:M01_Barn_Prisoner_02_JDG,script,M01_Barn_Prisoner_02_JDG,Code/Scripts/Mission01.cpp:12955,games/renegade/content/scripts,,,not_started,,parity,"Parameters: """""
script:M01_Barn_Prisoner_03_JDG,script,M01_Barn_Prisoner_03_JDG,Code/Scripts/Mission01.cpp:13105,games/renegade/content/scripts,,,not_started,,parity,"Parameters: """""
script:M01_Barn_Talk_Guard_01_JDG,script,M01_Barn_Talk_Guard_01_JDG,Code/Scripts/Mission01.cpp:7954,games/renegade/content/scripts,,,not_started,,parity,"Parameters: """""
script:M01_Barn_Truck_JDG,script,M01_Barn_Truck_JDG,Code/Scripts/Mission01.cpp:10100,games/renegade/content/scripts,,,not_started,,parity,"Parameters: """""
script:M01_BasalBuilding_Population_JDG,script,M01_BasalBuilding_Population_JDG,Code/Scripts/Mission01.cpp:7626,games/renegade/content/scripts,,,not_started,,parity,"Parameters: """""
script:M01_Base_GDI_Fodder_JDG,script,M01_Base_GDI_Fodder_JDG,Code/Scripts/Mission01.cpp:18034,games/renegade/content/scripts,,,not_started,,parity,"Parameters: """""
script:M01_Base_GDI_Grenadier_JDG,script,M01_Base_GDI_Grenadier_JDG,Code/Scripts/Mission01.cpp:18879,games/renegade/content/scripts,,,not_started,,parity,"Parameters: """""
script:M01_Base_GDI_Minigunner_JDG,script,M01_Base_GDI_Minigunner_JDG,Code/Scripts/Mission01.cpp:21610,games/renegade/content/scripts,,,not_started,,parity,"Parameters: """""
script:M01_Base_Nod_Minigunner_JDG,script,M01_Base_Nod_Minigunner_JDG,Code/Scripts/Mission01.cpp:17729,games/renegade/content/scripts,,,not_started,,parity,"Parameters: """""
script:M01_Base_POW01_JDG,script,M01_Base_POW01_JDG,Code/Scripts/Mission01.cpp:19325,games/renegade/content/scripts,,,not_started,,parity,"Parameters: """""
script:M01_Base_POW02_JDG,script,M01_Base_POW02_JDG,Code/Scripts/Mission01.cpp:19464,games/renegade/content/scripts,,,not_started,,parity,"Parameters: """""
script:M01_Base_StartZone_JDG,script,M01_Base_StartZone_JDG,Code/Scripts/Mission01.cpp:18065,games/renegade/content/scripts,,,not_started,,parity,"Parameters: """""
script:M01_Beach_Datadisc_JDG,script,M01_Beach_Datadisc_JDG,Code/Scripts/Mission01.cpp:21143,games/renegade/content/scripts,,,not_started,,parity,"Parameters: """""
script:M01_Billys_Conversation_Zone_JDG,script,M01_Billys_Conversation_Zone_JDG,Code/Scripts/Mission01.cpp:5471,games/renegade/content/scripts,,,not_started,,parity,"Parameters: """""
script:M01_BuggyNew_Controller_JDG,script,M01_BuggyNew_Controller_JDG,Code/Scripts/Mission01.cpp:8900,games/renegade/content/scripts,,,not_started,,parity,"Parameters: """""
script:M01_BuggyScript_New_JDG,script,M01_BuggyScript_New_JDG,Code/Scripts/Mission01.cpp:8959,games/renegade/content/scripts,,,not_started,,parity,"Parameters: """""
script:M01_C130_Dropoff_Dude_JDG,script,M01_C130_Dropoff_Dude_JDG,Code/Scripts/Mission01.cpp:18012,games/renegade/content/scripts,,,not_started,,parity,"Parameters: """""
script:M01_C4_TutorialScript_JDG,script,M01_C4_TutorialScript_JDG,Code/Scripts/Mission01.cpp:17430,games/renegade/content/scripts,,,not_started,,parity,"Parameters: """""
script:M01_C4_Tutorial_Zone_JDG,script,M01_C4_Tutorial_Zone_JDG,Code/Scripts/Mission01.cpp:18099,games/renegade/content/scripts,,,not_started,,parity,"Parameters: """""
script:M01_CHURCH_Chinook_Spawned_Soldier01_GDI,script,M01_CHURCH_Chinook_Spawned_Soldier01_GDI,Code/Scripts/Mission01.cpp:9339,games/renegade/content/scripts,,,not_started,,parity,"Parameters: """""
script:M01_CHURCH_Chinook_Spawned_Soldier02_GDI,script,M01_CHURCH_Chinook_Spawned_Soldier02_GDI,Code/Scripts/Mission01.cpp:9628,games/renegade/content/scripts,,,not_started,,parity,"Parameters: """""
script:M01_COMM_Chinook_Spawned_Soldier_GDI,script,M01_COMM_Chinook_Spawned_Soldier_GDI,Code/Scripts/Mission01.cpp:9895,games/renegade/content/scripts,,,not_started,,parity,"Parameters: """""
script:M01_COMM_Commander_Guy,script,M01_COMM_Commander_Guy,Code/Scripts/Mission01.cpp:3181,games/renegade/content/scripts,,,not_started,,parity,"Parameters: """""
script:M01_CantBring_MediumTank_ThroughHereZone_JDG,script,M01_CantBring_MediumTank_ThroughHereZone_JDG,Code/Scripts/Mission01.cpp:20812,games/renegade/content/scripts,,,not_started,,parity,"Parameters: """""
script:M01_ChurchArea_Air_Evac_Chopper_JDG,script,M01_ChurchArea_Air_Evac_Chopper_JDG,Code/Scripts/Mission01.cpp:11983,games/renegade/content/scripts,,,not_started,,parity,"Parameters: """""
script:M01_ChurchArea_Air_Evac_Rope_JDG,script,M01_ChurchArea_Air_Evac_Rope_JDG,Code/Scripts/Mission01.cpp:11914,games/renegade/content/scripts,,,not_started,,parity,"Parameters: """""
script:M01_ChurchArea_Air_Evac_Waypath_JDG,script,M01_ChurchArea_Air_Evac_Waypath_JDG,Code/Scripts/Mission01.cpp:11949,games/renegade/content/scripts,,,not_started,,parity,"Parameters: """""
script:M01_ChurchArea_EvacMonitor_JDG,script,M01_ChurchArea_EvacMonitor_JDG,Code/Scripts/Mission01.cpp:10147,games/renegade/content/scripts,,,not_started,,parity,"Parameters: """""
script:M01_ChurchArea_NOD_Commander_JDG,script,M01_ChurchArea_NOD_Commander_JDG,Code/Scripts/Mission01.cpp:7139,games/renegade/content/scripts,,,not_started,,parity,"Parameters: """""
script:M01_ChurchArea_Spawner_Controller_JDG,script,M01_ChurchArea_Spawner_Controller_JDG,Code/Scripts/Mission01.cpp:6680,games/renegade/content/scripts,,,not_started,,parity,"Parameters: """""
script:M01_ChurchArea_Spawner_Guy_JDG,script,M01_ChurchArea_Spawner_Guy_JDG,Code/Scripts/Mission01.cpp:6825,games/renegade/content/scripts,,,not_started,,parity,"Parameters: """""
script:M01_Church_Balcony_MiniGunner_JDG,script,M01_Church_Balcony_MiniGunner_JDG,Code/Scripts/Mission01.cpp:4269,games/renegade/content/scripts,,,not_started,,parity,"Parameters: """""
script:M01_Church_EvacController_JDG,script,M01_Church_EvacController_JDG,Code/Scripts/Mission01.cpp:11782,games/renegade/content/scripts,,,not_started,,parity,"Parameters: """""
script:M01_Church_Exterior_MiniGunner_JDG,script,M01_Church_Exterior_MiniGunner_JDG,Code/Scripts/Mission01.cpp:4144,games/renegade/content/scripts,,,not_started,,parity,"Parameters: """""
script:M01_Church_Guard_MiniGunner_JDG,script,M01_Church_Guard_MiniGunner_JDG,Code/Scripts/Mission01.cpp:9194,games/renegade/content/scripts,,,not_started,,parity,"Parameters: """""
script:M01_Church_Interior_Nun_JDG,script,M01_Church_Interior_Nun_JDG,Code/Scripts/Mission01.cpp:12297,games/renegade/content/scripts,,,not_started,,parity,"Parameters: """""
script:M01_Church_LoveShack_MiniGunner_JDG,script,M01_Church_LoveShack_MiniGunner_JDG,Code/Scripts/Mission01.cpp:4091,games/renegade/content/scripts,,,not_started,,parity,"Parameters: """""
script:M01_Church_LoveShack_Nun_JDG,script,M01_Church_LoveShack_Nun_JDG,Code/Scripts/Mission01.cpp:12448,games/renegade/content/scripts,,,not_started,,parity,"Parameters: """""
script:M01_Church_Loveshack_InterrogationConv_Zone_JDG,script,M01_Church_Loveshack_InterrogationConv_Zone_JDG,Code/Scripts/Mission01.cpp:9229,games/renegade/content/scripts,,,not_started,,parity,"Parameters: """""
script:M01_Church_Priest_JDG,script,M01_Church_Priest_JDG,Code/Scripts/Mission01.cpp:12089,games/renegade/content/scripts,,,not_started,,parity,"Parameters: """""
script:M01_Civ_To_Minigunner_Guy_JDG,script,M01_Civ_To_Minigunner_Guy_JDG,Code/Scripts/Mission01.cpp:5869,games/renegade/content/scripts,,,not_started,,parity,"Parameters: """""
script:M01_CommCenter_Evacuator_JDG,script,M01_CommCenter_Evacuator_JDG,Code/Scripts/Mission01.cpp:3229,games/renegade/content/scripts,,,not_started,,parity,"Parameters: """""
script:M01_CommCenter_SAMSite_Script,script,M01_CommCenter_SAMSite_Script,Code/Scripts/Mission01.cpp:15682,games/renegade/content/scripts,,,not_started,,parity,"Parameters: """""
script:M01_Comm_Base_Commander_Conv_Start_Zone_JDG,script,M01_Comm_Base_Commander_Conv_Start_Zone_JDG,Code/Scripts/Mission01.cpp:6183,games/renegade/content/scripts,,,not_started,,parity,"Parameters: """""
script:M01_Comm_Base_Commander_JDG,script,M01_Comm_Base_Commander_JDG,Code/Scripts/Mission01.cpp:5887,games/renegade/content/scripts,,,not_started,,parity,"Parameters: """""
script:M01_Comm_Center_Building_Script_JDG,script,M01_Comm_Center_Building_Script_JDG,Code/Scripts/Mission01.cpp:10445,games/renegade/content/scripts,,,not_started,,parity,"Parameters: """""
script:M01_Comm_Center_Exterior_Zone,script,M01_Comm_Center_Exterior_Zone,Code/Scripts/Mission01.cpp:2995,games/renegade/content/scripts,,,not_started,,parity,"Parameters: """""
script:M01_Comm_Center_Interior_Zone,script,M01_Comm_Center_Interior_Zone,Code/Scripts/Mission01.cpp:2984,games/renegade/content/scripts,,,not_started,,parity,"Parameters: """""
script:M01_Comm_Center_Pen_Gate,script,M01_Comm_Center_Pen_Gate,Code/Scripts/Mission01.cpp:15641,games/renegade/content/scripts,,,not_started,,parity,"Parameters: """""
script:M01_Comm_Center_Player_Terminal_Zone,script,M01_Comm_Center_Player_Terminal_Zone,Code/Scripts/Mission01.cpp:11487,games/renegade/content/scripts,,,not_started,,parity,"Parameters: """""
script:M01_Comm_ComputerRoom_Tech_JDG,script,M01_Comm_ComputerRoom_Tech_JDG,Code/Scripts/Mission01.cpp:6048,games/renegade/content/scripts,,,not_started,,parity,"Parameters: """""
script:M01_Comm_Kane_n_Havoc_Conv_Start_Zone_JDG,script,M01_Comm_Kane_n_Havoc_Conv_Start_Zone_JDG,Code/Scripts/Mission01.cpp:6205,games/renegade/content/scripts,,,not_started,,parity,"Parameters: """""
script:M01_Comm_MCT_Placeholder_JDG,script,M01_Comm_MCT_Placeholder_JDG,Code/Scripts/Mission01.cpp:6225,games/renegade/content/scripts,,,not_started,,parity,"Parameters: """""
script:M01_Comm_Mainframe_PogZone_01_JDG,script,M01_Comm_Mainframe_PogZone_01_JDG,Code/Scripts/Mission01.cpp:11445,games/renegade/content/scripts,,,not_started,,parity,"Parameters: """""
script:M01_Comm_Mainframe_PogZone_02_JDG,script,M01_Comm_Mainframe_PogZone_02_JDG,Code/Scripts/Mission01.cpp:11459,games/renegade/content/scripts,,,not_started,,parity,"Parameters: """""
script:M01_Comm_Mainframe_PogZone_03_JDG,script,M01_Comm_Mainframe_PogZone_03_JDG,Code/Scripts/Mission01.cpp:11473,games/renegade/content/scripts,,,not_started,,parity,"Parameters: """""
script:M01_Comm_Repair_Engineer_JDG,script,M01_Comm_Repair_Engineer_JDG,Code/Scripts/Mission01.cpp:10370,games/renegade/content/scripts,,,not_started,,parity,"Parameters: """""
script:M01_Comm_Stationary_Tech_JDG,script,M01_Comm_Stationary_Tech_JDG,Code/Scripts/Mission01.cpp:5988,games/renegade/content/scripts,,,not_started,,parity,"Parameters: """""
script:M01_Comm_Upstairs_Guard_JDG,script,M01_Comm_Upstairs_Guard_JDG,Code/Scripts/Mission01.cpp:6104,games/renegade/content/scripts,,,not_started,,parity,"Parameters: """""
script:M01_Commander_Shack_Zone_JDG,script,M01_Commander_Shack_Zone_JDG,Code/Scripts/Mission01.cpp:15709,games/renegade/content/scripts,,,not_started,,parity,"Parameters: """""
script:M01_ConDropZone_JDG,script,M01_ConDropZone_JDG,Code/Scripts/Mission01.cpp:17986,games/renegade/content/scripts,,,not_started,,parity,"Parameters: """""
script:M01_ConYard_Dropoff_Dude_JDG,script,M01_ConYard_Dropoff_Dude_JDG,Code/Scripts/Mission01.cpp:18001,games/renegade/content/scripts,,,not_started,,parity,"Parameters: """""
script:M01_DataDisc_TextController_JDG,script,M01_DataDisc_TextController_JDG,Code/Scripts/Mission01.cpp:21404,games/renegade/content/scripts,,,not_started,,parity,"Parameters: """""
script:M01_Deco_LightTanks_JDG,script,M01_Deco_LightTanks_JDG,Code/Scripts/Mission01.cpp:17075,games/renegade/content/scripts,,,not_started,,parity,"Parameters: """""
script:M01_Destroyed_SAMSITE_JDG,script,M01_Destroyed_SAMSITE_JDG,Code/Scripts/Mission01.cpp:3212,games/renegade/content/scripts,,,not_started,,parity,"Parameters: """""
script:M01_DetentionCiv_Air_Evac_Chopper_JDG,script,M01_DetentionCiv_Air_Evac_Chopper_JDG,Code/Scripts/Mission01.cpp:8331,games/renegade/content/scripts,,,not_started,,parity,"Parameters: """""
script:M01_DetentionCiv_Air_Evac_Waypath_JDG,script,M01_DetentionCiv_Air_Evac_Waypath_JDG,Code/Scripts/Mission01.cpp:8303,games/renegade/content/scripts,,,not_started,,parity,"Parameters: """""
script:M01_DetentionGDI_Air_Evac_Chopper_JDG,script,M01_DetentionGDI_Air_Evac_Chopper_JDG,Code/Scripts/Mission01.cpp:8498,games/renegade/content/scripts,,,not_started,,parity,"Parameters: """""
script:M01_DetentionGDI_Air_Evac_Waypath_JDG,script,M01_DetentionGDI_Air_Evac_Waypath_JDG,Code/Scripts/Mission01.cpp:8470,games/renegade/content/scripts,,,not_started,,parity,"Parameters: """""
script:M01_DetentionPen_CivDeathMonitor,script,M01_DetentionPen_CivDeathMonitor,Code/Scripts/Mission01.cpp:8142,games/renegade/content/scripts,,,not_started,,parity,"Parameters: """""
script:M01_DetentionPen_Evac_Controller01_JDG,script,M01_DetentionPen_Evac_Controller01_JDG,Code/Scripts/Mission01.cpp:8238,games/renegade/content/scripts,,,not_started,,parity,"Parameters: """""
script:M01_DetentionPen_Evac_Controller02_JDG,script,M01_DetentionPen_Evac_Controller02_JDG,Code/Scripts/Mission01.cpp:8422,games/renegade/content/scripts,,,not_started,,parity,"Parameters: """""
script:M01_DetentionPen_GDIDeathMonitor,script,M01_DetentionPen_GDIDeathMonitor,Code/Scripts/Mission01.cpp:8190,games/renegade/content/scripts,,,not_started,,parity,"Parameters: """""
script:M01_Detention_GuardTower_Enter_Zone_JDG,script,M01_Detention_GuardTower_Enter_Zone_JDG,Code/Scripts/Mission01.cpp:13952,games/renegade/content/scripts,,,not_started,,parity,"Parameters: """""
script:M01_Duncan_Assailer_JDG,script,M01_Duncan_Assailer_JDG,Code/Scripts/Mission01.cpp:21502,games/renegade/content/scripts,,,not_started,,parity,"Parameters: """""
script:M01_Duncan_InHere_ConvController_JDG,script,M01_Duncan_InHere_ConvController_JDG,Code/Scripts/Mission01.cpp:21516,games/renegade/content/scripts,,,not_started,,parity,"Parameters: """""
script:M01_Entering_Church_Area_Zone,script,M01_Entering_Church_Area_Zone,Code/Scripts/Mission01.cpp:2936,games/renegade/content/scripts,,,not_started,,parity,"Parameters: """""
script:M01_Evac_TroopBone_JDG,script,M01_Evac_TroopBone_JDG,Code/Scripts/Mission01.cpp:13367,games/renegade/content/scripts,,,not_started,,parity,"Parameters: """""
script:M01_FP_BaseToBase_NorthSouth_Contoller_JDG,script,M01_FP_BaseToBase_NorthSouth_Contoller_JDG,Code/Scripts/Mission01.cpp:16417,games/renegade/content/scripts,,,not_started,,parity,"Parameters: """""
script:M01_FP_BaseToBase_SouthNorth_Contoller_JDG,script,M01_FP_BaseToBase_SouthNorth_Contoller_JDG,Code/Scripts/Mission01.cpp:16482,games/renegade/content/scripts,,,not_started,,parity,"Parameters: """""
script:M01_FP_GDIOcean_NorthSouth_Contoller_JDG,script,M01_FP_GDIOcean_NorthSouth_Contoller_JDG,Code/Scripts/Mission01.cpp:16946,games/renegade/content/scripts,,,not_started,,parity,"Parameters: """""
script:M01_FP_GDIOcean_SouthNorth_Contoller_JDG,script,M01_FP_GDIOcean_SouthNorth_Contoller_JDG,Code/Scripts/Mission01.cpp:17011,games/renegade/content/scripts,,,not_started,,parity,"Parameters: """""
script:M01_FP_NodBase_Dogfight_Contoller_JDG,script,M01_FP_NodBase_Dogfight_Contoller_JDG,Code/Scripts/Mission01.cpp:16347,games/renegade/content/scripts,,,not_started,,parity,"Parameters: """""
script:M01_FP_NodBase_EastWest_Contoller_JDG,script,M01_FP_NodBase_EastWest_Contoller_JDG,Code/Scripts/Mission01.cpp:16583,games/renegade/content/scripts,,,not_started,,parity,"Parameters: """""
script:M01_FP_NodBase_NorthSouth_Contoller_JDG,script,M01_FP_NodBase_NorthSouth_Contoller_JDG,Code/Scripts/Mission01.cpp:16778,games/renegade/content/scripts,,,not_started,,parity,"Parameters: """""
script:M01_FP_NodBase_SouthNorth_Contoller_JDG,script,M01_FP_NodBase_SouthNorth_Contoller_JDG,Code/Scripts/Mission01.cpp:16862,games/renegade/content/scripts,,,not_started,,parity,"Parameters: """""
script:M01_FP_NodBase_WestEast_Contoller_JDG,script,M01_FP_NodBase_WestEast_Contoller_JDG,Code/Scripts/Mission01.cpp:16693,games/renegade/content/scripts,,,not_started,,parity,"Parameters: """""
script:M01_First_AutoRifle_JDG,script,M01_First_AutoRifle_JDG,Code/Scripts/Mission01.cpp:17305,games/renegade/content/scripts,,,not_started,,parity,"Parameters: """""
script:M01_Flamethrower_Point_Guard_JDG,script,M01_Flamethrower_Point_Guard_JDG,Code/Scripts/Mission01.cpp:4589,games/renegade/content/scripts,,,not_started,,parity,"Parameters: """""
script:M01_Flyover_Generic_Script_JDG,script,M01_Flyover_Generic_Script_JDG,Code/Scripts/Mission01.cpp:2605,games/renegade/content/scripts,,,not_started,,parity,"Parameters: """""
script:M01_FodderHovercraft_Script_JDG,script,M01_FodderHovercraft_Script_JDG,Code/Scripts/Mission01.cpp:21065,games/renegade/content/scripts,,,not_started,,parity,"Parameters: """""
script:M01_GDIBaseCommander_Air_Evac_Chopper_JDG,script,M01_GDIBaseCommander_Air_Evac_Chopper_JDG,Code/Scripts/Mission01.cpp:17496,games/renegade/content/scripts,,,not_started,,parity,"Parameters: """""
script:M01_GDIBaseCommander_Air_Evac_Rope_JDG,script,M01_GDIBaseCommander_Air_Evac_Rope_JDG,Code/Scripts/Mission01.cpp:13414,games/renegade/content/scripts,,,not_started,,parity,"Parameters: """""
script:M01_GDIBaseCommander_Air_Evac_Waypath_JDG,script,M01_GDIBaseCommander_Air_Evac_Waypath_JDG,Code/Scripts/Mission01.cpp:13380,games/renegade/content/scripts,,,not_started,,parity,"Parameters: """""
script:M01_GDIBaseCommander_EvacController_JDG,script,M01_GDIBaseCommander_EvacController_JDG,Code/Scripts/Mission01.cpp:17599,games/renegade/content/scripts,,,not_started,,parity,"Parameters: """""
script:M01_GDIBasePOW_Air_Evac_Chopper_JDG,script,M01_GDIBasePOW_Air_Evac_Chopper_JDG,Code/Scripts/Mission01.cpp:17891,games/renegade/content/scripts,,,not_started,,parity,"Parameters: """""
script:M01_GDIBasePOW_Air_Evac_Rope_JDG,script,M01_GDIBasePOW_Air_Evac_Rope_JDG,Code/Scripts/Mission01.cpp:13289,games/renegade/content/scripts,,,not_started,,parity,"Parameters: """""
script:M01_GDIBasePOW_Air_Evac_Waypath_JDG,script,M01_GDIBasePOW_Air_Evac_Waypath_JDG,Code/Scripts/Mission01.cpp:13326,games/renegade/content/scripts,,,not_started,,parity,"Parameters: """""
script:M01_GDIBase_AI_ExitZone_JDG,script,M01_GDIBase_AI_ExitZone_JDG,Code/Scripts/Mission01.cpp:15080,games/renegade/content/scripts,,,not_started,,parity,"Parameters: """""
script:M01_GDIBase_BackPath_NodGuy_JDG,script,M01_GDIBase_BackPath_NodGuy_JDG,Code/Scripts/Mission01.cpp:15262,games/renegade/content/scripts,,,not_started,,parity,"Parameters: """""
script:M01_GDIBase_BaseCommander_JDG,script,M01_GDIBase_BaseCommander_JDG,Code/Scripts/Mission01.cpp:18606,games/renegade/content/scripts,,,not_started,,parity,"Parameters: """""
script:M01_GDIBase_EvacMonitor_JDG,script,M01_GDIBase_EvacMonitor_JDG,Code/Scripts/Mission01.cpp:10109,games/renegade/content/scripts,,,not_started,,parity,"Parameters: """""
script:M01_GDIBase_FirstChinookFlamethrowerGuy_JDG,script,M01_GDIBase_FirstChinookFlamethrowerGuy_JDG,Code/Scripts/Mission01.cpp:13559,games/renegade/content/scripts,,,not_started,,parity,"Parameters: """""
script:M01_GDIBase_FirstChinookMinigunnerGuy_JDG,script,M01_GDIBase_FirstChinookMinigunnerGuy_JDG,Code/Scripts/Mission01.cpp:17475,games/renegade/content/scripts,,,not_started,,parity,"Parameters: """""
script:M01_GDIBase_FirstChinook_Script_JDG,script,M01_GDIBase_FirstChinook_Script_JDG,Code/Scripts/Mission01.cpp:11764,games/renegade/content/scripts,,,not_started,,parity,"Parameters: """""
script:M01_GDIBase_LightTank_JDG,script,M01_GDIBase_LightTank_JDG,Code/Scripts/Mission01.cpp:15144,games/renegade/content/scripts,,,not_started,,parity,"Parameters: """""
script:M01_GDIBase_LightTank_PastTunnelZone_JDG,script,M01_GDIBase_LightTank_PastTunnelZone_JDG,Code/Scripts/Mission01.cpp:15042,games/renegade/content/scripts,,,not_started,,parity,"Parameters: """""
script:M01_GDIBase_POWEncounter02_Controller_JDG,script,M01_GDIBase_POWEncounter02_Controller_JDG,Code/Scripts/Mission01.cpp:17758,games/renegade/content/scripts,,,not_started,,parity,"Parameters: """""
script:M01_GDIBase_POW_Conversation_Controller_JDG,script,M01_GDIBase_POW_Conversation_Controller_JDG,Code/Scripts/Mission01.cpp:19600,games/renegade/content/scripts,,,not_started,,parity,"Parameters: """""
script:M01_GDIBase_RealLightTank_JDG,script,M01_GDIBase_RealLightTank_JDG,Code/Scripts/Mission01.cpp:17210,games/renegade/content/scripts,,,not_started,,parity,"Parameters: """""
script:M01_GDI_BaseCommander_Backside_EntryZone_JDG,script,M01_GDI_BaseCommander_Backside_EntryZone_JDG,Code/Scripts/Mission01.cpp:15395,games/renegade/content/scripts,,,not_started,,parity,"Parameters: """""
script:M01_GDI_Base_Artillery_Controller_JDG,script,M01_GDI_Base_Artillery_Controller_JDG,Code/Scripts/Mission01.cpp:7299,games/renegade/content/scripts,,,not_started,,parity,"Parameters: """""
script:M01_GDI_Base_Spawner_Controller_JDG,script,M01_GDI_Base_Spawner_Controller_JDG,Code/Scripts/Mission01.cpp:6389,games/renegade/content/scripts,,,not_started,,parity,"Parameters: """""
script:M01_GDI_Base_Spawner_Guy_JDG,script,M01_GDI_Base_Spawner_Guy_JDG,Code/Scripts/Mission01.cpp:6511,games/renegade/content/scripts,,,not_started,,parity,"Parameters: """""
script:M01_GDI_BeachGuy01_JDG,script,M01_GDI_BeachGuy01_JDG,Code/Scripts/Mission01.cpp:19699,games/renegade/content/scripts,,,not_started,,parity,"Parameters: """""
script:M01_GDI_Escort_Conversation_Controller_GDI,script,M01_GDI_Escort_Conversation_Controller_GDI,Code/Scripts/Mission01.cpp:9268,games/renegade/content/scripts,,,not_started,,parity,"Parameters: """""
script:M01_GDI_GuardTower02_SniperRifle_JDG,script,M01_GDI_GuardTower02_SniperRifle_JDG,Code/Scripts/Mission01.cpp:19782,games/renegade/content/scripts,,,not_started,,parity,"Parameters: """""
script:M01_GDI_GuardTower_02_Enter_Zone_JDG,script,M01_GDI_GuardTower_02_Enter_Zone_JDG,Code/Scripts/Mission01.cpp:19762,games/renegade/content/scripts,,,not_started,,parity,"Parameters: """""
script:M01_GDI_GuardTower_NOD_Commander_JDG,script,M01_GDI_GuardTower_NOD_Commander_JDG,Code/Scripts/Mission01.cpp:14709,games/renegade/content/scripts,,,not_started,,parity,"Parameters: """""
script:M01_GDI_Toolshed_PatrolGuy_JDG,script,M01_GDI_Toolshed_PatrolGuy_JDG,Code/Scripts/Mission01.cpp:6233,games/renegade/content/scripts,,,not_started,,parity,"Parameters: """""
script:M01_GateSwitch_Tutorial_Zone_JDG,script,M01_GateSwitch_Tutorial_Zone_JDG,Code/Scripts/Mission01.cpp:18131,games/renegade/content/scripts,,,not_started,,parity,"Parameters: """""
script:M01_GiveMCTSpeech_Zone_JDG,script,M01_GiveMCTSpeech_Zone_JDG,Code/Scripts/Mission01.cpp:20546,games/renegade/content/scripts,,,not_started,,parity,"Parameters: """""
script:M01_GuardTower02_NewSniperTarget_JDG,script,M01_GuardTower02_NewSniperTarget_JDG,Code/Scripts/Mission01.cpp:19988,games/renegade/content/scripts,,,not_started,,parity,"Parameters: """""
script:M01_GuardTower02_Sniper_Target01_JDG,script,M01_GuardTower02_Sniper_Target01_JDG,Code/Scripts/Mission01.cpp:19802,games/renegade/content/scripts,,,not_started,,parity,"Parameters: """""
script:M01_GuardTower02_Sniper_Target02_JDG,script,M01_GuardTower02_Sniper_Target02_JDG,Code/Scripts/Mission01.cpp:20050,games/renegade/content/scripts,,,not_started,,parity,"Parameters: """""
script:M01_GuardTower02_Sniper_TowerZone_JDG,script,M01_GuardTower02_Sniper_TowerZone_JDG,Code/Scripts/Mission01.cpp:19927,games/renegade/content/scripts,,,not_started,,parity,"Parameters: """""
script:M01_GuardTower_Sniper_Target_JDG,script,M01_GuardTower_Sniper_Target_JDG,Code/Scripts/Mission01.cpp:7490,games/renegade/content/scripts,,,not_started,,parity,"Parameters: ""wave_location:vector3,  delete_location:vector3"""
script:M01_GunboatAction_Controller_JDG,script,M01_GunboatAction_Controller_JDG,Code/Scripts/Mission01.cpp:18334,games/renegade/content/scripts,,,not_started,,parity,"Parameters: """""
script:M01_Gunboat_Spawn_Hovercraft_Zone_JDG,script,M01_Gunboat_Spawn_Hovercraft_Zone_JDG,Code/Scripts/Mission01.cpp:7592,games/renegade/content/scripts,,,not_started,,parity,"Parameters: """""
script:M01_HON_BackDoor_Evacuator_JDG,script,M01_HON_BackDoor_Evacuator_JDG,Code/Scripts/Mission01.cpp:3345,games/renegade/content/scripts,,,not_started,,parity,"Parameters: """""
script:M01_HON_Cafeteria_Eating_Guy_JDG,script,M01_HON_Cafeteria_Eating_Guy_JDG,Code/Scripts/Mission01.cpp:3841,games/renegade/content/scripts,,,not_started,,parity,"Parameters: """""
script:M01_HON_Cafeteria_Walking_Guy_JDG,script,M01_HON_Cafeteria_Walking_Guy_JDG,Code/Scripts/Mission01.cpp:3937,games/renegade/content/scripts,,,not_started,,parity,"Parameters: """""
script:M01_HON_Chinook_Spawned_Soldier_01_GDI_JDG,script,M01_HON_Chinook_Spawned_Soldier_01_GDI_JDG,Code/Scripts/Mission01.cpp:20190,games/renegade/content/scripts,,,not_started,,parity,"Parameters: """""
script:M01_HON_Chinook_Spawned_Soldier_02_GDI_JDG,script,M01_HON_Chinook_Spawned_Soldier_02_GDI_JDG,Code/Scripts/Mission01.cpp:20399,games/renegade/content/scripts,,,not_started,,parity,"Parameters: """""
script:M01_HON_Chinook_Spawned_Soldier_03_GDI_JDG,script,M01_HON_Chinook_Spawned_Soldier_03_GDI_JDG,Code/Scripts/Mission01.cpp:8796,games/renegade/content/scripts,,,not_started,,parity,"Parameters: """""
script:M01_HON_Chinook_Spawned_Soldier_04_GDI_JDG,script,M01_HON_Chinook_Spawned_Soldier_04_GDI_JDG,Code/Scripts/Mission01.cpp:8848,games/renegade/content/scripts,,,not_started,,parity,"Parameters: """""
script:M01_HON_Commander_Guy,script,M01_HON_Commander_Guy,Code/Scripts/Mission01.cpp:3173,games/renegade/content/scripts,,,not_started,,parity,"Parameters: """""
script:M01_HON_Dojo_Civ_01_JDG,script,M01_HON_Dojo_Civ_01_JDG,Code/Scripts/Mission01.cpp:11142,games/renegade/content/scripts,,,not_started,,parity,"Parameters: """""
script:M01_HON_Dojo_Trainer_JDG,script,M01_HON_Dojo_Trainer_JDG,Code/Scripts/Mission01.cpp:10977,games/renegade/content/scripts,,,not_started,,parity,"Parameters: """""
script:M01_HON_Dorm_ChemGuy_JDG,script,M01_HON_Dorm_ChemGuy_JDG,Code/Scripts/Mission01.cpp:3578,games/renegade/content/scripts,,,not_started,,parity,"Parameters: """""
script:M01_HON_Dorm_Crapper_JDG,script,M01_HON_Dorm_Crapper_JDG,Code/Scripts/Mission01.cpp:3386,games/renegade/content/scripts,,,not_started,,parity,"Parameters: """""
script:M01_HON_Dorm_FlameGuy_JDG,script,M01_HON_Dorm_FlameGuy_JDG,Code/Scripts/Mission01.cpp:3489,games/renegade/content/scripts,,,not_started,,parity,"Parameters: """""
script:M01_HON_Dorm_MiniGunner_JDG,script,M01_HON_Dorm_MiniGunner_JDG,Code/Scripts/Mission01.cpp:3754,games/renegade/content/scripts,,,not_started,,parity,"Parameters: """""
script:M01_HON_Dorm_RocketGuy_JDG,script,M01_HON_Dorm_RocketGuy_JDG,Code/Scripts/Mission01.cpp:3667,games/renegade/content/scripts,,,not_started,,parity,"Parameters: """""
script:M01_HON_Easy_Spawned_Guy_01_JDG,script,M01_HON_Easy_Spawned_Guy_01_JDG,Code/Scripts/Mission01.cpp:4707,games/renegade/content/scripts,,,not_started,,parity,"Parameters: """""
script:M01_HON_Easy_Spawned_Guy_02_JDG,script,M01_HON_Easy_Spawned_Guy_02_JDG,Code/Scripts/Mission01.cpp:4823,games/renegade/content/scripts,,,not_started,,parity,"Parameters: """""
script:M01_HON_Easy_Spawned_Guy_03_JDG,script,M01_HON_Easy_Spawned_Guy_03_JDG,Code/Scripts/Mission01.cpp:4938,games/renegade/content/scripts,,,not_started,,parity,"Parameters: """""
script:M01_HON_Engineer02_JDG,script,M01_HON_Engineer02_JDG,Code/Scripts/Mission01.cpp:8721,games/renegade/content/scripts,,,not_started,,parity,"Parameters: """""
script:M01_HON_Escorts_Warroom_MCT_Commander_JDG,script,M01_HON_Escorts_Warroom_MCT_Commander_JDG,Code/Scripts/Mission01.cpp:8667,games/renegade/content/scripts,,,not_started,,parity,"Parameters: """""
script:M01_HON_Escorts_Warroom_MCT_Protector01_JDG,script,M01_HON_Escorts_Warroom_MCT_Protector01_JDG,Code/Scripts/Mission01.cpp:8703,games/renegade/content/scripts,,,not_started,,parity,"Parameters: """""
script:M01_HON_Escorts_Warroom_MCT_Protector02_JDG,script,M01_HON_Escorts_Warroom_MCT_Protector02_JDG,Code/Scripts/Mission01.cpp:8711,games/renegade/content/scripts,,,not_started,,parity,"Parameters: """""
script:M01_HON_Escorts_Warroom_MCT_ZoneController_JDG,script,M01_HON_Escorts_Warroom_MCT_ZoneController_JDG,Code/Scripts/Mission01.cpp:20162,games/renegade/content/scripts,,,not_started,,parity,"Parameters: """""
script:M01_HON_FrontDoor_Evacuator_JDG,script,M01_HON_FrontDoor_Evacuator_JDG,Code/Scripts/Mission01.cpp:3280,games/renegade/content/scripts,,,not_started,,parity,"Parameters: """""
script:M01_HON_MCT_Placeholder_JDG,script,M01_HON_MCT_Placeholder_JDG,Code/Scripts/Mission01.cpp:6217,games/renegade/content/scripts,,,not_started,,parity,"Parameters: """""
script:M01_HON_Medlab_DropOff_Guy_JDG,script,M01_HON_Medlab_DropOff_Guy_JDG,Code/Scripts/Mission01.cpp:2514,games/renegade/content/scripts,,,not_started,,parity,"Parameters: """""
script:M01_HON_Paintball_Team_01_JDG,script,M01_HON_Paintball_Team_01_JDG,Code/Scripts/Mission01.cpp:10689,games/renegade/content/scripts,,,not_started,,parity,"Parameters: """""
script:M01_HON_Paintball_Team_02_JDG,script,M01_HON_Paintball_Team_02_JDG,Code/Scripts/Mission01.cpp:10830,games/renegade/content/scripts,,,not_started,,parity,"Parameters: """""
script:M01_HON_RedKey_Zone_JDG,script,M01_HON_RedKey_Zone_JDG,Code/Scripts/Mission01.cpp:15622,games/renegade/content/scripts,,,not_started,,parity,"Parameters: """""
script:M01_HON_WarroomController_JDG,script,M01_HON_WarroomController_JDG,Code/Scripts/Mission01.cpp:20701,games/renegade/content/scripts,,,not_started,,parity,"Parameters: """""
script:M01_HandOfNod_SAMSite_Script,script,M01_HandOfNod_SAMSite_Script,Code/Scripts/Mission01.cpp:3191,games/renegade/content/scripts,,,not_started,,parity,"Parameters: """""
script:M01_Hand_Of_Nod_Dojo_Zone,script,M01_Hand_Of_Nod_Dojo_Zone,Code/Scripts/Mission01.cpp:4080,games/renegade/content/scripts,,,not_started,,parity,"Parameters: """""
script:M01_Hand_Of_Nod_Exterior_Zone,script,M01_Hand_Of_Nod_Exterior_Zone,Code/Scripts/Mission01.cpp:2973,games/renegade/content/scripts,,,not_started,,parity,"Parameters: """""
script:M01_Hand_Of_Nod_Grunt_Zone,script,M01_Hand_Of_Nod_Grunt_Zone,Code/Scripts/Mission01.cpp:4069,games/renegade/content/scripts,,,not_started,,parity,"Parameters: """""
script:M01_Hand_Of_Nod_Interior_Zone,script,M01_Hand_Of_Nod_Interior_Zone,Code/Scripts/Mission01.cpp:2962,games/renegade/content/scripts,,,not_started,,parity,"Parameters: """""
script:M01_Hand_of_Nod_Building_Script_JDG,script,M01_Hand_of_Nod_Building_Script_JDG,Code/Scripts/Mission01.cpp:2554,games/renegade/content/scripts,,,not_started,,parity,"Parameters: """""
script:M01_HarvesterScript_New_JDG,script,M01_HarvesterScript_New_JDG,Code/Scripts/Mission01.cpp:7636,games/renegade/content/scripts,,,not_started,,parity,"Parameters: """""
script:M01_Havoc_In_WarroomZone_JDG,script,M01_Havoc_In_WarroomZone_JDG,Code/Scripts/Mission01.cpp:20671,games/renegade/content/scripts,,,not_started,,parity,"Parameters: """""
script:M01_Havoc_Out_WarroomZone_JDG,script,M01_Havoc_Out_WarroomZone_JDG,Code/Scripts/Mission01.cpp:20686,games/renegade/content/scripts,,,not_started,,parity,"Parameters: """""
script:M01_Hovercraft_Explosion_Controller_JDG,script,M01_Hovercraft_Explosion_Controller_JDG,Code/Scripts/Mission01.cpp:21032,games/renegade/content/scripts,,,not_started,,parity,"Parameters: """""
script:M01_Hunt_The_Player_JDG,script,M01_Hunt_The_Player_JDG,Code/Scripts/Mission01.cpp:8610,games/renegade/content/scripts,,,not_started,,parity,"Parameters: """""
script:M01_Initial_Gunboat_Script_JDG,script,M01_Initial_Gunboat_Script_JDG,Code/Scripts/Mission01.cpp:18406,games/renegade/content/scripts,,,not_started,,parity,"Parameters: """""
script:M01_Interior_Nun_Conversation_Zone_JDG,script,M01_Interior_Nun_Conversation_Zone_JDG,Code/Scripts/Mission01.cpp:9159,games/renegade/content/scripts,,,not_started,,parity,"Parameters: """""
script:M01_Interrogation_Room_L03_Keycard_JDG,script,M01_Interrogation_Room_L03_Keycard_JDG,Code/Scripts/Mission01.cpp:5319,games/renegade/content/scripts,,,not_started,,parity,"Parameters: """""
script:M01_Interrogation_Room_Surprise_Guy_JDG,script,M01_Interrogation_Room_Surprise_Guy_JDG,Code/Scripts/Mission01.cpp:5327,games/renegade/content/scripts,,,not_started,,parity,"Parameters: """""
script:M01_KeyCard01_Script_JDG,script,M01_KeyCard01_Script_JDG,Code/Scripts/Mission01.cpp:15065,games/renegade/content/scripts,,,not_started,,parity,"Parameters: """""
script:M01_Left_Interrogation_Room_Enter_Zone_JDG,script,M01_Left_Interrogation_Room_Enter_Zone_JDG,Code/Scripts/Mission01.cpp:5271,games/renegade/content/scripts,,,not_started,,parity,"Parameters: """""
script:M01_Lose_Any_Church_Escorts_Zone,script,M01_Lose_Any_Church_Escorts_Zone,Code/Scripts/Mission01.cpp:3095,games/renegade/content/scripts,,,not_started,,parity,"Parameters: """""
script:M01_Lose_Any_Church_Escorts_Zone_02,script,M01_Lose_Any_Church_Escorts_Zone_02,Code/Scripts/Mission01.cpp:3106,games/renegade/content/scripts,,,not_started,,parity,"Parameters: """""
script:M01_Lose_Any_HON_Escorts_Zone,script,M01_Lose_Any_HON_Escorts_Zone,Code/Scripts/Mission01.cpp:3117,games/renegade/content/scripts,,,not_started,,parity,"Parameters: """""
script:M01_Lose_Any_HON_Escorts_Zone_02,script,M01_Lose_Any_HON_Escorts_Zone_02,Code/Scripts/Mission01.cpp:3128,games/renegade/content/scripts,,,not_started,,parity,"Parameters: """""
script:M01_Loveshack_Nun_Conversation_Zone_JDG,script,M01_Loveshack_Nun_Conversation_Zone_JDG,Code/Scripts/Mission01.cpp:9122,games/renegade/content/scripts,,,not_started,,parity,"Parameters: """""
script:M01_Mainframe_Tutorial_Zone_JDG,script,M01_Mainframe_Tutorial_Zone_JDG,Code/Scripts/Mission01.cpp:18118,games/renegade/content/scripts,,,not_started,,parity,"Parameters: """""
script:M01_MediumTank_ReminderZone_JDG,script,M01_MediumTank_ReminderZone_JDG,Code/Scripts/Mission01.cpp:19212,games/renegade/content/scripts,,,not_started,,parity,"Parameters: """""
script:M01_Medium_Tank01_JDG,script,M01_Medium_Tank01_JDG,Code/Scripts/Mission01.cpp:20800,games/renegade/content/scripts,,,not_started,,parity,"Parameters: """""
script:M01_Medium_Tank_JDG,script,M01_Medium_Tank_JDG,Code/Scripts/Mission01.cpp:20866,games/renegade/content/scripts,,,not_started,,parity,"Parameters: """""
script:M01_Medium_Tank_Tunnel_Squish_Guy_JDG,script,M01_Medium_Tank_Tunnel_Squish_Guy_JDG,Code/Scripts/Mission01.cpp:5445,games/renegade/content/scripts,,,not_started,,parity,"Parameters: """""
script:M01_Medlab_Datadisc_JDG,script,M01_Medlab_Datadisc_JDG,Code/Scripts/Mission01.cpp:21386,games/renegade/content/scripts,,,not_started,,parity,"Parameters: """""
script:M01_MiniGunner_Point_Guard_JDG,script,M01_MiniGunner_Point_Guard_JDG,Code/Scripts/Mission01.cpp:4662,games/renegade/content/scripts,,,not_started,,parity,"Parameters: """""
script:M01_Mission_Controller_JDG,script,M01_Mission_Controller_JDG,Code/Scripts/Mission01.cpp:43,games/renegade/content/scripts,,,not_started,,parity,"Parameters: """""
script:M01_MovieProjector_JDG,script,M01_MovieProjector_JDG,Code/Scripts/Mission01.cpp:10183,games/renegade/content/scripts,,,not_started,,parity,"Parameters: """""
script:M01_Nod_Chinook_Reinforcement_Guy_JDG,script,M01_Nod_Chinook_Reinforcement_Guy_JDG,Code/Scripts/Mission01.cpp:8589,games/renegade/content/scripts,,,not_started,,parity,"Parameters: """""
script:M01_Nod_Commander_Conversation_Controller_GDI,script,M01_Nod_Commander_Conversation_Controller_GDI,Code/Scripts/Mission01.cpp:14960,games/renegade/content/scripts,,,not_started,,parity,"Parameters: """""
script:M01_Nod_GuardTower_01_Enter_Zone_JDG,script,M01_Nod_GuardTower_01_Enter_Zone_JDG,Code/Scripts/Mission01.cpp:7427,games/renegade/content/scripts,,,not_started,,parity,"Parameters: """""
script:M01_Nod_GuardTower_02_Enter_Zone_JDG,script,M01_Nod_GuardTower_02_Enter_Zone_JDG,Code/Scripts/Mission01.cpp:7447,games/renegade/content/scripts,,,not_started,,parity,"Parameters: """""
script:M01_Nod_GuardTower_03_Enter_Zone_JDG,script,M01_Nod_GuardTower_03_Enter_Zone_JDG,Code/Scripts/Mission01.cpp:7467,games/renegade/content/scripts,,,not_started,,parity,"Parameters: """""
script:M01_Nod_GuardTower_Tailgun_JDG,script,M01_Nod_GuardTower_Tailgun_JDG,Code/Scripts/Mission01.cpp:11434,games/renegade/content/scripts,,,not_started,,parity,"Parameters: """""
script:M01_Nod_Truck_JDG,script,M01_Nod_Truck_JDG,Code/Scripts/Mission01.cpp:18089,games/renegade/content/scripts,,,not_started,,parity,"Parameters: """""
script:M01_Obelisk_UpdateDisc_JDG,script,M01_Obelisk_UpdateDisc_JDG,Code/Scripts/Mission01.cpp:15439,games/renegade/content/scripts,,,not_started,,parity,"Parameters: """""
script:M01_Objective_Pog_Controller_JDG,script,M01_Objective_Pog_Controller_JDG,Code/Scripts/Mission01.cpp:11548,games/renegade/content/scripts,,,not_started,,parity,"Parameters: """""
script:M01_POW_Nod_Minigunner01_JDG,script,M01_POW_Nod_Minigunner01_JDG,Code/Scripts/Mission01.cpp:17737,games/renegade/content/scripts,,,not_started,,parity,"Parameters: """""
script:M01_PaintballRoom_ChatterController_JDG,script,M01_PaintballRoom_ChatterController_JDG,Code/Scripts/Mission01.cpp:10475,games/renegade/content/scripts,,,not_started,,parity,"Parameters: """""
script:M01_PlayerEntering_BarnArea_Zone_JDG,script,M01_PlayerEntering_BarnArea_Zone_JDG,Code/Scripts/Mission01.cpp:15332,games/renegade/content/scripts,,,not_started,,parity,"Parameters: """""
script:M01_PlayerLeaving_BarnArea_Zone_JDG,script,M01_PlayerLeaving_BarnArea_Zone_JDG,Code/Scripts/Mission01.cpp:15353,games/renegade/content/scripts,,,not_started,,parity,"Parameters: """""
script:M01_Player_Is_Crossing_Bridge_Via_Cave_Zone,script,M01_Player_Is_Crossing_Bridge_Via_Cave_Zone,Code/Scripts/Mission01.cpp:4517,games/renegade/content/scripts,,,not_started,,parity,"Parameters: """""
script:M01_Player_Is_Crossing_Bridge_Via_Church_Zone,script,M01_Player_Is_Crossing_Bridge_Via_Church_Zone,Code/Scripts/Mission01.cpp:4553,games/renegade/content/scripts,,,not_started,,parity,"Parameters: """""
script:M01_Player_Is_Crossing_Bridge_Zone,script,M01_Player_Is_Crossing_Bridge_Zone,Code/Scripts/Mission01.cpp:4480,games/renegade/content/scripts,,,not_started,,parity,"Parameters: """""
script:M01_Player_Is_Entering_Tailgun_Alley_Backway_JDG,script,M01_Player_Is_Entering_Tailgun_Alley_Backway_JDG,Code/Scripts/Mission01.cpp:5647,games/renegade/content/scripts,,,not_started,,parity,"Parameters: """""
script:M01_Player_Is_Entering_Tailgun_Alley_JDG,script,M01_Player_Is_Entering_Tailgun_Alley_JDG,Code/Scripts/Mission01.cpp:5593,games/renegade/content/scripts,,,not_started,,parity,"Parameters: """""
script:M01_Player_is_Entering_GDI_Base_Zone,script,M01_Player_is_Entering_GDI_Base_Zone,Code/Scripts/Mission01.cpp:3084,games/renegade/content/scripts,,,not_started,,parity,"Parameters: """""
script:M01_Player_is_Leaving_GDI_Base_Zone,script,M01_Player_is_Leaving_GDI_Base_Zone,Code/Scripts/Mission01.cpp:3050,games/renegade/content/scripts,,,not_started,,parity,"Parameters: """""
script:M01_Priest_Conversation_Zone_JDG,script,M01_Priest_Conversation_Zone_JDG,Code/Scripts/Mission01.cpp:9085,games/renegade/content/scripts,,,not_started,,parity,"Parameters: """""
script:M01_Priest_Datadisc_JDG,script,M01_Priest_Datadisc_JDG,Code/Scripts/Mission01.cpp:21339,games/renegade/content/scripts,,,not_started,,parity,"Parameters: """""
script:M01_PrisonPen_Civilian_JDG,script,M01_PrisonPen_Civilian_JDG,Code/Scripts/Mission01.cpp:14301,games/renegade/content/scripts,,,not_started,,parity,"Parameters: """""
script:M01_PrisonPen_POW_JDG,script,M01_PrisonPen_POW_JDG,Code/Scripts/Mission01.cpp:14039,games/renegade/content/scripts,,,not_started,,parity,"Parameters: """""
script:M01_Propaganda_Sounds_Controller_JDG,script,M01_Propaganda_Sounds_Controller_JDG,Code/Scripts/Mission01.cpp:10218,games/renegade/content/scripts,,,not_started,,parity,"Parameters: """""
script:M01_QuickSave_Zone_JDG,script,M01_QuickSave_Zone_JDG,Code/Scripts/Mission01.cpp:17484,games/renegade/content/scripts,,,not_started,,parity,"Parameters: """""
script:M01_RealLightTank_TriggerZone_JDG,script,M01_RealLightTank_TriggerZone_JDG,Code/Scripts/Mission01.cpp:17273,games/renegade/content/scripts,,,not_started,,parity,"Parameters: """""
script:M01_Right_Interrogation_Room_Enter_Zone_JDG,script,M01_Right_Interrogation_Room_Enter_Zone_JDG,Code/Scripts/Mission01.cpp:5295,games/renegade/content/scripts,,,not_started,,parity,"Parameters: """""
script:M01_Scramble_Radar_Zone,script,M01_Scramble_Radar_Zone,Code/Scripts/Mission01.cpp:3151,games/renegade/content/scripts,,,not_started,,parity,"Parameters: """""
script:M01_Shed_Datadisc_JDG,script,M01_Shed_Datadisc_JDG,Code/Scripts/Mission01.cpp:21244,games/renegade/content/scripts,,,not_started,,parity,"Parameters: """""
script:M01_Sinking_Gunboat_JDG,script,M01_Sinking_Gunboat_JDG,Code/Scripts/Mission01.cpp:15315,games/renegade/content/scripts,,,not_started,,parity,"Parameters: """""
script:M01_SniperRifle_01_JDG,script,M01_SniperRifle_01_JDG,Code/Scripts/Mission01.cpp:17352,games/renegade/content/scripts,,,not_started,,parity,"Parameters: """""
script:M01_SniperRifle_01_Target_JDG,script,M01_SniperRifle_01_Target_JDG,Code/Scripts/Mission01.cpp:17370,games/renegade/content/scripts,,,not_started,,parity,"Parameters: """""
script:M01_SniperRifle_02_AirdropZone_JDG,script,M01_SniperRifle_02_AirdropZone_JDG,Code/Scripts/Mission01.cpp:17414,games/renegade/content/scripts,,,not_started,,parity,"Parameters: """""
script:M01_SniperRifle_02_JDG,script,M01_SniperRifle_02_JDG,Code/Scripts/Mission01.cpp:17399,games/renegade/content/scripts,,,not_started,,parity,"Parameters: """""
script:M01_TailGun_01_JDG,script,M01_TailGun_01_JDG,Code/Scripts/Mission01.cpp:5804,games/renegade/content/scripts,,,not_started,,parity,"Parameters: """""
script:M01_TailGun_02_JDG,script,M01_TailGun_02_JDG,Code/Scripts/Mission01.cpp:5821,games/renegade/content/scripts,,,not_started,,parity,"Parameters: """""
script:M01_TailGun_03_JDG,script,M01_TailGun_03_JDG,Code/Scripts/Mission01.cpp:5838,games/renegade/content/scripts,,,not_started,,parity,"Parameters: """""
script:M01_TailGunner_01_JDG,script,M01_TailGunner_01_JDG,Code/Scripts/Mission01.cpp:5693,games/renegade/content/scripts,,,not_started,,parity,"Parameters: """""
script:M01_TailGunner_02_JDG,script,M01_TailGunner_02_JDG,Code/Scripts/Mission01.cpp:5730,games/renegade/content/scripts,,,not_started,,parity,"Parameters: """""
script:M01_TailGunner_03_JDG,script,M01_TailGunner_03_JDG,Code/Scripts/Mission01.cpp:5767,games/renegade/content/scripts,,,not_started,,parity,"Parameters: """""
script:M01_TailgunRun_NOD_Commander_JDG,script,M01_TailgunRun_NOD_Commander_JDG,Code/Scripts/Mission01.cpp:6979,games/renegade/content/scripts,,,not_started,,parity,"Parameters: """""
script:M01_TailgunRun_Spawner_Guy_JDG,script,M01_TailgunRun_Spawner_Guy_JDG,Code/Scripts/Mission01.cpp:6668,games/renegade/content/scripts,,,not_started,,parity,"Parameters: """""
script:M01_Tailgun_02_SpawnApache_Zone_JDG,script,M01_Tailgun_02_SpawnApache_Zone_JDG,Code/Scripts/Mission01.cpp:5855,games/renegade/content/scripts,,,not_started,,parity,"Parameters: """""
script:M01_Tailgun_Run_Spawner_Controller_JDG,script,M01_Tailgun_Run_Spawner_Controller_JDG,Code/Scripts/Mission01.cpp:6523,games/renegade/content/scripts,,,not_started,,parity,"Parameters: """""
script:M01_Tank_Entering_Tunnel_Zone_JDG,script,M01_Tank_Entering_Tunnel_Zone_JDG,Code/Scripts/Mission01.cpp:5539,games/renegade/content/scripts,,,not_started,,parity,"Parameters: """""
script:M01_TibCave01_Datadisc_JDG,script,M01_TibCave01_Datadisc_JDG,Code/Scripts/Mission01.cpp:21195,games/renegade/content/scripts,,,not_started,,parity,"Parameters: """""
script:M01_TibCave02_Datadisc_JDG,script,M01_TibCave02_Datadisc_JDG,Code/Scripts/Mission01.cpp:21287,games/renegade/content/scripts,,,not_started,,parity,"Parameters: """""
script:M01_TibCave_StartZone_JDG,script,M01_TibCave_StartZone_JDG,Code/Scripts/Mission01.cpp:13681,games/renegade/content/scripts,,,not_started,,parity,"Parameters: """""
script:M01_TibField_Guard01_New_JDG,script,M01_TibField_Guard01_New_JDG,Code/Scripts/Mission01.cpp:7742,games/renegade/content/scripts,,,not_started,,parity,"Parameters: """""
script:M01_TiberiumCave_UpThere_NodGuy_JDG,script,M01_TiberiumCave_UpThere_NodGuy_JDG,Code/Scripts/Mission01.cpp:13914,games/renegade/content/scripts,,,not_started,,parity,"Parameters: """""
script:M01_Tiberium_Cave_Helicopter_JDG,script,M01_Tiberium_Cave_Helicopter_JDG,Code/Scripts/Mission01.cpp:4413,games/renegade/content/scripts,,,not_started,,parity,"Parameters: """""
script:M01_Tiberium_Cave_Spawn_Helicopter_Zone_JDG,script,M01_Tiberium_Cave_Spawn_Helicopter_Zone_JDG,Code/Scripts/Mission01.cpp:13888,games/renegade/content/scripts,,,not_started,,parity,"Parameters: """""
script:M01_TriggerZone_GDIBase_BaseCommander_JDG,script,M01_TriggerZone_GDIBase_BaseCommander_JDG,Code/Scripts/Mission01.cpp:13457,games/renegade/content/scripts,,,not_started,,parity,"Parameters: """""
script:M01_Tunnel_Exterior_Zone,script,M01_Tunnel_Exterior_Zone,Code/Scripts/Mission01.cpp:3017,games/renegade/content/scripts,,,not_started,,parity,"Parameters: """""
script:M01_Tunnel_Interior_Zone,script,M01_Tunnel_Interior_Zone,Code/Scripts/Mission01.cpp:3006,games/renegade/content/scripts,,,not_started,,parity,"Parameters: """""
script:M01_TurnOff_TankReminder_Zone_JDG,script,M01_TurnOff_TankReminder_Zone_JDG,Code/Scripts/Mission01.cpp:20146,games/renegade/content/scripts,,,not_started,,parity,"Parameters: """""
script:M01_Turn_on_the_Hand_of_Nod_Zone_JDG,script,M01_Turn_on_the_Hand_of_Nod_Zone_JDG,Code/Scripts/Mission01.cpp:6837,games/renegade/content/scripts,,,not_started,,parity,"Parameters: """""
script:M01_TurretBeach_Chinook_Spawned_Soldier_NOD,script,M01_TurretBeach_Chinook_Spawned_Soldier_NOD,Code/Scripts/Mission01.cpp:16075,games/renegade/content/scripts,,,not_started,,parity,"Parameters: """""
script:M01_TurretBeach_Engineer_JDG,script,M01_TurretBeach_Engineer_JDG,Code/Scripts/Mission01.cpp:15793,games/renegade/content/scripts,,,not_started,,parity,"Parameters: """""
script:M01_TurretBeach_FodderHovercraft_Controller_JDG,script,M01_TurretBeach_FodderHovercraft_Controller_JDG,Code/Scripts/Mission01.cpp:20966,games/renegade/content/scripts,,,not_started,,parity,"Parameters: """""
script:M01_TurretBeach_GDI_Guy_01_JDG,script,M01_TurretBeach_GDI_Guy_01_JDG,Code/Scripts/Mission01.cpp:8005,games/renegade/content/scripts,,,not_started,,parity,"Parameters: """""
script:M01_TurretBeach_GDI_Guy_02_JDG,script,M01_TurretBeach_GDI_Guy_02_JDG,Code/Scripts/Mission01.cpp:8095,games/renegade/content/scripts,,,not_started,,parity,"Parameters: """""
script:M01_TurretBeach_Turret_01_Script_JDG,script,M01_TurretBeach_Turret_01_Script_JDG,Code/Scripts/Mission01.cpp:18203,games/renegade/content/scripts,,,not_started,,parity,"Parameters: """""
script:M01_UnScramble_Radar_Zone,script,M01_UnScramble_Radar_Zone,Code/Scripts/Mission01.cpp:3162,games/renegade/content/scripts,,,not_started,,parity,"Parameters: """""
script:M01_Use_Ladder_Zone_JDG,script,M01_Use_Ladder_Zone_JDG,Code/Scripts/Mission01.cpp:17445,games/renegade/content/scripts,,,not_started,,parity,"Parameters: """""
script:M01_Visceroid01_JDG,script,M01_Visceroid01_JDG,Code/Scripts/Mission01.cpp:13724,games/renegade/content/scripts,,,not_started,,parity,"Parameters: """""
script:M01_Visceroid02_JDG,script,M01_Visceroid02_JDG,Code/Scripts/Mission01.cpp:13757,games/renegade/content/scripts,,,not_started,,parity,"Parameters: """""
script:M01_Visceroid03_JDG,script,M01_Visceroid03_JDG,Code/Scripts/Mission01.cpp:13790,games/renegade/content/scripts,,,not_started,,parity,"Parameters: """""
script:M01_Visceroid_NodGuy01_JDG,script,M01_Visceroid_NodGuy01_JDG,Code/Scripts/Mission01.cpp:13819,games/renegade/content/scripts,,,not_started,,parity,"Parameters: """""
script:M01_Visceroid_NodGuy02_JDG,script,M01_Visceroid_NodGuy02_JDG,Code/Scripts/Mission01.cpp:13853,games/renegade/content/scripts,,,not_started,,parity,"Parameters: """""
script:M01_Waterfall_Exterior_Zone,script,M01_Waterfall_Exterior_Zone,Code/Scripts/Mission01.cpp:3039,games/renegade/content/scripts,,,not_started,,parity,"Parameters: """""
script:M01_Waterfall_Interior_Zone,script,M01_Waterfall_Interior_Zone,Code/Scripts/Mission01.cpp:3028,games/renegade/content/scripts,,,not_started,,parity,"Parameters: """""
script:M01_Whack_A_Mole_Enter_Zone_JDG,script,M01_Whack_A_Mole_Enter_Zone_JDG,Code/Scripts/Mission01.cpp:5059,games/renegade/content/scripts,,,not_started,,parity,"Parameters: """""
script:M01_Whack_A_Mole_Exit_Zone_JDG,script,M01_Whack_A_Mole_Exit_Zone_JDG,Code/Scripts/Mission01.cpp:5072,games/renegade/content/scripts,,,not_started,,parity,"Parameters: """""
script:M01_Whack_A_Mole_Minigunner_JDG,script,M01_Whack_A_Mole_Minigunner_JDG,Code/Scripts/Mission01.cpp:5103,games/renegade/content/scripts,,,not_started,,parity,"Parameters: """""
script:M02_Approach_Vehicle,script,M02_Approach_Vehicle,Code/Scripts/Mission02.cpp:4966,games/renegade/content/scripts,,,not_started,,parity,"Parameters: ""Area_ID:int"""
script:M02_Commando_Start,script,M02_Commando_Start,Code/Scripts/Mission02.cpp:5309,games/renegade/content/scripts,,,not_started,,parity,"Parameters: """""
script:M02_Dam_MCT,script,M02_Dam_MCT,Code/Scripts/Mission02.cpp:4046,games/renegade/content/scripts,,,not_started,,parity,"Parameters: """""
script:M02_Data_Disk,script,M02_Data_Disk,Code/Scripts/Mission02.cpp:5320,games/renegade/content/scripts,,,not_started,,parity,"Parameters: ""Disk_ID:int"""
script:M02_Destroy_Objective,script,M02_Destroy_Objective,Code/Scripts/Mission02.cpp:4096,games/renegade/content/scripts,,,not_started,,parity,"Parameters: ""Objective_ID:int"""
script:M02_Destroy_Vehicle,script,M02_Destroy_Vehicle,Code/Scripts/Mission02.cpp:5013,games/renegade/content/scripts,,,not_started,,parity,"Parameters: """""
script:M02_Encyclopedia_Reveal,script,M02_Encyclopedia_Reveal,Code/Scripts/Mission02.cpp:5357,games/renegade/content/scripts,,,not_started,,parity,"Parameters: ""Disk_ID:int"""
script:M02_GDI_Helicopter,script,M02_GDI_Helicopter,Code/Scripts/Mission02.cpp:5287,games/renegade/content/scripts,,,not_started,,parity,"Parameters: """""
script:M02_GDI_Soldier,script,M02_GDI_Soldier,Code/Scripts/Mission02.cpp:4193,games/renegade/content/scripts,,,not_started,,parity,"Parameters: ""Area_ID:int, Soldier_Type=0:int"""
script:M02_Helipad,script,M02_Helipad,Code/Scripts/Mission02.cpp:4082,games/renegade/content/scripts,,,not_started,,parity,"Parameters: """""
script:M02_Mendoza,script,M02_Mendoza,Code/Scripts/Mission02.cpp:5059,games/renegade/content/scripts,,,not_started,,parity,"Parameters: """""
script:M02_Nod_Apache,script,M02_Nod_Apache,Code/Scripts/Mission02.cpp:4538,games/renegade/content/scripts,,,not_started,,parity,"Parameters: ""Area_ID:int"""
script:M02_Nod_Convoy_Truck,script,M02_Nod_Convoy_Truck,Code/Scripts/Mission02.cpp:4166,games/renegade/content/scripts,,,not_started,,parity,"Parameters: """""
script:M02_Nod_Jet,script,M02_Nod_Jet,Code/Scripts/Mission02.cpp:5240,games/renegade/content/scripts,,,not_started,,parity,"Parameters: """""
script:M02_Nod_Jet_Waypath,script,M02_Nod_Jet_Waypath,Code/Scripts/Mission02.cpp:5263,games/renegade/content/scripts,,,not_started,,parity,"Parameters: """""
script:M02_Nod_Sakura,script,M02_Nod_Sakura,Code/Scripts/Mission02.cpp:4872,games/renegade/content/scripts,,,not_started,,parity,"Parameters: ""Area_ID:int"""
script:M02_Nod_Soldier,script,M02_Nod_Soldier,Code/Scripts/Mission02.cpp:3373,games/renegade/content/scripts,,,not_started,,parity,"Parameters: ""Area_Number:int,Area_Officer:int,Pre_Placed:int"""
script:M02_Nod_Vehicle,script,M02_Nod_Vehicle,Code/Scripts/Mission02.cpp:4708,games/renegade/content/scripts,,,not_started,,parity,"Parameters: ""Area_ID:int"""
script:M02_Obelisk,script,M02_Obelisk,Code/Scripts/Mission02.cpp:3884,games/renegade/content/scripts,,,not_started,,parity,"Parameters: """""
script:M02_Objective_Controller,script,M02_Objective_Controller,Code/Scripts/Mission02.cpp:45,games/renegade/content/scripts,,,not_started,,parity,"Parameters: """""
script:M02_Objective_Zone,script,M02_Objective_Zone,Code/Scripts/Mission02.cpp:515,games/renegade/content/scripts,,,not_started,,parity,"Parameters: """""
script:M02_Player_Vehicle,script,M02_Player_Vehicle,Code/Scripts/Mission02.cpp:4797,games/renegade/content/scripts,,,not_started,,parity,"Parameters: ""Area_ID:int"""
script:M02_Power_Plant,script,M02_Power_Plant,Code/Scripts/Mission02.cpp:3960,games/renegade/content/scripts,,,not_started,,parity,"Parameters: """""
script:M02_Reset_Spawn,script,M02_Reset_Spawn,Code/Scripts/Mission02.cpp:3355,games/renegade/content/scripts,,,not_started,,parity,"Parameters: ""Area_ID:int,Spawn_Type:int"""
script:M02_Respawn_Controller,script,M02_Respawn_Controller,Code/Scripts/Mission02.cpp:2155,games/renegade/content/scripts,,,not_started,,parity,"Parameters: """""
script:M02_Stationary_Vehicle,script,M02_Stationary_Vehicle,Code/Scripts/Mission02.cpp:4437,games/renegade/content/scripts,,,not_started,,parity,"Parameters: ""Area_ID:int"""
script:M03_A05_Evac_Zone,script,M03_A05_Evac_Zone,Code/Scripts/Test_RAD.cpp:3134,games/renegade/content/scripts,,,not_started,,parity,"Parameters: """""
script:M03_AggAndCover,script,M03_AggAndCover,Code/Scripts/Mission03.cpp:6975,games/renegade/content/scripts,,,not_started,,parity,"Parameters: """""
script:M03_Alternate_Sam_Site,script,M03_Alternate_Sam_Site,Code/Scripts/Mission03.cpp:3825,games/renegade/content/scripts,,,not_started,,parity,"Parameters: ""Chinook_Controller_ID:int"""
script:M03_Ambient_Birdcall_Controller_JDG,script,M03_Ambient_Birdcall_Controller_JDG,Code/Scripts/Mission03.cpp:1671,games/renegade/content/scripts,,,not_started,,parity,"Parameters: """""
script:M03_Announce_CommCenter_Controller_JDG,script,M03_Announce_CommCenter_Controller_JDG,Code/Scripts/Mission03.cpp:2687,games/renegade/content/scripts,,,not_started,,parity,"Parameters: """""
script:M03_Announce_PowerPlant_Controller_JDG,script,M03_Announce_PowerPlant_Controller_JDG,Code/Scripts/Mission03.cpp:1769,games/renegade/content/scripts,,,not_started,,parity,"Parameters: """""
script:M03_Announce_Refinery_Controller_JDG,script,M03_Announce_Refinery_Controller_JDG,Code/Scripts/Mission03.cpp:2167,games/renegade/content/scripts,,,not_started,,parity,"Parameters: """""
script:M03_Area_Troop_Counter,script,M03_Area_Troop_Counter,Code/Scripts/Mission03.cpp:5831,games/renegade/content/scripts,,,not_started,,parity,"Parameters: """""
script:M03_Base_Harvester,script,M03_Base_Harvester,Code/Scripts/Mission03.cpp:4233,games/renegade/content/scripts,,,not_started,,parity,"Parameters: ""Tiberium_Loc:vector3, Dock_Location:vector3, Dock_Entrance:vector3, Sakura_Dest:vector3"""
script:M03_Base_Patrol,script,M03_Base_Patrol,Code/Scripts/Mission03.cpp:4210,games/renegade/content/scripts,,,not_started,,parity,"Parameters: ""WaypathID:int"""
script:M03_Beach_Radio,script,M03_Beach_Radio,Code/Scripts/Mission03.cpp:5705,games/renegade/content/scripts,,,not_started,,parity,"Parameters: """""
script:M03_Beach_Reinforce,script,M03_Beach_Reinforce,Code/Scripts/Mission03.cpp:6466,games/renegade/content/scripts,,,not_started,,parity,"Parameters: """""
script:M03_Beach_Scenario_Controller,script,M03_Beach_Scenario_Controller,Code/Scripts/Mission03.cpp:5147,games/renegade/content/scripts,,,not_started,,parity,"Parameters: """""
script:M03_Beach_Soldier_GDI,script,M03_Beach_Soldier_GDI,Code/Scripts/Mission03.cpp:3275,games/renegade/content/scripts,,,not_started,,parity,"Parameters: ""Number:int"""
script:M03_Beach_Turret,script,M03_Beach_Turret,Code/Scripts/Mission03.cpp:4961,games/renegade/content/scripts,,,not_started,,parity,"Parameters: """""
script:M03_Big_Gun_Explosion,script,M03_Big_Gun_Explosion,Code/Scripts/Mission03.cpp:4141,games/renegade/content/scripts,,,not_started,,parity,"Parameters: """""
script:M03_Chinook_Drop_Soldiers_GDI,script,M03_Chinook_Drop_Soldiers_GDI,Code/Scripts/Mission03.cpp:3186,games/renegade/content/scripts,,,not_started,,parity,"Parameters: ""Controller_ID:int"""
script:M03_Chinook_Fodder_Creator,script,M03_Chinook_Fodder_Creator,Code/Scripts/Mission03.cpp:3990,games/renegade/content/scripts,,,not_started,,parity,"Parameters: """""
script:M03_Chinook_ParaDrop,script,M03_Chinook_ParaDrop,Code/Scripts/Mission03.cpp:4661,games/renegade/content/scripts,,,not_started,,parity,"Parameters: ""Preset:string"""
script:M03_Chinook_Reinforcements,script,M03_Chinook_Reinforcements,Code/Scripts/Mission03.cpp:3311,games/renegade/content/scripts,,,not_started,,parity,"Parameters: ""Beach_Preset:string, Inlet_Preset:string, Base_Preset:string, Trigger_Count:int"""
script:M03_Chinook_Spawned_Soldier_GDI,script,M03_Chinook_Spawned_Soldier_GDI,Code/Scripts/Mission03.cpp:3437,games/renegade/content/scripts,,,not_started,,parity,"Parameters: ""Area:int, Send_Type_When_Killed:int, Target_ID:int"""
script:M03_Cine_Explosion,script,M03_Cine_Explosion,Code/Scripts/Mission03.cpp:7092,games/renegade/content/scripts,,,not_started,,parity,"Parameters: """""
script:M03_CommCenter_Arrow,script,M03_CommCenter_Arrow,Code/Scripts/Mission03.cpp:6039,games/renegade/content/scripts,,,not_started,,parity,"Parameters: """""
script:M03_CommCenter_SateliteDish_Controller_JDG,script,M03_CommCenter_SateliteDish_Controller_JDG,Code/Scripts/Mission03.cpp:1567,games/renegade/content/scripts,,,not_started,,parity,"Parameters: """""
script:M03_CommCenter_Warning,script,M03_CommCenter_Warning,Code/Scripts/Mission03.cpp:5963,games/renegade/content/scripts,,,not_started,,parity,"Parameters: """""
script:M03_Comm_Killed,script,M03_Comm_Killed,Code/Scripts/Mission03.cpp:6135,games/renegade/content/scripts,,,not_started,,parity,"Parameters: """""
script:M03_Commando_Script,script,M03_Commando_Script,Code/Scripts/Mission03.cpp:3064,games/renegade/content/scripts,,,not_started,,parity,"Parameters: ""Controller_ID:int"""
script:M03_ConYardSeen,script,M03_ConYardSeen,Code/Scripts/Mission03.cpp:7103,games/renegade/content/scripts,,,not_started,,parity,"Parameters: """""
script:M03_Conversation_Zone,script,M03_Conversation_Zone,Code/Scripts/Mission03.cpp:6174,games/renegade/content/scripts,,,not_started,,parity,"Parameters: ""Conv_Num:int"""
script:M03_Damage_Modifier_All,script,M03_Damage_Modifier_All,Code/Scripts/Mission03.cpp:7048,games/renegade/content/scripts,,,not_started,,parity,"Parameters: ""Damage_multiplier:float"""
script:M03_DataDiscMessage,script,M03_DataDiscMessage,Code/Scripts/Mission03.cpp:7135,games/renegade/content/scripts,,,not_started,,parity,"Parameters: """""
script:M03_Destroyed_Chinook,script,M03_Destroyed_Chinook,Code/Scripts/Mission03.cpp:3964,games/renegade/content/scripts,,,not_started,,parity,"Parameters: ""Controller_ID:int, Simple_ID:int"""
script:M03_Destroyed_SAM_Site,script,M03_Destroyed_SAM_Site,Code/Scripts/Mission03.cpp:5094,games/renegade/content/scripts,,,not_started,,parity,"Parameters: """""
script:M03_Destroyed_Turret,script,M03_Destroyed_Turret,Code/Scripts/Mission03.cpp:5107,games/renegade/content/scripts,games/renegade/content/scripts/M03_Destroyed_Turret.lua,games/renegade/scripting/mission.test,verified,games/renegade/migration/validation.json,parity,"Parameters: """""
script:M03_Engineer_Repair,script,M03_Engineer_Repair,Code/Scripts/Mission03.cpp:6734,games/renegade/content/scripts,,,not_started,,parity,"Parameters: ""Repair_Priority=96:int"""
script:M03_Engineer_Target,script,M03_Engineer_Target,Code/Scripts/Mission03.cpp:6678,games/renegade/content/scripts,,,not_started,,parity,"Parameters: """""
script:M03_Flyover_Controller,script,M03_Flyover_Controller,Code/Scripts/Mission03.cpp:3895,games/renegade/content/scripts,,,not_started,,parity,"Parameters: """""
script:M03_Goto_Star,script,M03_Goto_Star,Code/Scripts/Mission03.cpp:5941,games/renegade/content/scripts,,,not_started,,parity,"Parameters: """""
script:M03_Gunboat_Controller_RMV,script,M03_Gunboat_Controller_RMV,Code/Scripts/Mission03.cpp:817,games/renegade/content/scripts,,,not_started,,parity,"Parameters: ""Receive_Type:int, Receive_Param_For_Village:int, Receive_Param_For_Cannon:int, Beach_Destination:vector3, Village_Start:vector3, Village_Destination:vector3, Cannon_Start:vector3, Cannon_Destination:Vector3, Receive_Param_Destroy:int"""
script:M03_Holograph_EntryZone_JDG,script,M03_Holograph_EntryZone_JDG,Code/Scripts/Mission03.cpp:6365,games/renegade/content/scripts,,,not_started,,parity,"Parameters: """""
script:M03_Initial_Powerups,script,M03_Initial_Powerups,Code/Scripts/Mission03.cpp:3020,games/renegade/content/scripts,,,not_started,,parity,"Parameters: """""
script:M03_Inlet_Nod_Reinforcements,script,M03_Inlet_Nod_Reinforcements,Code/Scripts/Mission03.cpp:4149,games/renegade/content/scripts,,,not_started,,parity,"Parameters: """""
script:M03_Inlet_Soldier_GDI,script,M03_Inlet_Soldier_GDI,Code/Scripts/Mission03.cpp:3241,games/renegade/content/scripts,,,not_started,,parity,"Parameters: ""Number:int"""
script:M03_Intro_Substitute,script,M03_Intro_Substitute,Code/Scripts/Mission03.cpp:3734,games/renegade/content/scripts,,,not_started,,parity,"Parameters: """""
script:M03_KaneHead_JDG,script,M03_KaneHead_JDG,Code/Scripts/Mission03.cpp:6410,games/renegade/content/scripts,,,not_started,,parity,"Parameters: """""
script:M03_Key_Card,script,M03_Key_Card,Code/Scripts/Mission03.cpp:4648,games/renegade/content/scripts,,,not_started,,parity,"Parameters: """""
script:M03_Killed_Disabled_Spawner,script,M03_Killed_Disabled_Spawner,Code/Scripts/Mission03.cpp:5930,games/renegade/content/scripts,,,not_started,,parity,"Parameters: ""Spawner_num:int"""
script:M03_Killed_Sound,script,M03_Killed_Sound,Code/Scripts/Mission03.cpp:6457,games/renegade/content/scripts,,,not_started,,parity,"Parameters: ""Officer=0:int, Location=0:int"""
script:M03_Mct_Poke,script,M03_Mct_Poke,Code/Scripts/Mission03.cpp:6111,games/renegade/content/scripts,,,not_started,,parity,"Parameters: """""
script:M03_Mission_Complete_Zone,script,M03_Mission_Complete_Zone,Code/Scripts/Mission03.cpp:5884,games/renegade/content/scripts,,,not_started,,parity,"Parameters: """""
script:M03_Move_Commando_To_Start,script,M03_Move_Commando_To_Start,Code/Scripts/Mission03.cpp:3155,games/renegade/content/scripts,,,not_started,,parity,"Parameters: """""
script:M03_No_More_Parachute,script,M03_No_More_Parachute,Code/Scripts/Mission03.cpp:4850,games/renegade/content/scripts,,,not_started,,parity,"Parameters: """""
script:M03_Objective_Controller,script,M03_Objective_Controller,Code/Scripts/Mission03.cpp:44,games/renegade/content/scripts,,,not_started,,parity,"Parameters: """""
script:M03_Objective_Tracker,script,M03_Objective_Tracker,Code/Scripts/Mission03.cpp:3702,games/renegade/content/scripts,,,not_started,,parity,"Parameters: """""
script:M03_Officer_With_Key_Card,script,M03_Officer_With_Key_Card,Code/Scripts/Mission03.cpp:4617,games/renegade/content/scripts,,,not_started,,parity,"Parameters: """""
script:M03_Officer_With_Key_Card2,script,M03_Officer_With_Key_Card2,Code/Scripts/Mission03.cpp:4636,games/renegade/content/scripts,,,not_started,,parity,"Parameters: """""
script:M03_Outro_Cinematic,script,M03_Outro_Cinematic,Code/Scripts/Mission03.cpp:1270,games/renegade/content/scripts,,,not_started,,parity,"Parameters: """""
script:M03_Paratrooper_Run,script,M03_Paratrooper_Run,Code/Scripts/Mission03.cpp:6995,games/renegade/content/scripts,,,not_started,,parity,"Parameters: """""
script:M03_Past_Pillbox,script,M03_Past_Pillbox,Code/Scripts/Mission03.cpp:6670,games/renegade/content/scripts,,,not_started,,parity,"Parameters: """""
script:M03_PowerPlant_Warning,script,M03_PowerPlant_Warning,Code/Scripts/Mission03.cpp:6001,games/renegade/content/scripts,,,not_started,,parity,"Parameters: """""
script:M03_Power_Plant,script,M03_Power_Plant,Code/Scripts/Mission03.cpp:5806,games/renegade/content/scripts,,,not_started,,parity,"Parameters: """""
script:M03_Protect_The_MCT,script,M03_Protect_The_MCT,Code/Scripts/Mission03.cpp:5762,games/renegade/content/scripts,,,not_started,,parity,"Parameters: ""Building:int"""
script:M03_Radar_Scramble,script,M03_Radar_Scramble,Code/Scripts/Mission03.cpp:6800,games/renegade/content/scripts,,,not_started,,parity,"Parameters: """""
script:M03_Radar_UnScramble,script,M03_Radar_UnScramble,Code/Scripts/Mission03.cpp:6842,games/renegade/content/scripts,,,not_started,,parity,"Parameters: """""
script:M03_Refinery,script,M03_Refinery,Code/Scripts/Mission03.cpp:5822,games/renegade/content/scripts,,,not_started,,parity,"Parameters: """""
script:M03_Reinforce_Area,script,M03_Reinforce_Area,Code/Scripts/Mission03.cpp:4387,games/renegade/content/scripts,,,not_started,,parity,"Parameters: """""
script:M03_Reinforcement_Chinook,script,M03_Reinforcement_Chinook,Code/Scripts/Mission03.cpp:4858,games/renegade/content/scripts,,,not_started,,parity,"Parameters: ""Controller_ID:int"""
script:M03_SAM_Site_Logic,script,M03_SAM_Site_Logic,Code/Scripts/Mission03.cpp:4987,games/renegade/content/scripts,,,not_started,,parity,"Parameters: """""
script:M03_Sakura_Explosion,script,M03_Sakura_Explosion,Code/Scripts/Mission03.cpp:5534,games/renegade/content/scripts,,,not_started,,parity,"Parameters: """""
script:M03_Staged_Conversation_1,script,M03_Staged_Conversation_1,Code/Scripts/Mission03.cpp:4884,games/renegade/content/scripts,,,not_started,,parity,"Parameters: ""Soldier_1_ID:int, Soldier_2_ID:int"""
script:M03_Staged_Conversation_Soldier,script,M03_Staged_Conversation_Soldier,Code/Scripts/Mission03.cpp:4921,games/renegade/content/scripts,,,not_started,,parity,"Parameters: """""
script:M03_Structure_Powerup_Drop,script,M03_Structure_Powerup_Drop,Code/Scripts/Mission03.cpp:5131,games/renegade/content/scripts,,,not_started,,parity,"Parameters: ""Powerup:string"""
script:M03_Tailgun,script,M03_Tailgun,Code/Scripts/Mission03.cpp:4038,games/renegade/content/scripts,,,not_started,,parity,"Parameters: ""Controller_ID:int"""
script:M03_Tailgun_Fodder,script,M03_Tailgun_Fodder,Code/Scripts/Mission03.cpp:4116,games/renegade/content/scripts,,,not_started,,parity,"Parameters: """""
script:M03_Tailgun_Fodder_Zone,script,M03_Tailgun_Fodder_Zone,Code/Scripts/Mission03.cpp:4049,games/renegade/content/scripts,,,not_started,,parity,"Parameters: ""Spawner_ID_1:int, Spawner_ID_2:int, Spawner_ID_3:int"""
script:M03_Technician_Work,script,M03_Technician_Work,Code/Scripts/Mission03.cpp:6984,games/renegade/content/scripts,,,not_started,,parity,"Parameters: """""
script:M03_Tiberium_Cave_Stay_Put,script,M03_Tiberium_Cave_Stay_Put,Code/Scripts/Mission03.cpp:4133,games/renegade/content/scripts,,,not_started,,parity,"Parameters: """""
script:M03_Wheres_The_Star,script,M03_Wheres_The_Star,Code/Scripts/Mission03.cpp:4378,games/renegade/content/scripts,,,not_started,,parity,"Parameters: ""Controller_ID:int, Type:int, Param:int"""
script:M03_Zone_Enabled_Spawner,script,M03_Zone_Enabled_Spawner,Code/Scripts/Mission03.cpp:5913,games/renegade/content/scripts,,,not_started,,parity,"Parameters: ""Spawner_num:int, Control_num:int"""
script:M04_A01_PatrolGuy_01_JDG,script,M04_A01_PatrolGuy_01_JDG,Code/Scripts/Mission04.cpp:1158,games/renegade/content/scripts,,,not_started,,parity,"Parameters: """""
script:M04_A01_Sniper_JDG,script,M04_A01_Sniper_JDG,Code/Scripts/Mission04.cpp:1038,games/renegade/content/scripts,,,not_started,,parity,"Parameters: """""
script:M04_AftDeck_02_Blackhand_PatrolGuy_JDG,script,M04_AftDeck_02_Blackhand_PatrolGuy_JDG,Code/Scripts/Mission04.cpp:4379,games/renegade/content/scripts,,,not_started,,parity,"Parameters: """""
script:M04_AftDeck_02_Controller_JDG,script,M04_AftDeck_02_Controller_JDG,Code/Scripts/Mission04.cpp:3577,games/renegade/content/scripts,,,not_started,,parity,"Parameters: """""
script:M04_AftDeck_02_Entry_Zone_JDG,script,M04_AftDeck_02_Entry_Zone_JDG,Code/Scripts/Mission04.cpp:4514,games/renegade/content/scripts,,,not_started,,parity,"Parameters: """""
script:M04_AftDeck_02_PatrolGuy_01_JDG,script,M04_AftDeck_02_PatrolGuy_01_JDG,Code/Scripts/Mission04.cpp:4290,games/renegade/content/scripts,,,not_started,,parity,"Parameters: """""
script:M04_AftDeck_02_PatrolGuy_02_JDG,script,M04_AftDeck_02_PatrolGuy_02_JDG,Code/Scripts/Mission04.cpp:4334,games/renegade/content/scripts,,,not_started,,parity,"Parameters: """""
script:M04_AftDeck_02_Pointguard_JDG,script,M04_AftDeck_02_Pointguard_JDG,Code/Scripts/Mission04.cpp:4493,games/renegade/content/scripts,,,not_started,,parity,"Parameters: """""
script:M04_AftDeck_InnerSanctum_02_Entry_Zone_JDG,script,M04_AftDeck_InnerSanctum_02_Entry_Zone_JDG,Code/Scripts/Mission04.cpp:3564,games/renegade/content/scripts,,,not_started,,parity,"Parameters: """""
script:M04_AftDeck_InnerSanctum_Entry_Zone_JDG,script,M04_AftDeck_InnerSanctum_Entry_Zone_JDG,Code/Scripts/Mission04.cpp:3546,games/renegade/content/scripts,,,not_started,,parity,"Parameters: """""
script:M04_AftDeck_Reinforcement_JDG,script,M04_AftDeck_Reinforcement_JDG,Code/Scripts/Mission04.cpp:4258,games/renegade/content/scripts,,,not_started,,parity,"Parameters: """""
script:M04_Aft_FirstMateBodyguard_JDG,script,M04_Aft_FirstMateBodyguard_JDG,Code/Scripts/Mission04.cpp:3964,games/renegade/content/scripts,,,not_started,,parity,"Parameters: """""
script:M04_Aft_LeftBarracks_TalkGuy_JDG,script,M04_Aft_LeftBarracks_TalkGuy_JDG,Code/Scripts/Mission04.cpp:4100,games/renegade/content/scripts,,,not_started,,parity,"Parameters: """""
script:M04_Aft_LockerRoom_PatrolGuy01_JDG,script,M04_Aft_LockerRoom_PatrolGuy01_JDG,Code/Scripts/Mission04.cpp:4124,games/renegade/content/scripts,,,not_started,,parity,"Parameters: """""
script:M04_Aft_LockerRoom_PatrolGuy02_JDG,script,M04_Aft_LockerRoom_PatrolGuy02_JDG,Code/Scripts/Mission04.cpp:4191,games/renegade/content/scripts,,,not_started,,parity,"Parameters: """""
script:M04_Aft_RightBarracks_PatrolGuy_JDG,script,M04_Aft_RightBarracks_PatrolGuy_JDG,Code/Scripts/Mission04.cpp:4033,games/renegade/content/scripts,,,not_started,,parity,"Parameters: """""
script:M04_Announce_Keycard_02_Objective_Zone_JDG,script,M04_Announce_Keycard_02_Objective_Zone_JDG,Code/Scripts/Mission04.cpp:7859,games/renegade/content/scripts,,,not_started,,parity,"Parameters: """""
script:M04_ApacheRoom_Apache_JDG,script,M04_ApacheRoom_Apache_JDG,Code/Scripts/Mission04.cpp:8684,games/renegade/content/scripts,,,not_started,,parity,"Parameters: """""
script:M04_ApacheRoom_Controller_JDG,script,M04_ApacheRoom_Controller_JDG,Code/Scripts/Mission04.cpp:4597,games/renegade/content/scripts,,,not_started,,parity,"Parameters: """""
script:M04_ApacheRoom_Second_EntryZone_BottomFloor_JDG,script,M04_ApacheRoom_Second_EntryZone_BottomFloor_JDG,Code/Scripts/Mission04.cpp:8559,games/renegade/content/scripts,,,not_started,,parity,"Parameters: """""
script:M04_ApacheRoom_Second_EntryZone_MiddleFloor_JDG,script,M04_ApacheRoom_Second_EntryZone_MiddleFloor_JDG,Code/Scripts/Mission04.cpp:8473,games/renegade/content/scripts,,,not_started,,parity,"Parameters: """""
script:M04_ApacheRoom_Second_EntryZone_TopFloor_JDG,script,M04_ApacheRoom_Second_EntryZone_TopFloor_JDG,Code/Scripts/Mission04.cpp:8387,games/renegade/content/scripts,,,not_started,,parity,"Parameters: """""
script:M04_ApacheRoom_Sniper01_JDG,script,M04_ApacheRoom_Sniper01_JDG,Code/Scripts/Mission04.cpp:4648,games/renegade/content/scripts,,,not_started,,parity,"Parameters: """""
script:M04_ApacheRoom_Sniper02_JDG,script,M04_ApacheRoom_Sniper02_JDG,Code/Scripts/Mission04.cpp:4715,games/renegade/content/scripts,,,not_started,,parity,"Parameters: """""
script:M04_Apache_Enter_Zone_JDG,script,M04_Apache_Enter_Zone_JDG,Code/Scripts/Mission04.cpp:4564,games/renegade/content/scripts,,,not_started,,parity,"Parameters: """""
script:M04_Apache_GoBackToHangar_EntryZone_JDG,script,M04_Apache_GoBackToHangar_EntryZone_JDG,Code/Scripts/Mission04.cpp:8645,games/renegade/content/scripts,,,not_started,,parity,"Parameters: """""
script:M04_BH_MessHall_Guy_JDG,script,M04_BH_MessHall_Guy_JDG,Code/Scripts/Mission04.cpp:5314,games/renegade/content/scripts,,,not_started,,parity,"Parameters: """""
script:M04_BH_MessHall_Trigger_Zone_JDG,script,M04_BH_MessHall_Trigger_Zone_JDG,Code/Scripts/Mission04.cpp:5296,games/renegade/content/scripts,,,not_started,,parity,"Parameters: """""
script:M04_BigSam_EntryZone_JDG,script,M04_BigSam_EntryZone_JDG,Code/Scripts/Mission04.cpp:10155,games/renegade/content/scripts,,,not_started,,parity,"Parameters: """""
script:M04_BigSam_Script_JDG,script,M04_BigSam_Script_JDG,Code/Scripts/Mission04.cpp:10197,games/renegade/content/scripts,,,not_started,,parity,"Parameters: """""
script:M04_Captains_Bodyguard_JDG,script,M04_Captains_Bodyguard_JDG,Code/Scripts/Mission04.cpp:5172,games/renegade/content/scripts,,,not_started,,parity,"Parameters: """""
script:M04_Captains_Bodyguard_Reinforcement02_JDG,script,M04_Captains_Bodyguard_Reinforcement02_JDG,Code/Scripts/Mission04.cpp:5248,games/renegade/content/scripts,,,not_started,,parity,"Parameters: """""
script:M04_Captains_Bodyguard_Reinforcement_JDG,script,M04_Captains_Bodyguard_Reinforcement_JDG,Code/Scripts/Mission04.cpp:5200,games/renegade/content/scripts,,,not_started,,parity,"Parameters: """""
script:M04_Captains_Bridge_Enter_Zone_JDG,script,M04_Captains_Bridge_Enter_Zone_JDG,Code/Scripts/Mission04.cpp:5276,games/renegade/content/scripts,,,not_started,,parity,"Parameters: """""
script:M04_CargoHold_Blackhand_01_JDG,script,M04_CargoHold_Blackhand_01_JDG,Code/Scripts/Mission04.cpp:1953,games/renegade/content/scripts,,,not_started,,parity,"Parameters: """""
script:M04_CargoHold_Blackhand_02_JDG,script,M04_CargoHold_Blackhand_02_JDG,Code/Scripts/Mission04.cpp:2068,games/renegade/content/scripts,,,not_started,,parity,"Parameters: """""
script:M04_CargoHold_Stationary_Officer_JDG,script,M04_CargoHold_Stationary_Officer_JDG,Code/Scripts/Mission04.cpp:8976,games/renegade/content/scripts,,,not_started,,parity,"Parameters: """""
script:M04_CargoHold_TalkGuy01_JDG,script,M04_CargoHold_TalkGuy01_JDG,Code/Scripts/Mission04.cpp:1470,games/renegade/content/scripts,,,not_started,,parity,"Parameters: """""
script:M04_CargoHold_TalkGuy02_JDG,script,M04_CargoHold_TalkGuy02_JDG,Code/Scripts/Mission04.cpp:1553,games/renegade/content/scripts,,,not_started,,parity,"Parameters: """""
script:M04_CargoHold_TalkGuy03_JDG,script,M04_CargoHold_TalkGuy03_JDG,Code/Scripts/Mission04.cpp:1636,games/renegade/content/scripts,,,not_started,,parity,"Parameters: """""
script:M04_CargoMissileRooms_Dude_Controller_JDG,script,M04_CargoMissileRooms_Dude_Controller_JDG,Code/Scripts/Mission04.cpp:1217,games/renegade/content/scripts,,,not_started,,parity,"Parameters: """""
script:M04_Catwalk_Enter_Zone_01_JDG,script,M04_Catwalk_Enter_Zone_01_JDG,Code/Scripts/Mission04.cpp:6233,games/renegade/content/scripts,,,not_started,,parity,"Parameters: """""
script:M04_Catwalk_Enter_Zone_02_JDG,script,M04_Catwalk_Enter_Zone_02_JDG,Code/Scripts/Mission04.cpp:6247,games/renegade/content/scripts,,,not_started,,parity,"Parameters: """""
script:M04_Cooks_Script_JDG,script,M04_Cooks_Script_JDG,Code/Scripts/Mission04.cpp:6658,games/renegade/content/scripts,,,not_started,,parity,"Parameters: """""
script:M04_Doorway_Enterer_JDG,script,M04_Doorway_Enterer_JDG,Code/Scripts/Mission04.cpp:6261,games/renegade/content/scripts,,,not_started,,parity,"Parameters: ""first_location:vector3"""
script:M04_EngineRoom_BuildingController_JDG,script,M04_EngineRoom_BuildingController_JDG,Code/Scripts/Mission04.cpp:2181,games/renegade/content/scripts,,,not_started,,parity,"Parameters: """""
script:M04_EngineRoom_ChiefEngineer_JDG,script,M04_EngineRoom_ChiefEngineer_JDG,Code/Scripts/Mission04.cpp:2342,games/renegade/content/scripts,,,not_started,,parity,"Parameters: """""
script:M04_EngineRoom_EnterZone_JDG,script,M04_EngineRoom_EnterZone_JDG,Code/Scripts/Mission04.cpp:2157,games/renegade/content/scripts,,,not_started,,parity,"Parameters: """""
script:M04_EngineRoom_LiftEngineer_JDG,script,M04_EngineRoom_LiftEngineer_JDG,Code/Scripts/Mission04.cpp:2789,games/renegade/content/scripts,,,not_started,,parity,"Parameters: """""
script:M04_EngineRoom_PrisonLift_EnterZone_JDG,script,M04_EngineRoom_PrisonLift_EnterZone_JDG,Code/Scripts/Mission04.cpp:2758,games/renegade/content/scripts,,,not_started,,parity,"Parameters: """""
script:M04_EngineRoom_Prison_Guard_01_JDG,script,M04_EngineRoom_Prison_Guard_01_JDG,Code/Scripts/Mission04.cpp:2824,games/renegade/content/scripts,,,not_started,,parity,"Parameters: """""
script:M04_EngineRoom_Prison_Guard_02_JDG,script,M04_EngineRoom_Prison_Guard_02_JDG,Code/Scripts/Mission04.cpp:2961,games/renegade/content/scripts,,,not_started,,parity,"Parameters: """""
script:M04_EngineRoom_Prisoner_01_JDG,script,M04_EngineRoom_Prisoner_01_JDG,Code/Scripts/Mission04.cpp:3078,games/renegade/content/scripts,,,not_started,,parity,"Parameters: """""
script:M04_EngineRoom_Prisoner_02_JDG,script,M04_EngineRoom_Prisoner_02_JDG,Code/Scripts/Mission04.cpp:3262,games/renegade/content/scripts,,,not_started,,parity,"Parameters: """""
script:M04_EngineRoom_Prisoner_03_JDG,script,M04_EngineRoom_Prisoner_03_JDG,Code/Scripts/Mission04.cpp:3365,games/renegade/content/scripts,,,not_started,,parity,"Parameters: """""
script:M04_EngineRoom_SniperScript_JDG,script,M04_EngineRoom_SniperScript_JDG,Code/Scripts/Mission04.cpp:7896,games/renegade/content/scripts,,,not_started,,parity,"Parameters: """""
script:M04_EngineRoom_Start_Guard_Conversation_Zone_JDG,script,M04_EngineRoom_Start_Guard_Conversation_Zone_JDG,Code/Scripts/Mission04.cpp:2800,games/renegade/content/scripts,,,not_started,,parity,"Parameters: """""
script:M04_EngineRoom_Stationary_Tech_JDG,script,M04_EngineRoom_Stationary_Tech_JDG,Code/Scripts/Mission04.cpp:6063,games/renegade/content/scripts,,,not_started,,parity,"Parameters: ""Console_ID :int"""
script:M04_EngineRoom_TalkToPrisoners_Zone_JDG,script,M04_EngineRoom_TalkToPrisoners_Zone_JDG,Code/Scripts/Mission04.cpp:3051,games/renegade/content/scripts,,,not_started,,parity,"Parameters: """""
script:M04_EngineRoom_Target01_JDG,script,M04_EngineRoom_Target01_JDG,Code/Scripts/Mission04.cpp:8275,games/renegade/content/scripts,,,not_started,,parity,"Parameters: """""
script:M04_EngineRoom_Target02_JDG,script,M04_EngineRoom_Target02_JDG,Code/Scripts/Mission04.cpp:8303,games/renegade/content/scripts,,,not_started,,parity,"Parameters: """""
script:M04_EngineRoom_Target03_JDG,script,M04_EngineRoom_Target03_JDG,Code/Scripts/Mission04.cpp:8331,games/renegade/content/scripts,,,not_started,,parity,"Parameters: """""
script:M04_EngineRoom_Target04_JDG,script,M04_EngineRoom_Target04_JDG,Code/Scripts/Mission04.cpp:8359,games/renegade/content/scripts,,,not_started,,parity,"Parameters: """""
script:M04_EnterCargoBay_BottomRight_Zone_JDG,script,M04_EnterCargoBay_BottomRight_Zone_JDG,Code/Scripts/Mission04.cpp:5875,games/renegade/content/scripts,,,not_started,,parity,"Parameters: """""
script:M04_EnterCargoBay_TopLeft_Zone_JDG,script,M04_EnterCargoBay_TopLeft_Zone_JDG,Code/Scripts/Mission04.cpp:5900,games/renegade/content/scripts,,,not_started,,parity,"Parameters: """""
script:M04_Firefight_Controller_JDG,script,M04_Firefight_Controller_JDG,Code/Scripts/Mission04.cpp:9098,games/renegade/content/scripts,,,not_started,,parity,"Parameters: """""
script:M04_Firefight_NodGuys,script,M04_Firefight_NodGuys,Code/Scripts/Mission04.cpp:5516,games/renegade/content/scripts,,,not_started,,parity,"Parameters: """""
script:M04_Firefight_Prisoner,script,M04_Firefight_Prisoner,Code/Scripts/Mission04.cpp:8984,games/renegade/content/scripts,,,not_started,,parity,"Parameters: """""
script:M04_Firefight_RallyZone,script,M04_Firefight_RallyZone,Code/Scripts/Mission04.cpp:9395,games/renegade/content/scripts,,,not_started,,parity,"Parameters: """""
script:M04_Firefight_Start_Battle_Music_JDG,script,M04_Firefight_Start_Battle_Music_JDG,Code/Scripts/Mission04.cpp:5485,games/renegade/content/scripts,,,not_started,,parity,"Parameters: """""
script:M04_ForeDeck_ClosetSurprise_Guy_JDG,script,M04_ForeDeck_ClosetSurprise_Guy_JDG,Code/Scripts/Mission04.cpp:5376,games/renegade/content/scripts,,,not_started,,parity,"Parameters: """""
script:M04_ForeDeck_ClosetSurprise_Trigger_Zone_JDG,script,M04_ForeDeck_ClosetSurprise_Trigger_Zone_JDG,Code/Scripts/Mission04.cpp:5415,games/renegade/content/scripts,,,not_started,,parity,"Parameters: """""
script:M04_ForeDeck_Controller_JDG,script,M04_ForeDeck_Controller_JDG,Code/Scripts/Mission04.cpp:4971,games/renegade/content/scripts,,,not_started,,parity,"Parameters: """""
script:M04_ForeDeck_Initial_Enter_Zone_JDG,script,M04_ForeDeck_Initial_Enter_Zone_JDG,Code/Scripts/Mission04.cpp:4802,games/renegade/content/scripts,,,not_started,,parity,"Parameters: """""
script:M04_ForeDeck_MapRoom_Guard01_JDG,script,M04_ForeDeck_MapRoom_Guard01_JDG,Code/Scripts/Mission04.cpp:4879,games/renegade/content/scripts,,,not_started,,parity,"Parameters: """""
script:M04_ForeDeck_MapRoom_Guard02_JDG,script,M04_ForeDeck_MapRoom_Guard02_JDG,Code/Scripts/Mission04.cpp:4893,games/renegade/content/scripts,,,not_started,,parity,"Parameters: """""
script:M04_ForeDeck_Reinforcement_JDG,script,M04_ForeDeck_Reinforcement_JDG,Code/Scripts/Mission04.cpp:4849,games/renegade/content/scripts,,,not_started,,parity,"Parameters: """""
script:M04_ForeDeck_RocketGuy_JDG,script,M04_ForeDeck_RocketGuy_JDG,Code/Scripts/Mission04.cpp:4786,games/renegade/content/scripts,,,not_started,,parity,"Parameters: """""
script:M04_ForeDeck_TorpedoRoom_Guard_JDG,script,M04_ForeDeck_TorpedoRoom_Guard_JDG,Code/Scripts/Mission04.cpp:4960,games/renegade/content/scripts,,,not_started,,parity,"Parameters: """""
script:M04_Front_ofThe_Boat_Population_JDG,script,M04_Front_ofThe_Boat_Population_JDG,Code/Scripts/Mission04.cpp:6649,games/renegade/content/scripts,,,not_started,,parity,"Parameters: """""
script:M04_GruntMessHall_Entry_Zone_JDG,script,M04_GruntMessHall_Entry_Zone_JDG,Code/Scripts/Mission04.cpp:5458,games/renegade/content/scripts,,,not_started,,parity,"Parameters: """""
script:M04_GruntMessHall_Exit_Zone_JDG,script,M04_GruntMessHall_Exit_Zone_JDG,Code/Scripts/Mission04.cpp:5441,games/renegade/content/scripts,,,not_started,,parity,"Parameters: """""
script:M04_Hunter_Controller_JDG,script,M04_Hunter_Controller_JDG,Code/Scripts/Mission04.cpp:6356,games/renegade/content/scripts,,,not_started,,parity,"Parameters: """""
script:M04_Hunter_JDG,script,M04_Hunter_JDG,Code/Scripts/Mission04.cpp:6433,games/renegade/content/scripts,,,not_started,,parity,"Parameters: """""
script:M04_Keycard_01_Script_JDG,script,M04_Keycard_01_Script_JDG,Code/Scripts/Mission04.cpp:7523,games/renegade/content/scripts,,,not_started,,parity,"Parameters: """""
script:M04_Keycard_02_Script_JDG,script,M04_Keycard_02_Script_JDG,Code/Scripts/Mission04.cpp:7539,games/renegade/content/scripts,,,not_started,,parity,"Parameters: """""
script:M04_Keycard_03_Script_JDG,script,M04_Keycard_03_Script_JDG,Code/Scripts/Mission04.cpp:7581,games/renegade/content/scripts,,,not_started,,parity,"Parameters: """""
script:M04_MedLab_Enter_Zone_JDG,script,M04_MedLab_Enter_Zone_JDG,Code/Scripts/Mission04.cpp:4825,games/renegade/content/scripts,,,not_started,,parity,"Parameters: """""
script:M04_MedLab_Tech_JDG,script,M04_MedLab_Tech_JDG,Code/Scripts/Mission04.cpp:7731,games/renegade/content/scripts,,,not_started,,parity,"Parameters: """""
script:M04_MissileRoom_EnterZone_Left_JDG,script,M04_MissileRoom_EnterZone_Left_JDG,Code/Scripts/Mission04.cpp:1169,games/renegade/content/scripts,,,not_started,,parity,"Parameters: """""
script:M04_MissileRoom_EnterZone_Right_JDG,script,M04_MissileRoom_EnterZone_Right_JDG,Code/Scripts/Mission04.cpp:1193,games/renegade/content/scripts,,,not_started,,parity,"Parameters: """""
script:M04_MissileRoom_Guard_01_JDG,script,M04_MissileRoom_Guard_01_JDG,Code/Scripts/Mission04.cpp:1729,games/renegade/content/scripts,,,not_started,,parity,"Parameters: """""
script:M04_MissileRoom_Guard_02_JDG,script,M04_MissileRoom_Guard_02_JDG,Code/Scripts/Mission04.cpp:1841,games/renegade/content/scripts,,,not_started,,parity,"Parameters: """""
script:M04_MissileRoom_ObjectiveZone_JDG,script,M04_MissileRoom_ObjectiveZone_JDG,Code/Scripts/Mission04.cpp:7834,games/renegade/content/scripts,,,not_started,,parity,"Parameters: """""
script:M04_MissileRoom_Target01_JDG,script,M04_MissileRoom_Target01_JDG,Code/Scripts/Mission04.cpp:7911,games/renegade/content/scripts,,,not_started,,parity,"Parameters: """""
script:M04_MissileRoom_Target02_JDG,script,M04_MissileRoom_Target02_JDG,Code/Scripts/Mission04.cpp:8002,games/renegade/content/scripts,,,not_started,,parity,"Parameters: """""
script:M04_MissileRoom_Target03_JDG,script,M04_MissileRoom_Target03_JDG,Code/Scripts/Mission04.cpp:8093,games/renegade/content/scripts,,,not_started,,parity,"Parameters: """""
script:M04_MissileRoom_Target04_JDG,script,M04_MissileRoom_Target04_JDG,Code/Scripts/Mission04.cpp:8184,games/renegade/content/scripts,,,not_started,,parity,"Parameters: """""
script:M04_MissileRoom_UpperGuard_01_JDG,script,M04_MissileRoom_UpperGuard_01_JDG,Code/Scripts/Mission04.cpp:1390,games/renegade/content/scripts,,,not_started,,parity,"Parameters: """""
script:M04_MissileRoom_UpperGuard_02_JDG,script,M04_MissileRoom_UpperGuard_02_JDG,Code/Scripts/Mission04.cpp:1430,games/renegade/content/scripts,,,not_started,,parity,"Parameters: """""
script:M04_Mutant_UpdateDisc_JDG,script,M04_Mutant_UpdateDisc_JDG,Code/Scripts/Mission04.cpp:9533,games/renegade/content/scripts,,,not_started,,parity,"Parameters: """""
script:M04_Objective_Controller_JDG,script,M04_Objective_Controller_JDG,Code/Scripts/Mission04.cpp:44,games/renegade/content/scripts,,,not_started,,parity,"Parameters: """""
script:M04_Objective_Reminder_Controller_JDG,script,M04_Objective_Reminder_Controller_JDG,Code/Scripts/Mission04.cpp:10299,games/renegade/content/scripts,,,not_started,,parity,"Parameters: """""
script:M04_PlaySound_OnZoneEntry_OneTime_JDG,script,M04_PlaySound_OnZoneEntry_OneTime_JDG,Code/Scripts/Mission04.cpp:10265,games/renegade/content/scripts,,,not_started,,parity,"Parameters: ""SoundName:string"""
script:M04_Player_Is_Leaving_Aft_Deck_JDG,script,M04_Player_Is_Leaving_Aft_Deck_JDG,Code/Scripts/Mission04.cpp:4010,games/renegade/content/scripts,,,not_started,,parity,"Parameters: """""
script:M04_Pog_Controller_JDG,script,M04_Pog_Controller_JDG,Code/Scripts/Mission04.cpp:9676,games/renegade/content/scripts,,,not_started,,parity,"Parameters: """""
script:M04_PointGuard_JDG,script,M04_PointGuard_JDG,Code/Scripts/Mission04.cpp:1022,games/renegade/content/scripts,,,not_started,,parity,"Parameters: """""
script:M04_PostFirstMate_FrontDeck_PatrolGuy01_JDG,script,M04_PostFirstMate_FrontDeck_PatrolGuy01_JDG,Code/Scripts/Mission04.cpp:5764,games/renegade/content/scripts,,,not_started,,parity,"Parameters: """""
script:M04_PostFirstMate_FrontDeck_PatrolGuy02_JDG,script,M04_PostFirstMate_FrontDeck_PatrolGuy02_JDG,Code/Scripts/Mission04.cpp:5819,games/renegade/content/scripts,,,not_started,,parity,"Parameters: """""
script:M04_PostFirstMate_MissileRoom_PatrolGuy_JDG,script,M04_PostFirstMate_MissileRoom_PatrolGuy_JDG,Code/Scripts/Mission04.cpp:5618,games/renegade/content/scripts,,,not_started,,parity,"Parameters: """""
script:M04_PostFirstMate_OfficerQuarters_PatrolGuy_JDG,script,M04_PostFirstMate_OfficerQuarters_PatrolGuy_JDG,Code/Scripts/Mission04.cpp:5709,games/renegade/content/scripts,,,not_started,,parity,"Parameters: """""
script:M04_PostFirstMate_SamRoom_PatrolGuy_JDG,script,M04_PostFirstMate_SamRoom_PatrolGuy_JDG,Code/Scripts/Mission04.cpp:5527,games/renegade/content/scripts,,,not_started,,parity,"Parameters: """""
script:M04_Prison_CellDoor_Zone_JDG,script,M04_Prison_CellDoor_Zone_JDG,Code/Scripts/Mission04.cpp:3475,games/renegade/content/scripts,,,not_started,,parity,"Parameters: """""
script:M04_Prison_Keycard_CheckZone_JDG,script,M04_Prison_Keycard_CheckZone_JDG,Code/Scripts/Mission04.cpp:6667,games/renegade/content/scripts,,,not_started,,parity,"Parameters: """""
script:M04_Prison_Warden_JDG,script,M04_Prison_Warden_JDG,Code/Scripts/Mission04.cpp:7682,games/renegade/content/scripts,,,not_started,,parity,"Parameters: """""
script:M04_Prisoners_Rescued_Controller_JDG,script,M04_Prisoners_Rescued_Controller_JDG,Code/Scripts/Mission04.cpp:7812,games/renegade/content/scripts,,,not_started,,parity,"Parameters: """""
script:M04_RocketEmplacement_01_JDG,script,M04_RocketEmplacement_01_JDG,Code/Scripts/Mission04.cpp:5923,games/renegade/content/scripts,,,not_started,,parity,"Parameters: """""
script:M04_RocketEmplacement_02_JDG,script,M04_RocketEmplacement_02_JDG,Code/Scripts/Mission04.cpp:6020,games/renegade/content/scripts,,,not_started,,parity,"Parameters: """""
script:M04_SecondaryApache01_JDG,script,M04_SecondaryApache01_JDG,Code/Scripts/Mission04.cpp:5966,games/renegade/content/scripts,,,not_started,,parity,"Parameters: """""
script:M04_SecondaryApache02_JDG,script,M04_SecondaryApache02_JDG,Code/Scripts/Mission04.cpp:5993,games/renegade/content/scripts,,,not_started,,parity,"Parameters: """""
script:M04_SecondaryBridge_Enter_Zone_JDG,script,M04_SecondaryBridge_Enter_Zone_JDG,Code/Scripts/Mission04.cpp:3985,games/renegade/content/scripts,,,not_started,,parity,"Parameters: """""
script:M04_Ships_Captain_JDG,script,M04_Ships_Captain_JDG,Code/Scripts/Mission04.cpp:7621,games/renegade/content/scripts,,,not_started,,parity,"Parameters: """""
script:M04_Ships_FirstMate_JDG,script,M04_Ships_FirstMate_JDG,Code/Scripts/Mission04.cpp:7647,games/renegade/content/scripts,,,not_started,,parity,"Parameters: """""
script:M04_Start_TorpedoObjective_Zone_JDG,script,M04_Start_TorpedoObjective_Zone_JDG,Code/Scripts/Mission04.cpp:10074,games/renegade/content/scripts,,,not_started,,parity,"Parameters: """""
script:M04_Surprise_Apache_JDG,script,M04_Surprise_Apache_JDG,Code/Scripts/Mission04.cpp:4537,games/renegade/content/scripts,,,not_started,,parity,"Parameters: """""
script:M04_TibHold_MutantChamber_JDG,script,M04_TibHold_MutantChamber_JDG,Code/Scripts/Mission04.cpp:6744,games/renegade/content/scripts,,,not_started,,parity,"Parameters: """""
script:M04_TibHold_MutantChamber_NoThreat_JDG,script,M04_TibHold_MutantChamber_NoThreat_JDG,Code/Scripts/Mission04.cpp:7236,games/renegade/content/scripts,,,not_started,,parity,"Parameters: """""
script:M04_TibHold_MutantChambers_Controller_JDG,script,M04_TibHold_MutantChambers_Controller_JDG,Code/Scripts/Mission04.cpp:7105,games/renegade/content/scripts,,,not_started,,parity,"Parameters: """""
script:M04_TibHold_Mutant_NoThreat_JDG,script,M04_TibHold_Mutant_NoThreat_JDG,Code/Scripts/Mission04.cpp:7285,games/renegade/content/scripts,,,not_started,,parity,"Parameters: """""
script:M04_TibHold_RealMutant_JDG,script,M04_TibHold_RealMutant_JDG,Code/Scripts/Mission04.cpp:7028,games/renegade/content/scripts,,,not_started,,parity,"Parameters: """""
script:M04_TibHold_SimpleMutant_JDG,script,M04_TibHold_SimpleMutant_JDG,Code/Scripts/Mission04.cpp:6824,games/renegade/content/scripts,,,not_started,,parity,"Parameters: """""
script:M04_TiberiumHold_EntryZone_and_Controller_JDG,script,M04_TiberiumHold_EntryZone_and_Controller_JDG,Code/Scripts/Mission04.cpp:6691,games/renegade/content/scripts,,,not_started,,parity,"Parameters: """""
script:M04_TorpedoRoom_EnterZone_JDG,script,M04_TorpedoRoom_EnterZone_JDG,Code/Scripts/Mission04.cpp:10136,games/renegade/content/scripts,,,not_started,,parity,"Parameters: """""
script:M04_TorpedoRoom_Target01_JDG,script,M04_TorpedoRoom_Target01_JDG,Code/Scripts/Mission04.cpp:9545,games/renegade/content/scripts,,,not_started,,parity,"Parameters: """""
script:M04_TorpedoRoom_Target02_JDG,script,M04_TorpedoRoom_Target02_JDG,Code/Scripts/Mission04.cpp:9611,games/renegade/content/scripts,,,not_started,,parity,"Parameters: """""
script:M04_Visceroid_Dude_01_JDG,script,M04_Visceroid_Dude_01_JDG,Code/Scripts/Mission04.cpp:7383,games/renegade/content/scripts,,,not_started,,parity,"Parameters: """""
script:M04_Visceroid_Dude_02_JDG,script,M04_Visceroid_Dude_02_JDG,Code/Scripts/Mission04.cpp:7447,games/renegade/content/scripts,,,not_started,,parity,"Parameters: """""
script:M04_Visceroid_JDG,script,M04_Visceroid_JDG,Code/Scripts/Mission04.cpp:7328,games/renegade/content/scripts,,,not_started,,parity,"Parameters: """""
script:M05_APC_Deploy,script,M05_APC_Deploy,Code/Scripts/Mission05.cpp:7499,games/renegade/content/scripts,,,not_started,,parity,"Parameters: ""Preset:string, Soldier_Qty=0:int, Fire_Gun=1:int"""
script:M05_APC_Deploy_Soldier,script,M05_APC_Deploy_Soldier,Code/Scripts/Mission05.cpp:7595,games/renegade/content/scripts,,,not_started,,parity,"Parameters: ""APC_ID=0:int"""
script:M05_Activate_ApacheStrike,script,M05_Activate_ApacheStrike,Code/Scripts/Mission05.cpp:7145,games/renegade/content/scripts,,,not_started,,parity,"Parameters: ""Strike_Loc_ID=0:int"""
script:M05_Activate_Artillery,script,M05_Activate_Artillery,Code/Scripts/Mission05.cpp:7031,games/renegade/content/scripts,,,not_started,,parity,"Parameters: ""Artillery_ID1=0:int, Artillery_ID2=0:int, Artillery_ID3=0:int"""
script:M05_Activate_Babushka_Encounter,script,M05_Activate_Babushka_Encounter,Code/Scripts/Mission05.cpp:2594,games/renegade/content/scripts,,,not_started,,parity,"Parameters: """""
script:M05_Activate_Deadeye,script,M05_Activate_Deadeye,Code/Scripts/Mission05.cpp:2509,games/renegade/content/scripts,,,not_started,,parity,"Parameters: """""
script:M05_Activate_Entrapment_Civ,script,M05_Activate_Entrapment_Civ,Code/Scripts/Mission05.cpp:5853,games/renegade/content/scripts,,,not_started,,parity,"Parameters: """""
script:M05_Activate_Execution,script,M05_Activate_Execution,Code/Scripts/Mission05.cpp:7277,games/renegade/content/scripts,,,not_started,,parity,"Parameters: """""
script:M05_Activate_Nod_Apc,script,M05_Activate_Nod_Apc,Code/Scripts/Mission05.cpp:678,games/renegade/content/scripts,,,not_started,,parity,"Parameters: """""
script:M05_Activate_Nuke_Encounter,script,M05_Activate_Nuke_Encounter,Code/Scripts/Mission05.cpp:3598,games/renegade/content/scripts,,,not_started,,parity,"Parameters: """""
script:M05_Activate_Objective_501,script,M05_Activate_Objective_501,Code/Scripts/Mission05.cpp:407,games/renegade/content/scripts,,,not_started,,parity,"Parameters: """""
script:M05_Activate_Objective_502,script,M05_Activate_Objective_502,Code/Scripts/Mission05.cpp:456,games/renegade/content/scripts,,,not_started,,parity,"Parameters: """""
script:M05_Activate_Objective_504,script,M05_Activate_Objective_504,Code/Scripts/Mission05.cpp:513,games/renegade/content/scripts,,,not_started,,parity,"Parameters: """""
script:M05_Activate_Objective_507,script,M05_Activate_Objective_507,Code/Scripts/Mission05.cpp:570,games/renegade/content/scripts,,,not_started,,parity,"Parameters: """""
script:M05_Activate_Objective_508,script,M05_Activate_Objective_508,Code/Scripts/Mission05.cpp:628,games/renegade/content/scripts,,,not_started,,parity,"Parameters: """""
script:M05_Activate_Objective_509,script,M05_Activate_Objective_509,Code/Scripts/Mission05.cpp:710,games/renegade/content/scripts,,,not_started,,parity,"Parameters: """""
script:M05_Activate_Objective_510,script,M05_Activate_Objective_510,Code/Scripts/Mission05.cpp:775,games/renegade/content/scripts,,,not_started,,parity,"Parameters: """""
script:M05_Activate_Roadblock_Tank,script,M05_Activate_Roadblock_Tank,Code/Scripts/Mission05.cpp:6577,games/renegade/content/scripts,,,not_started,,parity,"Parameters: """""
script:M05_Activate_Surprise,script,M05_Activate_Surprise,Code/Scripts/Mission05.cpp:6943,games/renegade/content/scripts,,,not_started,,parity,"Parameters: ""Spawner_ID1=0:int, Spawner_ID2=0:int, Spawner_ID3=0:int"""
script:M05_Activate_Surprise_Tank,script,M05_Activate_Surprise_Tank,Code/Scripts/Mission05.cpp:5666,games/renegade/content/scripts,,,not_started,,parity,"Parameters: """""
script:M05_Activate_Triangle_Tank_Drop,script,M05_Activate_Triangle_Tank_Drop,Code/Scripts/Mission05.cpp:7220,games/renegade/content/scripts,,,not_started,,parity,"Parameters: """""
script:M05_Activate_Truck_Spill,script,M05_Activate_Truck_Spill,Code/Scripts/Mission05.cpp:7185,games/renegade/content/scripts,,,not_started,,parity,"Parameters: """""
script:M05_Aggressiveness_Take_Cover,script,M05_Aggressiveness_Take_Cover,Code/Scripts/Mission05.cpp:7255,games/renegade/content/scripts,,,not_started,,parity,"Parameters: ""Aggessiveness=0.0:float, Take_Cover=0.0:float"""
script:M05_Alley_Sprint,script,M05_Alley_Sprint,Code/Scripts/Mission05.cpp:5360,games/renegade/content/scripts,,,not_started,,parity,"Parameters: """""
script:M05_Apc_Drop_DME,script,M05_Apc_Drop_DME,Code/Scripts/Mission05.cpp:5569,games/renegade/content/scripts,,,not_started,,parity,"Parameters: """""
script:M05_Apc_Drop_Zone_DME,script,M05_Apc_Drop_Zone_DME,Code/Scripts/Mission05.cpp:5652,games/renegade/content/scripts,,,not_started,,parity,"Parameters: """""
script:M05_Babushka,script,M05_Babushka,Code/Scripts/Mission05.cpp:2625,games/renegade/content/scripts,,,not_started,,parity,"Parameters: """""
script:M05_Babushka_Guard,script,M05_Babushka_Guard,Code/Scripts/Mission05.cpp:2762,games/renegade/content/scripts,,,not_started,,parity,"Parameters: """""
script:M05_Barrel_Explosion,script,M05_Barrel_Explosion,Code/Scripts/Mission05.cpp:7475,games/renegade/content/scripts,,,not_started,,parity,"Parameters: """""
script:M05_Bridge_Tank,script,M05_Bridge_Tank,Code/Scripts/Mission05.cpp:1836,games/renegade/content/scripts,,,not_started,,parity,"Parameters: """""
script:M05_Building_Collapse,script,M05_Building_Collapse,Code/Scripts/Mission05.cpp:1637,games/renegade/content/scripts,,,not_started,,parity,"Parameters: """""
script:M05_Building_Debris,script,M05_Building_Debris,Code/Scripts/Mission05.cpp:6623,games/renegade/content/scripts,,,not_started,,parity,"Parameters: """""
script:M05_Cache_Assault,script,M05_Cache_Assault,Code/Scripts/Mission05.cpp:2195,games/renegade/content/scripts,,,not_started,,parity,"Parameters: """""
script:M05_Cache_Controller,script,M05_Cache_Controller,Code/Scripts/Mission05.cpp:4868,games/renegade/content/scripts,,,not_started,,parity,"Parameters: """""
script:M05_Cache_Escort,script,M05_Cache_Escort,Code/Scripts/Mission05.cpp:1968,games/renegade/content/scripts,,,not_started,,parity,"Parameters: """""
script:M05_Cache_Surprise,script,M05_Cache_Surprise,Code/Scripts/Mission05.cpp:6358,games/renegade/content/scripts,,,not_started,,parity,"Parameters: """""
script:M05_Cache_Unit,script,M05_Cache_Unit,Code/Scripts/Mission05.cpp:4967,games/renegade/content/scripts,,,not_started,,parity,"Parameters: """""
script:M05_Cathedral_Apache,script,M05_Cathedral_Apache,Code/Scripts/Mission05.cpp:6119,games/renegade/content/scripts,,,not_started,,parity,"Parameters: ""Apache_ID=0:int"""
script:M05_Cathedral_Artillery,script,M05_Cathedral_Artillery,Code/Scripts/Mission05.cpp:7381,games/renegade/content/scripts,,,not_started,,parity,"Parameters: ""Fire_Loc1=0:int, Fire_Loc2=0:int"""
script:M05_Cathedral_Controller,script,M05_Cathedral_Controller,Code/Scripts/Mission05.cpp:5987,games/renegade/content/scripts,,,not_started,,parity,"Parameters: """""
script:M05_Cathedral_Para_Unit,script,M05_Cathedral_Para_Unit,Code/Scripts/Mission05.cpp:6281,games/renegade/content/scripts,,,not_started,,parity,"Parameters: ""Soldier_ID=0:int"""
script:M05_Chateau_Escapee,script,M05_Chateau_Escapee,Code/Scripts/Mission05.cpp:2282,games/renegade/content/scripts,,,not_started,,parity,"Parameters: """""
script:M05_Chinook_Supply_Cache,script,M05_Chinook_Supply_Cache,Code/Scripts/Mission05.cpp:2229,games/renegade/content/scripts,,,not_started,,parity,"Parameters: """""
script:M05_Civ_Lead,script,M05_Civ_Lead,Code/Scripts/Mission05.cpp:3938,games/renegade/content/scripts,,,not_started,,parity,"Parameters: """""
script:M05_Civ_Warn,script,M05_Civ_Warn,Code/Scripts/Mission05.cpp:3868,games/renegade/content/scripts,,,not_started,,parity,"Parameters: """""
script:M05_DEAD6_Engineer,script,M05_DEAD6_Engineer,Code/Scripts/Mission05.cpp:832,games/renegade/content/scripts,,,not_started,,parity,"Parameters: """""
script:M05_DEAD6_Engineer2,script,M05_DEAD6_Engineer2,Code/Scripts/Mission05.cpp:921,games/renegade/content/scripts,,,not_started,,parity,"Parameters: """""
script:M05_DEAD6_Grenadier,script,M05_DEAD6_Grenadier,Code/Scripts/Mission05.cpp:1419,games/renegade/content/scripts,,,not_started,,parity,"Parameters: """""
script:M05_DEAD6_MiniGunner,script,M05_DEAD6_MiniGunner,Code/Scripts/Mission05.cpp:1205,games/renegade/content/scripts,,,not_started,,parity,"Parameters: """""
script:M05_DEAD6_Rocket_Soldier,script,M05_DEAD6_Rocket_Soldier,Code/Scripts/Mission05.cpp:1073,games/renegade/content/scripts,,,not_started,,parity,"Parameters: """""
script:M05_DEAD6_Rocket_Soldier2,script,M05_DEAD6_Rocket_Soldier2,Code/Scripts/Mission05.cpp:995,games/renegade/content/scripts,,,not_started,,parity,"Parameters: """""
script:M05_DataDisc_01_DLS,script,M05_DataDisc_01_DLS,Code/Scripts/Mission05.cpp:7845,games/renegade/content/scripts,,,not_started,,parity,"Parameters: """""
script:M05_Deactivate_Alley_Sprint,script,M05_Deactivate_Alley_Sprint,Code/Scripts/Mission05.cpp:5384,games/renegade/content/scripts,,,not_started,,parity,"Parameters: """""
script:M05_Dead6_Help,script,M05_Dead6_Help,Code/Scripts/Mission05.cpp:6745,games/renegade/content/scripts,,,not_started,,parity,"Parameters: ""Message_ID=0:int"""
script:M05_Dump_Captives,script,M05_Dump_Captives,Code/Scripts/Mission05.cpp:5041,games/renegade/content/scripts,,,not_started,,parity,"Parameters: """""
script:M05_Dump_Controller,script,M05_Dump_Controller,Code/Scripts/Mission05.cpp:5157,games/renegade/content/scripts,,,not_started,,parity,"Parameters: """""
script:M05_Dump_Unit,script,M05_Dump_Unit,Code/Scripts/Mission05.cpp:5131,games/renegade/content/scripts,,,not_started,,parity,"Parameters: ""Unit_ID=0:int"""
script:M05_Enable_Overlook,script,M05_Enable_Overlook,Code/Scripts/Mission05.cpp:1907,games/renegade/content/scripts,,,not_started,,parity,"Parameters: """""
script:M05_Entrapment_Mendoza,script,M05_Entrapment_Mendoza,Code/Scripts/Mission05.cpp:5901,games/renegade/content/scripts,,,not_started,,parity,"Parameters: """""
script:M05_Entrapment_Technician,script,M05_Entrapment_Technician,Code/Scripts/Mission05.cpp:3643,games/renegade/content/scripts,,,not_started,,parity,"Parameters: """""
script:M05_Escapee_Brother,script,M05_Escapee_Brother,Code/Scripts/Mission05.cpp:2329,games/renegade/content/scripts,,,not_started,,parity,"Parameters: """""
script:M05_Escapee_Invaders,script,M05_Escapee_Invaders,Code/Scripts/Mission05.cpp:2433,games/renegade/content/scripts,,,not_started,,parity,"Parameters: """""
script:M05_Escapee_Windows,script,M05_Escapee_Windows,Code/Scripts/Mission05.cpp:2454,games/renegade/content/scripts,,,not_started,,parity,"Parameters: """""
script:M05_Execution_Civilian,script,M05_Execution_Civilian,Code/Scripts/Mission05.cpp:5744,games/renegade/content/scripts,,,not_started,,parity,"Parameters: """""
script:M05_Execution_Nod,script,M05_Execution_Nod,Code/Scripts/Mission05.cpp:5819,games/renegade/content/scripts,,,not_started,,parity,"Parameters: """""
script:M05_Explode_Debris,script,M05_Explode_Debris,Code/Scripts/Mission05.cpp:6664,games/renegade/content/scripts,,,not_started,,parity,"Parameters: """""
script:M05_FleeEngineer,script,M05_FleeEngineer,Code/Scripts/Mission05.cpp:3420,games/renegade/content/scripts,,,not_started,,parity,"Parameters: """""
script:M05_Flyover_Controller,script,M05_Flyover_Controller,Code/Scripts/Mission05.cpp:6699,games/renegade/content/scripts,,,not_started,,parity,"Parameters: """""
script:M05_Free_Dump_Captives,script,M05_Free_Dump_Captives,Code/Scripts/Mission05.cpp:5006,games/renegade/content/scripts,,,not_started,,parity,"Parameters: """""
script:M05_Free_Overlook_Captives,script,M05_Free_Overlook_Captives,Code/Scripts/Mission05.cpp:4687,games/renegade/content/scripts,,,not_started,,parity,"Parameters: """""
script:M05_Havoc_DLS,script,M05_Havoc_DLS,Code/Scripts/Mission05.cpp:387,games/renegade/content/scripts,,,not_started,,parity,"Parameters: """""
script:M05_Heal_Dead6,script,M05_Heal_Dead6,Code/Scripts/Mission05.cpp:2542,games/renegade/content/scripts,,,not_started,,parity,"Parameters: """""
script:M05_Hotwire_Conversation,script,M05_Hotwire_Conversation,Code/Scripts/Mission05.cpp:6907,games/renegade/content/scripts,,,not_started,,parity,"Parameters: """""
script:M05_Inn_APC,script,M05_Inn_APC,Code/Scripts/Mission05.cpp:7644,games/renegade/content/scripts,,,not_started,,parity,"Parameters: """""
script:M05_Inn_Controller,script,M05_Inn_Controller,Code/Scripts/Mission05.cpp:5504,games/renegade/content/scripts,,,not_started,,parity,"Parameters: """""
script:M05_Inn_Tank,script,M05_Inn_Tank,Code/Scripts/Mission05.cpp:5416,games/renegade/content/scripts,,,not_started,,parity,"Parameters: """""
script:M05_Mendoza,script,M05_Mendoza,Code/Scripts/Mission05.cpp:1531,games/renegade/content/scripts,,,not_started,,parity,"Parameters: """""
script:M05_Mendoza3,script,M05_Mendoza3,Code/Scripts/Mission05.cpp:3504,games/renegade/content/scripts,,,not_started,,parity,"Parameters: """""
script:M05_Mendoza4,script,M05_Mendoza4,Code/Scripts/Mission05.cpp:3753,games/renegade/content/scripts,,,not_started,,parity,"Parameters: """""
script:M05_Nod_APC,script,M05_Nod_APC,Code/Scripts/Mission05.cpp:4837,games/renegade/content/scripts,,,not_started,,parity,"Parameters: """""
script:M05_Nod_Bridge_Gun_Emplacement,script,M05_Nod_Bridge_Gun_Emplacement,Code/Scripts/Mission05.cpp:4534,games/renegade/content/scripts,,,not_started,,parity,"Parameters: """""
script:M05_Nod_Gun_Emplacement,script,M05_Nod_Gun_Emplacement,Code/Scripts/Mission05.cpp:4465,games/renegade/content/scripts,,,not_started,,parity,"Parameters: """""
script:M05_Objective_Controller,script,M05_Objective_Controller,Code/Scripts/Mission05.cpp:45,games/renegade/content/scripts,,,not_started,,parity,"Parameters: """""
script:M05_Overlook_Captives,script,M05_Overlook_Captives,Code/Scripts/Mission05.cpp:4622,games/renegade/content/scripts,,,not_started,,parity,"Parameters: """""
script:M05_Overlook_Civ,script,M05_Overlook_Civ,Code/Scripts/Mission05.cpp:4811,games/renegade/content/scripts,,,not_started,,parity,"Parameters: """""
script:M05_Overlook_Controller,script,M05_Overlook_Controller,Code/Scripts/Mission05.cpp:4718,games/renegade/content/scripts,,,not_started,,parity,"Parameters: """""
script:M05_Overlook_Nod,script,M05_Overlook_Nod,Code/Scripts/Mission05.cpp:4785,games/renegade/content/scripts,,,not_started,,parity,"Parameters: """""
script:M05_ParkEngineer,script,M05_ParkEngineer,Code/Scripts/Mission05.cpp:3261,games/renegade/content/scripts,,,not_started,,parity,"Parameters: """""
script:M05_ParkSniper,script,M05_ParkSniper,Code/Scripts/Mission05.cpp:3107,games/renegade/content/scripts,,,not_started,,parity,"Parameters: """""
script:M05_Park_Activate,script,M05_Park_Activate,Code/Scripts/Mission05.cpp:2823,games/renegade/content/scripts,,,not_started,,parity,"Parameters: """""
script:M05_Park_Apache,script,M05_Park_Apache,Code/Scripts/Mission05.cpp:3031,games/renegade/content/scripts,,,not_started,,parity,"Parameters: """""
script:M05_Park_Buggy,script,M05_Park_Buggy,Code/Scripts/Mission05.cpp:3168,games/renegade/content/scripts,,,not_started,,parity,"Parameters: """""
script:M05_Park_Controller,script,M05_Park_Controller,Code/Scripts/Mission05.cpp:2869,games/renegade/content/scripts,,,not_started,,parity,"Parameters: """""
script:M05_Resistance_Poke_Conversation,script,M05_Resistance_Poke_Conversation,Code/Scripts/Mission05.cpp:7746,games/renegade/content/scripts,,,not_started,,parity,"Parameters: """""
script:M05_Roadblock_Controller,script,M05_Roadblock_Controller,Code/Scripts/Mission05.cpp:6449,games/renegade/content/scripts,,,not_started,,parity,"Parameters: """""
script:M05_Roadblock_Unit,script,M05_Roadblock_Unit,Code/Scripts/Mission05.cpp:6525,games/renegade/content/scripts,,,not_started,,parity,"Parameters: ""Unit_ID=0:int"""
script:M05_SniperAlley_Sniper,script,M05_SniperAlley_Sniper,Code/Scripts/Mission05.cpp:5242,games/renegade/content/scripts,,,not_started,,parity,"Parameters: ""Sniper_ID=0:int"""
script:M05_Surprise_Tank,script,M05_Surprise_Tank,Code/Scripts/Mission05.cpp:5719,games/renegade/content/scripts,,,not_started,,parity,"Parameters: """""
script:M05_Surprise_Unit,script,M05_Surprise_Unit,Code/Scripts/Mission05.cpp:6991,games/renegade/content/scripts,,,not_started,,parity,"Parameters: """""
script:M05_Swap_Artillery,script,M05_Swap_Artillery,Code/Scripts/Mission05.cpp:7316,games/renegade/content/scripts,,,not_started,,parity,"Parameters: ""Artillery_ID=0:int"""
script:M05_Tank_Attack_DME,script,M05_Tank_Attack_DME,Code/Scripts/Test_DME.cpp:743,games/renegade/content/scripts,,,not_started,,parity,"Parameters: """""
script:M05_Tank_Drop_01_DME,script,M05_Tank_Drop_01_DME,Code/Scripts/Test_DME.cpp:712,games/renegade/content/scripts,,,not_started,,parity,"Parameters: """""
script:M05_Tech_Wander_DME,script,M05_Tech_Wander_DME,Code/Scripts/Test_DME.cpp:813,games/renegade/content/scripts,,,not_started,,parity,"Parameters: ""Work_Area=1:int"""
script:M05_TownSquare_Controller,script,M05_TownSquare_Controller,Code/Scripts/Mission05.cpp:4314,games/renegade/content/scripts,,,not_started,,parity,"Parameters: """""
script:M05_TownSquare_FlameTank,script,M05_TownSquare_FlameTank,Code/Scripts/Mission05.cpp:4456,games/renegade/content/scripts,,,not_started,,parity,"Parameters: ""Unit_ID=0:int"""
script:M05_TownSquare_Sniper,script,M05_TownSquare_Sniper,Code/Scripts/Mission05.cpp:4285,games/renegade/content/scripts,,,not_started,,parity,"Parameters: """""
script:M05_TownSquare_Tank,script,M05_TownSquare_Tank,Code/Scripts/Mission05.cpp:1771,games/renegade/content/scripts,,,not_started,,parity,"Parameters: """""
script:M05_TownSquare_Unit,script,M05_TownSquare_Unit,Code/Scripts/Mission05.cpp:4407,games/renegade/content/scripts,,,not_started,,parity,"Parameters: ""Unit_ID=0:int"""
script:M05_Triangle_Controller,script,M05_Triangle_Controller,Code/Scripts/Mission05.cpp:4180,games/renegade/content/scripts,,,not_started,,parity,"Parameters: """""
script:M05_Triangle_Tank,script,M05_Triangle_Tank,Code/Scripts/Mission05.cpp:1693,games/renegade/content/scripts,,,not_started,,parity,"Parameters: """""
script:M05_Triangle_Unit,script,M05_Triangle_Unit,Code/Scripts/Mission05.cpp:4108,games/renegade/content/scripts,,,not_started,,parity,"Parameters: ""Unit_ID=0:int"""
script:M05_Vehicle_Dec,script,M05_Vehicle_Dec,Code/Scripts/Mission05.cpp:6396,games/renegade/content/scripts,,,not_started,,parity,"Parameters: """""
script:M05_X5N_MIDTRO_B,script,M05_X5N_MIDTRO_B,Code/Scripts/Mission05.cpp:7437,games/renegade/content/scripts,,,not_started,,parity,"Parameters: """""
script:M06_Activate_Flyovers,script,M06_Activate_Flyovers,Code/Scripts/Mission06.cpp:5011,games/renegade/content/scripts,,,not_started,,parity,"Parameters: ""Active=0:int"""
script:M06_Activate_Midtro,script,M06_Activate_Midtro,Code/Scripts/Mission06.cpp:638,games/renegade/content/scripts,,,not_started,,parity,"Parameters: """""
script:M06_Activate_MidtroC,script,M06_Activate_MidtroC,Code/Scripts/Mission06.cpp:5557,games/renegade/content/scripts,,,not_started,,parity,"Parameters: """""
script:M06_Activate_Secret_Door,script,M06_Activate_Secret_Door,Code/Scripts/Mission06.cpp:927,games/renegade/content/scripts,,,not_started,,parity,"Parameters: ""Secret_Door_ID=0:int"""
script:M06_Alarm_Behavior,script,M06_Alarm_Behavior,Code/Scripts/Mission06.cpp:1499,games/renegade/content/scripts,,,not_started,,parity,"Parameters: ""Alarm_Enemy_Seen=0.0:float, Alarm_Damaged=0.0:float"""
script:M06_Alarm_Controller,script,M06_Alarm_Controller,Code/Scripts/Mission06.cpp:1374,games/renegade/content/scripts,,,not_started,,parity,"Parameters: """""
script:M06_Alarm_Engineer,script,M06_Alarm_Engineer,Code/Scripts/Mission06.cpp:3166,games/renegade/content/scripts,,,not_started,,parity,"Parameters: """""
script:M06_Alarm_Switch,script,M06_Alarm_Switch,Code/Scripts/Mission06.cpp:1788,games/renegade/content/scripts,,,not_started,,parity,"Parameters: """""
script:M06_Alarm_Terminal_DLS,script,M06_Alarm_Terminal_DLS,Code/Scripts/Mission06.cpp:1845,games/renegade/content/scripts,,,not_started,,parity,"Parameters: """""
script:M06_Apply_Damage,script,M06_Apply_Damage,Code/Scripts/Mission06.cpp:2856,games/renegade/content/scripts,,,not_started,,parity,"Parameters: """""
script:M06_Assistance_Farmer_DLS,script,M06_Assistance_Farmer_DLS,Code/Scripts/Mission06.cpp:3533,games/renegade/content/scripts,,,not_started,,parity,"Parameters: """""
script:M06_Barracks_Controller,script,M06_Barracks_Controller,Code/Scripts/Mission06.cpp:2614,games/renegade/content/scripts,,,not_started,,parity,"Parameters: """""
script:M06_Barracks_Eagle,script,M06_Barracks_Eagle,Code/Scripts/Mission06.cpp:3328,games/renegade/content/scripts,,,not_started,,parity,"Parameters: """""
script:M06_Barracks_Mess_Unit,script,M06_Barracks_Mess_Unit,Code/Scripts/Mission06.cpp:4605,games/renegade/content/scripts,,,not_started,,parity,"Parameters: """""
script:M06_Barracks_Patrol,script,M06_Barracks_Patrol,Code/Scripts/Mission06.cpp:2339,games/renegade/content/scripts,,,not_started,,parity,"Parameters: """""
script:M06_Bathroom_Unit,script,M06_Bathroom_Unit,Code/Scripts/Mission06.cpp:4644,games/renegade/content/scripts,,,not_started,,parity,"Parameters: """""
script:M06_Camera_Behavior,script,M06_Camera_Behavior,Code/Scripts/Test_DLS.cpp:648,games/renegade/content/scripts,,,not_started,,parity,"Parameters: ""Angle:float"""
script:M06_Civ_Prisoner,script,M06_Civ_Prisoner,Code/Scripts/Mission06.cpp:974,games/renegade/content/scripts,,,not_started,,parity,"Parameters: """""
script:M06_Clear_For_Mendoza,script,M06_Clear_For_Mendoza,Code/Scripts/Mission06.cpp:5626,games/renegade/content/scripts,,,not_started,,parity,"Parameters: """""
script:M06_Collapse_Zone,script,M06_Collapse_Zone,Code/Scripts/Mission06.cpp:5311,games/renegade/content/scripts,,,not_started,,parity,"Parameters: ""Zone_ID=0:int"""
script:M06_Courtyard_Apache,script,M06_Courtyard_Apache,Code/Scripts/Mission06.cpp:4853,games/renegade/content/scripts,,,not_started,,parity,"Parameters: """""
script:M06_Courtyard_Controller,script,M06_Courtyard_Controller,Code/Scripts/Mission06.cpp:2525,games/renegade/content/scripts,,,not_started,,parity,"Parameters: """""
script:M06_Courtyard_Eagle,script,M06_Courtyard_Eagle,Code/Scripts/Mission06.cpp:3243,games/renegade/content/scripts,,,not_started,,parity,"Parameters: """""
script:M06_Courtyard_Patrol,script,M06_Courtyard_Patrol,Code/Scripts/Mission06.cpp:1997,games/renegade/content/scripts,,,not_started,,parity,"Parameters: ""Waypath_ID=0:int, Waypath_Loc:Vector3"""
script:M06_Courtyard_Unit,script,M06_Courtyard_Unit,Code/Scripts/Mission06.cpp:4413,games/renegade/content/scripts,,,not_started,,parity,"Parameters: """""
script:M06_DataDisc_01_DLS,script,M06_DataDisc_01_DLS,Code/Scripts/Mission06.cpp:5646,games/renegade/content/scripts,,,not_started,,parity,"Parameters: """""
script:M06_Destruction_Stub,script,M06_Destruction_Stub,Code/Scripts/Mission06.cpp:685,games/renegade/content/scripts,,,not_started,,parity,"Parameters: """""
script:M06_Drop_Thunder_Squad,script,M06_Drop_Thunder_Squad,Code/Scripts/Mission06.cpp:5057,games/renegade/content/scripts,,,not_started,,parity,"Parameters: """""
script:M06_Enable_Alarm_Objective,script,M06_Enable_Alarm_Objective,Code/Scripts/Mission06.cpp:5662,games/renegade/content/scripts,,,not_started,,parity,"Parameters: """""
script:M06_Enable_Barracks,script,M06_Enable_Barracks,Code/Scripts/Mission06.cpp:2970,games/renegade/content/scripts,,,not_started,,parity,"Parameters: """""
script:M06_Enable_Barracks_Mess,script,M06_Enable_Barracks_Mess,Code/Scripts/Mission06.cpp:4554,games/renegade/content/scripts,,,not_started,,parity,"Parameters: """""
script:M06_Enable_Bathroom,script,M06_Enable_Bathroom,Code/Scripts/Mission06.cpp:4506,games/renegade/content/scripts,,,not_started,,parity,"Parameters: """""
script:M06_Enable_Courtyard,script,M06_Enable_Courtyard,Code/Scripts/Mission06.cpp:4454,games/renegade/content/scripts,,,not_started,,parity,"Parameters: """""
script:M06_Enable_Exterior_Courtyard,script,M06_Enable_Exterior_Courtyard,Code/Scripts/Mission06.cpp:2876,games/renegade/content/scripts,,,not_started,,parity,"Parameters: """""
script:M06_Enable_Floor1_Bedroom,script,M06_Enable_Floor1_Bedroom,Code/Scripts/Mission06.cpp:3804,games/renegade/content/scripts,,,not_started,,parity,"Parameters: """""
script:M06_Enable_Floor1_Library,script,M06_Enable_Floor1_Library,Code/Scripts/Mission06.cpp:3726,games/renegade/content/scripts,,,not_started,,parity,"Parameters: """""
script:M06_Enable_Floor2_Bedroom,script,M06_Enable_Floor2_Bedroom,Code/Scripts/Mission06.cpp:3844,games/renegade/content/scripts,,,not_started,,parity,"Parameters: """""
script:M06_Enable_Floor2_Conference,script,M06_Enable_Floor2_Conference,Code/Scripts/Mission06.cpp:4034,games/renegade/content/scripts,,,not_started,,parity,"Parameters: """""
script:M06_Enable_Floor2_Library,script,M06_Enable_Floor2_Library,Code/Scripts/Mission06.cpp:3956,games/renegade/content/scripts,,,not_started,,parity,"Parameters: """""
script:M06_Enable_Greenhouse,script,M06_Enable_Greenhouse,Code/Scripts/Mission06.cpp:3075,games/renegade/content/scripts,,,not_started,,parity,"Parameters: """""
script:M06_Enable_Guard_Tower,script,M06_Enable_Guard_Tower,Code/Scripts/Mission06.cpp:1091,games/renegade/content/scripts,,,not_started,,parity,"Parameters: """""
script:M06_Enable_Hedgemaze,script,M06_Enable_Hedgemaze,Code/Scripts/Mission06.cpp:2922,games/renegade/content/scripts,,,not_started,,parity,"Parameters: """""
script:M06_Enable_Interior,script,M06_Enable_Interior,Code/Scripts/Mission06.cpp:3018,games/renegade/content/scripts,,,not_started,,parity,"Parameters: """""
script:M06_Enable_Lab,script,M06_Enable_Lab,Code/Scripts/Mission06.cpp:3125,games/renegade/content/scripts,,,not_started,,parity,"Parameters: """""
script:M06_Enable_North_Barracks,script,M06_Enable_North_Barracks,Code/Scripts/Mission06.cpp:4774,games/renegade/content/scripts,,,not_started,,parity,"Parameters: """""
script:M06_Enable_Officers_Mess,script,M06_Enable_Officers_Mess,Code/Scripts/Mission06.cpp:4318,games/renegade/content/scripts,,,not_started,,parity,"Parameters: """""
script:M06_Enable_South_Barracks,script,M06_Enable_South_Barracks,Code/Scripts/Mission06.cpp:4683,games/renegade/content/scripts,,,not_started,,parity,"Parameters: """""
script:M06_Enable_WarRoom,script,M06_Enable_WarRoom,Code/Scripts/Mission06.cpp:4225,games/renegade/content/scripts,,,not_started,,parity,"Parameters: """""
script:M06_Enable_Warroom_DoorGuard,script,M06_Enable_Warroom_DoorGuard,Code/Scripts/Mission06.cpp:4157,games/renegade/content/scripts,,,not_started,,parity,"Parameters: """""
script:M06_Escort_Tank,script,M06_Escort_Tank,Code/Scripts/Mission06.cpp:1289,games/renegade/content/scripts,,,not_started,,parity,"Parameters: """""
script:M06_Floor1_Bedroom_Unit,script,M06_Floor1_Bedroom_Unit,Code/Scripts/Mission06.cpp:3772,games/renegade/content/scripts,,,not_started,,parity,"Parameters: """""
script:M06_Floor1_Library_Unit,script,M06_Floor1_Library_Unit,Code/Scripts/Mission06.cpp:3684,games/renegade/content/scripts,,,not_started,,parity,"Parameters: """""
script:M06_Floor2_Bedroom_Unit,script,M06_Floor2_Bedroom_Unit,Code/Scripts/Mission06.cpp:3884,games/renegade/content/scripts,,,not_started,,parity,"Parameters: """""
script:M06_Floor2_Conference_Unit,script,M06_Floor2_Conference_Unit,Code/Scripts/Mission06.cpp:3993,games/renegade/content/scripts,,,not_started,,parity,"Parameters: """""
script:M06_Floor2_Library_Unit,script,M06_Floor2_Library_Unit,Code/Scripts/Mission06.cpp:3914,games/renegade/content/scripts,,,not_started,,parity,"Parameters: """""
script:M06_Flyover,script,M06_Flyover,Code/Scripts/Mission06.cpp:5040,games/renegade/content/scripts,,,not_started,,parity,"Parameters: ""Flyover_ID=0:int"""
script:M06_Flyover_Controller,script,M06_Flyover_Controller,Code/Scripts/Mission06.cpp:4914,games/renegade/content/scripts,,,not_started,,parity,"Parameters: """""
script:M06_GDI_Prisoner,script,M06_GDI_Prisoner,Code/Scripts/Mission06.cpp:839,games/renegade/content/scripts,,,not_started,,parity,"Parameters: """""
script:M06_Gate_Guards,script,M06_Gate_Guards,Code/Scripts/Mission06.cpp:1143,games/renegade/content/scripts,,,not_started,,parity,"Parameters: ""Soldier_ID=0:int"""
script:M06_Greenhouse_Shaft_Unit,script,M06_Greenhouse_Shaft_Unit,Code/Scripts/Mission06.cpp:3643,games/renegade/content/scripts,,,not_started,,parity,"Parameters: """""
script:M06_Havoc_DLS,script,M06_Havoc_DLS,Code/Scripts/Mission06.cpp:3353,games/renegade/content/scripts,,,not_started,,parity,"Parameters: """""
script:M06_Hedgemaze_Controller,script,M06_Hedgemaze_Controller,Code/Scripts/Mission06.cpp:2572,games/renegade/content/scripts,,,not_started,,parity,"Parameters: """""
script:M06_Hedgemaze_Eagle,script,M06_Hedgemaze_Eagle,Code/Scripts/Mission06.cpp:3304,games/renegade/content/scripts,,,not_started,,parity,"Parameters: """""
script:M06_Hedgemaze_Patrol,script,M06_Hedgemaze_Patrol,Code/Scripts/Mission06.cpp:2102,games/renegade/content/scripts,,,not_started,,parity,"Parameters: ""Waypath_ID=0:int, Waypath_Loc:Vector3"""
script:M06_Interior_Controller,script,M06_Interior_Controller,Code/Scripts/Mission06.cpp:2690,games/renegade/content/scripts,,,not_started,,parity,"Parameters: """""
script:M06_Interior_Patrol,script,M06_Interior_Patrol,Code/Scripts/Mission06.cpp:2206,games/renegade/content/scripts,,,not_started,,parity,"Parameters: ""Waypath_ID=0:int, Waypath_Loc:Vector3"""
script:M06_KaneHead,script,M06_KaneHead,Code/Scripts/Mission06.cpp:4271,games/renegade/content/scripts,,,not_started,,parity,"Parameters: """""
script:M06_Lab_Guard,script,M06_Lab_Guard,Code/Scripts/Mission06.cpp:2484,games/renegade/content/scripts,,,not_started,,parity,"Parameters: """""
script:M06_Lab_Patrol,script,M06_Lab_Patrol,Code/Scripts/Mission06.cpp:2275,games/renegade/content/scripts,,,not_started,,parity,"Parameters: ""Waypath_ID=0:int, Waypath_Loc:Vector3"""
script:M06_Mendoza,script,M06_Mendoza,Code/Scripts/Mission06.cpp:828,games/renegade/content/scripts,,,not_started,,parity,"Parameters: """""
script:M06_MidtroB_Explosion_Controller,script,M06_MidtroB_Explosion_Controller,Code/Scripts/Mission06.cpp:620,games/renegade/content/scripts,,,not_started,,parity,"Parameters: ""Loc0_ID=0:int, Loc1_ID=0:int, Loc2_ID=0:int, Loc3_ID=0:int, Loc4_ID=0:int"""
script:M06_Move_Sydney,script,M06_Move_Sydney,Code/Scripts/Mission06.cpp:5283,games/renegade/content/scripts,,,not_started,,parity,"Parameters: ""Move_Loc=0:int"""
script:M06_Nod_Tower,script,M06_Nod_Tower,Code/Scripts/Mission06.cpp:2499,games/renegade/content/scripts,,,not_started,,parity,"Parameters: """""
script:M06_North_Barracks_Unit,script,M06_North_Barracks_Unit,Code/Scripts/Mission06.cpp:4821,games/renegade/content/scripts,,,not_started,,parity,"Parameters: """""
script:M06_Objective_Controller,script,M06_Objective_Controller,Code/Scripts/Mission06.cpp:48,games/renegade/content/scripts,,,not_started,,parity,"Parameters: """""
script:M06_Officers_Mess_Unit,script,M06_Officers_Mess_Unit,Code/Scripts/Mission06.cpp:4373,games/renegade/content/scripts,,,not_started,,parity,"Parameters: """""
script:M06_Resistance_Raider_DLS,script,M06_Resistance_Raider_DLS,Code/Scripts/Mission06.cpp:3473,games/renegade/content/scripts,,,not_started,,parity,"Parameters: """""
script:M06_Servant_Behavior,script,M06_Servant_Behavior,Code/Scripts/Mission06.cpp:5132,games/renegade/content/scripts,,,not_started,,parity,"Parameters: ""Loc1_ID=0:int, Loc2_ID=0:int, Loc3_ID=0:int, Animation=S_A_HUMAN.H_A_A0F0:string"""
script:M06_South_Barracks_Unit,script,M06_South_Barracks_Unit,Code/Scripts/Mission06.cpp:4732,games/renegade/content/scripts,,,not_started,,parity,"Parameters: """""
script:M06_Sydney_Mobius,script,M06_Sydney_Mobius,Code/Scripts/Mission06.cpp:381,games/renegade/content/scripts,,,not_started,,parity,"Parameters: """""
script:M06_Thunder_Unit,script,M06_Thunder_Unit,Code/Scripts/Mission06.cpp:5098,games/renegade/content/scripts,,,not_started,,parity,"Parameters: """""
script:M06_Tower_Patrol,script,M06_Tower_Patrol,Code/Scripts/Mission06.cpp:1891,games/renegade/content/scripts,,,not_started,,parity,"Parameters: ""Waypath_ID=0:int, Waypath_Loc:Vector3"""
script:M06_WarRoom_Bodyguard_DLS,script,M06_WarRoom_Bodyguard_DLS,Code/Scripts/Mission06.cpp:4122,games/renegade/content/scripts,,,not_started,,parity,"Parameters: """""
script:M06_WarRoom_Computer,script,M06_WarRoom_Computer,Code/Scripts/Mission06.cpp:309,games/renegade/content/scripts,,,not_started,,parity,"Parameters: """""
script:M06_WarRoom_DoorGuard,script,M06_WarRoom_DoorGuard,Code/Scripts/Mission06.cpp:4191,games/renegade/content/scripts,,,not_started,,parity,"Parameters: """""
script:M06_WarRoom_Officer_DLS,script,M06_WarRoom_Officer_DLS,Code/Scripts/Mission06.cpp:4073,games/renegade/content/scripts,,,not_started,,parity,"Parameters: """""
script:M07_APC_Dec,script,M07_APC_Dec,Code/Scripts/Mission07.cpp:5089,games/renegade/content/scripts,,,not_started,,parity,"Parameters: """""
script:M07_APC_Dec_Soldier,script,M07_APC_Dec_Soldier,Code/Scripts/Mission07.cpp:5172,games/renegade/content/scripts,,,not_started,,parity,"Parameters: ""APC_ID=0:int"""
script:M07_Activate_Bridge_Civ,script,M07_Activate_Bridge_Civ,Code/Scripts/Mission07.cpp:5205,games/renegade/content/scripts,,,not_started,,parity,"Parameters: """""
script:M07_Activate_E10_Tank_Drop,script,M07_Activate_E10_Tank_Drop,Code/Scripts/Mission07.cpp:5272,games/renegade/content/scripts,,,not_started,,parity,"Parameters: """""
script:M07_Activate_Encounter,script,M07_Activate_Encounter,Code/Scripts/Mission07.cpp:3532,games/renegade/content/scripts,,,not_started,,parity,"Parameters: ""Spawner_ID1=0:int, Spawner_ID2=0:int, Spawner_ID3=0:int, Spawner_ID4=0:int, Spawner_ID5=0:int, Spawner_ID6=0:int"""
script:M07_Activate_Flyover,script,M07_Activate_Flyover,Code/Scripts/Mission07.cpp:5712,games/renegade/content/scripts,,,not_started,,parity,"Parameters: ""Text_File:string"""
script:M07_Activate_Hostage_Encounter,script,M07_Activate_Hostage_Encounter,Code/Scripts/Mission07.cpp:4877,games/renegade/content/scripts,,,not_started,,parity,"Parameters: """""
script:M07_Activate_Hotwire,script,M07_Activate_Hotwire,Code/Scripts/Mission07.cpp:1900,games/renegade/content/scripts,,,not_started,,parity,"Parameters: """""
script:M07_Activate_Objective_704,script,M07_Activate_Objective_704,Code/Scripts/Mission07.cpp:2205,games/renegade/content/scripts,,,not_started,,parity,"Parameters: """""
script:M07_Activate_Objective_705,script,M07_Activate_Objective_705,Code/Scripts/Mission07.cpp:2255,games/renegade/content/scripts,,,not_started,,parity,"Parameters: """""
script:M07_Activate_Objective_706,script,M07_Activate_Objective_706,Code/Scripts/Mission07.cpp:2301,games/renegade/content/scripts,,,not_started,,parity,"Parameters: """""
script:M07_Activate_Objective_707,script,M07_Activate_Objective_707,Code/Scripts/Mission07.cpp:2347,games/renegade/content/scripts,,,not_started,,parity,"Parameters: """""
script:M07_Activate_Objective_708,script,M07_Activate_Objective_708,Code/Scripts/Mission07.cpp:2392,games/renegade/content/scripts,,,not_started,,parity,"Parameters: """""
script:M07_Activate_Objective_710,script,M07_Activate_Objective_710,Code/Scripts/Mission07.cpp:2438,games/renegade/content/scripts,,,not_started,,parity,"Parameters: """""
script:M07_Activate_Para_Drop,script,M07_Activate_Para_Drop,Code/Scripts/Mission07.cpp:5587,games/renegade/content/scripts,,,not_started,,parity,"Parameters: """""
script:M07_Activate_Present,script,M07_Activate_Present,Code/Scripts/Mission07.cpp:2929,games/renegade/content/scripts,,,not_started,,parity,"Parameters: """""
script:M07_Activate_Triangle_Apache,script,M07_Activate_Triangle_Apache,Code/Scripts/Mission07.cpp:4564,games/renegade/content/scripts,,,not_started,,parity,"Parameters: """""
script:M07_Activate_V01,script,M07_Activate_V01,Code/Scripts/Mission07.cpp:4232,games/renegade/content/scripts,,,not_started,,parity,"Parameters: """""
script:M07_Activate_V05,script,M07_Activate_V05,Code/Scripts/Mission07.cpp:3874,games/renegade/content/scripts,,,not_started,,parity,"Parameters: """""
script:M07_Alley_Vehicle,script,M07_Alley_Vehicle,Code/Scripts/Mission07.cpp:6250,games/renegade/content/scripts,,,not_started,,parity,"Parameters: ""Waypath_ID=0:int"""
script:M07_Biohazard_Barrel,script,M07_Biohazard_Barrel,Code/Scripts/Mission07.cpp:3157,games/renegade/content/scripts,,,not_started,,parity,"Parameters: """""
script:M07_Bridge_Civ,script,M07_Bridge_Civ,Code/Scripts/Mission07.cpp:5235,games/renegade/content/scripts,,,not_started,,parity,"Parameters: ""Waypath_ID=0:int"""
script:M07_Bridge_Overlook_Apache,script,M07_Bridge_Overlook_Apache,Code/Scripts/Mission07.cpp:6411,games/renegade/content/scripts,,,not_started,,parity,"Parameters: """""
script:M07_Captured_Civ_Resist,script,M07_Captured_Civ_Resist,Code/Scripts/Mission07.cpp:2867,games/renegade/content/scripts,,,not_started,,parity,"Parameters: """""
script:M07_Cathedral_Controller,script,M07_Cathedral_Controller,Code/Scripts/Mission07.cpp:1391,games/renegade/content/scripts,,,not_started,,parity,"Parameters: """""
script:M07_Climb_Rope,script,M07_Climb_Rope,Code/Scripts/Mission07.cpp:6080,games/renegade/content/scripts,,,not_started,,parity,"Parameters: """""
script:M07_Custom_Activate,script,M07_Custom_Activate,Code/Scripts/Mission07.cpp:6366,games/renegade/content/scripts,,,not_started,,parity,"Parameters: ""Object1_ID=0:int, Object2_ID=0:int, Object3_ID=0:int,"""
script:M07_DataDisc_01_DLS,script,M07_DataDisc_01_DLS,Code/Scripts/Mission07.cpp:6613,games/renegade/content/scripts,,,not_started,,parity,"Parameters: """""
script:M07_DataDisc_02_DLS,script,M07_DataDisc_02_DLS,Code/Scripts/Mission07.cpp:6625,games/renegade/content/scripts,,,not_started,,parity,"Parameters: """""
script:M07_Deactivate_Encounter,script,M07_Deactivate_Encounter,Code/Scripts/Mission07.cpp:3633,games/renegade/content/scripts,,,not_started,,parity,"Parameters: ""Activate_Zone=0:int"""
script:M07_Deactivate_Para_Drop,script,M07_Deactivate_Para_Drop,Code/Scripts/Mission07.cpp:5633,games/renegade/content/scripts,,,not_started,,parity,"Parameters: """""
script:M07_Deactivate_TownSquare_Chinook,script,M07_Deactivate_TownSquare_Chinook,Code/Scripts/Mission07.cpp:2795,games/renegade/content/scripts,,,not_started,,parity,"Parameters: """""
script:M07_Deactivate_V01,script,M07_Deactivate_V01,Code/Scripts/Mission07.cpp:4260,games/renegade/content/scripts,,,not_started,,parity,"Parameters: """""
script:M07_Dead6_Engineer,script,M07_Dead6_Engineer,Code/Scripts/Mission07.cpp:969,games/renegade/content/scripts,,,not_started,,parity,"Parameters: """""
script:M07_Dead6_Grenadier,script,M07_Dead6_Grenadier,Code/Scripts/Mission07.cpp:646,games/renegade/content/scripts,,,not_started,,parity,"Parameters: """""
script:M07_Dead6_Grenadier2,script,M07_Dead6_Grenadier2,Code/Scripts/Mission07.cpp:776,games/renegade/content/scripts,,,not_started,,parity,"Parameters: """""
script:M07_Dead6_MiniGunner2,script,M07_Dead6_MiniGunner2,Code/Scripts/Mission07.cpp:825,games/renegade/content/scripts,,,not_started,,parity,"Parameters: """""
script:M07_Dead6_Minigunner,script,M07_Dead6_Minigunner,Code/Scripts/Mission07.cpp:404,games/renegade/content/scripts,,,not_started,,parity,"Parameters: """""
script:M07_Dead6_Rocket_Soldier,script,M07_Dead6_Rocket_Soldier,Code/Scripts/Mission07.cpp:525,games/renegade/content/scripts,,,not_started,,parity,"Parameters: """""
script:M07_Dead6_Rocket_Soldier2,script,M07_Dead6_Rocket_Soldier2,Code/Scripts/Mission07.cpp:873,games/renegade/content/scripts,,,not_started,,parity,"Parameters: """""
script:M07_Deadeye_Nod_Chinook,script,M07_Deadeye_Nod_Chinook,Code/Scripts/Mission07.cpp:6220,games/renegade/content/scripts,,,not_started,,parity,"Parameters: """""
script:M07_Destroyed_SAM_Site,script,M07_Destroyed_SAM_Site,Code/Scripts/Mission07.cpp:2573,games/renegade/content/scripts,,,not_started,,parity,"Parameters: """""
script:M07_Disable_Hibernation,script,M07_Disable_Hibernation,Code/Scripts/Mission07.cpp:5752,games/renegade/content/scripts,,,not_started,,parity,"Parameters: """""
script:M07_E10_Tank,script,M07_E10_Tank,Code/Scripts/Mission07.cpp:5319,games/renegade/content/scripts,,,not_started,,parity,"Parameters: """""
script:M07_Encounter_Unit,script,M07_Encounter_Unit,Code/Scripts/Mission07.cpp:3668,games/renegade/content/scripts,,,not_started,,parity,"Parameters: ""Waypath_ID=0:int, Priority=0:int, Suicide=0:int, Stationary_at_End=0:int"""
script:M07_Evac_Site_APC,script,M07_Evac_Site_APC,Code/Scripts/Mission07.cpp:1826,games/renegade/content/scripts,,,not_started,,parity,"Parameters: """""
script:M07_Evac_Site_APC_Soldier,script,M07_Evac_Site_APC_Soldier,Code/Scripts/Mission07.cpp:1838,games/renegade/content/scripts,,,not_started,,parity,"Parameters: ""APC_ID=0:int"""
script:M07_Evac_Site_Controller,script,M07_Evac_Site_Controller,Code/Scripts/Mission07.cpp:1752,games/renegade/content/scripts,,,not_started,,parity,"Parameters: """""
script:M07_Evac_Site_Soldier,script,M07_Evac_Site_Soldier,Code/Scripts/Mission07.cpp:1871,games/renegade/content/scripts,,,not_started,,parity,"Parameters: ""APC_ID=0:int"""
script:M07_Fancy_Inn_Controller,script,M07_Fancy_Inn_Controller,Code/Scripts/Mission07.cpp:2063,games/renegade/content/scripts,,,not_started,,parity,"Parameters: """""
script:M07_Fancy_Inn_Sam,script,M07_Fancy_Inn_Sam,Code/Scripts/Mission07.cpp:1945,games/renegade/content/scripts,,,not_started,,parity,"Parameters: """""
script:M07_Flyover_Controller,script,M07_Flyover_Controller,Code/Scripts/Mission07.cpp:5665,games/renegade/content/scripts,,,not_started,,parity,"Parameters: """""
script:M07_Fuel_Barrel,script,M07_Fuel_Barrel,Code/Scripts/Mission07.cpp:4910,games/renegade/content/scripts,,,not_started,,parity,"Parameters: """""
script:M07_Havoc_DLS,script,M07_Havoc_DLS,Code/Scripts/Mission07.cpp:332,games/renegade/content/scripts,,,not_started,,parity,"Parameters: """""
script:M07_Hostage,script,M07_Hostage,Code/Scripts/Mission07.cpp:4977,games/renegade/content/scripts,,,not_started,,parity,"Parameters: """""
script:M07_Hostage_Controller,script,M07_Hostage_Controller,Code/Scripts/Mission07.cpp:4937,games/renegade/content/scripts,,,not_started,,parity,"Parameters: """""
script:M07_Hostage_Taker,script,M07_Hostage_Taker,Code/Scripts/Mission07.cpp:5060,games/renegade/content/scripts,,,not_started,,parity,"Parameters: ""Waypath_ID=0:int"""
script:M07_Hotwire_Dead,script,M07_Hotwire_Dead,Code/Scripts/Mission07.cpp:6677,games/renegade/content/scripts,,,not_started,,parity,"Parameters: """""
script:M07_Hotwire_Help,script,M07_Hotwire_Help,Code/Scripts/Mission07.cpp:6637,games/renegade/content/scripts,,,not_started,,parity,"Parameters: """""
script:M07_In_Nuke_Blast,script,M07_In_Nuke_Blast,Code/Scripts/Mission07.cpp:1555,games/renegade/content/scripts,,,not_started,,parity,"Parameters: """""
script:M07_Inn_APC,script,M07_Inn_APC,Code/Scripts/Mission07.cpp:4086,games/renegade/content/scripts,,,not_started,,parity,"Parameters: """""
script:M07_Inn_APC_Soldier,script,M07_Inn_APC_Soldier,Code/Scripts/Mission07.cpp:4169,games/renegade/content/scripts,,,not_started,,parity,"Parameters: ""APC_ID=0:int"""
script:M07_Inn_Apache,script,M07_Inn_Apache,Code/Scripts/Mission07.cpp:2131,games/renegade/content/scripts,,,not_started,,parity,"Parameters: """""
script:M07_Inn_Balcony_Sniper,script,M07_Inn_Balcony_Sniper,Code/Scripts/Mission07.cpp:4202,games/renegade/content/scripts,,,not_started,,parity,"Parameters: ""APC_ID=0:int"""
script:M07_Inn_Evac,script,M07_Inn_Evac,Code/Scripts/Mission07.cpp:5900,games/renegade/content/scripts,,,not_started,,parity,"Parameters: """""
script:M07_Inn_Evac_Climb,script,M07_Inn_Evac_Climb,Code/Scripts/Mission07.cpp:6057,games/renegade/content/scripts,,,not_started,,parity,"Parameters: ""Dead6_ID=0:int"""
script:M07_Inn_Evac_Helicopter,script,M07_Inn_Evac_Helicopter,Code/Scripts/Mission07.cpp:6161,games/renegade/content/scripts,,,not_started,,parity,"Parameters: """""
script:M07_Inn_Evac_Rope,script,M07_Inn_Evac_Rope,Code/Scripts/Mission07.cpp:6105,games/renegade/content/scripts,,,not_started,,parity,"Parameters: """""
script:M07_Inn_Evac_Trajectory,script,M07_Inn_Evac_Trajectory,Code/Scripts/Mission07.cpp:6133,games/renegade/content/scripts,,,not_started,,parity,"Parameters: """""
script:M07_Mobile_Radar,script,M07_Mobile_Radar,Code/Scripts/Mission07.cpp:2586,games/renegade/content/scripts,,,not_started,,parity,"Parameters: """""
script:M07_Move_Hotwire,script,M07_Move_Hotwire,Code/Scripts/Mission07.cpp:5816,games/renegade/content/scripts,,,not_started,,parity,"Parameters: ""Move_Loc=0:int"""
script:M07_Move_To_Evac,script,M07_Move_To_Evac,Code/Scripts/Mission07.cpp:5769,games/renegade/content/scripts,,,not_started,,parity,"Parameters: """""
script:M07_Nod_Buggy_Dec,script,M07_Nod_Buggy_Dec,Code/Scripts/Mission07.cpp:4384,games/renegade/content/scripts,,,not_started,,parity,"Parameters: """""
script:M07_Nod_Gun_Emplacement,script,M07_Nod_Gun_Emplacement,Code/Scripts/Mission07.cpp:1679,games/renegade/content/scripts,,,not_started,,parity,"Parameters: """""
script:M07_Nod_Inn_Light_Tank_Dec,script,M07_Nod_Inn_Light_Tank_Dec,Code/Scripts/Mission07.cpp:4014,games/renegade/content/scripts,,,not_started,,parity,"Parameters: ""APC_ID=0:int"""
script:M07_Nod_Light_Tank_Dec,script,M07_Nod_Light_Tank_Dec,Code/Scripts/Mission07.cpp:3905,games/renegade/content/scripts,,,not_started,,parity,"Parameters: ""Attack_ID0=0:int, Attack_ID1=0:int, Attack_ID2=0:int"""
script:M07_Nod_Obelisk,script,M07_Nod_Obelisk,Code/Scripts/Mission07.cpp:3408,games/renegade/content/scripts,,,not_started,,parity,"Parameters: """""
script:M07_Nod_Obelisk_MCT,script,M07_Nod_Obelisk_MCT,Code/Scripts/Mission07.cpp:3456,games/renegade/content/scripts,,,not_started,,parity,"Parameters: """""
script:M07_Nod_Recon_Bike_Dec,script,M07_Nod_Recon_Bike_Dec,Code/Scripts/Mission07.cpp:4455,games/renegade/content/scripts,,,not_started,,parity,"Parameters: """""
script:M07_Obelisk_Unit,script,M07_Obelisk_Unit,Code/Scripts/Mission07.cpp:6531,games/renegade/content/scripts,,,not_started,,parity,"Parameters: """""
script:M07_Objective_Controller,script,M07_Objective_Controller,Code/Scripts/Mission07.cpp:44,games/renegade/content/scripts,,,not_started,,parity,"Parameters: """""
script:M07_Out_Nuke_Blast,script,M07_Out_Nuke_Blast,Code/Scripts/Mission07.cpp:1618,games/renegade/content/scripts,,,not_started,,parity,"Parameters: """""
script:M07_Para_Drop_Controller,script,M07_Para_Drop_Controller,Code/Scripts/Mission07.cpp:5378,games/renegade/content/scripts,,,not_started,,parity,"Parameters: """""
script:M07_Para_Drop_Unit,script,M07_Para_Drop_Unit,Code/Scripts/Mission07.cpp:5542,games/renegade/content/scripts,,,not_started,,parity,"Parameters: ""Unit_ID=0:int"""
script:M07_Para_Drop_Zone,script,M07_Para_Drop_Zone,Code/Scripts/Mission07.cpp:5514,games/renegade/content/scripts,,,not_started,,parity,"Parameters: ""Zone_ID=0:int"""
script:M07_Park_Controller,script,M07_Park_Controller,Code/Scripts/Mission07.cpp:3322,games/renegade/content/scripts,,,not_started,,parity,"Parameters: """""
script:M07_Park_SSM,script,M07_Park_SSM,Code/Scripts/Mission07.cpp:3354,games/renegade/content/scripts,,,not_started,,parity,"Parameters: """""
script:M07_Park_Stealth_Tank,script,M07_Park_Stealth_Tank,Code/Scripts/Mission07.cpp:6558,games/renegade/content/scripts,,,not_started,,parity,"Parameters: """""
script:M07_Park_Zone,script,M07_Park_Zone,Code/Scripts/Mission07.cpp:3500,games/renegade/content/scripts,,,not_started,,parity,"Parameters: ""Zone=0:int"""
script:M07_Player_Rocket_Emplacement,script,M07_Player_Rocket_Emplacement,Code/Scripts/Mission07.cpp:5844,games/renegade/content/scripts,,,not_started,,parity,"Parameters: """""
script:M07_Player_Vehicle,script,M07_Player_Vehicle,Code/Scripts/Mission07.cpp:2968,games/renegade/content/scripts,,,not_started,,parity,"Parameters: """""
script:M07_Playertype_Neutral,script,M07_Playertype_Neutral,Code/Scripts/Mission07.cpp:5880,games/renegade/content/scripts,,,not_started,,parity,"Parameters: """""
script:M07_Prisoner_Gate,script,M07_Prisoner_Gate,Code/Scripts/Mission07.cpp:2843,games/renegade/content/scripts,,,not_started,,parity,"Parameters: """""
script:M07_Radar_Engineer,script,M07_Radar_Engineer,Code/Scripts/Mission07.cpp:2622,games/renegade/content/scripts,,,not_started,,parity,"Parameters: ""Radar_ID=0:int"""
script:M07_Relocate_Triangle_Apache,script,M07_Relocate_Triangle_Apache,Code/Scripts/Mission07.cpp:4682,games/renegade/content/scripts,,,not_started,,parity,"Parameters: """""
script:M07_SAM_Site_Logic,script,M07_SAM_Site_Logic,Code/Scripts/Mission07.cpp:2468,games/renegade/content/scripts,,,not_started,,parity,"Parameters: """""
script:M07_SAM_Truck_100679,script,M07_SAM_Truck_100679,Code/Scripts/Mission07.cpp:2018,games/renegade/content/scripts,,,not_started,,parity,"Parameters: """""
script:M07_SAM_Truck_100680,script,M07_SAM_Truck_100680,Code/Scripts/Mission07.cpp:1973,games/renegade/content/scripts,,,not_started,,parity,"Parameters: """""
script:M07_SSM_Crate,script,M07_SSM_Crate,Code/Scripts/Mission07.cpp:6592,games/renegade/content/scripts,,,not_started,,parity,"Parameters: """""
script:M07_SSM_Unit,script,M07_SSM_Unit,Code/Scripts/Mission07.cpp:6484,games/renegade/content/scripts,,,not_started,,parity,"Parameters: """""
script:M07_Stockpile_Controller,script,M07_Stockpile_Controller,Code/Scripts/Mission07.cpp:3240,games/renegade/content/scripts,,,not_started,,parity,"Parameters: """""
script:M07_Stockpile_Engineer,script,M07_Stockpile_Engineer,Code/Scripts/Mission07.cpp:3273,games/renegade/content/scripts,,,not_started,,parity,"Parameters: """""
script:M07_Stockpile_Object,script,M07_Stockpile_Object,Code/Scripts/Mission07.cpp:3184,games/renegade/content/scripts,,,not_started,,parity,"Parameters: """""
script:M07_Sydney,script,M07_Sydney,Code/Scripts/Mission07.cpp:1268,games/renegade/content/scripts,,,not_started,,parity,"Parameters: """""
script:M07_Sydney2,script,M07_Sydney2,Code/Scripts/Mission07.cpp:922,games/renegade/content/scripts,,,not_started,,parity,"Parameters: """""
script:M07_TownSquare_Controller,script,M07_TownSquare_Controller,Code/Scripts/Mission07.cpp:2720,games/renegade/content/scripts,,,not_started,,parity,"Parameters: """""
script:M07_TownSquare_Gun_Emp,script,M07_TownSquare_Gun_Emp,Code/Scripts/Mission07.cpp:2826,games/renegade/content/scripts,,,not_started,,parity,"Parameters: """""
script:M07_TownSquare_Unit,script,M07_TownSquare_Unit,Code/Scripts/Mission07.cpp:2673,games/renegade/content/scripts,,,not_started,,parity,"Parameters: ""Spawn_ID=0:int, Waypath_ID=0:int"""
script:M07_Triangle_APC,script,M07_Triangle_APC,Code/Scripts/Mission07.cpp:4710,games/renegade/content/scripts,,,not_started,,parity,"Parameters: """""
script:M07_Triangle_APC_Soldier,script,M07_Triangle_APC_Soldier,Code/Scripts/Mission07.cpp:4720,games/renegade/content/scripts,,,not_started,,parity,"Parameters: ""APC_ID=0:int"""
script:M07_Triangle_Apache,script,M07_Triangle_Apache,Code/Scripts/Mission07.cpp:4592,games/renegade/content/scripts,,,not_started,,parity,"Parameters: """""
script:M07_Triangle_Controller,script,M07_Triangle_Controller,Code/Scripts/Mission07.cpp:4784,games/renegade/content/scripts,,,not_started,,parity,"Parameters: """""
script:M07_Triangle_Guard,script,M07_Triangle_Guard,Code/Scripts/Mission07.cpp:4753,games/renegade/content/scripts,,,not_started,,parity,"Parameters: ""APC_ID=0:int"""
script:M07_Triangle_Unit,script,M07_Triangle_Unit,Code/Scripts/Mission07.cpp:4855,games/renegade/content/scripts,,,not_started,,parity,"Parameters: """""
script:M07_V01_Controller,script,M07_V01_Controller,Code/Scripts/Mission07.cpp:4288,games/renegade/content/scripts,,,not_started,,parity,"Parameters: """""
script:M07_V01_Destroyed_Flame_Tank,script,M07_V01_Destroyed_Flame_Tank,Code/Scripts/Mission07.cpp:4350,games/renegade/content/scripts,,,not_started,,parity,"Parameters: """""
script:M07_V01_Unit,script,M07_V01_Unit,Code/Scripts/Mission07.cpp:4526,games/renegade/content/scripts,,,not_started,,parity,"Parameters: """""
script:M07_V05_Controller,script,M07_V05_Controller,Code/Scripts/Mission07.cpp:3750,games/renegade/content/scripts,,,not_started,,parity,"Parameters: """""
script:M07_V05_Officer,script,M07_V05_Officer,Code/Scripts/Mission07.cpp:3822,games/renegade/content/scripts,,,not_started,,parity,"Parameters: """""
script:M07_V05_Unit,script,M07_V05_Unit,Code/Scripts/Mission07.cpp:3847,games/renegade/content/scripts,,,not_started,,parity,"Parameters: ""Stationary=0:int"""
script:M07_Vehicle_Drop_Controller,script,M07_Vehicle_Drop_Controller,Code/Scripts/Mission07.cpp:3008,games/renegade/content/scripts,,,not_started,,parity,"Parameters: """""
script:M07_Vehicle_Drop_Zone,script,M07_Vehicle_Drop_Zone,Code/Scripts/Mission07.cpp:3122,games/renegade/content/scripts,,,not_started,,parity,"Parameters: ""Zone_ID=0:int"""
script:M08_APC_Soldier,script,M08_APC_Soldier,Code/Scripts/mission08.cpp:1336,games/renegade/content/scripts,,,not_started,,parity,"Parameters: ""APC_ID=0:int"""
script:M08_Activate_Cavern_Entrance_Truck,script,M08_Activate_Cavern_Entrance_Truck,Code/Scripts/mission08.cpp:4885,games/renegade/content/scripts,,,not_started,,parity,"Parameters: """""
script:M08_Activate_Convoy,script,M08_Activate_Convoy,Code/Scripts/mission08.cpp:1644,games/renegade/content/scripts,,,not_started,,parity,"Parameters: ""Param=0:int"""
script:M08_Activate_Encounter,script,M08_Activate_Encounter,Code/Scripts/mission08.cpp:2846,games/renegade/content/scripts,,,not_started,,parity,"Parameters: ""Spawner_ID1=0:int, Spawner_ID2=0:int, Spawner_ID3=0:int, Spawner_ID4=0:int, Spawner_ID5=0:int, Spawner_ID6=0:int"""
script:M08_Activate_Excavation,script,M08_Activate_Excavation,Code/Scripts/mission08.cpp:6100,games/renegade/content/scripts,,,not_started,,parity,"Parameters: """""
script:M08_Activate_Innate,script,M08_Activate_Innate,Code/Scripts/mission08.cpp:3172,games/renegade/content/scripts,,,not_started,,parity,"Parameters: ""Unit_ID1=0:int, Unit_ID2=0:int, Unit_ID3=0:int, Unit_ID4=0:int, Unit_ID5=0:int, """
script:M08_Activate_Midtro,script,M08_Activate_Midtro,Code/Scripts/mission08.cpp:6793,games/renegade/content/scripts,,,not_started,,parity,"Parameters: """""
script:M08_Activate_Objective_802,script,M08_Activate_Objective_802,Code/Scripts/mission08.cpp:334,games/renegade/content/scripts,,,not_started,,parity,"Parameters: """""
script:M08_Activate_Objective_803,script,M08_Activate_Objective_803,Code/Scripts/mission08.cpp:393,games/renegade/content/scripts,,,not_started,,parity,"Parameters: """""
script:M08_Activate_Objective_804,script,M08_Activate_Objective_804,Code/Scripts/mission08.cpp:453,games/renegade/content/scripts,,,not_started,,parity,"Parameters: """""
script:M08_Activate_Objective_806,script,M08_Activate_Objective_806,Code/Scripts/mission08.cpp:513,games/renegade/content/scripts,,,not_started,,parity,"Parameters: """""
script:M08_Activate_PetraA21,script,M08_Activate_PetraA21,Code/Scripts/mission08.cpp:1450,games/renegade/content/scripts,,,not_started,,parity,"Parameters: """""
script:M08_Activate_PetraA22,script,M08_Activate_PetraA22,Code/Scripts/mission08.cpp:1487,games/renegade/content/scripts,,,not_started,,parity,"Parameters: """""
script:M08_Activate_Petra_A,script,M08_Activate_Petra_A,Code/Scripts/mission08.cpp:3689,games/renegade/content/scripts,,,not_started,,parity,"Parameters: """""
script:M08_Activate_Petra_B,script,M08_Activate_Petra_B,Code/Scripts/mission08.cpp:4078,games/renegade/content/scripts,,,not_started,,parity,"Parameters: """""
script:M08_Activate_Petra_C,script,M08_Activate_Petra_C,Code/Scripts/mission08.cpp:4456,games/renegade/content/scripts,,,not_started,,parity,"Parameters: """""
script:M08_Activate_Sakura,script,M08_Activate_Sakura,Code/Scripts/mission08.cpp:5827,games/renegade/content/scripts,,,not_started,,parity,"Parameters: """""
script:M08_Activate_Stealth_Trap,script,M08_Activate_Stealth_Trap,Code/Scripts/mission08.cpp:1677,games/renegade/content/scripts,,,not_started,,parity,"Parameters: """""
script:M08_Apache,script,M08_Apache,Code/Scripts/mission08.cpp:6437,games/renegade/content/scripts,,,not_started,,parity,"Parameters: ""Area:int"""
script:M08_Apache_Controller,script,M08_Apache_Controller,Code/Scripts/mission08.cpp:6278,games/renegade/content/scripts,,,not_started,,parity,"Parameters: """""
script:M08_Archaelogical_Reinforcements,script,M08_Archaelogical_Reinforcements,Code/Scripts/mission08.cpp:2059,games/renegade/content/scripts,,,not_started,,parity,"Parameters: ""Unit_ID=0:int"""
script:M08_Archaelogical_Site_Buggy,script,M08_Archaelogical_Site_Buggy,Code/Scripts/mission08.cpp:2159,games/renegade/content/scripts,,,not_started,,parity,"Parameters: """""
script:M08_Archaelogical_Site_Controller,script,M08_Archaelogical_Site_Controller,Code/Scripts/mission08.cpp:2100,games/renegade/content/scripts,,,not_started,,parity,"Parameters: """""
script:M08_Archaelogical_Site_Patrol,script,M08_Archaelogical_Site_Patrol,Code/Scripts/mission08.cpp:1978,games/renegade/content/scripts,,,not_started,,parity,"Parameters: ""Waypath_ID=0:int, Waypath_Loc:Vector3, Unit_ID=0:int"""
script:M08_Archaelogical_Site_Tomb,script,M08_Archaelogical_Site_Tomb,Code/Scripts/mission08.cpp:2224,games/renegade/content/scripts,,,not_started,,parity,"Parameters: """""
script:M08_Basketball_Court_Controller,script,M08_Basketball_Court_Controller,Code/Scripts/mission08.cpp:3230,games/renegade/content/scripts,,,not_started,,parity,"Parameters: """""
script:M08_Basketball_Gun_Emp,script,M08_Basketball_Gun_Emp,Code/Scripts/mission08.cpp:3285,games/renegade/content/scripts,,,not_started,,parity,"Parameters: """""
script:M08_Cavern_APC,script,M08_Cavern_APC,Code/Scripts/mission08.cpp:5233,games/renegade/content/scripts,,,not_started,,parity,"Parameters: ""Waypath_ID=0:int"""
script:M08_Cavern_Controller,script,M08_Cavern_Controller,Code/Scripts/mission08.cpp:5123,games/renegade/content/scripts,,,not_started,,parity,"Parameters: """""
script:M08_Cavern_Entrance_Truck,script,M08_Cavern_Entrance_Truck,Code/Scripts/mission08.cpp:4917,games/renegade/content/scripts,,,not_started,,parity,"Parameters: """""
script:M08_Cavern_Gun_Emplacement,script,M08_Cavern_Gun_Emplacement,Code/Scripts/mission08.cpp:5393,games/renegade/content/scripts,,,not_started,,parity,"Parameters: """""
script:M08_Cavern_Tunnel_APC,script,M08_Cavern_Tunnel_APC,Code/Scripts/mission08.cpp:5262,games/renegade/content/scripts,,,not_started,,parity,"Parameters: """""
script:M08_Cell_Controller,script,M08_Cell_Controller,Code/Scripts/mission08.cpp:883,games/renegade/content/scripts,,,not_started,,parity,"Parameters: """""
script:M08_Custom_Activate,script,M08_Custom_Activate,Code/Scripts/mission08.cpp:5201,games/renegade/content/scripts,,,not_started,,parity,"Parameters: ""Controller_ID=0:int"""
script:M08_DataDisc_01_DLS,script,M08_DataDisc_01_DLS,Code/Scripts/mission08.cpp:7159,games/renegade/content/scripts,,,not_started,,parity,"Parameters: """""
script:M08_DataDisc_02_DLS,script,M08_DataDisc_02_DLS,Code/Scripts/mission08.cpp:7173,games/renegade/content/scripts,,,not_started,,parity,"Parameters: """""
script:M08_Deactivate_Encounter,script,M08_Deactivate_Encounter,Code/Scripts/mission08.cpp:2947,games/renegade/content/scripts,,,not_started,,parity,"Parameters: ""Activate_Zone=0:int"""
script:M08_Deactivate_Petra_A,script,M08_Deactivate_Petra_A,Code/Scripts/mission08.cpp:3715,games/renegade/content/scripts,,,not_started,,parity,"Parameters: """""
script:M08_Deactivate_Petra_B,script,M08_Deactivate_Petra_B,Code/Scripts/mission08.cpp:4103,games/renegade/content/scripts,,,not_started,,parity,"Parameters: """""
script:M08_Deactivate_Petra_C,script,M08_Deactivate_Petra_C,Code/Scripts/mission08.cpp:4481,games/renegade/content/scripts,,,not_started,,parity,"Parameters: """""
script:M08_Destroy_Stealth_Trap,script,M08_Destroy_Stealth_Trap,Code/Scripts/mission08.cpp:1810,games/renegade/content/scripts,,,not_started,,parity,"Parameters: """""
script:M08_Elevator_Movement_Zone,script,M08_Elevator_Movement_Zone,Code/Scripts/mission08.cpp:6882,games/renegade/content/scripts,,,not_started,,parity,"Parameters: ""Direction:int, Anim_num:int, Elev_obj_num:int"""
script:M08_Enable_KaneConversation,script,M08_Enable_KaneConversation,Code/Scripts/mission08.cpp:7082,games/renegade/content/scripts,,,not_started,,parity,"Parameters: """""
script:M08_Enable_Stealth,script,M08_Enable_Stealth,Code/Scripts/mission08.cpp:6950,games/renegade/content/scripts,,,not_started,,parity,"Parameters: ""On=1:int"""
script:M08_Encounter_Unit,script,M08_Encounter_Unit,Code/Scripts/mission08.cpp:2977,games/renegade/content/scripts,,,not_started,,parity,"Parameters: ""Waypath_ID=0:int, Priority=0:int, Suicide=0:int, Stationary_at_End=0:int"""
script:M08_Excavation_Mechanism,script,M08_Excavation_Mechanism,Code/Scripts/mission08.cpp:2450,games/renegade/content/scripts,,,not_started,,parity,"Parameters: """""
script:M08_Facility_APC,script,M08_Facility_APC,Code/Scripts/mission08.cpp:4507,games/renegade/content/scripts,,,not_started,,parity,"Parameters: """""
script:M08_Facility_Go_Point,script,M08_Facility_Go_Point,Code/Scripts/mission08.cpp:2634,games/renegade/content/scripts,,,not_started,,parity,"Parameters: ""Point1_ID=0:int, Point2_ID=0:int"""
script:M08_Facility_Patrol,script,M08_Facility_Patrol,Code/Scripts/mission08.cpp:2556,games/renegade/content/scripts,,,not_started,,parity,"Parameters: ""Waypath_ID=0:int, Waypath_Loc:Vector3"""
script:M08_Facility_Scientist,script,M08_Facility_Scientist,Code/Scripts/mission08.cpp:6135,games/renegade/content/scripts,,,not_started,,parity,"Parameters: ""Loc1_ID=0:int, Loc2_ID=0:int, Loc3_ID=0:int, Animation:string, Spawner_ID=0:int"""
script:M08_Facility_Scientist_Inactive,script,M08_Facility_Scientist_Inactive,Code/Scripts/mission08.cpp:4961,games/renegade/content/scripts,,,not_started,,parity,"Parameters: ""Point1_ID=0:int, Point2_ID=0:int, Point3_ID=0:int, Controller_ID=0:int"""
script:M08_Facility_Tank,script,M08_Facility_Tank,Code/Scripts/mission08.cpp:2717,games/renegade/content/scripts,,,not_started,,parity,"Parameters: ""Waypath_ID=0:int"""
script:M08_Facility_Vehicle_Dec,script,M08_Facility_Vehicle_Dec,Code/Scripts/mission08.cpp:2793,games/renegade/content/scripts,,,not_started,,parity,"Parameters: """""
script:M08_Flyover_Controller,script,M08_Flyover_Controller,Code/Scripts/mission08.cpp:6054,games/renegade/content/scripts,,,not_started,,parity,"Parameters: """""
script:M08_Free_Jailed_Mutants,script,M08_Free_Jailed_Mutants,Code/Scripts/mission08.cpp:6770,games/renegade/content/scripts,,,not_started,,parity,"Parameters: """""
script:M08_Free_Prisoners_Zone,script,M08_Free_Prisoners_Zone,Code/Scripts/mission08.cpp:5644,games/renegade/content/scripts,,,not_started,,parity,"Parameters: ""Prisoner1_ID=0:int, Prisoner2_ID=0:int, Prisoner3_ID=0:int, Prisoner4_ID=0:int"""
script:M08_GDI_Free_Prison,script,M08_GDI_Free_Prison,Code/Scripts/mission08.cpp:1259,games/renegade/content/scripts,,,not_started,,parity,"Parameters: ""Soldier_ID=0:int"""
script:M08_Havoc_DLS,script,M08_Havoc_DLS,Code/Scripts/mission08.cpp:278,games/renegade/content/scripts,,,not_started,,parity,"Parameters: """""
script:M08_Helipad,script,M08_Helipad,Code/Scripts/mission08.cpp:562,games/renegade/content/scripts,,,not_started,,parity,"Parameters: """""
script:M08_Homepoint,script,M08_Homepoint,Code/Scripts/mission08.cpp:3293,games/renegade/content/scripts,,,not_started,,parity,"Parameters: ""Homepoint_ID=0:int"""
script:M08_Immortal_Star_DLS,script,M08_Immortal_Star_DLS,Code/Scripts/mission08.cpp:6913,games/renegade/content/scripts,,,not_started,,parity,"Parameters: """""
script:M08_Initial_Prisoner,script,M08_Initial_Prisoner,Code/Scripts/mission08.cpp:730,games/renegade/content/scripts,,,not_started,,parity,"Parameters: ""Reinforcment_ID=0:int"""
script:M08_Innate_Control,script,M08_Innate_Control,Code/Scripts/mission08.cpp:3145,games/renegade/content/scripts,,,not_started,,parity,"Parameters: """""
script:M08_KaneHead,script,M08_KaneHead,Code/Scripts/mission08.cpp:7119,games/renegade/content/scripts,,,not_started,,parity,"Parameters: """""
script:M08_Lower_Cavern_Buggy,script,M08_Lower_Cavern_Buggy,Code/Scripts/mission08.cpp:5464,games/renegade/content/scripts,,,not_started,,parity,"Parameters: """""
script:M08_Mobile_Apache,script,M08_Mobile_Apache,Code/Scripts/mission08.cpp:6613,games/renegade/content/scripts,,,not_started,,parity,"Parameters: ""Entrance_Path_ID=0:int, Helipad_ID=0:int"""
script:M08_Mobile_Vehicle,script,M08_Mobile_Vehicle,Code/Scripts/mission08.cpp:5939,games/renegade/content/scripts,,,not_started,,parity,"Parameters: ""CheckBlocked=1:int, Attack_Loc0=0:int, Attack_Loc1=0:int, Attack_Loc2=0:int, Attack_Loc3=0:int, Attack_Loc4=0:int, Attack_Loc5=0:int, Attack_Loc6=0:int, Attack_Loc7=0:int, Attack_Loc8=0:int, Attack_Loc9=0:int, Attack_Loc10=0:int"""
script:M08_Move_Sakura,script,M08_Move_Sakura,Code/Scripts/mission08.cpp:5894,games/renegade/content/scripts,,,not_started,,parity,"Parameters: ""Movement_Loc=0:int"""
script:M08_Mutant_Behavior,script,M08_Mutant_Behavior,Code/Scripts/mission08.cpp:6726,games/renegade/content/scripts,,,not_started,,parity,"Parameters: """""
script:M08_Nod_Buggy_Dec,script,M08_Nod_Buggy_Dec,Code/Scripts/mission08.cpp:3303,games/renegade/content/scripts,,,not_started,,parity,"Parameters: """""
script:M08_Nod_Gun_Emplacement,script,M08_Nod_Gun_Emplacement,Code/Scripts/mission08.cpp:997,games/renegade/content/scripts,,,not_started,,parity,"Parameters: """""
script:M08_Nod_Light_Tank,script,M08_Nod_Light_Tank,Code/Scripts/mission08.cpp:1874,games/renegade/content/scripts,,,not_started,,parity,"Parameters: """""
script:M08_Nod_Prison_Unit,script,M08_Nod_Prison_Unit,Code/Scripts/mission08.cpp:845,games/renegade/content/scripts,,,not_started,,parity,"Parameters: """""
script:M08_Nod_Stealth_Tank,script,M08_Nod_Stealth_Tank,Code/Scripts/mission08.cpp:1926,games/renegade/content/scripts,,,not_started,,parity,"Parameters: """""
script:M08_Nod_Turret,script,M08_Nod_Turret,Code/Scripts/mission08.cpp:1063,games/renegade/content/scripts,,,not_started,,parity,"Parameters: """""
script:M08_Nod_Warden,script,M08_Nod_Warden,Code/Scripts/mission08.cpp:5859,games/renegade/content/scripts,,,not_started,,parity,"Parameters: """""
script:M08_Objective_Controller,script,M08_Objective_Controller,Code/Scripts/mission08.cpp:45,games/renegade/content/scripts,,,not_started,,parity,"Parameters: """""
script:M08_Observatory_Dome_Controller,script,M08_Observatory_Dome_Controller,Code/Scripts/mission08.cpp:4794,games/renegade/content/scripts,,,not_started,,parity,"Parameters: """""
script:M08_Patrol_Inactive,script,M08_Patrol_Inactive,Code/Scripts/mission08.cpp:4640,games/renegade/content/scripts,,,not_started,,parity,"Parameters: ""Waypath_ID=0:int, Waypath_Loc:Vector3, Controller_ID=0:int"""
script:M08_PetraA21_Buggy,script,M08_PetraA21_Buggy,Code/Scripts/mission08.cpp:1363,games/renegade/content/scripts,,,not_started,,parity,"Parameters: """""
script:M08_PetraA22_Stealth_Tank,script,M08_PetraA22_Stealth_Tank,Code/Scripts/mission08.cpp:1518,games/renegade/content/scripts,,,not_started,,parity,"Parameters: """""
script:M08_PetraA25_Controller,script,M08_PetraA25_Controller,Code/Scripts/mission08.cpp:2254,games/renegade/content/scripts,,,not_started,,parity,"Parameters: """""
script:M08_PetraA25_Patrol,script,M08_PetraA25_Patrol,Code/Scripts/mission08.cpp:2386,games/renegade/content/scripts,,,not_started,,parity,"Parameters: ""Waypath_ID=0:int, Waypath_Loc:Vector3"""
script:M08_PetraA25_Tank,script,M08_PetraA25_Tank,Code/Scripts/mission08.cpp:2307,games/renegade/content/scripts,,,not_started,,parity,"Parameters: """""
script:M08_Petra_A_Controller,script,M08_Petra_A_Controller,Code/Scripts/mission08.cpp:3368,games/renegade/content/scripts,,,not_started,,parity,"Parameters: """""
script:M08_Petra_A_Helo,script,M08_Petra_A_Helo,Code/Scripts/mission08.cpp:3666,games/renegade/content/scripts,,,not_started,,parity,"Parameters: ""Unit_ID=0:int"""
script:M08_Petra_A_Unit,script,M08_Petra_A_Unit,Code/Scripts/mission08.cpp:3569,games/renegade/content/scripts,,,not_started,,parity,"Parameters: ""Unit_ID=0:int"""
script:M08_Petra_B_Controller,script,M08_Petra_B_Controller,Code/Scripts/mission08.cpp:3743,games/renegade/content/scripts,,,not_started,,parity,"Parameters: """""
script:M08_Petra_B_Helo,script,M08_Petra_B_Helo,Code/Scripts/mission08.cpp:4055,games/renegade/content/scripts,,,not_started,,parity,"Parameters: ""Unit_ID=0:int"""
script:M08_Petra_B_Unit,script,M08_Petra_B_Unit,Code/Scripts/mission08.cpp:3958,games/renegade/content/scripts,,,not_started,,parity,"Parameters: ""Unit_ID=0:int"""
script:M08_Petra_C_Controller,script,M08_Petra_C_Controller,Code/Scripts/mission08.cpp:4131,games/renegade/content/scripts,,,not_started,,parity,"Parameters: """""
script:M08_Petra_C_Helo,script,M08_Petra_C_Helo,Code/Scripts/mission08.cpp:4433,games/renegade/content/scripts,,,not_started,,parity,"Parameters: ""Unit_ID=0:int"""
script:M08_Petra_C_Unit,script,M08_Petra_C_Unit,Code/Scripts/mission08.cpp:4336,games/renegade/content/scripts,,,not_started,,parity,"Parameters: ""Unit_ID=0:int"""
script:M08_Petra_Convoy,script,M08_Petra_Convoy,Code/Scripts/mission08.cpp:1581,games/renegade/content/scripts,,,not_started,,parity,"Parameters: """""
script:M08_Player_Stealth_Tank,script,M08_Player_Stealth_Tank,Code/Scripts/mission08.cpp:1854,games/renegade/content/scripts,,,not_started,,parity,"Parameters: """""
script:M08_Prison_Apache,script,M08_Prison_Apache,Code/Scripts/mission08.cpp:1132,games/renegade/content/scripts,,,not_started,,parity,"Parameters: """""
script:M08_Prison_Controller,script,M08_Prison_Controller,Code/Scripts/mission08.cpp:1277,games/renegade/content/scripts,,,not_started,,parity,"Parameters: """""
script:M08_Prison_Patrol,script,M08_Prison_Patrol,Code/Scripts/mission08.cpp:624,games/renegade/content/scripts,,,not_started,,parity,"Parameters: ""Waypath_ID=0:int, Waypath_Loc:Vector3"""
script:M08_Prison_Storage_Guard,script,M08_Prison_Storage_Guard,Code/Scripts/mission08.cpp:920,games/renegade/content/scripts,,,not_started,,parity,"Parameters: """""
script:M08_Prisoner_Conversation,script,M08_Prisoner_Conversation,Code/Scripts/mission08.cpp:6831,games/renegade/content/scripts,,,not_started,,parity,"Parameters: ""Orator_ID=0:int, Captive=0:int"""
script:M08_Prisoner_Poke_Conversation,script,M08_Prisoner_Poke_Conversation,Code/Scripts/mission08.cpp:7003,games/renegade/content/scripts,,,not_started,,parity,"Parameters: """""
script:M08_Raveshaw,script,M08_Raveshaw,Code/Scripts/mission08.cpp:590,games/renegade/content/scripts,,,not_started,,parity,"Parameters: """""
script:M08_Reinforcement_Prisoner,script,M08_Reinforcement_Prisoner,Code/Scripts/mission08.cpp:824,games/renegade/content/scripts,,,not_started,,parity,"Parameters: """""
script:M08_Reinforcements_Active,script,M08_Reinforcements_Active,Code/Scripts/mission08.cpp:4831,games/renegade/content/scripts,,,not_started,,parity,"Parameters: ""Controller_ID=0:int"""
script:M08_Reinforcements_Inactive,script,M08_Reinforcements_Inactive,Code/Scripts/mission08.cpp:4858,games/renegade/content/scripts,,,not_started,,parity,"Parameters: ""Controller_ID=0:int"""
script:M08_Research_Station_A,script,M08_Research_Station_A,Code/Scripts/mission08.cpp:2496,games/renegade/content/scripts,,,not_started,,parity,"Parameters: """""
script:M08_Research_Station_B,script,M08_Research_Station_B,Code/Scripts/mission08.cpp:2526,games/renegade/content/scripts,,,not_started,,parity,"Parameters: """""
script:M08_Sakura,script,M08_Sakura,Code/Scripts/mission08.cpp:5683,games/renegade/content/scripts,,,not_started,,parity,"Parameters: """""
script:M08_Scientist,script,M08_Scientist,Code/Scripts/mission08.cpp:4760,games/renegade/content/scripts,,,not_started,,parity,"Parameters: ""Controller_ID=0:int"""
script:M08_Sniper,script,M08_Sniper,Code/Scripts/mission08.cpp:943,games/renegade/content/scripts,,,not_started,,parity,"Parameters: ""Waypath_ID=0:int, Waypath_Loc:Vector3"""
script:M08_Tiberium_Cultivation_MCT,script,M08_Tiberium_Cultivation_MCT,Code/Scripts/mission08.cpp:2467,games/renegade/content/scripts,,,not_started,,parity,"Parameters: """""
script:M08_Unarmed_Prisoner,script,M08_Unarmed_Prisoner,Code/Scripts/mission08.cpp:5551,games/renegade/content/scripts,,,not_started,,parity,"Parameters: ""Exit_Cell_ID=0:int, Weapon_Loc_ID=0:int"""
script:M08_Warden_Announcement1,script,M08_Warden_Announcement1,Code/Scripts/mission08.cpp:3059,games/renegade/content/scripts,,,not_started,,parity,"Parameters: """""
script:M08_Warden_Announcement2,script,M08_Warden_Announcement2,Code/Scripts/mission08.cpp:3096,games/renegade/content/scripts,,,not_started,,parity,"Parameters: """""
script:M09_Ambient_Clutter,script,M09_Ambient_Clutter,Code/Scripts/Mission09.cpp:4202,games/renegade/content/scripts,,,not_started,,parity,"Parameters: """""
script:M09_Animating_Mutant,script,M09_Animating_Mutant,Code/Scripts/Mission09.cpp:695,games/renegade/content/scripts,,,not_started,,parity,"Parameters: ""Animation=0:int"""
script:M09_Attack_Blocked_False,script,M09_Attack_Blocked_False,Code/Scripts/Mission09.cpp:4666,games/renegade/content/scripts,,,not_started,,parity,"Parameters: """""
script:M09_Block_Off,script,M09_Block_Off,Code/Scripts/Mission09.cpp:3521,games/renegade/content/scripts,,,not_started,,parity,"Parameters: """""
script:M09_Camera_Activate,script,M09_Camera_Activate,Code/Scripts/Mission09.cpp:4574,games/renegade/content/scripts,,,not_started,,parity,"Parameters: ""Camera0=0:int, Camera1=0:int, Camera2=0:int, Camera3=0:int, Camera4=0:int"""
script:M09_CheckpointA_Controller,script,M09_CheckpointA_Controller,Code/Scripts/Mission09.cpp:2256,games/renegade/content/scripts,,,not_started,,parity,"Parameters: """""
script:M09_CheckpointA_Counter,script,M09_CheckpointA_Counter,Code/Scripts/Mission09.cpp:2285,games/renegade/content/scripts,,,not_started,,parity,"Parameters: """""
script:M09_Chinook_ParaDrop,script,M09_Chinook_ParaDrop,Code/Scripts/Mission09.cpp:2293,games/renegade/content/scripts,,,not_started,,parity,"Parameters: ""Preset:string"""
script:M09_Containment_Key_1,script,M09_Containment_Key_1,Code/Scripts/Mission09.cpp:2938,games/renegade/content/scripts,,,not_started,,parity,"Parameters: """""
script:M09_Containment_Key_2,script,M09_Containment_Key_2,Code/Scripts/Mission09.cpp:2958,games/renegade/content/scripts,,,not_started,,parity,"Parameters: """""
script:M09_Cryo_Mutant_Zone_01,script,M09_Cryo_Mutant_Zone_01,Code/Scripts/Mission09.cpp:2829,games/renegade/content/scripts,,,not_started,,parity,"Parameters: """""
script:M09_Custom_Attack,script,M09_Custom_Attack,Code/Scripts/Mission09.cpp:2778,games/renegade/content/scripts,,,not_started,,parity,"Parameters: """""
script:M09_Damage_Modifier,script,M09_Damage_Modifier,Code/Scripts/Mission09.cpp:3706,games/renegade/content/scripts,,,not_started,,parity,"Parameters: ""Damage_multiplier:float"""
script:M09_Destroy_Self_Zone,script,M09_Destroy_Self_Zone,Code/Scripts/Mission09.cpp:4301,games/renegade/content/scripts,,,not_started,,parity,"Parameters: """""
script:M09_Destroy_Zone,script,M09_Destroy_Zone,Code/Scripts/Mission09.cpp:4625,games/renegade/content/scripts,,,not_started,,parity,"Parameters: """""
script:M09_Elevator_All_Controller,script,M09_Elevator_All_Controller,Code/Scripts/Mission09.cpp:3327,games/renegade/content/scripts,,,not_started,,parity,"Parameters: ""Waypoint_num:int, Elev_obj_num:int, Anim_num:int, Direction = 0:int, Mobius_exit_goto:int"""
script:M09_Elevator_All_Zone,script,M09_Elevator_All_Zone,Code/Scripts/Mission09.cpp:3287,games/renegade/content/scripts,,,not_started,,parity,"Parameters: ""Controller_num:int"""
script:M09_Elevator_Exit,script,M09_Elevator_Exit,Code/Scripts/Mission09.cpp:4641,games/renegade/content/scripts,,,not_started,,parity,"Parameters: ""Mobius_exit_goto:int"""
script:M09_Elevator_Movement_Zone,script,M09_Elevator_Movement_Zone,Code/Scripts/Mission09.cpp:3254,games/renegade/content/scripts,,,not_started,,parity,"Parameters: ""Direction:int, Anim_num:int, Elev_obj_num:int"""
script:M09_Entrance_Zone,script,M09_Entrance_Zone,Code/Scripts/Mission09.cpp:2193,games/renegade/content/scripts,,,not_started,,parity,"Parameters: """""
script:M09_Evac_Bone,script,M09_Evac_Bone,Code/Scripts/Mission09.cpp:3950,games/renegade/content/scripts,,,not_started,,parity,"Parameters: """""
script:M09_Evac_Helicopter,script,M09_Evac_Helicopter,Code/Scripts/Mission09.cpp:3962,games/renegade/content/scripts,,,not_started,,parity,"Parameters: ""Gunner:int"""
script:M09_Evac_Point_Objective,script,M09_Evac_Point_Objective,Code/Scripts/Mission09.cpp:515,games/renegade/content/scripts,,,not_started,,parity,"Parameters: """""
script:M09_Evac_Transport,script,M09_Evac_Transport,Code/Scripts/Mission09.cpp:3894,games/renegade/content/scripts,,,not_started,,parity,"Parameters: """""
script:M09_Excavation_Tunnel_3,script,M09_Excavation_Tunnel_3,Code/Scripts/Mission09.cpp:2156,games/renegade/content/scripts,,,not_started,,parity,"Parameters: """""
script:M09_Excavation_Tunnel_Controller,script,M09_Excavation_Tunnel_Controller,Code/Scripts/Mission09.cpp:1942,games/renegade/content/scripts,,,not_started,,parity,"Parameters: """""
script:M09_Excavation_Tunnel_Encounter_Off,script,M09_Excavation_Tunnel_Encounter_Off,Code/Scripts/Mission09.cpp:1931,games/renegade/content/scripts,,,not_started,,parity,"Parameters: """""
script:M09_Excavation_Tunnel_Encounter_On,script,M09_Excavation_Tunnel_Encounter_On,Code/Scripts/Mission09.cpp:1920,games/renegade/content/scripts,,,not_started,,parity,"Parameters: """""
script:M09_Explosion_Zone_Lab01,script,M09_Explosion_Zone_Lab01,Code/Scripts/Mission09.cpp:2579,games/renegade/content/scripts,,,not_started,,parity,"Parameters: """""
script:M09_Explosion_Zone_Lab02,script,M09_Explosion_Zone_Lab02,Code/Scripts/Mission09.cpp:2619,games/renegade/content/scripts,,,not_started,,parity,"Parameters: """""
script:M09_Explosion_Zone_Tunnel01,script,M09_Explosion_Zone_Tunnel01,Code/Scripts/Mission09.cpp:2651,games/renegade/content/scripts,,,not_started,,parity,"Parameters: """""
script:M09_First_Mutant_Encounter,script,M09_First_Mutant_Encounter,Code/Scripts/Mission09.cpp:2529,games/renegade/content/scripts,,,not_started,,parity,"Parameters: """""
script:M09_First_Mutant_Encounter_Zone,script,M09_First_Mutant_Encounter_Zone,Code/Scripts/Mission09.cpp:2482,games/renegade/content/scripts,,,not_started,,parity,"Parameters: """""
script:M09_Flamer_Attack_Zone,script,M09_Flamer_Attack_Zone,Code/Scripts/Mission09.cpp:2796,games/renegade/content/scripts,,,not_started,,parity,"Parameters: """""
script:M09_Flyover_Controller,script,M09_Flyover_Controller,Code/Scripts/Mission09.cpp:3821,games/renegade/content/scripts,,,not_started,,parity,"Parameters: """""
script:M09_Flyover_Recycle,script,M09_Flyover_Recycle,Code/Scripts/Mission09.cpp:3864,games/renegade/content/scripts,,,not_started,,parity,"Parameters: """""
script:M09_Gunner,script,M09_Gunner,Code/Scripts/Mission09.cpp:3992,games/renegade/content/scripts,,,not_started,,parity,"Parameters: """""
script:M09_Havoc_Script,script,M09_Havoc_Script,Code/Scripts/Mission09.cpp:318,games/renegade/content/scripts,,,not_started,,parity,"Parameters: """""
script:M09_Home_Location_10,script,M09_Home_Location_10,Code/Scripts/Mission09.cpp:1466,games/renegade/content/scripts,,,not_started,,parity,"Parameters: """""
script:M09_Immobile,script,M09_Immobile,Code/Scripts/Mission09.cpp:2551,games/renegade/content/scripts,,,not_started,,parity,"Parameters: """""
script:M09_Innate_Activate,script,M09_Innate_Activate,Code/Scripts/Mission09.cpp:4521,games/renegade/content/scripts,,,not_started,,parity,"Parameters: ""Target0=0:int, Target1=0:int, Target2=0:int, Target3=0:int, Target4=0:int, Target5=0:int, Target6=0:int, Target7=0:int, Target8=0:int, Target9=0:int"""
script:M09_Innate_Disable,script,M09_Innate_Disable,Code/Scripts/Mission09.cpp:4050,games/renegade/content/scripts,,,not_started,,parity,"Parameters: """""
script:M09_Innate_Enable_Zone,script,M09_Innate_Enable_Zone,Code/Scripts/Mission09.cpp:4118,games/renegade/content/scripts,,,not_started,,parity,"Parameters: ""SoundProjector:int, Radius=7.0:float, Total_Enemies:int"""
script:M09_Invincible_MrShuman,script,M09_Invincible_MrShuman,Code/Scripts/Mission09.cpp:3226,games/renegade/content/scripts,,,not_started,,parity,"Parameters: """""
script:M09_KeyCard_Zone,script,M09_KeyCard_Zone,Code/Scripts/Mission09.cpp:4339,games/renegade/content/scripts,,,not_started,,parity,"Parameters: """""
script:M09_Key_Box,script,M09_Key_Box,Code/Scripts/Mission09.cpp:3027,games/renegade/content/scripts,,,not_started,,parity,"Parameters: """""
script:M09_Key_Controller_Zones,script,M09_Key_Controller_Zones,Code/Scripts/Mission09.cpp:2990,games/renegade/content/scripts,,,not_started,,parity,"Parameters: """""
script:M09_Key_Grant,script,M09_Key_Grant,Code/Scripts/Mission09.cpp:2894,games/renegade/content/scripts,,,not_started,,parity,"Parameters: """""
script:M09_LabRoom_Controller,script,M09_LabRoom_Controller,Code/Scripts/Mission09.cpp:754,games/renegade/content/scripts,,,not_started,,parity,"Parameters: """""
script:M09_LabRoom_Zones,script,M09_LabRoom_Zones,Code/Scripts/Mission09.cpp:649,games/renegade/content/scripts,,,not_started,,parity,"Parameters: ""Mutant_Num:int, Mutant_Goto:int"""
script:M09_Lab_Key_Controller,script,M09_Lab_Key_Controller,Code/Scripts/Mission09.cpp:2907,games/renegade/content/scripts,,,not_started,,parity,"Parameters: """""
script:M09_Lab_Powerup,script,M09_Lab_Powerup,Code/Scripts/Mission09.cpp:4186,games/renegade/content/scripts,,,not_started,,parity,"Parameters: ""Target:int"""
script:M09_Level10Key,script,M09_Level10Key,Code/Scripts/Mission09.cpp:4617,games/renegade/content/scripts,,,not_started,,parity,"Parameters: """""
script:M09_Mobius_Follow,script,M09_Mobius_Follow,Code/Scripts/Mission09.cpp:910,games/renegade/content/scripts,,,not_started,,parity,"Parameters: """""
script:M09_Mobius_Goto,script,M09_Mobius_Goto,Code/Scripts/Mission09.cpp:4040,games/renegade/content/scripts,,,not_started,,parity,"Parameters: ""GotoObject:int"""
script:M09_Mobius_Initial_Conversation,script,M09_Mobius_Initial_Conversation,Code/Scripts/Mission09.cpp:798,games/renegade/content/scripts,,,not_started,,parity,"Parameters: """""
script:M09_Mobius_OnFollow,script,M09_Mobius_OnFollow,Code/Scripts/Mission09.cpp:4679,games/renegade/content/scripts,,,not_started,,parity,"Parameters: """""
script:M09_Mobius_Suit_Objective,script,M09_Mobius_Suit_Objective,Code/Scripts/Mission09.cpp:357,games/renegade/content/scripts,,,not_started,,parity,"Parameters: """""
script:M09_MrShuman_Zone,script,M09_MrShuman_Zone,Code/Scripts/Mission09.cpp:3103,games/renegade/content/scripts,,,not_started,,parity,"Parameters: """""
script:M09_Mutant,script,M09_Mutant,Code/Scripts/Mission09.cpp:2571,games/renegade/content/scripts,,,not_started,,parity,"Parameters: """""
script:M09_Mutant_Ambush_Zone_01,script,M09_Mutant_Ambush_Zone_01,Code/Scripts/Mission09.cpp:1474,games/renegade/content/scripts,,,not_started,,parity,"Parameters: """""
script:M09_Mutant_Attack,script,M09_Mutant_Attack,Code/Scripts/Mission09.cpp:3530,games/renegade/content/scripts,,,not_started,,parity,"Parameters: ""Target_num:int"""
script:M09_Mutant_Damage_Mod_10,script,M09_Mutant_Damage_Mod_10,Code/Scripts/Mission09.cpp:1529,games/renegade/content/scripts,,,not_started,,parity,"Parameters: """""
script:M09_Mutant_Damage_Mod_50,script,M09_Mutant_Damage_Mod_50,Code/Scripts/Mission09.cpp:1563,games/renegade/content/scripts,,,not_started,,parity,"Parameters: """""
script:M09_Mutant_Encounter_Controller,script,M09_Mutant_Encounter_Controller,Code/Scripts/Mission09.cpp:3670,games/renegade/content/scripts,,,not_started,,parity,"Parameters: """""
script:M09_Mutant_Excavation_Zone_01,script,M09_Mutant_Excavation_Zone_01,Code/Scripts/Mission09.cpp:2729,games/renegade/content/scripts,,,not_started,,parity,"Parameters: """""
script:M09_Mutant_Path_01,script,M09_Mutant_Path_01,Code/Scripts/Mission09.cpp:2866,games/renegade/content/scripts,,,not_started,,parity,"Parameters: """""
script:M09_Mutant_Path_02,script,M09_Mutant_Path_02,Code/Scripts/Mission09.cpp:2880,games/renegade/content/scripts,,,not_started,,parity,"Parameters: """""
script:M09_No_Obj_Damage,script,M09_No_Obj_Damage,Code/Scripts/Mission09.cpp:3801,games/renegade/content/scripts,,,not_started,,parity,"Parameters: """""
script:M09_Nod_Damage_Mod_10,script,M09_Nod_Damage_Mod_10,Code/Scripts/Mission09.cpp:1597,games/renegade/content/scripts,,,not_started,,parity,"Parameters: """""
script:M09_Objective_Controller,script,M09_Objective_Controller,Code/Scripts/Mission09.cpp:46,games/renegade/content/scripts,,,not_started,,parity,"Parameters: """""
script:M09_PSuitAnim,script,M09_PSuitAnim,Code/Scripts/Mission09.cpp:4687,games/renegade/content/scripts,,,not_started,,parity,"Parameters: """""
script:M09_Sam_Controller,script,M09_Sam_Controller,Code/Scripts/Mission09.cpp:2693,games/renegade/content/scripts,,,not_started,,parity,"Parameters: """""
script:M09_Sam_Counter,script,M09_Sam_Counter,Code/Scripts/Mission09.cpp:2685,games/renegade/content/scripts,,,not_started,,parity,"Parameters: """""
script:M09_Sam_Engineer_1,script,M09_Sam_Engineer_1,Code/Scripts/Mission09.cpp:1875,games/renegade/content/scripts,,,not_started,,parity,"Parameters: """""
script:M09_Sam_Engineer_2,script,M09_Sam_Engineer_2,Code/Scripts/Mission09.cpp:1897,games/renegade/content/scripts,,,not_started,,parity,"Parameters: """""
script:M09_Scientist_Cower,script,M09_Scientist_Cower,Code/Scripts/Mission09.cpp:4281,games/renegade/content/scripts,,,not_started,,parity,"Parameters: """""
script:M09_Stationary,script,M09_Stationary,Code/Scripts/Mission09.cpp:1354,games/renegade/content/scripts,,,not_started,,parity,"Parameters: ""Reward_override=0:int"""
script:M09_Stationary_Nod,script,M09_Stationary_Nod,Code/Scripts/Mission09.cpp:1413,games/renegade/content/scripts,,,not_started,,parity,"Parameters: """""
script:M09_Stationary_StealthTank,script,M09_Stationary_StealthTank,Code/Scripts/Mission09.cpp:1665,games/renegade/content/scripts,,,not_started,,parity,"Parameters: """""
script:M09_Stealth_Tank_Pilot,script,M09_Stealth_Tank_Pilot,Code/Scripts/Mission09.cpp:1631,games/renegade/content/scripts,,,not_started,,parity,"Parameters: """""
script:M09_Surface_Objective,script,M09_Surface_Objective,Code/Scripts/Mission09.cpp:471,games/renegade/content/scripts,,,not_started,,parity,"Parameters: """""
script:M09_Tunnel_Spawner_354,script,M09_Tunnel_Spawner_354,Code/Scripts/Mission09.cpp:2065,games/renegade/content/scripts,,,not_started,,parity,"Parameters: """""
script:M09_Tunnel_Spawner_356,script,M09_Tunnel_Spawner_356,Code/Scripts/Mission09.cpp:2085,games/renegade/content/scripts,,,not_started,,parity,"Parameters: """""
script:M09_Tunnel_Spawner_357,script,M09_Tunnel_Spawner_357,Code/Scripts/Mission09.cpp:2044,games/renegade/content/scripts,,,not_started,,parity,"Parameters: """""
script:M09_Tunnel_Spawner_383_381,script,M09_Tunnel_Spawner_383_381,Code/Scripts/Mission09.cpp:2130,games/renegade/content/scripts,,,not_started,,parity,"Parameters: """""
script:M09_Tunnel_Spawner_384_382,script,M09_Tunnel_Spawner_384_382,Code/Scripts/Mission09.cpp:2105,games/renegade/content/scripts,,,not_started,,parity,"Parameters: """""
script:M09_Unteamed,script,M09_Unteamed,Code/Scripts/Mission09.cpp:2721,games/renegade/content/scripts,,,not_started,,parity,"Parameters: """""
script:M09_Vehicle_Attack_01,script,M09_Vehicle_Attack_01,Code/Scripts/Mission09.cpp:1691,games/renegade/content/scripts,,,not_started,,parity,"Parameters: """""
script:M09_Vehicle_Attack_02,script,M09_Vehicle_Attack_02,Code/Scripts/Mission09.cpp:1807,games/renegade/content/scripts,,,not_started,,parity,"Parameters: """""
script:M09_Vehicle_Attack_03,script,M09_Vehicle_Attack_03,Code/Scripts/Mission09.cpp:1976,games/renegade/content/scripts,,,not_started,,parity,"Parameters: """""
script:M09_Waypath_Run,script,M09_Waypath_Run,Code/Scripts/Mission09.cpp:3579,games/renegade/content/scripts,,,not_started,,parity,"Parameters: ""Waypath_num:int, Attacker_num:int, Controller_num:int"""
script:M09_Weather_Off,script,M09_Weather_Off,Code/Scripts/Mission09.cpp:3883,games/renegade/content/scripts,,,not_started,,parity,"Parameters: """""
script:M09_Weather_On,script,M09_Weather_On,Code/Scripts/Mission09.cpp:3872,games/renegade/content/scripts,,,not_started,,parity,"Parameters: """""
script:M09_Zone_Destroy,script,M09_Zone_Destroy,Code/Scripts/Mission09.cpp:4178,games/renegade/content/scripts,,,not_started,,parity,"Parameters: """""
script:M09_Zone_Enabled_Mobius,script,M09_Zone_Enabled_Mobius,Code/Scripts/Mission09.cpp:3756,games/renegade/content/scripts,,,not_started,,parity,"Parameters: ""Waypath_id:int, Condition=0:int"""
script:M10_Airstrip,script,M10_Airstrip,Code/Scripts/Mission10.cpp:961,games/renegade/content/scripts,,,not_started,,parity,"Parameters: """""
script:M10_Apache,script,M10_Apache,Code/Scripts/Mission10.cpp:1342,games/renegade/content/scripts,,,not_started,,parity,"Parameters: ""Area:int"""
script:M10_Apache_Controller,script,M10_Apache_Controller,Code/Scripts/Mission10.cpp:1182,games/renegade/content/scripts,,,not_started,,parity,"Parameters: """""
script:M10_Cargo_Plane_Dropoff,script,M10_Cargo_Plane_Dropoff,Code/Scripts/Mission10.cpp:1888,games/renegade/content/scripts,,,not_started,,parity,"Parameters: """""
script:M10_Chinook_ParaDrop,script,M10_Chinook_ParaDrop,Code/Scripts/Mission10.cpp:1683,games/renegade/content/scripts,,,not_started,,parity,"Parameters: ""Preset:string"""
script:M10_ComCenter_Spawn_Zones,script,M10_ComCenter_Spawn_Zones,Code/Scripts/Mission10.cpp:2277,games/renegade/content/scripts,,,not_started,,parity,"Parameters: ""Zone_Number:int"""
script:M10_Comm_Center,script,M10_Comm_Center,Code/Scripts/Mission10.cpp:889,games/renegade/content/scripts,,,not_started,,parity,"Parameters: """""
script:M10_ConYard_Key_Grant,script,M10_ConYard_Key_Grant,Code/Scripts/Mission10.cpp:2744,games/renegade/content/scripts,,,not_started,,parity,"Parameters: """""
script:M10_Con_Yard,script,M10_Con_Yard,Code/Scripts/Mission10.cpp:753,games/renegade/content/scripts,,,not_started,,parity,"Parameters: """""
script:M10_Con_Yard_Repair,script,M10_Con_Yard_Repair,Code/Scripts/Mission10.cpp:4208,games/renegade/content/scripts,,,not_started,,parity,"Parameters: ""RepairSpeed=1:float"""
script:M10_Conversation_Zone,script,M10_Conversation_Zone,Code/Scripts/Mission10.cpp:3462,games/renegade/content/scripts,,,not_started,,parity,"Parameters: ""Conv_Num:int"""
script:M10_Destroy_Self,script,M10_Destroy_Self,Code/Scripts/Mission10.cpp:1174,games/renegade/content/scripts,,,not_started,,parity,"Parameters: """""
script:M10_Destroyed_Turret,script,M10_Destroyed_Turret,Code/Scripts/Mission10.cpp:1161,games/renegade/content/scripts,,,not_started,,parity,"Parameters: """""
script:M10_Elevator_All_Controller,script,M10_Elevator_All_Controller,Code/Scripts/Mission03.cpp:6875,games/renegade/content/scripts,,,not_started,,parity,"Parameters: """""
script:M10_Elevator_All_Zone,script,M10_Elevator_All_Zone,Code/Scripts/Mission03.cpp:6850,games/renegade/content/scripts,,,not_started,,parity,"Parameters: ""Controller_num:int"""
script:M10_Flyover_Controller,script,M10_Flyover_Controller,Code/Scripts/Mission10.cpp:3371,games/renegade/content/scripts,,,not_started,,parity,"Parameters: """""
script:M10_GDI_Reinforcement,script,M10_GDI_Reinforcement,Code/Scripts/Mission10.cpp:2546,games/renegade/content/scripts,,,not_started,,parity,"Parameters: """""
script:M10_GDI_Reinforcement_Waypath,script,M10_GDI_Reinforcement_Waypath,Code/Scripts/Mission10.cpp:2526,games/renegade/content/scripts,,,not_started,,parity,"Parameters: """""
script:M10_Gate_Check,script,M10_Gate_Check,Code/Scripts/Mission10.cpp:2637,games/renegade/content/scripts,,,not_started,,parity,"Parameters: ""Objective:int, Gate1:int, Gate2:int"""
script:M10_Gate_Test,script,M10_Gate_Test,Code/Scripts/Mission10.cpp:2333,games/renegade/content/scripts,,,not_started,,parity,"Parameters: """""
script:M10_HON_KillPrevention,script,M10_HON_KillPrevention,Code/Scripts/Mission10.cpp:4377,games/renegade/content/scripts,,,not_started,,parity,"Parameters: """""
script:M10_HON_Spawn_Zones,script,M10_HON_Spawn_Zones,Code/Scripts/Mission10.cpp:2142,games/renegade/content/scripts,,,not_started,,parity,"Parameters: ""Zone_Number:int"""
script:M10_Hand_Of_Nod,script,M10_Hand_Of_Nod,Code/Scripts/Mission10.cpp:917,games/renegade/content/scripts,,,not_started,,parity,"Parameters: """""
script:M10_Havoc_Script,script,M10_Havoc_Script,Code/Scripts/Mission10.cpp:614,games/renegade/content/scripts,,,not_started,,parity,"Parameters: """""
script:M10_Helipad_Destroyed,script,M10_Helipad_Destroyed,Code/Scripts/Mission10.cpp:3991,games/renegade/content/scripts,,,not_started,,parity,"Parameters: ""PadNumber:int"""
script:M10_Helipad_Killed,script,M10_Helipad_Killed,Code/Scripts/Mission10.cpp:2842,games/renegade/content/scripts,,,not_started,,parity,"Parameters: """""
script:M10_Holograph_EntryZone2_DME,script,M10_Holograph_EntryZone2_DME,Code/Scripts/Mission10.cpp:4646,games/renegade/content/scripts,,,not_started,,parity,"Parameters: """""
script:M10_Holograph_EntryZone_DME,script,M10_Holograph_EntryZone_DME,Code/Scripts/Mission10.cpp:4599,games/renegade/content/scripts,,,not_started,,parity,"Parameters: """""
script:M10_Home_Point,script,M10_Home_Point,Code/Scripts/Mission10.cpp:2134,games/renegade/content/scripts,,,not_started,,parity,"Parameters: ""Radius=5.0:float"""
script:M10_Hon_Killed,script,M10_Hon_Killed,Code/Scripts/Mission10.cpp:2830,games/renegade/content/scripts,,,not_started,,parity,"Parameters: """""
script:M10_Humm_SAMIgnore,script,M10_Humm_SAMIgnore,Code/Scripts/Mission10.cpp:4164,games/renegade/content/scripts,,,not_started,,parity,"Parameters: """""
script:M10_Ion_Cannon,script,M10_Ion_Cannon,Code/Scripts/Mission10.cpp:602,games/renegade/content/scripts,,,not_started,,parity,"Parameters: """""
script:M10_Ion_Cannon_Detector,script,M10_Ion_Cannon_Detector,Code/Scripts/Mission10.cpp:2016,games/renegade/content/scripts,,,not_started,,parity,"Parameters: """""
script:M10_KaneHead2_DME,script,M10_KaneHead2_DME,Code/Scripts/Mission10.cpp:4741,games/renegade/content/scripts,,,not_started,,parity,"Parameters: """""
script:M10_KaneHead_DME,script,M10_KaneHead_DME,Code/Scripts/Mission10.cpp:4692,games/renegade/content/scripts,,,not_started,,parity,"Parameters: """""
script:M10_Light_Tank,script,M10_Light_Tank,Code/Scripts/Mission10.cpp:1972,games/renegade/content/scripts,,,not_started,,parity,"Parameters: """""
script:M10_Lv2_KeyCarrier,script,M10_Lv2_KeyCarrier,Code/Scripts/Mission10.cpp:4589,games/renegade/content/scripts,,,not_started,,parity,"Parameters: """""
script:M10_Mammoth_Activate_Zone,script,M10_Mammoth_Activate_Zone,Code/Scripts/Mission10.cpp:2448,games/renegade/content/scripts,,,not_started,,parity,"Parameters: """""
script:M10_Mammoth_Attack,script,M10_Mammoth_Attack,Code/Scripts/Mission10.cpp:2341,games/renegade/content/scripts,,,not_started,,parity,"Parameters: """""
script:M10_Mammoth_Grant_Controller,script,M10_Mammoth_Grant_Controller,Code/Scripts/Mission10.cpp:2766,games/renegade/content/scripts,,,not_started,,parity,"Parameters: """""
script:M10_Mammoth_Target_Destruction,script,M10_Mammoth_Target_Destruction,Code/Scripts/Mission10.cpp:2439,games/renegade/content/scripts,,,not_started,,parity,"Parameters: ""Target_Number:int"""
script:M10_Mrls_Grant,script,M10_Mrls_Grant,Code/Scripts/Mission10.cpp:4052,games/renegade/content/scripts,,,not_started,,parity,"Parameters: """""
script:M10_Mrls_Waypath,script,M10_Mrls_Waypath,Code/Scripts/Mission10.cpp:4145,games/renegade/content/scripts,,,not_started,,parity,"Parameters: """""
script:M10_NBase_Attacked,script,M10_NBase_Attacked,Code/Scripts/Mission10.cpp:4486,games/renegade/content/scripts,,,not_started,,parity,"Parameters: """""
script:M10_NBase_Damage_Modifier,script,M10_NBase_Damage_Modifier,Code/Scripts/Mission10.cpp:4524,games/renegade/content/scripts,,,not_started,,parity,"Parameters: ""Damage_multiplier:float"""
script:M10_No_More_Parachute,script,M10_No_More_Parachute,Code/Scripts/Mission10.cpp:1854,games/renegade/content/scripts,,,not_started,,parity,"Parameters: """""
script:M10_Nod_Obelisk,script,M10_Nod_Obelisk,Code/Scripts/Mission10.cpp:3235,games/renegade/content/scripts,,,not_started,,parity,"Parameters: """""
script:M10_Obelisk,script,M10_Obelisk,Code/Scripts/Mission10.cpp:1042,games/renegade/content/scripts,,,not_started,,parity,"Parameters: """""
script:M10_Obelisk_MCT,script,M10_Obelisk_MCT,Code/Scripts/Mission10.cpp:3315,games/renegade/content/scripts,,,not_started,,parity,"Parameters: """""
script:M10_Objective_Controller,script,M10_Objective_Controller,Code/Scripts/Mission10.cpp:42,games/renegade/content/scripts,,,not_started,,parity,"Parameters: """""
script:M10_Occupied,script,M10_Occupied,Code/Scripts/Mission10.cpp:4177,games/renegade/content/scripts,,,not_started,,parity,"Parameters: """""
script:M10_Playertype_Nod,script,M10_Playertype_Nod,Code/Scripts/Mission10.cpp:3363,games/renegade/content/scripts,,,not_started,,parity,"Parameters: """""
script:M10_Pokeable_Item_OnePoke,script,M10_Pokeable_Item_OnePoke,Code/Scripts/Mission10.cpp:4301,games/renegade/content/scripts,,,not_started,,parity,"Parameters: """""
script:M10_PowerPlant_Spawn_Zones,script,M10_PowerPlant_Spawn_Zones,Code/Scripts/Mission10.cpp:2241,games/renegade/content/scripts,,,not_started,,parity,"Parameters: ""Zone_Number:int"""
script:M10_Power_Plant,script,M10_Power_Plant,Code/Scripts/Mission10.cpp:680,games/renegade/content/scripts,,,not_started,,parity,"Parameters: """""
script:M10_Radar_Scramble,script,M10_Radar_Scramble,Code/Scripts/Mission10.cpp:4327,games/renegade/content/scripts,,,not_started,,parity,"Parameters: """""
script:M10_Radar_UnScramble,script,M10_Radar_UnScramble,Code/Scripts/Mission10.cpp:4369,games/renegade/content/scripts,,,not_started,,parity,"Parameters: """""
script:M10_Refinery,script,M10_Refinery,Code/Scripts/Mission10.cpp:939,games/renegade/content/scripts,,,not_started,,parity,"Parameters: """""
script:M10_Refinery_Key_Grant,script,M10_Refinery_Key_Grant,Code/Scripts/Mission10.cpp:2623,games/renegade/content/scripts,,,not_started,,parity,"Parameters: """""
script:M10_Refinery_Keycard,script,M10_Refinery_Keycard,Code/Scripts/Mission10.cpp:3347,games/renegade/content/scripts,,,not_started,,parity,"Parameters: """""
script:M10_Refinery_Spawn_Zones,script,M10_Refinery_Spawn_Zones,Code/Scripts/Mission10.cpp:2191,games/renegade/content/scripts,,,not_started,,parity,"Parameters: ""Zone_Number:int"""
script:M10_Reinforcement_Chinook,script,M10_Reinforcement_Chinook,Code/Scripts/Mission10.cpp:1862,games/renegade/content/scripts,,,not_started,,parity,"Parameters: ""Controller_ID:int"""
script:M10_Reinforcement_Controller,script,M10_Reinforcement_Controller,Code/Scripts/Mission10.cpp:1563,games/renegade/content/scripts,,,not_started,,parity,"Parameters: """""
script:M10_SAM_Reinforce,script,M10_SAM_Reinforce,Code/Scripts/Mission10.cpp:2615,games/renegade/content/scripts,,,not_started,,parity,"Parameters: """""
script:M10_Sam_Killed,script,M10_Sam_Killed,Code/Scripts/Mission10.cpp:3938,games/renegade/content/scripts,,,not_started,,parity,"Parameters: ""SamNumber:int"""
script:M10_Silo,script,M10_Silo,Code/Scripts/Mission10.cpp:984,games/renegade/content/scripts,,,not_started,,parity,"Parameters: """""
script:M10_Silo_Controller,script,M10_Silo_Controller,Code/Scripts/Mission10.cpp:996,games/renegade/content/scripts,,,not_started,,parity,"Parameters: """""
script:M10_SoldierPoke,script,M10_SoldierPoke,Code/Scripts/Mission10.cpp:4388,games/renegade/content/scripts,,,not_started,,parity,"Parameters: """""
script:M10_Spacecraft_Check,script,M10_Spacecraft_Check,Code/Scripts/Mission10.cpp:2755,games/renegade/content/scripts,,,not_started,,parity,"Parameters: """""
script:M10_Ssm_Trigger,script,M10_Ssm_Trigger,Code/Scripts/Mission10.cpp:4276,games/renegade/content/scripts,,,not_started,,parity,"Parameters: """""
script:M10_Stationary,script,M10_Stationary,Code/Scripts/Mission10.cpp:2477,games/renegade/content/scripts,,,not_started,,parity,"Parameters: """""
script:M10_Stealth,script,M10_Stealth,Code/Scripts/Mission10.cpp:2126,games/renegade/content/scripts,,,not_started,,parity,"Parameters: """""
script:M10_Stealth_Attack_01,script,M10_Stealth_Attack_01,Code/Scripts/Mission10.cpp:2977,games/renegade/content/scripts,,,not_started,,parity,"Parameters: """""
script:M10_Stealth_Attack_02,script,M10_Stealth_Attack_02,Code/Scripts/Mission10.cpp:3104,games/renegade/content/scripts,,,not_started,,parity,"Parameters: """""
script:M10_Stealth_Drop,script,M10_Stealth_Drop,Code/Scripts/Mission10.cpp:2850,games/renegade/content/scripts,,,not_started,,parity,"Parameters: """""
script:M10_TestStealth,script,M10_TestStealth,Code/Scripts/Mission10.cpp:2486,games/renegade/content/scripts,,,not_started,,parity,"Parameters: """""
script:M10_Turret,script,M10_Turret,Code/Scripts/Mission10.cpp:1129,games/renegade/content/scripts,,,not_started,,parity,"Parameters: """""
script:M10_Turret_Killed,script,M10_Turret_Killed,Code/Scripts/Mission10.cpp:4041,games/renegade/content/scripts,,,not_started,,parity,"Parameters: """""
script:M10_Turret_Tank,script,M10_Turret_Tank,Code/Scripts/Mission10.cpp:644,games/renegade/content/scripts,,,not_started,,parity,"Parameters: ""CheckBlocked=1:int"""
script:M10_Vehicle_Attack_02,script,M10_Vehicle_Attack_02,Code/Scripts/Mission10.cpp:2060,games/renegade/content/scripts,,,not_started,,parity,"Parameters: """""
script:M11_AblesTomb_TalkZone_JDG,script,M11_AblesTomb_TalkZone_JDG,Code/Scripts/Mission11.cpp:6125,games/renegade/content/scripts,,,not_started,,parity,"Parameters: """""
script:M11_Barracks_LivingQuarters_T13_EntryZone_JDG,script,M11_Barracks_LivingQuarters_T13_EntryZone_JDG,Code/Scripts/Mission11.cpp:3148,games/renegade/content/scripts,,,not_started,,parity,"Parameters: """""
script:M11_Barracks_LivingQuarters_T14_EntryZone_JDG,script,M11_Barracks_LivingQuarters_T14_EntryZone_JDG,Code/Scripts/Mission11.cpp:2881,games/renegade/content/scripts,,,not_started,,parity,"Parameters: """""
script:M11_Barracks_LivingQuarters_T15_EntryZone_JDG,script,M11_Barracks_LivingQuarters_T15_EntryZone_JDG,Code/Scripts/Mission11.cpp:3015,games/renegade/content/scripts,,,not_started,,parity,"Parameters: """""
script:M11_Barracks_LivingQuarters_T16_EntryZone_JDG,script,M11_Barracks_LivingQuarters_T16_EntryZone_JDG,Code/Scripts/Mission11.cpp:3277,games/renegade/content/scripts,,,not_started,,parity,"Parameters: """""
script:M11_Barracks_LivingQuarters_T17_EntryZone_JDG,script,M11_Barracks_LivingQuarters_T17_EntryZone_JDG,Code/Scripts/Mission11.cpp:2961,games/renegade/content/scripts,,,not_started,,parity,"Parameters: """""
script:M11_Barracks_LivingQuarters_T18_EntryZone_JDG,script,M11_Barracks_LivingQuarters_T18_EntryZone_JDG,Code/Scripts/Mission11.cpp:2758,games/renegade/content/scripts,,,not_started,,parity,"Parameters: """""
script:M11_Barracks_LivingQuarters_T19_EntryZone_JDG,script,M11_Barracks_LivingQuarters_T19_EntryZone_JDG,Code/Scripts/Mission11.cpp:2556,games/renegade/content/scripts,,,not_started,,parity,"Parameters: """""
script:M11_Barracks_LivingQuarters_T20_EntryZone_JDG,script,M11_Barracks_LivingQuarters_T20_EntryZone_JDG,Code/Scripts/Mission11.cpp:2493,games/renegade/content/scripts,,,not_started,,parity,"Parameters: """""
script:M11_Barracks_MutantConversationGuy_01_JDG,script,M11_Barracks_MutantConversationGuy_01_JDG,Code/Scripts/Mission11.cpp:3059,games/renegade/content/scripts,,,not_started,,parity,"Parameters: """""
script:M11_Barracks_MutantConversationGuy_02_JDG,script,M11_Barracks_MutantConversationGuy_02_JDG,Code/Scripts/Mission11.cpp:3122,games/renegade/content/scripts,,,not_started,,parity,"Parameters: """""
script:M11_Barracks_MutantReject_JDG,script,M11_Barracks_MutantReject_JDG,Code/Scripts/Mission11.cpp:2529,games/renegade/content/scripts,,,not_started,,parity,"Parameters: """""
script:M11_Barracks_MutantUprising_BlackhandGuy_JDG,script,M11_Barracks_MutantUprising_BlackhandGuy_JDG,Code/Scripts/Mission11.cpp:6715,games/renegade/content/scripts,,,not_started,,parity,"Parameters: """""
script:M11_Barracks_MutantUprising_Mutant01_JDG,script,M11_Barracks_MutantUprising_Mutant01_JDG,Code/Scripts/Mission11.cpp:6766,games/renegade/content/scripts,,,not_started,,parity,"Parameters: """""
script:M11_Barracks_MutantUprising_Mutant02_JDG,script,M11_Barracks_MutantUprising_Mutant02_JDG,Code/Scripts/Mission11.cpp:6796,games/renegade/content/scripts,,,not_started,,parity,"Parameters: """""
script:M11_Barracks_Scientist_JDG,script,M11_Barracks_Scientist_JDG,Code/Scripts/Mission11.cpp:2592,games/renegade/content/scripts,,,not_started,,parity,"Parameters: """""
script:M11_Barracks_ShowerStealthSoldier_JDG,script,M11_Barracks_ShowerStealthSoldier_JDG,Code/Scripts/Mission11.cpp:2918,games/renegade/content/scripts,,,not_started,,parity,"Parameters: """""
script:M11_Barracks_SpawnedDude_JDG,script,M11_Barracks_SpawnedDude_JDG,Code/Scripts/Mission11.cpp:2422,games/renegade/content/scripts,,,not_started,,parity,"Parameters: """""
script:M11_Barracks_SpawnerController_JDG,script,M11_Barracks_SpawnerController_JDG,Code/Scripts/Mission11.cpp:2358,games/renegade/content/scripts,,,not_started,,parity,"Parameters: """""
script:M11_Barracks_TechnicianConversation_Blackhand_JDG,script,M11_Barracks_TechnicianConversation_Blackhand_JDG,Code/Scripts/Mission11.cpp:2802,games/renegade/content/scripts,,,not_started,,parity,"Parameters: """""
script:M11_Barracks_TechnicianConversation_Tech_JDG,script,M11_Barracks_TechnicianConversation_Tech_JDG,Code/Scripts/Mission11.cpp:2857,games/renegade/content/scripts,,,not_started,,parity,"Parameters: """""
script:M11_Barracks_ToiletMutant01_JDG,script,M11_Barracks_ToiletMutant01_JDG,Code/Scripts/Mission11.cpp:3192,games/renegade/content/scripts,,,not_started,,parity,"Parameters: """""
script:M11_Barracks_ToiletMutant02_JDG,script,M11_Barracks_ToiletMutant02_JDG,Code/Scripts/Mission11.cpp:3235,games/renegade/content/scripts,,,not_started,,parity,"Parameters: """""
script:M11_Barracks_Visceroid_JDG,script,M11_Barracks_Visceroid_JDG,Code/Scripts/Mission11.cpp:6141,games/renegade/content/scripts,,,not_started,,parity,"Parameters: """""
script:M11_Barracks_Visceroid_KeyCarrier_JDG,script,M11_Barracks_Visceroid_KeyCarrier_JDG,Code/Scripts/Mission11.cpp:6165,games/renegade/content/scripts,,,not_started,,parity,"Parameters: """""
script:M11_Barracks_Visceroid_Morpher_JDG,script,M11_Barracks_Visceroid_Morpher_JDG,Code/Scripts/Mission11.cpp:6197,games/renegade/content/scripts,,,not_started,,parity,"Parameters: """""
script:M11_BattleStationAlpha_CommanderEncounter_KaneHead_JDG,script,M11_BattleStationAlpha_CommanderEncounter_KaneHead_JDG,Code/Scripts/Mission11.cpp:5786,games/renegade/content/scripts,,,not_started,,parity,"Parameters: """""
script:M11_BattleStationAlpha_HavocEncounter_KaneHead_JDG,script,M11_BattleStationAlpha_HavocEncounter_KaneHead_JDG,Code/Scripts/Mission11.cpp:5806,games/renegade/content/scripts,,,not_started,,parity,"Parameters: """""
script:M11_C130_Dropoff_Controller_JDG,script,M11_C130_Dropoff_Controller_JDG,Code/Scripts/Mission11.cpp:1476,games/renegade/content/scripts,,,not_started,,parity,"Parameters: """""
script:M11_C130_Dropoff_Dude_JDG,script,M11_C130_Dropoff_Dude_JDG,Code/Scripts/Mission11.cpp:1546,games/renegade/content/scripts,,,not_started,,parity,"Parameters: """""
script:M11_CABAL_Babble_Contoller_JDG,script,M11_CABAL_Babble_Contoller_JDG,Code/Scripts/Mission11.cpp:6005,games/renegade/content/scripts,,,not_started,,parity,"Parameters: """""
script:M11_CeilingRepeller2_JDG,script,M11_CeilingRepeller2_JDG,Code/Scripts/Mission11.cpp:11236,games/renegade/content/scripts,,,not_started,,parity,"Parameters: """""
script:M11_CeilingRepeller_JDG,script,M11_CeilingRepeller_JDG,Code/Scripts/Mission11.cpp:5435,games/renegade/content/scripts,,,not_started,,parity,"Parameters: """""
script:M11_CeilingRepellers_Controller2_JDG,script,M11_CeilingRepellers_Controller2_JDG,Code/Scripts/Mission11.cpp:11136,games/renegade/content/scripts,,,not_started,,parity,"Parameters: """""
script:M11_CeilingRepellers_Controller_JDG,script,M11_CeilingRepellers_Controller_JDG,Code/Scripts/Mission11.cpp:5277,games/renegade/content/scripts,,,not_started,,parity,"Parameters: """""
script:M11_CeilingRepellers_RopeA_JDG,script,M11_CeilingRepellers_RopeA_JDG,Code/Scripts/Mission11.cpp:5409,games/renegade/content/scripts,,,not_started,,parity,"Parameters: """""
script:M11_CeilingRepellers_RopeB_JDG,script,M11_CeilingRepellers_RopeB_JDG,Code/Scripts/Mission11.cpp:5422,games/renegade/content/scripts,,,not_started,,parity,"Parameters: """""
script:M11_CeilingRepellers_RopeC_JDG,script,M11_CeilingRepellers_RopeC_JDG,Code/Scripts/Mission11.cpp:11221,games/renegade/content/scripts,,,not_started,,parity,"Parameters: """""
script:M11_Cell_Mutant01_JDG,script,M11_Cell_Mutant01_JDG,Code/Scripts/Mission11.cpp:7184,games/renegade/content/scripts,,,not_started,,parity,"Parameters: """""
script:M11_Cell_Mutant02_JDG,script,M11_Cell_Mutant02_JDG,Code/Scripts/Mission11.cpp:7200,games/renegade/content/scripts,,,not_started,,parity,"Parameters: """""
script:M11_Cell_Visceroid_JDG,script,M11_Cell_Visceroid_JDG,Code/Scripts/Mission11.cpp:7263,games/renegade/content/scripts,,,not_started,,parity,"Parameters: """""
script:M11_Cinematic_Havoc_Script_JDG,script,M11_Cinematic_Havoc_Script_JDG,Code/Scripts/Mission11.cpp:6864,games/renegade/content/scripts,,,not_started,,parity,"Parameters: """""
script:M11_Cinematic_Petrova_Script_JDG,script,M11_Cinematic_Petrova_Script_JDG,Code/Scripts/Mission11.cpp:6872,games/renegade/content/scripts,,,not_started,,parity,"Parameters: """""
script:M11_Cryochamber_DestroyedSimple_JDG,script,M11_Cryochamber_DestroyedSimple_JDG,Code/Scripts/Mission11.cpp:3410,games/renegade/content/scripts,,,not_started,,parity,"Parameters: """""
script:M11_Cryochamber_Simple_JDG,script,M11_Cryochamber_Simple_JDG,Code/Scripts/Mission11.cpp:8406,games/renegade/content/scripts,,,not_started,,parity,"Parameters: ""chamber_number:int"""
script:M11_Elevator_Switch_MasterControllerScript_JDG,script,M11_Elevator_Switch_MasterControllerScript_JDG,Code/Scripts/Mission11.cpp:10630,games/renegade/content/scripts,,,not_started,,parity,"Parameters: """""
script:M11_End_First_Objective_Zone_JDG,script,M11_End_First_Objective_Zone_JDG,Code/Scripts/Mission11.cpp:4798,games/renegade/content/scripts,,,not_started,,parity,"Parameters: """""
script:M11_End_Mission_Switch_JDG,script,M11_End_Mission_Switch_JDG,Code/Scripts/Mission11.cpp:4887,games/renegade/content/scripts,,,not_started,,parity,"Parameters: """""
script:M11_End_Third_Objective_Zone_JDG,script,M11_End_Third_Objective_Zone_JDG,Code/Scripts/Mission11.cpp:5482,games/renegade/content/scripts,,,not_started,,parity,"Parameters: """""
script:M11_ExternalArtillery_Controller_JDG,script,M11_ExternalArtillery_Controller_JDG,Code/Scripts/Mission11.cpp:1137,games/renegade/content/scripts,,,not_started,,parity,"Parameters: """""
script:M11_ExternalIonCannon_Controller_JDG,script,M11_ExternalIonCannon_Controller_JDG,Code/Scripts/Mission11.cpp:805,games/renegade/content/scripts,,,not_started,,parity,"Parameters: """""
script:M11_ExternalSound_Controller_GDITanks_JDG,script,M11_ExternalSound_Controller_GDITanks_JDG,Code/Scripts/Mission11.cpp:955,games/renegade/content/scripts,,,not_started,,parity,"Parameters: """""
script:M11_ExternalSound_Controller_GDITroops_JDG,script,M11_ExternalSound_Controller_GDITroops_JDG,Code/Scripts/Mission11.cpp:1051,games/renegade/content/scripts,,,not_started,,parity,"Parameters: """""
script:M11_ExternalSound_Controller_NodTanks_JDG,script,M11_ExternalSound_Controller_NodTanks_JDG,Code/Scripts/Mission11.cpp:907,games/renegade/content/scripts,,,not_started,,parity,"Parameters: """""
script:M11_ExternalSound_Controller_NodTroops_JDG,script,M11_ExternalSound_Controller_NodTroops_JDG,Code/Scripts/Mission11.cpp:1003,games/renegade/content/scripts,,,not_started,,parity,"Parameters: """""
script:M11_FirstFloor_Elevator_Switch_Script_JDG,script,M11_FirstFloor_Elevator_Switch_Script_JDG,Code/Scripts/Mission11.cpp:10564,games/renegade/content/scripts,,,not_started,,parity,"Parameters: """""
script:M11_FirstFloor_Stuff_Controller_JDG,script,M11_FirstFloor_Stuff_Controller_JDG,Code/Scripts/Mission11.cpp:708,games/renegade/content/scripts,,,not_started,,parity,"Parameters: """""
script:M11_Floor01_ChaseGuy_JDG,script,M11_Floor01_ChaseGuy_JDG,Code/Scripts/Mission11.cpp:1463,games/renegade/content/scripts,,,not_started,,parity,"Parameters: """""
script:M11_Floor01_FireGuy_JDG,script,M11_Floor01_FireGuy_JDG,Code/Scripts/Mission11.cpp:1438,games/renegade/content/scripts,,,not_started,,parity,"Parameters: """""
script:M11_Floor01_InitialPatrol_Left01_JDG,script,M11_Floor01_InitialPatrol_Left01_JDG,Code/Scripts/Mission11.cpp:5851,games/renegade/content/scripts,,,not_started,,parity,"Parameters: """""
script:M11_Floor01_InitialPatrol_Right01_JDG,script,M11_Floor01_InitialPatrol_Right01_JDG,Code/Scripts/Mission11.cpp:5886,games/renegade/content/scripts,,,not_started,,parity,"Parameters: """""
script:M11_Floor01_SecurityTurret_JDG,script,M11_Floor01_SecurityTurret_JDG,Code/Scripts/Mission11.cpp:553,games/renegade/content/scripts,,,not_started,,parity,"Parameters: """""
script:M11_Floor01_SecurityTurrets_Controller_JDG,script,M11_Floor01_SecurityTurrets_Controller_JDG,Code/Scripts/Mission11.cpp:464,games/renegade/content/scripts,,,not_started,,parity,"Parameters: """""
script:M11_Floor01_StealthSoldier01_JDG,script,M11_Floor01_StealthSoldier01_JDG,Code/Scripts/Mission11.cpp:1226,games/renegade/content/scripts,,,not_started,,parity,"Parameters: """""
script:M11_Floor01_StealthSoldier02_JDG,script,M11_Floor01_StealthSoldier02_JDG,Code/Scripts/Mission11.cpp:1333,games/renegade/content/scripts,,,not_started,,parity,"Parameters: """""
script:M11_Flyover_Contoller_JDG,script,M11_Flyover_Contoller_JDG,Code/Scripts/Mission11.cpp:6826,games/renegade/content/scripts,,,not_started,,parity,"Parameters: """""
script:M11_ForthFloor_Elevator_Switch_Script_JDG,script,M11_ForthFloor_Elevator_Switch_Script_JDG,Code/Scripts/Mission11.cpp:10365,games/renegade/content/scripts,,,not_started,,parity,"Parameters: """""
script:M11_GreenRoom_EntryZone_JDG,script,M11_GreenRoom_EntryZone_JDG,Code/Scripts/Mission11.cpp:2036,games/renegade/content/scripts,,,not_started,,parity,"Parameters: """""
script:M11_GreenRoom_SurpriseGuy_JDG,script,M11_GreenRoom_SurpriseGuy_JDG,Code/Scripts/Mission11.cpp:2053,games/renegade/content/scripts,,,not_started,,parity,"Parameters: """""
script:M11_IonCannon_Guy_JDG,script,M11_IonCannon_Guy_JDG,Code/Scripts/Mission11.cpp:892,games/renegade/content/scripts,,,not_started,,parity,"Parameters: """""
script:M11_KaneRoom_KaneEncounter_Hologram_JDG,script,M11_KaneRoom_KaneEncounter_Hologram_JDG,Code/Scripts/Mission11.cpp:5997,games/renegade/content/scripts,,,not_started,,parity,"Parameters: """""
script:M11_KaneRoom_KaneEncounter_Kane_JDG,script,M11_KaneRoom_KaneEncounter_Kane_JDG,Code/Scripts/Mission11.cpp:5949,games/renegade/content/scripts,,,not_started,,parity,"Parameters: """""
script:M11_KaneRoom_KaneEncounter_Zone_JDG,script,M11_KaneRoom_KaneEncounter_Zone_JDG,Code/Scripts/Mission11.cpp:5920,games/renegade/content/scripts,,,not_started,,parity,"Parameters: """""
script:M11_KanesRoom_SecurityTurret_JDG,script,M11_KanesRoom_SecurityTurret_JDG,Code/Scripts/Mission11.cpp:4924,games/renegade/content/scripts,,,not_started,,parity,"Parameters: """""
script:M11_KanesRoom_SecurityZone_JDG,script,M11_KanesRoom_SecurityZone_JDG,Code/Scripts/Mission11.cpp:4999,games/renegade/content/scripts,,,not_started,,parity,"Parameters: """""
script:M11_KeyCard_01_Carrier_JDG,script,M11_KeyCard_01_Carrier_JDG,Code/Scripts/Mission11.cpp:174,games/renegade/content/scripts,,,not_started,,parity,"Parameters: """""
script:M11_LabMutant_Simple_JDG,script,M11_LabMutant_Simple_JDG,Code/Scripts/Mission11.cpp:8495,games/renegade/content/scripts,,,not_started,,parity,"Parameters: """""
script:M11_Lab_Cryochamber_Controller_JDG,script,M11_Lab_Cryochamber_Controller_JDG,Code/Scripts/Mission11.cpp:7673,games/renegade/content/scripts,,,not_started,,parity,"Parameters: """""
script:M11_Lab_Cryochamber_Switch01_JDG,script,M11_Lab_Cryochamber_Switch01_JDG,Code/Scripts/Mission11.cpp:5109,games/renegade/content/scripts,,,not_started,,parity,"Parameters: """""
script:M11_Lab_Cryochamber_Switch02_JDG,script,M11_Lab_Cryochamber_Switch02_JDG,Code/Scripts/Mission11.cpp:7595,games/renegade/content/scripts,,,not_started,,parity,"Parameters: """""
script:M11_Laboratory_EntryZone_JDG,script,M11_Laboratory_EntryZone_JDG,Code/Scripts/Mission11.cpp:3331,games/renegade/content/scripts,,,not_started,,parity,"Parameters: """""
script:M11_Laboratory_Mutant_JDG,script,M11_Laboratory_Mutant_JDG,Code/Scripts/Mission11.cpp:5247,games/renegade/content/scripts,,,not_started,,parity,"Parameters: """""
script:M11_Laboratory_Scientist_JDG,script,M11_Laboratory_Scientist_JDG,Code/Scripts/Mission11.cpp:5143,games/renegade/content/scripts,,,not_started,,parity,"Parameters: """""
script:M11_Level03Key_Script_JDG,script,M11_Level03Key_Script_JDG,Code/Scripts/Mission11.cpp:6483,games/renegade/content/scripts,,,not_started,,parity,"Parameters: """""
script:M11_Mission_Controller_JDG,script,M11_Mission_Controller_JDG,Code/Scripts/Mission11.cpp:196,games/renegade/content/scripts,,,not_started,,parity,"Parameters: """""
script:M11_MuseumLevel_Defender_Aggressive_JDG,script,M11_MuseumLevel_Defender_Aggressive_JDG,Code/Scripts/Mission11.cpp:1730,games/renegade/content/scripts,,,not_started,,parity,"Parameters: """""
script:M11_MuseumLevel_Defender_Defensive_JDG,script,M11_MuseumLevel_Defender_Defensive_JDG,Code/Scripts/Mission11.cpp:1770,games/renegade/content/scripts,,,not_started,,parity,"Parameters: """""
script:M11_MuseumLevel_Disable_Spawners_Zone_JDG,script,M11_MuseumLevel_Disable_Spawners_Zone_JDG,Code/Scripts/Mission11.cpp:1810,games/renegade/content/scripts,,,not_started,,parity,"Parameters: """""
script:M11_MuseumLevel_EntryZone_JDG,script,M11_MuseumLevel_EntryZone_JDG,Code/Scripts/Mission11.cpp:1651,games/renegade/content/scripts,,,not_started,,parity,"Parameters: """""
script:M11_MuseumLevel_Spawner_JDG,script,M11_MuseumLevel_Spawner_JDG,Code/Scripts/Mission11.cpp:1710,games/renegade/content/scripts,,,not_started,,parity,"Parameters: """""
script:M11_MutantCrypt_Spawner02_Guy_JDG,script,M11_MutantCrypt_Spawner02_Guy_JDG,Code/Scripts/Mission11.cpp:4312,games/renegade/content/scripts,,,not_started,,parity,"Parameters: """""
script:M11_MutantCrypt_Spawner03_Guy_JDG,script,M11_MutantCrypt_Spawner03_Guy_JDG,Code/Scripts/Mission11.cpp:4115,games/renegade/content/scripts,,,not_started,,parity,"Parameters: """""
script:M11_MutantCrypt_Spawner04_Guy_JDG,script,M11_MutantCrypt_Spawner04_Guy_JDG,Code/Scripts/Mission11.cpp:3972,games/renegade/content/scripts,,,not_started,,parity,"Parameters: """""
script:M11_MutantCrypt_Spawner05_Guy_JDG,script,M11_MutantCrypt_Spawner05_Guy_JDG,Code/Scripts/Mission11.cpp:3779,games/renegade/content/scripts,,,not_started,,parity,"Parameters: """""
script:M11_MutantCrypt_Spawner06_Guy_JDG,script,M11_MutantCrypt_Spawner06_Guy_JDG,Code/Scripts/Mission11.cpp:3591,games/renegade/content/scripts,,,not_started,,parity,"Parameters: """""
script:M11_Mutant_Crypt_Spawners_Controller_JDG,script,M11_Mutant_Crypt_Spawners_Controller_JDG,Code/Scripts/Mission11.cpp:3450,games/renegade/content/scripts,,,not_started,,parity,"Parameters: """""
script:M11_Mutant_ShatterGlass_JDG,script,M11_Mutant_ShatterGlass_JDG,Code/Scripts/Mission11.cpp:3393,games/renegade/content/scripts,,,not_started,,parity,"Parameters: """""
script:M11_Mutant_TrajectoryBone_JDG,script,M11_Mutant_TrajectoryBone_JDG,Code/Scripts/Mission11.cpp:3375,games/renegade/content/scripts,,,not_started,,parity,"Parameters: """""
script:M11_NetRunnerRoom_EntryZone_JDG,script,M11_NetRunnerRoom_EntryZone_JDG,Code/Scripts/Mission11.cpp:1574,games/renegade/content/scripts,,,not_started,,parity,"Parameters: """""
script:M11_NetRunnerRoom_ExitZone_JDG,script,M11_NetRunnerRoom_ExitZone_JDG,Code/Scripts/Mission11.cpp:1604,games/renegade/content/scripts,,,not_started,,parity,"Parameters: """""
script:M11_NukeSilo_Protector_JDG,script,M11_NukeSilo_Protector_JDG,Code/Scripts/Mission11.cpp:4784,games/renegade/content/scripts,,,not_started,,parity,"Parameters: """""
script:M11_ObeliskBattle_Contoller_JDG,script,M11_ObeliskBattle_Contoller_JDG,Code/Scripts/Mission11.cpp:7128,games/renegade/content/scripts,,,not_started,,parity,"Parameters: """""
script:M11_Okay_ToPlay_MidtroZone_JDG,script,M11_Okay_ToPlay_MidtroZone_JDG,Code/Scripts/Mission11.cpp:6498,games/renegade/content/scripts,,,not_started,,parity,"Parameters: """""
script:M11_Petrova_Script_JDG,script,M11_Petrova_Script_JDG,Code/Scripts/Mission11.cpp:6226,games/renegade/content/scripts,,,not_started,,parity,"Parameters: """""
script:M11_Petrova_StealthSoldier_Controller_JDG,script,M11_Petrova_StealthSoldier_Controller_JDG,Code/Scripts/Mission11.cpp:9113,games/renegade/content/scripts,,,not_started,,parity,"Parameters: """""
script:M11_Petrova_StealthSoldier_Initial01_JDG,script,M11_Petrova_StealthSoldier_Initial01_JDG,Code/Scripts/Mission11.cpp:9189,games/renegade/content/scripts,,,not_started,,parity,"Parameters: """""
script:M11_Petrova_StealthSoldier_Initial02_JDG,script,M11_Petrova_StealthSoldier_Initial02_JDG,Code/Scripts/Mission11.cpp:9226,games/renegade/content/scripts,,,not_started,,parity,"Parameters: """""
script:M11_Petrova_StealthSoldier_Initial03_JDG,script,M11_Petrova_StealthSoldier_Initial03_JDG,Code/Scripts/Mission11.cpp:9262,games/renegade/content/scripts,,,not_started,,parity,"Parameters: """""
script:M11_Petrova_StealthSoldier_Reinforcement01_JDG,script,M11_Petrova_StealthSoldier_Reinforcement01_JDG,Code/Scripts/Mission11.cpp:9299,games/renegade/content/scripts,,,not_started,,parity,"Parameters: """""
script:M11_Petrova_StealthSoldier_Reinforcement02_JDG,script,M11_Petrova_StealthSoldier_Reinforcement02_JDG,Code/Scripts/Mission11.cpp:9322,games/renegade/content/scripts,,,not_started,,parity,"Parameters: """""
script:M11_Petrova_StealthSoldier_Reinforcement03_JDG,script,M11_Petrova_StealthSoldier_Reinforcement03_JDG,Code/Scripts/Mission11.cpp:9345,games/renegade/content/scripts,,,not_started,,parity,"Parameters: """""
script:M11_Petrova_Taunt_Controller_JDG,script,M11_Petrova_Taunt_Controller_JDG,Code/Scripts/Mission11.cpp:7525,games/renegade/content/scripts,,,not_started,,parity,"Parameters: """""
script:M11_PowerCore_EntryZone_JDG,script,M11_PowerCore_EntryZone_JDG,Code/Scripts/Mission11.cpp:4681,games/renegade/content/scripts,,,not_started,,parity,"Parameters: """""
script:M11_PowerCore_Initial_StealthSoldier_JDG,script,M11_PowerCore_Initial_StealthSoldier_JDG,Code/Scripts/Mission11.cpp:4592,games/renegade/content/scripts,,,not_started,,parity,"Parameters: """""
script:M11_PowerCore_Powerup_Zone_JDG,script,M11_PowerCore_Powerup_Zone_JDG,Code/Scripts/Mission11.cpp:4621,games/renegade/content/scripts,,,not_started,,parity,"Parameters: """""
script:M11_PowerCore_StealthSoldier_Group2_JDG,script,M11_PowerCore_StealthSoldier_Group2_JDG,Code/Scripts/Mission11.cpp:4535,games/renegade/content/scripts,,,not_started,,parity,"Parameters: """""
script:M11_PowerCore_StealthSoldier_JDG,script,M11_PowerCore_StealthSoldier_JDG,Code/Scripts/Mission11.cpp:4580,games/renegade/content/scripts,,,not_started,,parity,"Parameters: """""
script:M11_PowerCore_TriggerPetrova_EnterZone_JDG,script,M11_PowerCore_TriggerPetrova_EnterZone_JDG,Code/Scripts/Mission11.cpp:6688,games/renegade/content/scripts,,,not_started,,parity,"Parameters: """""
script:M11_PowerCore_WanderingMutantSpawner_JDG,script,M11_PowerCore_WanderingMutantSpawner_JDG,Code/Scripts/Mission11.cpp:4468,games/renegade/content/scripts,,,not_started,,parity,"Parameters: """""
script:M11_PowerCore_WanderingMutant_JDG,script,M11_PowerCore_WanderingMutant_JDG,Code/Scripts/Mission11.cpp:4449,games/renegade/content/scripts,,,not_started,,parity,"Parameters: """""
script:M11_PowerupDifficulty_Manager_JDG,script,M11_PowerupDifficulty_Manager_JDG,Code/Scripts/Mission11.cpp:7361,games/renegade/content/scripts,,,not_started,,parity,"Parameters: """""
script:M11_SecondFloor_Elevator_Switch_Script_JDG,script,M11_SecondFloor_Elevator_Switch_Script_JDG,Code/Scripts/Mission11.cpp:10498,games/renegade/content/scripts,,,not_started,,parity,"Parameters: """""
script:M11_SecondHolograph_EntryZone_JDG,script,M11_SecondHolograph_EntryZone_JDG,Code/Scripts/Mission11.cpp:5834,games/renegade/content/scripts,,,not_started,,parity,"Parameters: """""
script:M11_SecurityCamera_JDG,script,M11_SecurityCamera_JDG,Code/Scripts/Mission11.cpp:5518,games/renegade/content/scripts,,,not_started,,parity,"Parameters: """""
script:M11_Seths_Room_Conversation_Zone_JDG,script,M11_Seths_Room_Conversation_Zone_JDG,Code/Scripts/Mission11.cpp:5261,games/renegade/content/scripts,,,not_started,,parity,"Parameters: """""
script:M11_Silo_ElevatorController_JDG,script,M11_Silo_ElevatorController_JDG,Code/Scripts/Mission11.cpp:8637,games/renegade/content/scripts,,,not_started,,parity,"Parameters: """""
script:M11_Silo_ElevatorDeactivator_JDG,script,M11_Silo_ElevatorDeactivator_JDG,Code/Scripts/Mission11.cpp:10039,games/renegade/content/scripts,,,not_started,,parity,"Parameters: """""
script:M11_Silo_ElevatorZone01_JDG,script,M11_Silo_ElevatorZone01_JDG,Code/Scripts/Mission11.cpp:8649,games/renegade/content/scripts,,,not_started,,parity,"Parameters: """""
script:M11_Silo_ElevatorZone01_Top_JDG,script,M11_Silo_ElevatorZone01_Top_JDG,Code/Scripts/Mission11.cpp:10240,games/renegade/content/scripts,,,not_started,,parity,"Parameters: """""
script:M11_Silo_ElevatorZone02_JDG,script,M11_Silo_ElevatorZone02_JDG,Code/Scripts/Mission11.cpp:8723,games/renegade/content/scripts,,,not_started,,parity,"Parameters: """""
script:M11_Silo_ElevatorZone02_Top_JDG,script,M11_Silo_ElevatorZone02_Top_JDG,Code/Scripts/Mission11.cpp:10299,games/renegade/content/scripts,,,not_started,,parity,"Parameters: """""
script:M11_Silo_ElevatorZone03_JDG,script,M11_Silo_ElevatorZone03_JDG,Code/Scripts/Mission11.cpp:8797,games/renegade/content/scripts,,,not_started,,parity,"Parameters: """""
script:M11_Silo_ElevatorZone03_Top_JDG,script,M11_Silo_ElevatorZone03_Top_JDG,Code/Scripts/Mission11.cpp:10321,games/renegade/content/scripts,,,not_started,,parity,"Parameters: """""
script:M11_Silo_ElevatorZone04_JDG,script,M11_Silo_ElevatorZone04_JDG,Code/Scripts/Mission11.cpp:8871,games/renegade/content/scripts,,,not_started,,parity,"Parameters: """""
script:M11_Silo_ElevatorZone04_Top_JDG,script,M11_Silo_ElevatorZone04_Top_JDG,Code/Scripts/Mission11.cpp:10343,games/renegade/content/scripts,,,not_started,,parity,"Parameters: """""
script:M11_SimpleSydney_Script_JDG,script,M11_SimpleSydney_Script_JDG,Code/Scripts/Mission11.cpp:6982,games/renegade/content/scripts,,,not_started,,parity,"Parameters: """""
script:M11_Start_Fifth_Objective_Zone_JDG,script,M11_Start_Fifth_Objective_Zone_JDG,Code/Scripts/Mission11.cpp:4862,games/renegade/content/scripts,,,not_started,,parity,"Parameters: """""
script:M11_Start_FirstMidtro_Zone_JDG,script,M11_Start_FirstMidtro_Zone_JDG,Code/Scripts/Mission11.cpp:6515,games/renegade/content/scripts,,,not_started,,parity,"Parameters: """""
script:M11_Start_Third_Objective_Zone_JDG,script,M11_Start_Third_Objective_Zone_JDG,Code/Scripts/Mission11.cpp:4817,games/renegade/content/scripts,,,not_started,,parity,"Parameters: """""
script:M11_Sydney_Rally_Zone_01_JDG,script,M11_Sydney_Rally_Zone_01_JDG,Code/Scripts/Mission11.cpp:8945,games/renegade/content/scripts,,,not_started,,parity,"Parameters: """""
script:M11_Sydney_Rally_Zone_02_JDG,script,M11_Sydney_Rally_Zone_02_JDG,Code/Scripts/Mission11.cpp:8982,games/renegade/content/scripts,,,not_started,,parity,"Parameters: """""
script:M11_Sydney_Rally_Zone_03_JDG,script,M11_Sydney_Rally_Zone_03_JDG,Code/Scripts/Mission11.cpp:9019,games/renegade/content/scripts,,,not_started,,parity,"Parameters: """""
script:M11_Sydney_Rally_Zone_03b_JDG,script,M11_Sydney_Rally_Zone_03b_JDG,Code/Scripts/Mission11.cpp:9066,games/renegade/content/scripts,,,not_started,,parity,"Parameters: """""
script:M11_Sydney_SandM_Chair_Script_JDG,script,M11_Sydney_SandM_Chair_Script_JDG,Code/Scripts/Mission11.cpp:6903,games/renegade/content/scripts,,,not_started,,parity,"Parameters: """""
script:M11_Sydney_SandM_Machine_Script_JDG,script,M11_Sydney_SandM_Machine_Script_JDG,Code/Scripts/Mission11.cpp:6881,games/renegade/content/scripts,,,not_started,,parity,"Parameters: """""
script:M11_Sydney_SandM_Sydney_Bone_JDG,script,M11_Sydney_SandM_Sydney_Bone_JDG,Code/Scripts/Mission11.cpp:6939,games/renegade/content/scripts,,,not_started,,parity,"Parameters: """""
script:M11_Sydney_SandM_Wall_Script_JDG,script,M11_Sydney_SandM_Wall_Script_JDG,Code/Scripts/Mission11.cpp:6925,games/renegade/content/scripts,,,not_started,,parity,"Parameters: """""
script:M11_Sydney_Script_JDG,script,M11_Sydney_Script_JDG,Code/Scripts/Mission11.cpp:9368,games/renegade/content/scripts,,,not_started,,parity,"Parameters: """""
script:M11_Temple_Commander_JDG,script,M11_Temple_Commander_JDG,Code/Scripts/Mission11.cpp:5551,games/renegade/content/scripts,,,not_started,,parity,"Parameters: """""
script:M11_Temple_Hologram_01_JDG,script,M11_Temple_Hologram_01_JDG,Code/Scripts/Mission11.cpp:5826,games/renegade/content/scripts,,,not_started,,parity,"Parameters: """""
script:M11_Temple_Hologram_Controller_JDG,script,M11_Temple_Hologram_Controller_JDG,Code/Scripts/Mission11.cpp:5595,games/renegade/content/scripts,,,not_started,,parity,"Parameters: """""
script:M11_Theres_Sydney_Zone_JDG,script,M11_Theres_Sydney_Zone_JDG,Code/Scripts/Mission11.cpp:5455,games/renegade/content/scripts,,,not_started,,parity,"Parameters: """""
script:M11_ThirdFloor_Elevator_Switch_Script_JDG,script,M11_ThirdFloor_Elevator_Switch_Script_JDG,Code/Scripts/Mission11.cpp:10431,games/renegade/content/scripts,,,not_started,,parity,"Parameters: """""
script:M11_Turn_Off_FirstFloor_Stuff_JDG,script,M11_Turn_Off_FirstFloor_Stuff_JDG,Code/Scripts/Mission11.cpp:770,games/renegade/content/scripts,,,not_started,,parity,"Parameters: """""
script:M11_Turn_On_FirstFloor_Stuff_JDG,script,M11_Turn_On_FirstFloor_Stuff_JDG,Code/Scripts/Mission11.cpp:781,games/renegade/content/scripts,,,not_started,,parity,"Parameters: """""
script:M11_Turn_On_Mutant_Crypt_Spawners_Zone_JDG,script,M11_Turn_On_Mutant_Crypt_Spawners_Zone_JDG,Code/Scripts/Mission11.cpp:3433,games/renegade/content/scripts,,,not_started,,parity,"Parameters: """""
script:M11_VoltRifleGuy_Script_JDG,script,M11_VoltRifleGuy_Script_JDG,Code/Scripts/Mission11.cpp:48,games/renegade/content/scripts,,,not_started,,parity,"Parameters: """""
script:M11_VoltRifle_Monitor_Script_JDG,script,M11_VoltRifle_Monitor_Script_JDG,Code/Scripts/Mission11.cpp:91,games/renegade/content/scripts,,,not_started,,parity,"Parameters: """""
script:M11_VoltRifle_Script_JDG,script,M11_VoltRifle_Script_JDG,Code/Scripts/Mission11.cpp:130,games/renegade/content/scripts,,,not_started,,parity,"Parameters: """""
script:M11_WarRoom_BattleController_JDG,script,M11_WarRoom_BattleController_JDG,Code/Scripts/Mission11.cpp:2211,games/renegade/content/scripts,,,not_started,,parity,"Parameters: """""
script:M11_WarRoom_Engineer_JDG,script,M11_WarRoom_Engineer_JDG,Code/Scripts/Mission11.cpp:2114,games/renegade/content/scripts,,,not_started,,parity,"Parameters: """""
script:M11_WarRoom_EntryZone_JDG,script,M11_WarRoom_EntryZone_JDG,Code/Scripts/Mission11.cpp:2070,games/renegade/content/scripts,,,not_started,,parity,"Parameters: """""
script:M11_WarRoom_ExitZone_JDG,script,M11_WarRoom_ExitZone_JDG,Code/Scripts/Mission11.cpp:2332,games/renegade/content/scripts,,,not_started,,parity,"Parameters: """""
script:M11_WarRoom_SecurityTurret_JDG,script,M11_WarRoom_SecurityTurret_JDG,Code/Scripts/Mission11.cpp:2158,games/renegade/content/scripts,,,not_started,,parity,"Parameters: """""
script:M11_WarRoom_SpawnedDude_JDG,script,M11_WarRoom_SpawnedDude_JDG,Code/Scripts/Mission11.cpp:2303,games/renegade/content/scripts,,,not_started,,parity,"Parameters: """""
script:M11_WarRoom_StationaryTech_JDG,script,M11_WarRoom_StationaryTech_JDG,Code/Scripts/Mission11.cpp:2139,games/renegade/content/scripts,,,not_started,,parity,"Parameters: """""
script:M11_WetBar_MutantGuard_JDG,script,M11_WetBar_MutantGuard_JDG,Code/Scripts/Mission11.cpp:1933,games/renegade/content/scripts,,,not_started,,parity,"Parameters: """""
script:M11_WetBar_NeighborRoom_EntryZone_JDG,script,M11_WetBar_NeighborRoom_EntryZone_JDG,Code/Scripts/Mission11.cpp:1869,games/renegade/content/scripts,,,not_started,,parity,"Parameters: """""
script:M11_WetBar_NeighborRoom_SpawnedDude_JDG,script,M11_WetBar_NeighborRoom_SpawnedDude_JDG,Code/Scripts/Mission11.cpp:1965,games/renegade/content/scripts,,,not_started,,parity,"Parameters: """""
script:M11_WetBar_NeighborRoom_SpawnerController_JDG,script,M11_WetBar_NeighborRoom_SpawnerController_JDG,Code/Scripts/Mission11.cpp:1884,games/renegade/content/scripts,,,not_started,,parity,"Parameters: """""
script:MDD_Commando,script,MDD_Commando,Code/Scripts/MissionDemo.cpp:1788,games/renegade/content/scripts,,,not_started,,parity,"Parameters: """""
script:MDD_Flying_Vehicle,script,MDD_Flying_Vehicle,Code/Scripts/MissionDemo.cpp:1691,games/renegade/content/scripts,,,not_started,,parity,"Parameters: ""Unit_ID:int"""
script:MDD_GDI_Soldier,script,MDD_GDI_Soldier,Code/Scripts/MissionDemo.cpp:1215,games/renegade/content/scripts,,,not_started,,parity,"Parameters: ""Area_ID:int, Soldier_Type=0:int"""
script:MDD_Havoc_Unit,script,MDD_Havoc_Unit,Code/Scripts/MissionDemo.cpp:1798,games/renegade/content/scripts,,,not_started,,parity,"Parameters: """""
script:MDD_Nod_Apache,script,MDD_Nod_Apache,Code/Scripts/MissionDemo.cpp:1448,games/renegade/content/scripts,,,not_started,,parity,"Parameters: ""Area_ID:int"""
script:MDD_Nod_Soldier,script,MDD_Nod_Soldier,Code/Scripts/MissionDemo.cpp:711,games/renegade/content/scripts,,,not_started,,parity,"Parameters: ""Area_Number:int,Area_Officer:int,Pre_Placed:int"""
script:MDD_Nod_Stealth,script,MDD_Nod_Stealth,Code/Scripts/MissionDemo.cpp:1623,games/renegade/content/scripts,,,not_started,,parity,"Parameters: """""
script:MDD_Objective_Controller,script,MDD_Objective_Controller,Code/Scripts/MissionDemo.cpp:48,games/renegade/content/scripts,,,not_started,,parity,"Parameters: """""
script:MDD_Respawn_Controller,script,MDD_Respawn_Controller,Code/Scripts/MissionDemo.cpp:97,games/renegade/content/scripts,,,not_started,,parity,"Parameters: """""
script:MDD_Stationary_Vehicle,script,MDD_Stationary_Vehicle,Code/Scripts/MissionDemo.cpp:1375,games/renegade/content/scripts,,,not_started,,parity,"Parameters: ""Area_ID:int"""
script:MPR_A01_Chinook_Evac_Civies_PMP,script,MPR_A01_Chinook_Evac_Civies_PMP,Code/Scripts/PRDemo.cpp:420,games/renegade/content/scripts,,,not_started,,parity,"Parameters: """""
script:MPR_A01_CivFollower_PMP,script,MPR_A01_CivFollower_PMP,Code/Scripts/PRDemo.cpp:191,games/renegade/content/scripts,,,not_started,,parity,"Parameters: ""Host_ID:int, Host_distance=1.5:float"""
script:MPR_A01_CivLeader_PMP,script,MPR_A01_CivLeader_PMP,Code/Scripts/PRDemo.cpp:94,games/renegade/content/scripts,,,not_started,,parity,"Parameters: ""Follower_ID:int"""
script:MPR_A01_EscortDestination_PMP,script,MPR_A01_EscortDestination_PMP,Code/Scripts/PRDemo.cpp:235,games/renegade/content/scripts,,,not_started,,parity,"Parameters: """""
script:MPR_A01_EscortDies_PMP,script,MPR_A01_EscortDies_PMP,Code/Scripts/PRDemo.cpp:263,games/renegade/content/scripts,,,not_started,,parity,"Parameters: ""CIV01_ID:int, CIV02_ID:int, CIV03_ID:int"""
script:MPR_A01_Evac_Call_PMP,script,MPR_A01_Evac_Call_PMP,Code/Scripts/PRDemo.cpp:384,games/renegade/content/scripts,,,not_started,,parity,"Parameters: """""
script:MPR_A01_Get_Barn_Zone_id_PMP,script,MPR_A01_Get_Barn_Zone_id_PMP,Code/Scripts/PRDemo.cpp:367,games/renegade/content/scripts,,,not_started,,parity,"Parameters: """""
script:MPR_A01_Get_Civ01_id_PMP,script,MPR_A01_Get_Civ01_id_PMP,Code/Scripts/PRDemo.cpp:506,games/renegade/content/scripts,,,not_started,,parity,"Parameters: """""
script:MPR_A01_Get_Civ02_id_PMP,script,MPR_A01_Get_Civ02_id_PMP,Code/Scripts/PRDemo.cpp:523,games/renegade/content/scripts,,,not_started,,parity,"Parameters: """""
script:MPR_A01_Get_Civ03_ID_PMP,script,MPR_A01_Get_Civ03_ID_PMP,Code/Scripts/PRDemo.cpp:540,games/renegade/content/scripts,,,not_started,,parity,"Parameters: """""
script:MPR_A01_Get_To_Chinook_PMP,script,MPR_A01_Get_To_Chinook_PMP,Code/Scripts/PRDemo.cpp:475,games/renegade/content/scripts,,,not_started,,parity,"Parameters: """""
script:MPR_A01_Intro_Cinematic_RMV,script,MPR_A01_Intro_Cinematic_RMV,Code/Scripts/PRDemo.cpp:2221,games/renegade/content/scripts,,,not_started,,parity,"Parameters: """""
script:MPR_A01_Orca_Strike_On_Turret_RAD,script,MPR_A01_Orca_Strike_On_Turret_RAD,Code/Scripts/PRDemo.cpp:1256,games/renegade/content/scripts,,,not_started,,parity,"Parameters: ""Target_Number:int, AnimationName:string, Fire_01:int, Fire_02:int, Fire_03:int, Fire_04:int, Fire_05:int, Fire_06:int"""
script:MPR_A01_Orca_Turret_Attack_Zone_RAD,script,MPR_A01_Orca_Turret_Attack_Zone_RAD,Code/Scripts/PRDemo.cpp:1496,games/renegade/content/scripts,,,not_started,,parity,"Parameters: """""
script:MPR_A01_Orca_Turret_RAD,script,MPR_A01_Orca_Turret_RAD,Code/Scripts/PRDemo.cpp:1415,games/renegade/content/scripts,,,not_started,,parity,"Parameters: ""TurretNumber:int"""
script:MPR_A01_SeeEnemy_PMP,script,MPR_A01_SeeEnemy_PMP,Code/Scripts/PRDemo.cpp:299,games/renegade/content/scripts,,,not_started,,parity,"Parameters: ""CIV01_ID:int, CIV02_ID:int, CIV03_ID:int, NOD01_ID:int"""
script:MPR_A01_TiberiumCloud_PMP,script,MPR_A01_TiberiumCloud_PMP,Code/Scripts/PRDemo.cpp:55,games/renegade/content/scripts,,,not_started,,parity,"Parameters: ""Death_Rate=5:int,Explode_Height=1.0:float"""
script:MPR_A02_Apache_Dogfight_RMV,script,MPR_A02_Apache_Dogfight_RMV,Code/Scripts/PRDemo.cpp:2143,games/renegade/content/scripts,,,not_started,,parity,"Parameters: """""
script:MPR_A02_Drill_Cadet_1_JDG,script,MPR_A02_Drill_Cadet_1_JDG,Code/Scripts/PRDemo.cpp:3082,games/renegade/content/scripts,,,not_started,,parity,"Parameters: """""
script:MPR_A02_Drill_Cadet_2_JDG,script,MPR_A02_Drill_Cadet_2_JDG,Code/Scripts/PRDemo.cpp:3265,games/renegade/content/scripts,,,not_started,,parity,"Parameters: """""
script:MPR_A02_Drill_Cadet_3_JDG,script,MPR_A02_Drill_Cadet_3_JDG,Code/Scripts/PRDemo.cpp:3447,games/renegade/content/scripts,,,not_started,,parity,"Parameters: """""
script:MPR_A02_Drill_Instructor_JDG,script,MPR_A02_Drill_Instructor_JDG,Code/Scripts/PRDemo.cpp:2293,games/renegade/content/scripts,,,not_started,,parity,"Parameters: """""
script:MPR_A02_Drill_Kill_Havoc_Zone_JDG,script,MPR_A02_Drill_Kill_Havoc_Zone_JDG,Code/Scripts/PRDemo.cpp:3628,games/renegade/content/scripts,,,not_started,,parity,"Parameters: """""
script:MPR_A02_Drill_Start_Zone_JDG,script,MPR_A02_Drill_Start_Zone_JDG,Code/Scripts/PRDemo.cpp:3048,games/renegade/content/scripts,,,not_started,,parity,"Parameters: """""
script:MPR_A02_DriveBy_EnterZone_JDG,script,MPR_A02_DriveBy_EnterZone_JDG,Code/Scripts/PRDemo.cpp:4190,games/renegade/content/scripts,,,not_started,,parity,"Parameters: """""
script:MPR_A02_DriveBy_Harvester_JDG,script,MPR_A02_DriveBy_Harvester_JDG,Code/Scripts/PRDemo.cpp:4223,games/renegade/content/scripts,,,not_started,,parity,"Parameters: """""
script:MPR_A02_Orca_Dogfight_RMV,script,MPR_A02_Orca_Dogfight_RMV,Code/Scripts/PRDemo.cpp:2160,games/renegade/content/scripts,,,not_started,,parity,"Parameters: """""
script:MPR_A02_Zone_Trigger_For_Dogfight_RMV,script,MPR_A02_Zone_Trigger_For_Dogfight_RMV,Code/Scripts/PRDemo.cpp:2006,games/renegade/content/scripts,,,not_started,,parity,"Parameters: """""
script:MPR_A03_BridgeScene_BlowUpZone_JDG,script,MPR_A03_BridgeScene_BlowUpZone_JDG,Code/Scripts/PRDemo.cpp:4548,games/renegade/content/scripts,,,not_started,,parity,"Parameters: """""
script:MPR_A03_BridgeScene_Engineer_JDG,script,MPR_A03_BridgeScene_Engineer_JDG,Code/Scripts/PRDemo.cpp:4580,games/renegade/content/scripts,,,not_started,,parity,"Parameters: """""
script:MPR_A03_BridgeScene_EnterZone_JDG,script,MPR_A03_BridgeScene_EnterZone_JDG,Code/Scripts/PRDemo.cpp:4499,games/renegade/content/scripts,,,not_started,,parity,"Parameters: """""
script:MPR_A03_Bridge_Exploding_DEL,script,MPR_A03_Bridge_Exploding_DEL,Code/Scripts/PRDemo.cpp:673,games/renegade/content/scripts,,,not_started,,parity,"Parameters: ""AnimationName=:string"""
script:MPR_A03_Bridge_Trigger_DEL,script,MPR_A03_Bridge_Trigger_DEL,Code/Scripts/PRDemo.cpp:708,games/renegade/content/scripts,,,not_started,,parity,"Parameters: ""BridgeID=:int"""
script:MPR_A03_Helicopter_EnterZone_JDG,script,MPR_A03_Helicopter_EnterZone_JDG,Code/Scripts/PRDemo.cpp:4258,games/renegade/content/scripts,,,not_started,,parity,"Parameters: """""
script:MPR_A03_Helicopter_Injured_NOD_Pilot_JDG,script,MPR_A03_Helicopter_Injured_NOD_Pilot_JDG,Code/Scripts/PRDemo.cpp:4418,games/renegade/content/scripts,,,not_started,,parity,"Parameters: """""
script:MPR_A04_Main_Control_Terminal_RAD,script,MPR_A04_Main_Control_Terminal_RAD,Code/Scripts/PRDemo.cpp:1696,games/renegade/content/scripts,,,not_started,,parity,"Parameters: ""ObeliskControllerID:int, BuildingID:int"""
script:MPR_A04_Obelisk_Weapon_RAD,script,MPR_A04_Obelisk_Weapon_RAD,Code/Scripts/PRDemo.cpp:1535,games/renegade/content/scripts,,,not_started,,parity,"Parameters: ""ObeliskWeaponID:int, NodLightTankID:int"""
script:MPR_A04_SuicideRun_Console_JDG,script,MPR_A04_SuicideRun_Console_JDG,Code/Scripts/PRDemo.cpp:4160,games/renegade/content/scripts,,,not_started,,parity,"Parameters: """""
script:MPR_A04_SuicideRun_GDI_Medium_Tank_JDG,script,MPR_A04_SuicideRun_GDI_Medium_Tank_JDG,Code/Scripts/PRDemo.cpp:3969,games/renegade/content/scripts,,,not_started,,parity,"Parameters: """""
script:MPR_A04_SuicideRun_GDI_Minigunner_1_JDG,script,MPR_A04_SuicideRun_GDI_Minigunner_1_JDG,Code/Scripts/PRDemo.cpp:3706,games/renegade/content/scripts,,,not_started,,parity,"Parameters: """""
script:MPR_A04_SuicideRun_GDI_Minigunner_2_JDG,script,MPR_A04_SuicideRun_GDI_Minigunner_2_JDG,Code/Scripts/PRDemo.cpp:3840,games/renegade/content/scripts,,,not_started,,parity,"Parameters: """""
script:MPR_A04_SuicideRun_NOD_Light_Tank_JDG,script,MPR_A04_SuicideRun_NOD_Light_Tank_JDG,Code/Scripts/PRDemo.cpp:4107,games/renegade/content/scripts,,,not_started,,parity,"Parameters: """""
script:MPR_A04_SuicideRun_NOD_Minigunner_JDG,script,MPR_A04_SuicideRun_NOD_Minigunner_JDG,Code/Scripts/PRDemo.cpp:4035,games/renegade/content/scripts,,,not_started,,parity,"Parameters: """""
script:MPR_A04_SuicideRun_StartZone_JDG,script,MPR_A04_SuicideRun_StartZone_JDG,Code/Scripts/PRDemo.cpp:3662,games/renegade/content/scripts,,,not_started,,parity,"Parameters: """""
script:MPR_A05_A10_Air_Strike_RMV,script,MPR_A05_A10_Air_Strike_RMV,Code/Scripts/PRDemo.cpp:2075,games/renegade/content/scripts,,,not_started,,parity,"Parameters: """""
script:MPR_A05_A10_Trigger_When_SAM_Destroyed_RMV,script,MPR_A05_A10_Trigger_When_SAM_Destroyed_RMV,Code/Scripts/PRDemo.cpp:1980,games/renegade/content/scripts,,,not_started,,parity,"Parameters: """""
script:MPR_A05_C130_Dropoff_Animation_RMV,script,MPR_A05_C130_Dropoff_Animation_RMV,Code/Scripts/PRDemo.cpp:2033,games/renegade/content/scripts,,,not_started,,parity,"Parameters: ""Cinematic=:string,ObjToCreate=:string,DropFrame=:int,BoneName=:string"""
script:MPR_A05_C130_Zone_Trigger_RMV,script,MPR_A05_C130_Zone_Trigger_RMV,Code/Scripts/PRDemo.cpp:1958,games/renegade/content/scripts,,,not_started,,parity,"Parameters: """""
script:MPR_A05_Tank_Controller_RAD,script,MPR_A05_Tank_Controller_RAD,Code/Scripts/PRDemo.cpp:1767,games/renegade/content/scripts,,,not_started,,parity,"Parameters: ""My_Number:int, MammothTank:int"""
script:MPR_A06_Final_Zone_Trigger_RMV,script,MPR_A06_Final_Zone_Trigger_RMV,Code/Scripts/PRDemo.cpp:1864,games/renegade/content/scripts,,,not_started,,parity,"Parameters: """""
script:MPR_ApacheController,script,MPR_ApacheController,Code/Scripts/PRDemo.cpp:1045,games/renegade/content/scripts,,,not_started,,parity,"Parameters: """""
script:MPR_ApacheShootAtPlayer,script,MPR_ApacheShootAtPlayer,Code/Scripts/PRDemo.cpp:986,games/renegade/content/scripts,,,not_started,,parity,"Parameters: ""ApacheID:int"""
script:MPR_ApacheTrigger,script,MPR_ApacheTrigger,Code/Scripts/PRDemo.cpp:946,games/renegade/content/scripts,,,not_started,,parity,"Parameters: ""ApacheID:int,Position:int"""
script:MPR_Looping_Path_JDG,script,MPR_Looping_Path_JDG,Code/Scripts/PRDemo.cpp:625,games/renegade/content/scripts,,,not_started,,parity,"Parameters: ""DestObjID1=:int, DestObjID2=:int"""
script:MS04_Gunboat_Waypath_Movement,script,MS04_Gunboat_Waypath_Movement,Code/Scripts/MissionS04.cpp:49,games/renegade/content/scripts,,,not_started,,parity,"Parameters: """""
script:MSK_Controller,script,MSK_Controller,Code/Scripts/Mission00.cpp:3868,games/renegade/content/scripts,,,not_started,,parity,"Parameters: """""
script:MSK_Info_Zone,script,MSK_Info_Zone,Code/Scripts/Mission00.cpp:4154,games/renegade/content/scripts,,,not_started,,parity,"Parameters: """""
script:MSK_Soldier,script,MSK_Soldier,Code/Scripts/Mission00.cpp:3925,games/renegade/content/scripts,,,not_started,,parity,"Parameters: ""Spawner_ID:int"""
script:MTU_Building_Controller,script,MTU_Building_Controller,Code/Scripts/Mission00.cpp:3727,games/renegade/content/scripts,,,not_started,,parity,"Parameters: ""Building_ID:int"""
script:MTU_Commando,script,MTU_Commando,Code/Scripts/Mission00.cpp:3345,games/renegade/content/scripts,engine/gameplay/common/scripts/components/lua_behavior.cppm;engine/gameplay/common/scripts/resources/behavior_programs.cppm;engine/gameplay/common/scripts/systems/lua_behavior_system.cppm;engine/gameplay/common/scripts/systems/behavior_attachment_system.cppm;engine/gameplay/common/input/components/input_permission.cppm;engine/gameplay/common/input/systems/input_permission_system.cppm;games/renegade/content/campaign/behavior_programs.cppm;games/renegade/content/scripts/MTU_Commando_Startup.lua;games/renegade/content/scripts/MTU_Commando.lua;games/renegade/gameplay/missions/systems/mission_command_system.cppm;games/renegade/gameplay/humans/systems/motion_system.cppm;games/renegade/session/session.cppm;games/renegade/presentation/player/input.cppm;games/renegade/presentation/scene/level_view.cppm;games/renegade/hosts/game/main.cppm,engine/gameplay/common/scripts/behavior_events.test;engine/gameplay/common/input/input_permission.test;games/renegade/content/campaign/behavior_programs.test;games/renegade/gameplay/humans/motion.test;games/renegade/presentation/player/input.test;games/renegade/scripting/mission.test;games/renegade/session/scene.test;games/renegade/hosts/game/tutorial_runtime_test.py,in_progress,games/renegade/migration/behavior-runtime-validation.json,parity,"Parameters: """" Current increment: saved player startup, shared deferred Lua attachments and persistent input permission; source custom control messages verified with directly injected live events and actual SDL3 movement. Complete callback branches, source lesson sequencing, weapon/action effects and mission saves remain open."
script:MTU_Commando_Startup,script,MTU_Commando_Startup,Code/Scripts/Mission00.cpp:3455,games/renegade/content/scripts,engine/gameplay/common/scripts/components/lua_behavior.cppm;engine/gameplay/common/scripts/resources/behavior_programs.cppm;engine/gameplay/common/scripts/systems/lua_behavior_system.cppm;engine/gameplay/common/scripts/systems/behavior_attachment_system.cppm;engine/gameplay/common/input/components/input_permission.cppm;engine/gameplay/common/input/systems/input_permission_system.cppm;games/renegade/content/campaign/behavior_programs.cppm;games/renegade/content/scripts/MTU_Commando_Startup.lua;games/renegade/content/scripts/MTU_Commando.lua;games/renegade/gameplay/missions/systems/mission_command_system.cppm;games/renegade/gameplay/humans/systems/motion_system.cppm;games/renegade/session/session.cppm;games/renegade/presentation/player/input.cppm;games/renegade/presentation/scene/level_view.cppm;games/renegade/hosts/game/main.cppm,engine/gameplay/common/scripts/behavior_events.test;engine/gameplay/common/input/input_permission.test;games/renegade/content/campaign/behavior_programs.test;games/renegade/gameplay/humans/motion.test;games/renegade/presentation/player/input.test;games/renegade/scripting/mission.test;games/renegade/session/scene.test;games/renegade/hosts/game/tutorial_runtime_test.py,in_progress,games/renegade/migration/behavior-runtime-validation.json,parity,"Parameters: """" Current increment: saved player startup, shared deferred Lua attachments and persistent input permission; source custom control messages verified with directly injected live events and actual SDL3 movement. Complete callback branches, source lesson sequencing, weapon/action effects and mission saves remain open."
script:MTU_Flyover,script,MTU_Flyover,Code/Scripts/Mission00.cpp:3836,games/renegade/content/scripts,,,not_started,,parity,"Parameters: ""Vehicle_ID:int"""
script:MTU_GDI_Soldier,script,MTU_GDI_Soldier,Code/Scripts/Mission00.cpp:3227,games/renegade/content/scripts,,,not_started,,parity,"Parameters: """""
script:MTU_GDI_Vehicle,script,MTU_GDI_Vehicle,Code/Scripts/Mission00.cpp:3640,games/renegade/content/scripts,,,not_started,,parity,"Parameters: ""Vehicle_ID:int"""
script:MTU_Nod_Apache,script,MTU_Nod_Apache,Code/Scripts/Mission00.cpp:3506,games/renegade/content/scripts,,,not_started,,parity,"Parameters: ""Apache_ID:int"""
script:MTU_Nod_Soldier,script,MTU_Nod_Soldier,Code/Scripts/Mission00.cpp:3772,games/renegade/content/scripts,,,not_started,,parity,"Parameters: ""Soldier_ID:int"""
script:MTU_PowerUp_Armor,script,MTU_PowerUp_Armor,Code/Scripts/Mission00.cpp:3485,games/renegade/content/scripts,,,not_started,,parity,"Parameters: """""
script:MTU_PowerUp_Health,script,MTU_PowerUp_Health,Code/Scripts/Mission00.cpp:3464,games/renegade/content/scripts,,,not_started,,parity,"Parameters: """""
script:MTU_Range_Powerup,script,MTU_Range_Powerup,Code/Scripts/Mission00.cpp:3623,games/renegade/content/scripts,,,not_started,,parity,"Parameters: ""Powerup_ID:int"""
script:MTU_Range_Target,script,MTU_Range_Target,Code/Scripts/Mission00.cpp:3543,games/renegade/content/scripts,,,not_started,,parity,"Parameters: ""Target_ID:int"""
script:MTU_Range_Target_Miss_Commando,script,MTU_Range_Target_Miss_Commando,Code/Scripts/Mission00.cpp:3603,games/renegade/content/scripts,,,not_started,,parity,"Parameters: """""
script:MTU_Range_Target_Path_Left,script,MTU_Range_Target_Path_Left,Code/Scripts/Mission00.cpp:3590,games/renegade/content/scripts,,,not_started,,parity,"Parameters: """""
script:MTU_Range_Target_Path_Mid,script,MTU_Range_Target_Path_Mid,Code/Scripts/Mission00.cpp:3564,games/renegade/content/scripts,,,not_started,,parity,"Parameters: """""
script:MTU_Range_Target_Path_Right,script,MTU_Range_Target_Path_Right,Code/Scripts/Mission00.cpp:3577,games/renegade/content/scripts,,,not_started,,parity,"Parameters: """""
script:MTU_Trigger_Zone,script,MTU_Trigger_Zone,Code/Scripts/Mission00.cpp:2757,games/renegade/content/scripts,engine/camera/motion/anchor_transition.cppm;engine/gameplay/common/appearance/components/clip_playback.cppm;games/renegade/content/cameras/camera_profiles.cppm;engine/level/model/level.cppm;games/renegade/content/levels/transition_definitions.cppm;games/renegade/content/levels/traversal_portals.cppm;games/renegade/gameplay/humans/resources/ladders.cppm;games/renegade/gameplay/humans/systems/ladder_transition_system.cppm;games/renegade/gameplay/humans/systems/animation_system.cppm;engine/core/math/fixed/transform/FixedLookAngles.cppm;engine/gameplay/common/spatial/resources/heading_requests.cppm;engine/gameplay/common/spatial/systems/heading_target_system.cppm;engine/gameplay/common/spatial/systems/rigid_heading_system.cppm;engine/gameplay/common/areas/resources/trigger_volumes.cppm;engine/gameplay/common/areas/systems/volume_presence_system.cppm;engine/gameplay/common/spatial/resources/position_requests.cppm;engine/gameplay/common/spatial/systems/position_request_system.cppm;games/renegade/content/scripts/MTU_Trigger_Zone.lua;games/renegade/content/scripts/MTU_Tutorial_Instructor.lua;games/renegade/gameplay/missions/systems/mission_command_system.cppm;games/renegade/gameplay/missions/resources/camera_requests.cppm;games/renegade/gameplay/humans/systems/motion_system.cppm;games/renegade/presentation/player/input.cppm;games/renegade/session/session.cppm;games/renegade/presentation/scene/level_view.cppm;games/renegade/hosts/game/main.cppm,engine/camera/camera.test;engine/gameplay/common/appearance/clip_playback.test;games/renegade/content/cameras/camera_profiles.test;engine/level/model/level.test;games/renegade/content/levels/level_scene.test;games/renegade/gameplay/humans/ladder.test;games/renegade/gameplay/humans/motion.test;games/renegade/gameplay/humans/animation.test;engine/core/math/fixed/tests/FixedLookAngles.test;engine/gameplay/common/spatial/heading_requests.test;engine/gameplay/common/areas/volume_presence.test;engine/gameplay/common/spatial/position_requests.test;games/renegade/scripting/mission.test;games/renegade/session/scene.test;games/renegade/presentation/player/input.test;games/renegade/hosts/game/tutorial_course_runtime_test.py,in_progress,games/renegade/migration/tutorial-course-validation.json,parity,"Parameters: """""
script:MTU_Tutorial_Controller,script,MTU_Tutorial_Controller,Code/Scripts/Mission00.cpp:44,games/renegade/content/scripts,,,in_progress,games/renegade/migration/tutorial-intro-validation.json,parity,"Parameters: """""
script:MTU_Tutorial_Instructor,script,MTU_Tutorial_Instructor,Code/Scripts/Mission00.cpp:1217,games/renegade/content/scripts,engine/camera/motion/anchor_transition.cppm;engine/gameplay/common/appearance/components/clip_playback.cppm;games/renegade/content/cameras/camera_profiles.cppm;engine/level/model/level.cppm;games/renegade/content/levels/transition_definitions.cppm;games/renegade/content/levels/traversal_portals.cppm;games/renegade/gameplay/humans/resources/ladders.cppm;games/renegade/gameplay/humans/systems/ladder_transition_system.cppm;games/renegade/gameplay/humans/systems/animation_system.cppm;engine/core/math/fixed/transform/FixedLookAngles.cppm;engine/gameplay/common/spatial/resources/heading_requests.cppm;engine/gameplay/common/spatial/systems/heading_target_system.cppm;engine/gameplay/common/spatial/systems/rigid_heading_system.cppm;engine/gameplay/common/areas/resources/trigger_volumes.cppm;engine/gameplay/common/areas/systems/volume_presence_system.cppm;engine/gameplay/common/spatial/resources/position_requests.cppm;engine/gameplay/common/spatial/systems/position_request_system.cppm;games/renegade/content/scripts/MTU_Trigger_Zone.lua;games/renegade/content/scripts/MTU_Tutorial_Instructor.lua;games/renegade/gameplay/missions/systems/mission_command_system.cppm;games/renegade/gameplay/missions/resources/camera_requests.cppm;games/renegade/gameplay/humans/systems/motion_system.cppm;games/renegade/presentation/player/input.cppm;games/renegade/session/session.cppm;games/renegade/presentation/scene/level_view.cppm;games/renegade/hosts/game/main.cppm,engine/camera/camera.test;engine/gameplay/common/appearance/clip_playback.test;games/renegade/content/cameras/camera_profiles.test;engine/level/model/level.test;games/renegade/content/levels/level_scene.test;games/renegade/gameplay/humans/ladder.test;games/renegade/gameplay/humans/motion.test;games/renegade/gameplay/humans/animation.test;engine/core/math/fixed/tests/FixedLookAngles.test;engine/gameplay/common/spatial/heading_requests.test;engine/gameplay/common/areas/volume_presence.test;engine/gameplay/common/spatial/position_requests.test;games/renegade/scripting/mission.test;games/renegade/session/scene.test;games/renegade/presentation/player/input.test;games/renegade/hosts/game/tutorial_course_runtime_test.py,in_progress,games/renegade/migration/tutorial-course-validation.json,parity,"Parameters: """""
script:MX0_A02_ACTOR,script,MX0_A02_ACTOR,Code/Scripts/Test_RAD.cpp:1266,games/renegade/content/scripts,,,not_started,,parity,"Parameters: ""ActorID=0:int"""
script:MX0_A02_Controller,script,MX0_A02_Controller,Code/Scripts/Test_RAD.cpp:25,games/renegade/content/scripts,,,not_started,,parity,"Parameters: """""
script:MX0_A02_DEFAULT_OFF,script,MX0_A02_DEFAULT_OFF,Code/Scripts/Test_RAD.cpp:3078,games/renegade/content/scripts,,,not_started,,parity,"Parameters: """""
script:MX0_A02_GDI_APC,script,MX0_A02_GDI_APC,Code/Scripts/Test_RAD.cpp:2974,games/renegade/content/scripts,,,not_started,,parity,"Parameters: """""
script:MX0_A02_GDI_MEDTANK,script,MX0_A02_GDI_MEDTANK,Code/Scripts/Test_RAD.cpp:2937,games/renegade/content/scripts,,,not_started,,parity,"Parameters: """""
script:MX0_A02_GDI_VEHICLE,script,MX0_A02_GDI_VEHICLE,Code/Scripts/Test_RAD.cpp:2921,games/renegade/content/scripts,,,not_started,,parity,"Parameters: """""
script:MX0_A02_HELICOPTER,script,MX0_A02_HELICOPTER,Code/Scripts/Test_RAD.cpp:3034,games/renegade/content/scripts,,,not_started,,parity,"Parameters: ""ActorID=0:int"""
script:MX0_A02_ZONE_DEFAULT_ON,script,MX0_A02_ZONE_DEFAULT_ON,Code/Scripts/Test_RAD.cpp:3094,games/renegade/content/scripts,,,not_started,,parity,"Parameters: """""
script:MX0_A02_ZONE_STARTUP,script,MX0_A02_ZONE_STARTUP,Code/Scripts/Test_RAD.cpp:3018,games/renegade/content/scripts,,,not_started,,parity,"Parameters: """""
script:MX0_A03_CONTROLLER_DAK,script,MX0_A03_CONTROLLER_DAK,Code/Scripts/MissionX0.cpp:1777,games/renegade/content/scripts,,,not_started,,parity,"Parameters: """""
script:MX0_A03_END_ZONE,script,MX0_A03_END_ZONE,Code/Scripts/MissionX0.cpp:2625,games/renegade/content/scripts,,,not_started,,parity,"Parameters: """""
script:MX0_A03_FIRST_PLAYER_ZONE,script,MX0_A03_FIRST_PLAYER_ZONE,Code/Scripts/MissionX0.cpp:2544,games/renegade/content/scripts,,,not_started,,parity,"Parameters: """""
script:MX0_A03_GDI_INFANTRY,script,MX0_A03_GDI_INFANTRY,Code/Scripts/MissionX0.cpp:1613,games/renegade/content/scripts,,,not_started,,parity,"Parameters: ""troop_num:int"""
script:MX0_A03_GDI_TANK_DROP_ZONE_DAK,script,MX0_A03_GDI_TANK_DROP_ZONE_DAK,Code/Scripts/MissionX0.cpp:1747,games/renegade/content/scripts,,,not_started,,parity,"Parameters: """""
script:MX0_A03_GDI_TROOPER_ONE,script,MX0_A03_GDI_TROOPER_ONE,Code/Scripts/MissionX0.cpp:2422,games/renegade/content/scripts,,,not_started,,parity,"Parameters: """""
script:MX0_A03_GDI_TROOP_DROP_ZONE_DAK,script,MX0_A03_GDI_TROOP_DROP_ZONE_DAK,Code/Scripts/MissionX0.cpp:1718,games/renegade/content/scripts,,,not_started,,parity,"Parameters: """""
script:MX0_A03_HAVOC_TANK,script,MX0_A03_HAVOC_TANK,Code/Scripts/MissionX0.cpp:2517,games/renegade/content/scripts,,,not_started,,parity,"Parameters: """""
script:MX0_A03_HUMVEE,script,MX0_A03_HUMVEE,Code/Scripts/MissionX0.cpp:2090,games/renegade/content/scripts,,,not_started,,parity,"Parameters: """""
script:MX0_A03_NOD_BUGGIE,script,MX0_A03_NOD_BUGGIE,Code/Scripts/MissionX0.cpp:2269,games/renegade/content/scripts,,,not_started,,parity,"Parameters: """""
script:MX0_A03_NOD_HARVESTER,script,MX0_A03_NOD_HARVESTER,Code/Scripts/MissionX0.cpp:2333,games/renegade/content/scripts,,,not_started,,parity,"Parameters: """""
script:MX0_A03_NOD_PLACED_MINIGUNNER,script,MX0_A03_NOD_PLACED_MINIGUNNER,Code/Scripts/MissionX0.cpp:1389,games/renegade/content/scripts,,,not_started,,parity,"Parameters: """""
script:MX0_A03_NOD_TROOPER_TIB_DEATH,script,MX0_A03_NOD_TROOPER_TIB_DEATH,Code/Scripts/MissionX0.cpp:2310,games/renegade/content/scripts,,,not_started,,parity,"Parameters: """""
script:MX0_A03_NOD_TURRET,script,MX0_A03_NOD_TURRET,Code/Scripts/MissionX0.cpp:2603,games/renegade/content/scripts,,,not_started,,parity,"Parameters: """""
script:MX0_A03_TANK,script,MX0_A03_TANK,Code/Scripts/MissionX0.cpp:2210,games/renegade/content/scripts,,,not_started,,parity,"Parameters: """""
script:MX0_A03_TROOPER_ONE_TEST,script,MX0_A03_TROOPER_ONE_TEST,Code/Scripts/MissionX0.cpp:2595,games/renegade/content/scripts,,,not_started,,parity,"Parameters: """""
script:MX0_AmbientBattle,script,MX0_AmbientBattle,Code/Scripts/MissionX0.cpp:1189,games/renegade/content/scripts,,,not_started,,parity,"Parameters: """""
script:MX0_Area4_Controller_DLS,script,MX0_Area4_Controller_DLS,Code/Scripts/Test_DLS.cpp:1788,games/renegade/content/scripts,,,not_started,,parity,"Parameters: """""
script:MX0_Area4_Zone_DLS,script,MX0_Area4_Zone_DLS,Code/Scripts/Test_DLS.cpp:2434,games/renegade/content/scripts,,,not_started,,parity,"Parameters: ""Area=0:int"""
script:MX0_Engineer1,script,MX0_Engineer1,Code/Scripts/MissionX0.cpp:470,games/renegade/content/scripts,,,not_started,,parity,"Parameters: ""Damage_multiplier:float"""
script:MX0_Engineer2,script,MX0_Engineer2,Code/Scripts/MissionX0.cpp:701,games/renegade/content/scripts,,,not_started,,parity,"Parameters: ""Damage_multiplier:float"""
script:MX0_Engineer_Goto,script,MX0_Engineer_Goto,Code/Scripts/MissionX0.cpp:984,games/renegade/content/scripts,,,not_started,,parity,"Parameters: ""GotoDest1:int, GotoDest2:int, Count:int"""
script:MX0_Engineer_Goto2,script,MX0_Engineer_Goto2,Code/Scripts/MissionX0.cpp:1029,games/renegade/content/scripts,,,not_started,,parity,"Parameters: ""GotoDest1:int, GotoDest2:int, Count:int"""
script:MX0_Engineer_Return,script,MX0_Engineer_Return,Code/Scripts/MissionX0.cpp:958,games/renegade/content/scripts,,,not_started,,parity,"Parameters: """""
script:MX0_Explosive_Barrels_DLS,script,MX0_Explosive_Barrels_DLS,Code/Scripts/Test_DLS.cpp:3260,games/renegade/content/scripts,,,not_started,,parity,"Parameters: ""Logical_Sound=0:int, Radius:float"""
script:MX0_GDI_Killed_DLS,script,MX0_GDI_Killed_DLS,Code/Scripts/Test_DLS.cpp:2785,games/renegade/content/scripts,,,not_started,,parity,"Parameters: ""Unit_ID=0:int"""
script:MX0_GDI_ORCA,script,MX0_GDI_ORCA,Code/Scripts/MissionX0.cpp:1410,games/renegade/content/scripts,,,not_started,,parity,"Parameters: """""
script:MX0_GDI_Soldier_DLS,script,MX0_GDI_Soldier_DLS,Code/Scripts/Test_DLS.cpp:2842,games/renegade/content/scripts,,,not_started,,parity,"Parameters: ""Attack_Loc0=0:int, Attack_Loc1=0:int, Attack_Loc2=0:int, Attack_Loc3=0:int, Speed=1.0:float"""
script:MX0_Gun_Emplacement_DLS,script,MX0_Gun_Emplacement_DLS,Code/Scripts/Test_DLS.cpp:3031,games/renegade/content/scripts,,,not_started,,parity,"Parameters: ""Left_Point=0:int, Right_Point=0:int"""
script:MX0_KillNotify,script,MX0_KillNotify,Code/Scripts/MissionX0.cpp:1282,games/renegade/content/scripts,,,not_started,,parity,"Parameters: """""
script:MX0_Kill_Sniper,script,MX0_Kill_Sniper,Code/Scripts/MissionX0.cpp:1099,games/renegade/content/scripts,,,not_started,,parity,"Parameters: """""
script:MX0_MissionStart_DME,script,MX0_MissionStart_DME,Code/Scripts/MissionX0.cpp:42,games/renegade/content/scripts,,,not_started,,parity,"Parameters: """""
script:MX0_NOD_INFANTRY,script,MX0_NOD_INFANTRY,Code/Scripts/MissionX0.cpp:1522,games/renegade/content/scripts,,,not_started,,parity,"Parameters: ""troop_num:int"""
script:MX0_NOD_TroopDrop,script,MX0_NOD_TroopDrop,Code/Scripts/MissionX0.cpp:1128,games/renegade/content/scripts,,,not_started,,parity,"Parameters: """""
script:MX0_Nod_Bunker_DLS,script,MX0_Nod_Bunker_DLS,Code/Scripts/Test_DLS.cpp:3175,games/renegade/content/scripts,,,not_started,,parity,"Parameters: """""
script:MX0_Nod_RocketSoldier_DLS,script,MX0_Nod_RocketSoldier_DLS,Code/Scripts/Test_DLS.cpp:3089,games/renegade/content/scripts,,,not_started,,parity,"Parameters: ""Stationary_Point=0:int"""
script:MX0_Obelisk_Weapon_DLS,script,MX0_Obelisk_Weapon_DLS,Code/Scripts/Test_DLS.cpp:2582,games/renegade/content/scripts,,,not_started,,parity,"Parameters: ""Max_Range=75.0f:float"""
script:MX0_Plant_Ion_Beacon_DLS,script,MX0_Plant_Ion_Beacon_DLS,Code/Scripts/Test_DLS.cpp:3204,games/renegade/content/scripts,,,not_started,,parity,"Parameters: """""
script:MX0_SAM_DLS,script,MX0_SAM_DLS,Code/Scripts/Test_DLS.cpp:3146,games/renegade/content/scripts,,,not_started,,parity,"Parameters: """""
script:MX0_SniperAction,script,MX0_SniperAction,Code/Scripts/MissionX0.cpp:1221,games/renegade/content/scripts,,,not_started,,parity,"Parameters: ""FaceObj:int"""
script:MX0_Vehicle_DLS,script,MX0_Vehicle_DLS,Code/Scripts/Test_DLS.cpp:2463,games/renegade/content/scripts,,,not_started,,parity,"Parameters: ""Attack_Loc0=0:int, Attack_Loc1=0:int, Attack_Loc2=0:int, Attack_Loc3=0:int, Speed=1.0:float"""
script:MXX_Group_Member_DEL,script,MXX_Group_Member_DEL,Code/Scripts/GroupScript.cpp:45,games/renegade/content/scripts,,,not_started,,parity,"Parameters: ""GroupName:string"""
script:PDS_Generic_Test,script,PDS_Generic_Test,Code/Scripts/Test_PDS.cpp:41,games/renegade/content/scripts,,,not_started,,parity,"Parameters: """""
script:PDS_Get_In_Vehicle_Do_Waypath,script,PDS_Get_In_Vehicle_Do_Waypath,Code/Scripts/Test_PDS.cpp:298,games/renegade/content/scripts,,,not_started,,parity,"Parameters: ""VehicleID=:int,WaypathID=:int,V3Test=1.3 44.543 0:vector3"""
script:PDS_Test_Bubba,script,PDS_Test_Bubba,Code/Scripts/Test_PDS.cpp:795,games/renegade/content/scripts,,,not_started,,parity,"Parameters: """""
script:PDS_Test_Controller,script,PDS_Test_Controller,Code/Scripts/Test_PDS.cpp:834,games/renegade/content/scripts,,,not_started,,parity,"Parameters: """""
script:PDS_Test_Conversation,script,PDS_Test_Conversation,Code/Scripts/Test_PDS.cpp:187,games/renegade/content/scripts,,,not_started,,parity,"Parameters: ""Conversation Name=:string,Soldier1_ID=0:int,Soldier2_ID=0:int,Soldier3_ID=0:int"""
script:PDS_Test_Dock,script,PDS_Test_Dock,Code/Scripts/Test_PDS.cpp:137,games/renegade/content/scripts,,,not_started,,parity,"Parameters: ""DockDestObjID=:int,DockEntranceObjID=:int"""
script:PDS_Test_Follow_Player,script,PDS_Test_Follow_Player,Code/Scripts/Test_PDS.cpp:439,games/renegade/content/scripts,,,not_started,,parity,"Parameters: """""
script:PDS_Test_Follow_Waypath,script,PDS_Test_Follow_Waypath,Code/Scripts/Test_PDS.cpp:483,games/renegade/content/scripts,,,not_started,,parity,"Parameters: ""WaypathID=:int,WaypointStartID=:int,WaypointEndID=:int"""
script:PDS_Test_Goto_Loc,script,PDS_Test_Goto_Loc,Code/Scripts/Test_PDS.cpp:394,games/renegade/content/scripts,,,not_started,,parity,"Parameters: ""ObjDestID=:int"""
script:PDS_Test_Goto_Player,script,PDS_Test_Goto_Player,Code/Scripts/Test_PDS.cpp:355,games/renegade/content/scripts,,,not_started,,parity,"Parameters: """""
script:PDS_Test_Gunboat,script,PDS_Test_Gunboat,Code/Scripts/Test_PDS.cpp:863,games/renegade/content/scripts,,,not_started,,parity,"Parameters: """""
script:PDS_Test_Harvester,script,PDS_Test_Harvester,Code/Scripts/Test_PDS.cpp:556,games/renegade/content/scripts,,,not_started,,parity,"Parameters: ""TiberiumID=:int,DriveToID=:int,EntranceID=:int,DockID=:int"""
script:PDS_Test_Inventory,script,PDS_Test_Inventory,Code/Scripts/Test_PDS.cpp:726,games/renegade/content/scripts,,,not_started,,parity,"Parameters: """""
script:PDS_Test_Modify_Attack,script,PDS_Test_Modify_Attack,Code/Scripts/Test_PDS.cpp:68,games/renegade/content/scripts,,,not_started,,parity,"Parameters: ""WaypathID=:int"""
script:PDS_Test_Sound,script,PDS_Test_Sound,Code/Scripts/Test_PDS.cpp:976,games/renegade/content/scripts,,,not_started,,parity,"Parameters: """""
script:Poke_And_Play_Cinematic,script,Poke_And_Play_Cinematic,Code/Scripts/Test_RMV.cpp:591,games/renegade/content/scripts,,,not_started,,parity,"Parameters: ""Text_File:string, Location=0 0 0:vector3"""
script:RMV_Audio_Sound_Player_Preset,script,RMV_Audio_Sound_Player_Preset,Code/Scripts/Toolkit_Sounds.cpp:689,games/renegade/content/scripts,,,not_started,,parity,"Parameters: ""Preset_Name:string, Custom_Type=0:int, Custom_Param=0:int, Sound_Origin:vector3"""
script:RMV_Audio_Sound_Player_WAV,script,RMV_Audio_Sound_Player_WAV,Code/Scripts/Toolkit_Sounds.cpp:659,games/renegade/content/scripts,,,not_started,,parity,"Parameters: ""WAV_File:string, Is_3D=1:int, Custom_Type=0:int, Custom_Param=0:int"""
script:RMV_Audio_Timer_Delay,script,RMV_Audio_Timer_Delay,Code/Scripts/Toolkit_Sounds.cpp:613,games/renegade/content/scripts,,,not_started,,parity,"Parameters: ""Target_ID:int, Custom_Type=0:int, Custom_Param=0:int, Delay_Min=0.0:float, Delay_Max=0.0:float, Timer_ID=0:int, Repeat=1:int, Randomize_Each_Time=1:int"""
script:RMV_Building_Engineer_Controller,script,RMV_Building_Engineer_Controller,Code/Scripts/Test_RMV_Toolkit.cpp:294,games/renegade/content/scripts,,,not_started,,parity,"Parameters: ""Killed_Broadcast_Radius:float, 25_Start_ID:int, 25_Number:int, 50_Start_ID:int, 50_Number:int, 75_Start_ID:int, 75_Number:int, Building_Number:int"""
script:RMV_Camera_Behavior,script,RMV_Camera_Behavior,Code/Scripts/Test_RMV.cpp:228,games/renegade/content/scripts,,,not_started,,parity,"Parameters: ""Angle:float, Alarm_ID=0:int, Is_Gun=0:int, Delay=0.0:float"""
script:RMV_Cinematic_Position,script,RMV_Cinematic_Position,Code/Scripts/Test_RMV.cpp:446,games/renegade/content/scripts,,,not_started,,parity,"Parameters: ""Bone:string"""
script:RMV_Engine_Sound,script,RMV_Engine_Sound,Code/Scripts/Test_RMV.cpp:476,games/renegade/content/scripts,,,not_started,,parity,"Parameters: ""Preset:string, Bone:string"""
script:RMV_Engineer_Wander,script,RMV_Engineer_Wander,Code/Scripts/Test_RMV_Toolkit.cpp:103,games/renegade/content/scripts,,,not_started,,parity,"Parameters: ""Custom_Type:int, Custom_Param_1:int, Custom_Param_2:int, Building_Number:int, Evac_Object=None:string"""
script:RMV_Home_Point,script,RMV_Home_Point,Code/Scripts/Test_RMV.cpp:208,games/renegade/content/scripts,,,not_started,,parity,"Parameters: ""Radius:float"""
script:RMV_Hostage_Rescue_Point,script,RMV_Hostage_Rescue_Point,Code/Scripts/Test_RMV.cpp:183,games/renegade/content/scripts,,,not_started,,parity,"Parameters: """""
script:RMV_M03_Comm_Center_Terminal,script,RMV_M03_Comm_Center_Terminal,Code/Scripts/Mission03.cpp:1316,games/renegade/content/scripts,,,not_started,,parity,"Parameters: """""
script:RMV_MCT_Switcher,script,RMV_MCT_Switcher,Code/Scripts/Test_RMV_Toolkit.cpp:491,games/renegade/content/scripts,,,not_started,,parity,"Parameters: """""
script:RMV_Sound_Play_Near_Player,script,RMV_Sound_Play_Near_Player,Code/Scripts/Toolkit_Sounds.cpp:712,games/renegade/content/scripts,,,not_started,,parity,"Parameters: ""Receive_Type:int, Receive_Param:int, Max_Offset:vector3, Sound_Preset:string, Frequency_Min:float, Frequency_Max=0.0:float"""
script:RMV_Test_Big_Gun_Turning,script,RMV_Test_Big_Gun_Turning,Code/Scripts/Mission03.cpp:676,games/renegade/content/scripts,,,not_started,,parity,"Parameters: """""
script:RMV_Test_Damage,script,RMV_Test_Damage,Code/Scripts/Test_RMV.cpp:625,games/renegade/content/scripts,,,not_started,,parity,"Parameters: """""
script:RMV_Test_Facing,script,RMV_Test_Facing,Code/Scripts/Test_RMV.cpp:216,games/renegade/content/scripts,,,not_started,,parity,"Parameters: """""
script:RMV_Test_Script,script,RMV_Test_Script,Code/Scripts/Test_RMV.cpp:47,games/renegade/content/scripts,,,not_started,,parity,"Parameters: """""
script:RMV_Test_Stealth,script,RMV_Test_Stealth,Code/Scripts/Test_RMV.cpp:665,games/renegade/content/scripts,,,not_started,,parity,"Parameters: """""
script:RMV_Toggled_Engineer_Target,script,RMV_Toggled_Engineer_Target,Code/Scripts/Test_RMV_Toolkit.cpp:424,games/renegade/content/scripts,,,not_started,,parity,"Parameters: ""Emergency=1:int, Animation_Name:string, Custom_Type:int, Custom_Param_1:int, Custom_Param_2:int"""
script:RMV_Transport_Evac,script,RMV_Transport_Evac,Code/Scripts/Test_RMV.cpp:498,games/renegade/content/scripts,,,not_started,,parity,"Parameters: ""Number:int, Nod=0:int"""
script:RMV_Trigger_Killed,script,RMV_Trigger_Killed,Code/Scripts/Test_RMV.cpp:194,games/renegade/content/scripts,,,not_started,,parity,"Parameters: ""ID:int, Type:int, Param:int"""
script:RMV_Trigger_Poked,script,RMV_Trigger_Poked,Code/Scripts/Test_RMV_Toolkit.cpp:81,games/renegade/content/scripts,,,not_started,,parity,"Parameters: ""Target_ID:int, Type:int, Param:int"""
script:RMV_Trigger_Poked_2,script,RMV_Trigger_Poked_2,Code/Scripts/Test_RMV.cpp:612,games/renegade/content/scripts,,,not_started,,parity,"Parameters: ""Target:int, Type:int, Param:int"""
script:RMV_Trigger_Zone,script,RMV_Trigger_Zone,Code/Scripts/Test_RMV_Toolkit.cpp:49,games/renegade/content/scripts,,,not_started,,parity,"Parameters: ""TargetID:int, Type:int, Param:int"""
script:RMV_Trigger_Zone_2,script,RMV_Trigger_Zone_2,Code/Scripts/Test_RMV_Toolkit.cpp:66,games/renegade/content/scripts,,,not_started,,parity,"Parameters: ""TargetID:int, Type:int, Param:int"""
script:RMV_Volcano_And_Lava_Ball_Creator,script,RMV_Volcano_And_Lava_Ball_Creator,Code/Scripts/Mission03.cpp:1378,games/renegade/content/scripts,,,not_started,,parity,"Parameters: """""
script:Respawn_Script,script,Respawn_Script,Code/Scripts/Test_BMG.cpp:239,games/renegade/content/scripts,,,not_started,,parity,"Parameters: """""
script:Sakura_Killed,script,Sakura_Killed,Code/Scripts/Mission03.cpp:1232,games/renegade/content/scripts,,,not_started,,parity,"Parameters: """""
script:Start_Script,script,Start_Script,Code/Scripts/Test_BMG.cpp:231,games/renegade/content/scripts,,,not_started,,parity,"Parameters: """""
script:Test_Cinematic,script,Test_Cinematic,Code/Scripts/Test_Cinematic.cpp:120,games/renegade/content/scripts,,,not_started,,parity,"Parameters: ""ControlFilename=:string"""
script:Test_Cinematic_Primary_Killed,script,Test_Cinematic_Primary_Killed,Code/Scripts/Test_Cinematic.cpp:71,games/renegade/content/scripts,,,not_started,,parity,"Parameters: ""CallbackID=:int"""
script:Unit_Combat,script,Unit_Combat,Code/Scripts/unitcombat.cpp:59,games/renegade/content/scripts,,,not_started,,parity,"Parameters: ""Scoreboard_ID=0:int,Controller_ID=0:int,Script_Override=0:int,Soldier_Type=0:int"""
script:test_Ssm_Trigger,script,test_Ssm_Trigger,Code/Scripts/Test_DME.cpp:1003,games/renegade/content/scripts,,,not_started,,parity,"Parameters: """""
