id,kind,feature,legacy_source,placement,target_paths,tests,status,verification,milestone,notes
source:Code/BandTest/BandTest.cpp,source,Code/BandTest/BandTest.cpp,Code/BandTest/BandTest.cpp,games/renegade/migration,,,not_started,,parity,Source inventory only; split behavior before claiming whole-file parity
source:Code/BandTest/BandTest.dsp,source,Code/BandTest/BandTest.dsp,Code/BandTest/BandTest.dsp,games/renegade/migration,,,not_started,,parity,Source inventory only; split behavior before claiming whole-file parity
source:Code/BandTest/BandTest.dsw,source,Code/BandTest/BandTest.dsw,Code/BandTest/BandTest.dsw,games/renegade/migration,,,not_started,,parity,Source inventory only; split behavior before claiming whole-file parity
source:Code/BandTest/BandTest.h,source,Code/BandTest/BandTest.h,Code/BandTest/BandTest.h,games/renegade/migration,,,not_started,,parity,Source inventory only; split behavior before claiming whole-file parity
source:Code/BandTest/BandTest.rc,source,Code/BandTest/BandTest.rc,Code/BandTest/BandTest.rc,games/renegade/migration,,,not_started,,parity,Source inventory only; split behavior before claiming whole-file parity
source:Code/BandTest/resource.h,source,Code/BandTest/resource.h,Code/BandTest/resource.h,games/renegade/migration,,,not_started,,parity,Source inventory only; split behavior before claiming whole-file parity
source:Code/BinkMovie/BINKMovie.cpp,source,Code/BinkMovie/BINKMovie.cpp,Code/BinkMovie/BINKMovie.cpp,games/renegade/migration,,,not_started,,parity,Source inventory only; split behavior before claiming whole-file parity
source:Code/BinkMovie/BINKMovie.h,source,Code/BinkMovie/BINKMovie.h,Code/BinkMovie/BINKMovie.h,games/renegade/migration,,,not_started,,parity,Source inventory only; split behavior before claiming whole-file parity
source:Code/BinkMovie/BinkMovie.dsp,source,Code/BinkMovie/BinkMovie.dsp,Code/BinkMovie/BinkMovie.dsp,games/renegade/migration,,,not_started,,parity,Source inventory only; split behavior before claiming whole-file parity
source:Code/BinkMovie/subtitle.cpp,source,Code/BinkMovie/subtitle.cpp,Code/BinkMovie/subtitle.cpp,games/renegade/migration,,,not_started,,parity,Source inventory only; split behavior before claiming whole-file parity
source:Code/BinkMovie/subtitle.h,source,Code/BinkMovie/subtitle.h,Code/BinkMovie/subtitle.h,games/renegade/migration,,,not_started,,parity,Source inventory only; split behavior before claiming whole-file parity
source:Code/BinkMovie/subtitlemanager.cpp,source,Code/BinkMovie/subtitlemanager.cpp,Code/BinkMovie/subtitlemanager.cpp,games/renegade/migration,,,not_started,,parity,Source inventory only; split behavior before claiming whole-file parity
source:Code/BinkMovie/subtitlemanager.h,source,Code/BinkMovie/subtitlemanager.h,Code/BinkMovie/subtitlemanager.h,games/renegade/migration,,,not_started,,parity,Source inventory only; split behavior before claiming whole-file parity
source:Code/BinkMovie/subtitleparser.cpp,source,Code/BinkMovie/subtitleparser.cpp,Code/BinkMovie/subtitleparser.cpp,games/renegade/migration,,,not_started,,parity,Source inventory only; split behavior before claiming whole-file parity
source:Code/BinkMovie/subtitleparser.h,source,Code/BinkMovie/subtitleparser.h,Code/BinkMovie/subtitleparser.h,games/renegade/migration,,,not_started,,parity,Source inventory only; split behavior before claiming whole-file parity
source:Code/Combat/CNCModeSettings.cpp,source,Code/Combat/CNCModeSettings.cpp,Code/Combat/CNCModeSettings.cpp,games/renegade/gameplay,,,not_started,,parity,Source inventory only; split behavior before claiming whole-file parity
source:Code/Combat/CNCModeSettings.h,source,Code/Combat/CNCModeSettings.h,Code/Combat/CNCModeSettings.h,games/renegade/gameplay,,,not_started,,parity,Source inventory only; split behavior before claiming whole-file parity
source:Code/Combat/Combat.dsp,source,Code/Combat/Combat.dsp,Code/Combat/Combat.dsp,games/renegade/gameplay,,,not_started,,parity,Source inventory only; split behavior before claiming whole-file parity
source:Code/Combat/SoundEnvironment.cpp,source,Code/Combat/SoundEnvironment.cpp,Code/Combat/SoundEnvironment.cpp,games/renegade/gameplay,,,not_started,,parity,Source inventory only; split behavior before claiming whole-file parity
source:Code/Combat/SoundEnvironment.h,source,Code/Combat/SoundEnvironment.h,Code/Combat/SoundEnvironment.h,games/renegade/gameplay,,,not_started,,parity,Source inventory only; split behavior before claiming whole-file parity
source:Code/Combat/WeatherMgr.cpp,source,Code/Combat/WeatherMgr.cpp,Code/Combat/WeatherMgr.cpp,games/renegade/gameplay,,,not_started,,parity,Source inventory only; split behavior before claiming whole-file parity
source:Code/Combat/WeatherMgr.h,source,Code/Combat/WeatherMgr.h,Code/Combat/WeatherMgr.h,games/renegade/gameplay,,,not_started,,parity,Source inventory only; split behavior before claiming whole-file parity
source:Code/Combat/action.cpp,source,Code/Combat/action.cpp,Code/Combat/action.cpp,games/renegade/gameplay,,,not_started,,parity,Source inventory only; split behavior before claiming whole-file parity
source:Code/Combat/action.h,source,Code/Combat/action.h,Code/Combat/action.h,games/renegade/gameplay,,,not_started,,parity,Source inventory only; split behavior before claiming whole-file parity
source:Code/Combat/actionparams.h,source,Code/Combat/actionparams.h,Code/Combat/actionparams.h,games/renegade/gameplay,,,not_started,,parity,Source inventory only; split behavior before claiming whole-file parity
source:Code/Combat/activeconversation.cpp,source,Code/Combat/activeconversation.cpp,Code/Combat/activeconversation.cpp,games/renegade/gameplay,,,not_started,,parity,Source inventory only; split behavior before claiming whole-file parity
source:Code/Combat/activeconversation.h,source,Code/Combat/activeconversation.h,Code/Combat/activeconversation.h,games/renegade/gameplay,,,not_started,,parity,Source inventory only; split behavior before claiming whole-file parity
source:Code/Combat/airstripgameobj.cpp,source,Code/Combat/airstripgameobj.cpp,Code/Combat/airstripgameobj.cpp,games/renegade/gameplay,,,not_started,,parity,Source inventory only; split behavior before claiming whole-file parity
source:Code/Combat/airstripgameobj.h,source,Code/Combat/airstripgameobj.h,Code/Combat/airstripgameobj.h,games/renegade/gameplay,,,not_started,,parity,Source inventory only; split behavior before claiming whole-file parity
source:Code/Combat/animcontrol.cpp,source,Code/Combat/animcontrol.cpp,Code/Combat/animcontrol.cpp,games/renegade/gameplay,,,not_started,,parity,Source inventory only; split behavior before claiming whole-file parity
source:Code/Combat/animcontrol.h,source,Code/Combat/animcontrol.h,Code/Combat/animcontrol.h,games/renegade/gameplay,,,not_started,,parity,Source inventory only; split behavior before claiming whole-file parity
source:Code/Combat/apppackettypes.h,source,Code/Combat/apppackettypes.h,Code/Combat/apppackettypes.h,games/renegade/gameplay,,,not_started,,parity,Source inventory only; split behavior before claiming whole-file parity
source:Code/Combat/armedgameobj.cpp,source,Code/Combat/armedgameobj.cpp,Code/Combat/armedgameobj.cpp,games/renegade/gameplay,,,not_started,,parity,Source inventory only; split behavior before claiming whole-file parity
source:Code/Combat/armedgameobj.h,source,Code/Combat/armedgameobj.h,Code/Combat/armedgameobj.h,games/renegade/gameplay,,,not_started,,parity,Source inventory only; split behavior before claiming whole-file parity
source:Code/Combat/assetdep.cpp,source,Code/Combat/assetdep.cpp,Code/Combat/assetdep.cpp,games/renegade/gameplay,,,not_started,,parity,Source inventory only; split behavior before claiming whole-file parity
source:Code/Combat/assetdep.h,source,Code/Combat/assetdep.h,Code/Combat/assetdep.h,games/renegade/gameplay,,,not_started,,parity,Source inventory only; split behavior before claiming whole-file parity
source:Code/Combat/assets.cpp,source,Code/Combat/assets.cpp,Code/Combat/assets.cpp,games/renegade/gameplay,,,not_started,,parity,Source inventory only; split behavior before claiming whole-file parity
source:Code/Combat/assets.h,source,Code/Combat/assets.h,Code/Combat/assets.h,games/renegade/gameplay,,,not_started,,parity,Source inventory only; split behavior before claiming whole-file parity
source:Code/Combat/backgroundmgr.cpp,source,Code/Combat/backgroundmgr.cpp,Code/Combat/backgroundmgr.cpp,games/renegade/gameplay,,,not_started,,parity,Source inventory only; split behavior before claiming whole-file parity
source:Code/Combat/backgroundmgr.h,source,Code/Combat/backgroundmgr.h,Code/Combat/backgroundmgr.h,games/renegade/gameplay,,,not_started,,parity,Source inventory only; split behavior before claiming whole-file parity
source:Code/Combat/basecontroller.cpp,source,Code/Combat/basecontroller.cpp,Code/Combat/basecontroller.cpp,games/renegade/gameplay,,,not_started,,parity,Source inventory only; split behavior before claiming whole-file parity
source:Code/Combat/basecontroller.h,source,Code/Combat/basecontroller.h,Code/Combat/basecontroller.h,games/renegade/gameplay,,,not_started,,parity,Source inventory only; split behavior before claiming whole-file parity
source:Code/Combat/basegameobj.cpp,source,Code/Combat/basegameobj.cpp,Code/Combat/basegameobj.cpp,games/renegade/gameplay,,,not_started,,parity,Source inventory only; split behavior before claiming whole-file parity
source:Code/Combat/basegameobj.h,source,Code/Combat/basegameobj.h,Code/Combat/basegameobj.h,games/renegade/gameplay,,,not_started,,parity,Source inventory only; split behavior before claiming whole-file parity
source:Code/Combat/beacongameobj.cpp,source,Code/Combat/beacongameobj.cpp,Code/Combat/beacongameobj.cpp,games/renegade/gameplay,,,not_started,,parity,Source inventory only; split behavior before claiming whole-file parity
source:Code/Combat/beacongameobj.h,source,Code/Combat/beacongameobj.h,Code/Combat/beacongameobj.h,games/renegade/gameplay,,,not_started,,parity,Source inventory only; split behavior before claiming whole-file parity
source:Code/Combat/bones.cpp,source,Code/Combat/bones.cpp,Code/Combat/bones.cpp,games/renegade/gameplay,,,not_started,,parity,Source inventory only; split behavior before claiming whole-file parity
source:Code/Combat/bones.h,source,Code/Combat/bones.h,Code/Combat/bones.h,games/renegade/gameplay,,,not_started,,parity,Source inventory only; split behavior before claiming whole-file parity
source:Code/Combat/building.cpp,source,Code/Combat/building.cpp,Code/Combat/building.cpp,games/renegade/gameplay,,,not_started,,parity,Source inventory only; split behavior before claiming whole-file parity
source:Code/Combat/building.h,source,Code/Combat/building.h,Code/Combat/building.h,games/renegade/gameplay,,,not_started,,parity,Source inventory only; split behavior before claiming whole-file parity
source:Code/Combat/buildingaggregate.cpp,source,Code/Combat/buildingaggregate.cpp,Code/Combat/buildingaggregate.cpp,games/renegade/gameplay,,,not_started,,parity,Source inventory only; split behavior before claiming whole-file parity
source:Code/Combat/buildingaggregate.h,source,Code/Combat/buildingaggregate.h,Code/Combat/buildingaggregate.h,games/renegade/gameplay,,,not_started,,parity,Source inventory only; split behavior before claiming whole-file parity
source:Code/Combat/buildingmonitor.cpp,source,Code/Combat/buildingmonitor.cpp,Code/Combat/buildingmonitor.cpp,games/renegade/gameplay,,,not_started,,parity,Source inventory only; split behavior before claiming whole-file parity
source:Code/Combat/buildingmonitor.h,source,Code/Combat/buildingmonitor.h,Code/Combat/buildingmonitor.h,games/renegade/gameplay,,,not_started,,parity,Source inventory only; split behavior before claiming whole-file parity
source:Code/Combat/buildingstate.cpp,source,Code/Combat/buildingstate.cpp,Code/Combat/buildingstate.cpp,games/renegade/gameplay,,,not_started,,parity,Source inventory only; split behavior before claiming whole-file parity
source:Code/Combat/buildingstate.h,source,Code/Combat/buildingstate.h,Code/Combat/buildingstate.h,games/renegade/gameplay,,,not_started,,parity,Source inventory only; split behavior before claiming whole-file parity
source:Code/Combat/bullet.cpp,source,Code/Combat/bullet.cpp,Code/Combat/bullet.cpp,games/renegade/gameplay,,,not_started,,parity,Source inventory only; split behavior before claiming whole-file parity
source:Code/Combat/bullet.h,source,Code/Combat/bullet.h,Code/Combat/bullet.h,games/renegade/gameplay,,,not_started,,parity,Source inventory only; split behavior before claiming whole-file parity
source:Code/Combat/c4.cpp,source,Code/Combat/c4.cpp,Code/Combat/c4.cpp,games/renegade/gameplay,,,not_started,,parity,Source inventory only; split behavior before claiming whole-file parity
source:Code/Combat/c4.h,source,Code/Combat/c4.h,Code/Combat/c4.h,games/renegade/gameplay,,,not_started,,parity,Source inventory only; split behavior before claiming whole-file parity
source:Code/Combat/ccamera.cpp,source,Code/Combat/ccamera.cpp,Code/Combat/ccamera.cpp,games/renegade/gameplay,,,not_started,,parity,Source inventory only; split behavior before claiming whole-file parity
source:Code/Combat/ccamera.h,source,Code/Combat/ccamera.h,Code/Combat/ccamera.h,games/renegade/gameplay,,,not_started,,parity,Source inventory only; split behavior before claiming whole-file parity
source:Code/Combat/characterclasssettings.cpp,source,Code/Combat/characterclasssettings.cpp,Code/Combat/characterclasssettings.cpp,games/renegade/gameplay,,,not_started,,parity,Source inventory only; split behavior before claiming whole-file parity
source:Code/Combat/characterclasssettings.h,source,Code/Combat/characterclasssettings.h,Code/Combat/characterclasssettings.h,games/renegade/gameplay,,,not_started,,parity,Source inventory only; split behavior before claiming whole-file parity
source:Code/Combat/cheatmgr.cpp,source,Code/Combat/cheatmgr.cpp,Code/Combat/cheatmgr.cpp,games/renegade/gameplay,,,not_started,,parity,Source inventory only; split behavior before claiming whole-file parity
source:Code/Combat/cheatmgr.h,source,Code/Combat/cheatmgr.h,Code/Combat/cheatmgr.h,games/renegade/gameplay,,,not_started,,parity,Source inventory only; split behavior before claiming whole-file parity
source:Code/Combat/cinematicgameobj.cpp,source,Code/Combat/cinematicgameobj.cpp,Code/Combat/cinematicgameobj.cpp,games/renegade/gameplay,,,not_started,,parity,Source inventory only; split behavior before claiming whole-file parity
source:Code/Combat/cinematicgameobj.h,source,Code/Combat/cinematicgameobj.h,Code/Combat/cinematicgameobj.h,games/renegade/gameplay,,,not_started,,parity,Source inventory only; split behavior before claiming whole-file parity
source:Code/Combat/clientcontrol.cpp,source,Code/Combat/clientcontrol.cpp,Code/Combat/clientcontrol.cpp,games/renegade/gameplay,,,not_started,,parity,Source inventory only; split behavior before claiming whole-file parity
source:Code/Combat/clientcontrol.h,source,Code/Combat/clientcontrol.h,Code/Combat/clientcontrol.h,games/renegade/gameplay,,,not_started,,parity,Source inventory only; split behavior before claiming whole-file parity
source:Code/Combat/colors.cpp,source,Code/Combat/colors.cpp,Code/Combat/colors.cpp,games/renegade/gameplay,,,not_started,,parity,Source inventory only; split behavior before claiming whole-file parity
source:Code/Combat/colors.h,source,Code/Combat/colors.h,Code/Combat/colors.h,games/renegade/gameplay,,,not_started,,parity,Source inventory only; split behavior before claiming whole-file parity
source:Code/Combat/combat.cpp,source,Code/Combat/combat.cpp,Code/Combat/combat.cpp,games/renegade/gameplay,,,not_started,,parity,Source inventory only; split behavior before claiming whole-file parity
source:Code/Combat/combat.h,source,Code/Combat/combat.h,Code/Combat/combat.h,games/renegade/gameplay,,,not_started,,parity,Source inventory only; split behavior before claiming whole-file parity
source:Code/Combat/combatchunkid.h,source,Code/Combat/combatchunkid.h,Code/Combat/combatchunkid.h,games/renegade/gameplay,,,not_started,,parity,Source inventory only; split behavior before claiming whole-file parity
source:Code/Combat/combatdazzle.cpp,source,Code/Combat/combatdazzle.cpp,Code/Combat/combatdazzle.cpp,games/renegade/gameplay,,,not_started,,parity,Source inventory only; split behavior before claiming whole-file parity
source:Code/Combat/combatdazzle.h,source,Code/Combat/combatdazzle.h,Code/Combat/combatdazzle.h,games/renegade/gameplay,,,not_started,,parity,Source inventory only; split behavior before claiming whole-file parity
source:Code/Combat/combatmaterialeffectmanager.cpp,source,Code/Combat/combatmaterialeffectmanager.cpp,Code/Combat/combatmaterialeffectmanager.cpp,games/renegade/gameplay,,,not_started,,parity,Source inventory only; split behavior before claiming whole-file parity
source:Code/Combat/combatmaterialeffectmanager.h,source,Code/Combat/combatmaterialeffectmanager.h,Code/Combat/combatmaterialeffectmanager.h,games/renegade/gameplay,,,not_started,,parity,Source inventory only; split behavior before claiming whole-file parity
source:Code/Combat/combatphysobserver.h,source,Code/Combat/combatphysobserver.h,Code/Combat/combatphysobserver.h,games/renegade/gameplay,,,not_started,,parity,Source inventory only; split behavior before claiming whole-file parity
source:Code/Combat/combatsaveload.cpp,source,Code/Combat/combatsaveload.cpp,Code/Combat/combatsaveload.cpp,games/renegade/gameplay,,,not_started,,parity,Source inventory only; split behavior before claiming whole-file parity
source:Code/Combat/combatsaveload.h,source,Code/Combat/combatsaveload.h,Code/Combat/combatsaveload.h,games/renegade/gameplay,,,not_started,,parity,Source inventory only; split behavior before claiming whole-file parity
source:Code/Combat/combatsound.cpp,source,Code/Combat/combatsound.cpp,Code/Combat/combatsound.cpp,games/renegade/gameplay,,,not_started,,parity,Source inventory only; split behavior before claiming whole-file parity
source:Code/Combat/combatsound.h,source,Code/Combat/combatsound.h,Code/Combat/combatsound.h,games/renegade/gameplay,,,not_started,,parity,Source inventory only; split behavior before claiming whole-file parity
source:Code/Combat/comcentergameobj.cpp,source,Code/Combat/comcentergameobj.cpp,Code/Combat/comcentergameobj.cpp,games/renegade/gameplay,,,not_started,,parity,Source inventory only; split behavior before claiming whole-file parity
source:Code/Combat/comcentergameobj.h,source,Code/Combat/comcentergameobj.h,Code/Combat/comcentergameobj.h,games/renegade/gameplay,,,not_started,,parity,Source inventory only; split behavior before claiming whole-file parity
source:Code/Combat/control.cpp,source,Code/Combat/control.cpp,Code/Combat/control.cpp,games/renegade/gameplay,,,not_started,,parity,Source inventory only; split behavior before claiming whole-file parity
source:Code/Combat/control.h,source,Code/Combat/control.h,Code/Combat/control.h,games/renegade/gameplay,,,not_started,,parity,Source inventory only; split behavior before claiming whole-file parity
source:Code/Combat/conversation.cpp,source,Code/Combat/conversation.cpp,Code/Combat/conversation.cpp,games/renegade/gameplay,,,not_started,,parity,Source inventory only; split behavior before claiming whole-file parity
source:Code/Combat/conversation.h,source,Code/Combat/conversation.h,Code/Combat/conversation.h,games/renegade/gameplay,,,not_started,,parity,Source inventory only; split behavior before claiming whole-file parity
source:Code/Combat/conversationmgr.cpp,source,Code/Combat/conversationmgr.cpp,Code/Combat/conversationmgr.cpp,games/renegade/gameplay,,,not_started,,parity,Source inventory only; split behavior before claiming whole-file parity
source:Code/Combat/conversationmgr.h,source,Code/Combat/conversationmgr.h,Code/Combat/conversationmgr.h,games/renegade/gameplay,,,not_started,,parity,Source inventory only; split behavior before claiming whole-file parity
source:Code/Combat/conversationremark.cpp,source,Code/Combat/conversationremark.cpp,Code/Combat/conversationremark.cpp,games/renegade/gameplay,,,not_started,,parity,Source inventory only; split behavior before claiming whole-file parity
source:Code/Combat/conversationremark.h,source,Code/Combat/conversationremark.h,Code/Combat/conversationremark.h,games/renegade/gameplay,,,not_started,,parity,Source inventory only; split behavior before claiming whole-file parity
source:Code/Combat/cover.cpp,source,Code/Combat/cover.cpp,Code/Combat/cover.cpp,games/renegade/gameplay,,,not_started,,parity,Source inventory only; split behavior before claiming whole-file parity
source:Code/Combat/cover.h,source,Code/Combat/cover.h,Code/Combat/cover.h,games/renegade/gameplay,,,not_started,,parity,Source inventory only; split behavior before claiming whole-file parity
source:Code/Combat/crandom.cpp,source,Code/Combat/crandom.cpp,Code/Combat/crandom.cpp,games/renegade/gameplay,,,not_started,,parity,Source inventory only; split behavior before claiming whole-file parity
source:Code/Combat/crandom.h,source,Code/Combat/crandom.h,Code/Combat/crandom.h,games/renegade/gameplay,,,not_started,,parity,Source inventory only; split behavior before claiming whole-file parity
source:Code/Combat/csdamageevent.cpp,source,Code/Combat/csdamageevent.cpp,Code/Combat/csdamageevent.cpp,games/renegade/gameplay,,,not_started,,parity,Source inventory only; split behavior before claiming whole-file parity
source:Code/Combat/csdamageevent.h,source,Code/Combat/csdamageevent.h,Code/Combat/csdamageevent.h,games/renegade/gameplay,,,not_started,,parity,Source inventory only; split behavior before claiming whole-file parity
source:Code/Combat/damage.cpp,source,Code/Combat/damage.cpp,Code/Combat/damage.cpp,games/renegade/gameplay,,,not_started,,parity,Source inventory only; split behavior before claiming whole-file parity
source:Code/Combat/damage.h,source,Code/Combat/damage.h,Code/Combat/damage.h,games/renegade/gameplay,,,not_started,,parity,Source inventory only; split behavior before claiming whole-file parity
source:Code/Combat/damageablegameobj.cpp,source,Code/Combat/damageablegameobj.cpp,Code/Combat/damageablegameobj.cpp,games/renegade/gameplay,,,not_started,,parity,Source inventory only; split behavior before claiming whole-file parity
source:Code/Combat/damageablegameobj.h,source,Code/Combat/damageablegameobj.h,Code/Combat/damageablegameobj.h,games/renegade/gameplay,,,not_started,,parity,Source inventory only; split behavior before claiming whole-file parity
source:Code/Combat/damageablestaticphys.cpp,source,Code/Combat/damageablestaticphys.cpp,Code/Combat/damageablestaticphys.cpp,games/renegade/gameplay,,,not_started,,parity,Source inventory only; split behavior before claiming whole-file parity
source:Code/Combat/damageablestaticphys.h,source,Code/Combat/damageablestaticphys.h,Code/Combat/damageablestaticphys.h,games/renegade/gameplay,,,not_started,,parity,Source inventory only; split behavior before claiming whole-file parity
source:Code/Combat/damagezone.cpp,source,Code/Combat/damagezone.cpp,Code/Combat/damagezone.cpp,games/renegade/gameplay,,,not_started,,parity,Source inventory only; split behavior before claiming whole-file parity
source:Code/Combat/damagezone.h,source,Code/Combat/damagezone.h,Code/Combat/damagezone.h,games/renegade/gameplay,,,not_started,,parity,Source inventory only; split behavior before claiming whole-file parity
source:Code/Combat/debug.cpp,source,Code/Combat/debug.cpp,Code/Combat/debug.cpp,games/renegade/gameplay,,,not_started,,parity,Source inventory only; split behavior before claiming whole-file parity
source:Code/Combat/debug.h,source,Code/Combat/debug.h,Code/Combat/debug.h,games/renegade/gameplay,,,not_started,,parity,Source inventory only; split behavior before claiming whole-file parity
source:Code/Combat/diaglog.cpp,source,Code/Combat/diaglog.cpp,Code/Combat/diaglog.cpp,games/renegade/gameplay,,,not_started,,parity,Source inventory only; split behavior before claiming whole-file parity
source:Code/Combat/diaglog.h,source,Code/Combat/diaglog.h,Code/Combat/diaglog.h,games/renegade/gameplay,,,not_started,,parity,Source inventory only; split behavior before claiming whole-file parity
source:Code/Combat/dialogue.cpp,source,Code/Combat/dialogue.cpp,Code/Combat/dialogue.cpp,games/renegade/gameplay,,,not_started,,parity,Source inventory only; split behavior before claiming whole-file parity
source:Code/Combat/dialogue.h,source,Code/Combat/dialogue.h,Code/Combat/dialogue.h,games/renegade/gameplay,,,not_started,,parity,Source inventory only; split behavior before claiming whole-file parity
source:Code/Combat/directinput.cpp,source,Code/Combat/directinput.cpp,Code/Combat/directinput.cpp,games/renegade/gameplay,,,not_started,,parity,Source inventory only; split behavior before claiming whole-file parity
source:Code/Combat/directinput.h,source,Code/Combat/directinput.h,Code/Combat/directinput.h,games/renegade/gameplay,,,not_started,,parity,Source inventory only; split behavior before claiming whole-file parity
source:Code/Combat/doors.cpp,source,Code/Combat/doors.cpp,Code/Combat/doors.cpp,games/renegade/gameplay,,,not_started,,parity,Source inventory only; split behavior before claiming whole-file parity
source:Code/Combat/doors.h,source,Code/Combat/doors.h,Code/Combat/doors.h,games/renegade/gameplay,,,not_started,,parity,Source inventory only; split behavior before claiming whole-file parity
source:Code/Combat/dynamicspeechanim.cpp,source,Code/Combat/dynamicspeechanim.cpp,Code/Combat/dynamicspeechanim.cpp,games/renegade/gameplay,,,not_started,,parity,Source inventory only; split behavior before claiming whole-file parity
source:Code/Combat/dynamicspeechanim.h,source,Code/Combat/dynamicspeechanim.h,Code/Combat/dynamicspeechanim.h,games/renegade/gameplay,,,not_started,,parity,Source inventory only; split behavior before claiming whole-file parity
source:Code/Combat/effectrecycler.cpp,source,Code/Combat/effectrecycler.cpp,Code/Combat/effectrecycler.cpp,games/renegade/gameplay,,,not_started,,parity,Source inventory only; split behavior before claiming whole-file parity
source:Code/Combat/effectrecycler.h,source,Code/Combat/effectrecycler.h,Code/Combat/effectrecycler.h,games/renegade/gameplay,,,not_started,,parity,Source inventory only; split behavior before claiming whole-file parity
source:Code/Combat/elevator.cpp,source,Code/Combat/elevator.cpp,Code/Combat/elevator.cpp,games/renegade/gameplay,,,not_started,,parity,Source inventory only; split behavior before claiming whole-file parity
source:Code/Combat/elevator.h,source,Code/Combat/elevator.h,Code/Combat/elevator.h,games/renegade/gameplay,,,not_started,,parity,Source inventory only; split behavior before claiming whole-file parity
source:Code/Combat/encyclopediamgr.cpp,source,Code/Combat/encyclopediamgr.cpp,Code/Combat/encyclopediamgr.cpp,games/renegade/gameplay,,,not_started,,parity,Source inventory only; split behavior before claiming whole-file parity
source:Code/Combat/encyclopediamgr.h,source,Code/Combat/encyclopediamgr.h,Code/Combat/encyclopediamgr.h,games/renegade/gameplay,,,not_started,,parity,Source inventory only; split behavior before claiming whole-file parity
source:Code/Combat/evasettings.cpp,source,Code/Combat/evasettings.cpp,Code/Combat/evasettings.cpp,games/renegade/gameplay,,,not_started,,parity,Source inventory only; split behavior before claiming whole-file parity
source:Code/Combat/evasettings.h,source,Code/Combat/evasettings.h,Code/Combat/evasettings.h,games/renegade/gameplay,,,not_started,,parity,Source inventory only; split behavior before claiming whole-file parity
source:Code/Combat/explosion.cpp,source,Code/Combat/explosion.cpp,Code/Combat/explosion.cpp,games/renegade/gameplay,,,not_started,,parity,Source inventory only; split behavior before claiming whole-file parity
source:Code/Combat/explosion.h,source,Code/Combat/explosion.h,Code/Combat/explosion.h,games/renegade/gameplay,,,not_started,,parity,Source inventory only; split behavior before claiming whole-file parity
source:Code/Combat/ffactorylist.cpp,source,Code/Combat/ffactorylist.cpp,Code/Combat/ffactorylist.cpp,games/renegade/gameplay,,,not_started,,parity,Source inventory only; split behavior before claiming whole-file parity
source:Code/Combat/ffactorylist.h,source,Code/Combat/ffactorylist.h,Code/Combat/ffactorylist.h,games/renegade/gameplay,,,not_started,,parity,Source inventory only; split behavior before claiming whole-file parity
source:Code/Combat/gameobjmanager.cpp,source,Code/Combat/gameobjmanager.cpp,Code/Combat/gameobjmanager.cpp,games/renegade/gameplay,,,not_started,,parity,Source inventory only; split behavior before claiming whole-file parity
source:Code/Combat/gameobjmanager.h,source,Code/Combat/gameobjmanager.h,Code/Combat/gameobjmanager.h,games/renegade/gameplay,,,not_started,,parity,Source inventory only; split behavior before claiming whole-file parity
source:Code/Combat/gameobjobserver.cpp,source,Code/Combat/gameobjobserver.cpp,Code/Combat/gameobjobserver.cpp,games/renegade/gameplay,,,not_started,,parity,Source inventory only; split behavior before claiming whole-file parity
source:Code/Combat/gameobjobserver.h,source,Code/Combat/gameobjobserver.h,Code/Combat/gameobjobserver.h,games/renegade/gameplay,,,not_started,,parity,Source inventory only; split behavior before claiming whole-file parity
source:Code/Combat/gameobjref.h,source,Code/Combat/gameobjref.h,Code/Combat/gameobjref.h,games/renegade/gameplay,,,not_started,,parity,Source inventory only; split behavior before claiming whole-file parity
source:Code/Combat/gametype.cpp,source,Code/Combat/gametype.cpp,Code/Combat/gametype.cpp,games/renegade/gameplay,,,not_started,,parity,Source inventory only; split behavior before claiming whole-file parity
source:Code/Combat/gametype.h,source,Code/Combat/gametype.h,Code/Combat/gametype.h,games/renegade/gameplay,,,not_started,,parity,Source inventory only; split behavior before claiming whole-file parity
source:Code/Combat/globalsettings.cpp,source,Code/Combat/globalsettings.cpp,Code/Combat/globalsettings.cpp,games/renegade/gameplay,,,not_started,,parity,Source inventory only; split behavior before claiming whole-file parity
source:Code/Combat/globalsettings.h,source,Code/Combat/globalsettings.h,Code/Combat/globalsettings.h,games/renegade/gameplay,,,not_started,,parity,Source inventory only; split behavior before claiming whole-file parity
source:Code/Combat/harvester.cpp,source,Code/Combat/harvester.cpp,Code/Combat/harvester.cpp,games/renegade/gameplay,,,not_started,,parity,Source inventory only; split behavior before claiming whole-file parity
source:Code/Combat/harvester.h,source,Code/Combat/harvester.h,Code/Combat/harvester.h,games/renegade/gameplay,,,not_started,,parity,Source inventory only; split behavior before claiming whole-file parity
source:Code/Combat/hud.cpp,source,Code/Combat/hud.cpp,Code/Combat/hud.cpp,games/renegade/gameplay,,,not_started,,parity,Source inventory only; split behavior before claiming whole-file parity
source:Code/Combat/hud.h,source,Code/Combat/hud.h,Code/Combat/hud.h,games/renegade/gameplay,,,not_started,,parity,Source inventory only; split behavior before claiming whole-file parity
source:Code/Combat/hudinfo.cpp,source,Code/Combat/hudinfo.cpp,Code/Combat/hudinfo.cpp,games/renegade/gameplay,,,not_started,,parity,Source inventory only; split behavior before claiming whole-file parity
source:Code/Combat/hudinfo.h,source,Code/Combat/hudinfo.h,Code/Combat/hudinfo.h,games/renegade/gameplay,,,not_started,,parity,Source inventory only; split behavior before claiming whole-file parity
source:Code/Combat/humanrecoil.cpp,source,Code/Combat/humanrecoil.cpp,Code/Combat/humanrecoil.cpp,games/renegade/gameplay,,,not_started,,parity,Source inventory only; split behavior before claiming whole-file parity
source:Code/Combat/humanrecoil.h,source,Code/Combat/humanrecoil.h,Code/Combat/humanrecoil.h,games/renegade/gameplay,,,not_started,,parity,Source inventory only; split behavior before claiming whole-file parity
source:Code/Combat/humanstate.cpp,source,Code/Combat/humanstate.cpp,Code/Combat/humanstate.cpp,games/renegade/gameplay,,,not_started,,parity,Source inventory only; split behavior before claiming whole-file parity
source:Code/Combat/humanstate.h,source,Code/Combat/humanstate.h,Code/Combat/humanstate.h,games/renegade/gameplay,,,not_started,,parity,Source inventory only; split behavior before claiming whole-file parity
source:Code/Combat/input.cpp,source,Code/Combat/input.cpp,Code/Combat/input.cpp,games/renegade/gameplay,,,not_started,,parity,Source inventory only; split behavior before claiming whole-file parity
source:Code/Combat/input.h,source,Code/Combat/input.h,Code/Combat/input.h,games/renegade/gameplay,,,not_started,,parity,Source inventory only; split behavior before claiming whole-file parity
source:Code/Combat/inventory.cpp,source,Code/Combat/inventory.cpp,Code/Combat/inventory.cpp,games/renegade/gameplay,,,not_started,,parity,Source inventory only; split behavior before claiming whole-file parity
source:Code/Combat/inventory.h,source,Code/Combat/inventory.h,Code/Combat/inventory.h,games/renegade/gameplay,,,not_started,,parity,Source inventory only; split behavior before claiming whole-file parity
source:Code/Combat/mapmgr.cpp,source,Code/Combat/mapmgr.cpp,Code/Combat/mapmgr.cpp,games/renegade/gameplay,,,not_started,,parity,Source inventory only; split behavior before claiming whole-file parity
source:Code/Combat/mapmgr.h,source,Code/Combat/mapmgr.h,Code/Combat/mapmgr.h,games/renegade/gameplay,,,not_started,,parity,Source inventory only; split behavior before claiming whole-file parity
source:Code/Combat/mendozabossgameobj.cpp,source,Code/Combat/mendozabossgameobj.cpp,Code/Combat/mendozabossgameobj.cpp,games/renegade/gameplay,,,not_started,,parity,Source inventory only; split behavior before claiming whole-file parity
source:Code/Combat/mendozabossgameobj.h,source,Code/Combat/mendozabossgameobj.h,Code/Combat/mendozabossgameobj.h,games/renegade/gameplay,,,not_started,,parity,Source inventory only; split behavior before claiming whole-file parity
source:Code/Combat/messagewindow.cpp,source,Code/Combat/messagewindow.cpp,Code/Combat/messagewindow.cpp,games/renegade/gameplay,,,not_started,,parity,Source inventory only; split behavior before claiming whole-file parity
source:Code/Combat/messagewindow.h,source,Code/Combat/messagewindow.h,Code/Combat/messagewindow.h,games/renegade/gameplay,,,not_started,,parity,Source inventory only; split behavior before claiming whole-file parity
source:Code/Combat/muzzlerecoil.cpp,source,Code/Combat/muzzlerecoil.cpp,Code/Combat/muzzlerecoil.cpp,games/renegade/gameplay,,,not_started,,parity,Source inventory only; split behavior before claiming whole-file parity
source:Code/Combat/muzzlerecoil.h,source,Code/Combat/muzzlerecoil.h,Code/Combat/muzzlerecoil.h,games/renegade/gameplay,,,not_started,,parity,Source inventory only; split behavior before claiming whole-file parity
source:Code/Combat/netclassids.h,source,Code/Combat/netclassids.h,Code/Combat/netclassids.h,games/renegade/gameplay,,,not_started,,parity,Source inventory only; split behavior before claiming whole-file parity
source:Code/Combat/objectives.cpp,source,Code/Combat/objectives.cpp,Code/Combat/objectives.cpp,games/renegade/gameplay,,,not_started,,parity,Source inventory only; split behavior before claiming whole-file parity
source:Code/Combat/objectives.h,source,Code/Combat/objectives.h,Code/Combat/objectives.h,games/renegade/gameplay,,,not_started,,parity,Source inventory only; split behavior before claiming whole-file parity
source:Code/Combat/objectivesviewer.cpp,source,Code/Combat/objectivesviewer.cpp,Code/Combat/objectivesviewer.cpp,games/renegade/gameplay,,,not_started,,parity,Source inventory only; split behavior before claiming whole-file parity
source:Code/Combat/objectivesviewer.h,source,Code/Combat/objectivesviewer.h,Code/Combat/objectivesviewer.h,games/renegade/gameplay,,,not_started,,parity,Source inventory only; split behavior before claiming whole-file parity
source:Code/Combat/objlibrary.cpp,source,Code/Combat/objlibrary.cpp,Code/Combat/objlibrary.cpp,games/renegade/gameplay,,,not_started,,parity,Source inventory only; split behavior before claiming whole-file parity
source:Code/Combat/objlibrary.h,source,Code/Combat/objlibrary.h,Code/Combat/objlibrary.h,games/renegade/gameplay,,,not_started,,parity,Source inventory only; split behavior before claiming whole-file parity
source:Code/Combat/orator.cpp,source,Code/Combat/orator.cpp,Code/Combat/orator.cpp,games/renegade/gameplay,,,not_started,,parity,Source inventory only; split behavior before claiming whole-file parity
source:Code/Combat/orator.h,source,Code/Combat/orator.h,Code/Combat/orator.h,games/renegade/gameplay,,,not_started,,parity,Source inventory only; split behavior before claiming whole-file parity
source:Code/Combat/oratortypes.cpp,source,Code/Combat/oratortypes.cpp,Code/Combat/oratortypes.cpp,games/renegade/gameplay,,,not_started,,parity,Source inventory only; split behavior before claiming whole-file parity
source:Code/Combat/oratortypes.h,source,Code/Combat/oratortypes.h,Code/Combat/oratortypes.h,games/renegade/gameplay,,,not_started,,parity,Source inventory only; split behavior before claiming whole-file parity
source:Code/Combat/pathaction.cpp,source,Code/Combat/pathaction.cpp,Code/Combat/pathaction.cpp,games/renegade/gameplay,,,not_started,,parity,Source inventory only; split behavior before claiming whole-file parity
source:Code/Combat/pathaction.h,source,Code/Combat/pathaction.h,Code/Combat/pathaction.h,games/renegade/gameplay,,,not_started,,parity,Source inventory only; split behavior before claiming whole-file parity
source:Code/Combat/persistentgameobjobserver.cpp,source,Code/Combat/persistentgameobjobserver.cpp,Code/Combat/persistentgameobjobserver.cpp,games/renegade/gameplay,,,not_started,,parity,Source inventory only; split behavior before claiming whole-file parity
source:Code/Combat/persistentgameobjobserver.h,source,Code/Combat/persistentgameobjobserver.h,Code/Combat/persistentgameobjobserver.h,games/renegade/gameplay,,,not_started,,parity,Source inventory only; split behavior before claiming whole-file parity
source:Code/Combat/physicalgameobj.cpp,source,Code/Combat/physicalgameobj.cpp,Code/Combat/physicalgameobj.cpp,games/renegade/gameplay,,,not_started,,parity,Source inventory only; split behavior before claiming whole-file parity
source:Code/Combat/physicalgameobj.h,source,Code/Combat/physicalgameobj.h,Code/Combat/physicalgameobj.h,games/renegade/gameplay,,,not_started,,parity,Source inventory only; split behavior before claiming whole-file parity
source:Code/Combat/pilot.cpp,source,Code/Combat/pilot.cpp,Code/Combat/pilot.cpp,games/renegade/gameplay,,,not_started,,parity,Source inventory only; split behavior before claiming whole-file parity
source:Code/Combat/pilot.h,source,Code/Combat/pilot.h,Code/Combat/pilot.h,games/renegade/gameplay,,,not_started,,parity,Source inventory only; split behavior before claiming whole-file parity
source:Code/Combat/playerdata.cpp,source,Code/Combat/playerdata.cpp,Code/Combat/playerdata.cpp,games/renegade/gameplay,,,not_started,,parity,Source inventory only; split behavior before claiming whole-file parity
source:Code/Combat/playerdata.h,source,Code/Combat/playerdata.h,Code/Combat/playerdata.h,games/renegade/gameplay,,,not_started,,parity,Source inventory only; split behavior before claiming whole-file parity
source:Code/Combat/playerterminal.cpp,source,Code/Combat/playerterminal.cpp,Code/Combat/playerterminal.cpp,games/renegade/gameplay,,,not_started,,parity,Source inventory only; split behavior before claiming whole-file parity
source:Code/Combat/playerterminal.h,source,Code/Combat/playerterminal.h,Code/Combat/playerterminal.h,games/renegade/gameplay,,,not_started,,parity,Source inventory only; split behavior before claiming whole-file parity
source:Code/Combat/playertype.cpp,source,Code/Combat/playertype.cpp,Code/Combat/playertype.cpp,games/renegade/gameplay,,,not_started,,parity,Source inventory only; split behavior before claiming whole-file parity
source:Code/Combat/playertype.h,source,Code/Combat/playertype.h,Code/Combat/playertype.h,games/renegade/gameplay,,,not_started,,parity,Source inventory only; split behavior before claiming whole-file parity
source:Code/Combat/powerplantgameobj.cpp,source,Code/Combat/powerplantgameobj.cpp,Code/Combat/powerplantgameobj.cpp,games/renegade/gameplay,,,not_started,,parity,Source inventory only; split behavior before claiming whole-file parity
source:Code/Combat/powerplantgameobj.h,source,Code/Combat/powerplantgameobj.h,Code/Combat/powerplantgameobj.h,games/renegade/gameplay,,,not_started,,parity,Source inventory only; split behavior before claiming whole-file parity
source:Code/Combat/powerup.cpp,source,Code/Combat/powerup.cpp,Code/Combat/powerup.cpp,games/renegade/gameplay,,,not_started,,parity,Source inventory only; split behavior before claiming whole-file parity
source:Code/Combat/powerup.h,source,Code/Combat/powerup.h,Code/Combat/powerup.h,games/renegade/gameplay,,,not_started,,parity,Source inventory only; split behavior before claiming whole-file parity
source:Code/Combat/purchasesettings.cpp,source,Code/Combat/purchasesettings.cpp,Code/Combat/purchasesettings.cpp,games/renegade/gameplay,,,not_started,,parity,Source inventory only; split behavior before claiming whole-file parity
source:Code/Combat/purchasesettings.h,source,Code/Combat/purchasesettings.h,Code/Combat/purchasesettings.h,games/renegade/gameplay,,,not_started,,parity,Source inventory only; split behavior before claiming whole-file parity
source:Code/Combat/radar.cpp,source,Code/Combat/radar.cpp,Code/Combat/radar.cpp,games/renegade/gameplay,,,not_started,,parity,Source inventory only; split behavior before claiming whole-file parity
source:Code/Combat/radar.h,source,Code/Combat/radar.h,Code/Combat/radar.h,games/renegade/gameplay,,,not_started,,parity,Source inventory only; split behavior before claiming whole-file parity
source:Code/Combat/raveshawbossgameobj.cpp,source,Code/Combat/raveshawbossgameobj.cpp,Code/Combat/raveshawbossgameobj.cpp,games/renegade/gameplay,,,not_started,,parity,Source inventory only; split behavior before claiming whole-file parity
source:Code/Combat/raveshawbossgameobj.h,source,Code/Combat/raveshawbossgameobj.h,Code/Combat/raveshawbossgameobj.h,games/renegade/gameplay,,,not_started,,parity,Source inventory only; split behavior before claiming whole-file parity
source:Code/Combat/refinerygameobj.cpp,source,Code/Combat/refinerygameobj.cpp,Code/Combat/refinerygameobj.cpp,games/renegade/gameplay,,,not_started,,parity,Source inventory only; split behavior before claiming whole-file parity
source:Code/Combat/refinerygameobj.h,source,Code/Combat/refinerygameobj.h,Code/Combat/refinerygameobj.h,games/renegade/gameplay,,,not_started,,parity,Source inventory only; split behavior before claiming whole-file parity
source:Code/Combat/reflist.cpp,source,Code/Combat/reflist.cpp,Code/Combat/reflist.cpp,games/renegade/gameplay,,,not_started,,parity,Source inventory only; split behavior before claiming whole-file parity
source:Code/Combat/reflist.h,source,Code/Combat/reflist.h,Code/Combat/reflist.h,games/renegade/gameplay,,,not_started,,parity,Source inventory only; split behavior before claiming whole-file parity
source:Code/Combat/repairbaygameobj.cpp,source,Code/Combat/repairbaygameobj.cpp,Code/Combat/repairbaygameobj.cpp,games/renegade/gameplay,,,not_started,,parity,Source inventory only; split behavior before claiming whole-file parity
source:Code/Combat/repairbaygameobj.h,source,Code/Combat/repairbaygameobj.h,Code/Combat/repairbaygameobj.h,games/renegade/gameplay,,,not_started,,parity,Source inventory only; split behavior before claiming whole-file parity
source:Code/Combat/sakurabossgameobj.cpp,source,Code/Combat/sakurabossgameobj.cpp,Code/Combat/sakurabossgameobj.cpp,games/renegade/gameplay,,,not_started,,parity,Source inventory only; split behavior before claiming whole-file parity
source:Code/Combat/sakurabossgameobj.h,source,Code/Combat/sakurabossgameobj.h,Code/Combat/sakurabossgameobj.h,games/renegade/gameplay,,,not_started,,parity,Source inventory only; split behavior before claiming whole-file parity
source:Code/Combat/samsite.cpp,source,Code/Combat/samsite.cpp,Code/Combat/samsite.cpp,games/renegade/gameplay,,,not_started,,parity,Source inventory only; split behavior before claiming whole-file parity
source:Code/Combat/samsite.h,source,Code/Combat/samsite.h,Code/Combat/samsite.h,games/renegade/gameplay,,,not_started,,parity,Source inventory only; split behavior before claiming whole-file parity
source:Code/Combat/savegame.cpp,source,Code/Combat/savegame.cpp,Code/Combat/savegame.cpp,games/renegade/gameplay,,,not_started,,parity,Source inventory only; split behavior before claiming whole-file parity
source:Code/Combat/savegame.h,source,Code/Combat/savegame.h,Code/Combat/savegame.h,games/renegade/gameplay,,,not_started,,parity,Source inventory only; split behavior before claiming whole-file parity
source:Code/Combat/scexplosionevent.cpp,source,Code/Combat/scexplosionevent.cpp,Code/Combat/scexplosionevent.cpp,games/renegade/gameplay,,,not_started,,parity,Source inventory only; split behavior before claiming whole-file parity
source:Code/Combat/scexplosionevent.h,source,Code/Combat/scexplosionevent.h,Code/Combat/scexplosionevent.h,games/renegade/gameplay,,,not_started,,parity,Source inventory only; split behavior before claiming whole-file parity
source:Code/Combat/scobeliskevent.cpp,source,Code/Combat/scobeliskevent.cpp,Code/Combat/scobeliskevent.cpp,games/renegade/gameplay,,,not_started,,parity,Source inventory only; split behavior before claiming whole-file parity
source:Code/Combat/scobeliskevent.h,source,Code/Combat/scobeliskevent.h,Code/Combat/scobeliskevent.h,games/renegade/gameplay,,,not_started,,parity,Source inventory only; split behavior before claiming whole-file parity
source:Code/Combat/screenfademanager.cpp,source,Code/Combat/screenfademanager.cpp,Code/Combat/screenfademanager.cpp,games/renegade/gameplay,,,not_started,,parity,Source inventory only; split behavior before claiming whole-file parity
source:Code/Combat/screenfademanager.h,source,Code/Combat/screenfademanager.h,Code/Combat/screenfademanager.h,games/renegade/gameplay,,,not_started,,parity,Source inventory only; split behavior before claiming whole-file parity
source:Code/Combat/scriptablegameobj.cpp,source,Code/Combat/scriptablegameobj.cpp,Code/Combat/scriptablegameobj.cpp,games/renegade/gameplay,,,not_started,,parity,Source inventory only; split behavior before claiming whole-file parity
source:Code/Combat/scriptablegameobj.h,source,Code/Combat/scriptablegameobj.h,Code/Combat/scriptablegameobj.h,games/renegade/gameplay,,,not_started,,parity,Source inventory only; split behavior before claiming whole-file parity
source:Code/Combat/scriptcommands.cpp,source,Code/Combat/scriptcommands.cpp,Code/Combat/scriptcommands.cpp,games/renegade/gameplay,,,not_started,,parity,Source inventory only; split behavior before claiming whole-file parity
source:Code/Combat/scriptcommands.h,source,Code/Combat/scriptcommands.h,Code/Combat/scriptcommands.h,games/renegade/gameplay,,,not_started,,parity,Source inventory only; split behavior before claiming whole-file parity
source:Code/Combat/scriptevents.h,source,Code/Combat/scriptevents.h,Code/Combat/scriptevents.h,games/renegade/gameplay,,,not_started,,parity,Source inventory only; split behavior before claiming whole-file parity
source:Code/Combat/scripts.cpp,source,Code/Combat/scripts.cpp,Code/Combat/scripts.cpp,games/renegade/gameplay,,,not_started,,parity,Source inventory only; split behavior before claiming whole-file parity
source:Code/Combat/scripts.h,source,Code/Combat/scripts.h,Code/Combat/scripts.h,games/renegade/gameplay,,,not_started,,parity,Source inventory only; split behavior before claiming whole-file parity
source:Code/Combat/scriptzone.cpp,source,Code/Combat/scriptzone.cpp,Code/Combat/scriptzone.cpp,games/renegade/gameplay,,,not_started,,parity,Source inventory only; split behavior before claiming whole-file parity
source:Code/Combat/scriptzone.h,source,Code/Combat/scriptzone.h,Code/Combat/scriptzone.h,games/renegade/gameplay,,,not_started,,parity,Source inventory only; split behavior before claiming whole-file parity
source:Code/Combat/simplegameobj.cpp,source,Code/Combat/simplegameobj.cpp,Code/Combat/simplegameobj.cpp,games/renegade/gameplay,,,not_started,,parity,Source inventory only; split behavior before claiming whole-file parity
source:Code/Combat/simplegameobj.h,source,Code/Combat/simplegameobj.h,Code/Combat/simplegameobj.h,games/renegade/gameplay,,,not_started,,parity,Source inventory only; split behavior before claiming whole-file parity
source:Code/Combat/smartgameobj.cpp,source,Code/Combat/smartgameobj.cpp,Code/Combat/smartgameobj.cpp,games/renegade/gameplay,,,not_started,,parity,Source inventory only; split behavior before claiming whole-file parity
source:Code/Combat/smartgameobj.h,source,Code/Combat/smartgameobj.h,Code/Combat/smartgameobj.h,games/renegade/gameplay,,,not_started,,parity,Source inventory only; split behavior before claiming whole-file parity
source:Code/Combat/sniper.cpp,source,Code/Combat/sniper.cpp,Code/Combat/sniper.cpp,games/renegade/gameplay,,,not_started,,parity,Source inventory only; split behavior before claiming whole-file parity
source:Code/Combat/sniper.h,source,Code/Combat/sniper.h,Code/Combat/sniper.h,games/renegade/gameplay,,,not_started,,parity,Source inventory only; split behavior before claiming whole-file parity
source:Code/Combat/soldier.cpp,source,Code/Combat/soldier.cpp,Code/Combat/soldier.cpp,games/renegade/gameplay,,,not_started,,parity,Source inventory only; split behavior before claiming whole-file parity
source:Code/Combat/soldier.h,source,Code/Combat/soldier.h,Code/Combat/soldier.h,games/renegade/gameplay,,,not_started,,parity,Source inventory only; split behavior before claiming whole-file parity
source:Code/Combat/soldierfactorygameobj.cpp,source,Code/Combat/soldierfactorygameobj.cpp,Code/Combat/soldierfactorygameobj.cpp,games/renegade/gameplay,,,not_started,,parity,Source inventory only; split behavior before claiming whole-file parity
source:Code/Combat/soldierfactorygameobj.h,source,Code/Combat/soldierfactorygameobj.h,Code/Combat/soldierfactorygameobj.h,games/renegade/gameplay,,,not_started,,parity,Source inventory only; split behavior before claiming whole-file parity
source:Code/Combat/soldierobserver.cpp,source,Code/Combat/soldierobserver.cpp,Code/Combat/soldierobserver.cpp,games/renegade/gameplay,,,not_started,,parity,Source inventory only; split behavior before claiming whole-file parity
source:Code/Combat/soldierobserver.h,source,Code/Combat/soldierobserver.h,Code/Combat/soldierobserver.h,games/renegade/gameplay,,,not_started,,parity,Source inventory only; split behavior before claiming whole-file parity
source:Code/Combat/spawn.cpp,source,Code/Combat/spawn.cpp,Code/Combat/spawn.cpp,games/renegade/gameplay,,,not_started,,parity,Source inventory only; split behavior before claiming whole-file parity
source:Code/Combat/spawn.h,source,Code/Combat/spawn.h,Code/Combat/spawn.h,games/renegade/gameplay,,,not_started,,parity,Source inventory only; split behavior before claiming whole-file parity
source:Code/Combat/specialbuilds.h,source,Code/Combat/specialbuilds.h,Code/Combat/specialbuilds.h,games/renegade/gameplay,,,not_started,,parity,Source inventory only; split behavior before claiming whole-file parity
source:Code/Combat/specialeffectsgameobj.cpp,source,Code/Combat/specialeffectsgameobj.cpp,Code/Combat/specialeffectsgameobj.cpp,games/renegade/gameplay,,,not_started,,parity,Source inventory only; split behavior before claiming whole-file parity
source:Code/Combat/specialeffectsgameobj.h,source,Code/Combat/specialeffectsgameobj.h,Code/Combat/specialeffectsgameobj.h,games/renegade/gameplay,,,not_started,,parity,Source inventory only; split behavior before claiming whole-file parity
source:Code/Combat/statemachine.cpp,source,Code/Combat/statemachine.cpp,Code/Combat/statemachine.cpp,games/renegade/gameplay,,,not_started,,parity,Source inventory only; split behavior before claiming whole-file parity
source:Code/Combat/statemachine.h,source,Code/Combat/statemachine.h,Code/Combat/statemachine.h,games/renegade/gameplay,,,not_started,,parity,Source inventory only; split behavior before claiming whole-file parity
source:Code/Combat/staticnetworkobject.cpp,source,Code/Combat/staticnetworkobject.cpp,Code/Combat/staticnetworkobject.cpp,games/renegade/gameplay,,,not_started,,parity,Source inventory only; split behavior before claiming whole-file parity
source:Code/Combat/staticnetworkobject.h,source,Code/Combat/staticnetworkobject.h,Code/Combat/staticnetworkobject.h,games/renegade/gameplay,,,not_started,,parity,Source inventory only; split behavior before claiming whole-file parity
source:Code/Combat/string_ids.h,source,Code/Combat/string_ids.h,Code/Combat/string_ids.h,games/renegade/gameplay,,,not_started,,parity,Source inventory only; split behavior before claiming whole-file parity
source:Code/Combat/surfaceeffects.cpp,source,Code/Combat/surfaceeffects.cpp,Code/Combat/surfaceeffects.cpp,games/renegade/gameplay,,,not_started,,parity,Source inventory only; split behavior before claiming whole-file parity
source:Code/Combat/surfaceeffects.h,source,Code/Combat/surfaceeffects.h,Code/Combat/surfaceeffects.h,games/renegade/gameplay,,,not_started,,parity,Source inventory only; split behavior before claiming whole-file parity
source:Code/Combat/systeminfolog.cpp,source,Code/Combat/systeminfolog.cpp,Code/Combat/systeminfolog.cpp,games/renegade/gameplay,,,not_started,,parity,Source inventory only; split behavior before claiming whole-file parity
source:Code/Combat/systeminfolog.h,source,Code/Combat/systeminfolog.h,Code/Combat/systeminfolog.h,games/renegade/gameplay,,,not_started,,parity,Source inventory only; split behavior before claiming whole-file parity
source:Code/Combat/teampurchasesettings.cpp,source,Code/Combat/teampurchasesettings.cpp,Code/Combat/teampurchasesettings.cpp,games/renegade/gameplay,,,not_started,,parity,Source inventory only; split behavior before claiming whole-file parity
source:Code/Combat/teampurchasesettings.h,source,Code/Combat/teampurchasesettings.h,Code/Combat/teampurchasesettings.h,games/renegade/gameplay,,,not_started,,parity,Source inventory only; split behavior before claiming whole-file parity
source:Code/Combat/textwindow.cpp,source,Code/Combat/textwindow.cpp,Code/Combat/textwindow.cpp,games/renegade/gameplay,,,not_started,,parity,Source inventory only; split behavior before claiming whole-file parity
source:Code/Combat/textwindow.h,source,Code/Combat/textwindow.h,Code/Combat/textwindow.h,games/renegade/gameplay,,,not_started,,parity,Source inventory only; split behavior before claiming whole-file parity
source:Code/Combat/timemgr.cpp,source,Code/Combat/timemgr.cpp,Code/Combat/timemgr.cpp,games/renegade/gameplay,,,not_started,,parity,Source inventory only; split behavior before claiming whole-file parity
source:Code/Combat/timemgr.h,source,Code/Combat/timemgr.h,Code/Combat/timemgr.h,games/renegade/gameplay,,,not_started,,parity,Source inventory only; split behavior before claiming whole-file parity
source:Code/Combat/transition.cpp,source,Code/Combat/transition.cpp,Code/Combat/transition.cpp,games/renegade/gameplay,,,not_started,,parity,Source inventory only; split behavior before claiming whole-file parity
source:Code/Combat/transition.h,source,Code/Combat/transition.h,Code/Combat/transition.h,games/renegade/gameplay,,,not_started,,parity,Source inventory only; split behavior before claiming whole-file parity
source:Code/Combat/transitiongameobj.cpp,source,Code/Combat/transitiongameobj.cpp,Code/Combat/transitiongameobj.cpp,games/renegade/gameplay,,,not_started,,parity,Source inventory only; split behavior before claiming whole-file parity
source:Code/Combat/transitiongameobj.h,source,Code/Combat/transitiongameobj.h,Code/Combat/transitiongameobj.h,games/renegade/gameplay,,,not_started,,parity,Source inventory only; split behavior before claiming whole-file parity
source:Code/Combat/unitcoordinationzonemgr.cpp,source,Code/Combat/unitcoordinationzonemgr.cpp,Code/Combat/unitcoordinationzonemgr.cpp,games/renegade/gameplay,,,not_started,,parity,Source inventory only; split behavior before claiming whole-file parity
source:Code/Combat/unitcoordinationzonemgr.h,source,Code/Combat/unitcoordinationzonemgr.h,Code/Combat/unitcoordinationzonemgr.h,games/renegade/gameplay,,,not_started,,parity,Source inventory only; split behavior before claiming whole-file parity
source:Code/Combat/vehicle.cpp,source,Code/Combat/vehicle.cpp,Code/Combat/vehicle.cpp,games/renegade/gameplay,,,not_started,,parity,Source inventory only; split behavior before claiming whole-file parity
source:Code/Combat/vehicle.h,source,Code/Combat/vehicle.h,Code/Combat/vehicle.h,games/renegade/gameplay,,,not_started,,parity,Source inventory only; split behavior before claiming whole-file parity
source:Code/Combat/vehicledriver.cpp,source,Code/Combat/vehicledriver.cpp,Code/Combat/vehicledriver.cpp,games/renegade/gameplay,,,not_started,,parity,Source inventory only; split behavior before claiming whole-file parity
source:Code/Combat/vehicledriver.h,source,Code/Combat/vehicledriver.h,Code/Combat/vehicledriver.h,games/renegade/gameplay,,,not_started,,parity,Source inventory only; split behavior before claiming whole-file parity
source:Code/Combat/vehiclefactorygameobj.cpp,source,Code/Combat/vehiclefactorygameobj.cpp,Code/Combat/vehiclefactorygameobj.cpp,games/renegade/gameplay,,,not_started,,parity,Source inventory only; split behavior before claiming whole-file parity
source:Code/Combat/vehiclefactorygameobj.h,source,Code/Combat/vehiclefactorygameobj.h,Code/Combat/vehiclefactorygameobj.h,games/renegade/gameplay,,,not_started,,parity,Source inventory only; split behavior before claiming whole-file parity
source:Code/Combat/viseme.cpp,source,Code/Combat/viseme.cpp,Code/Combat/viseme.cpp,games/renegade/gameplay,,,not_started,,parity,Source inventory only; split behavior before claiming whole-file parity
source:Code/Combat/viseme.h,source,Code/Combat/viseme.h,Code/Combat/viseme.h,games/renegade/gameplay,,,not_started,,parity,Source inventory only; split behavior before claiming whole-file parity
source:Code/Combat/warfactorygameobj.cpp,source,Code/Combat/warfactorygameobj.cpp,Code/Combat/warfactorygameobj.cpp,games/renegade/gameplay,,,not_started,,parity,Source inventory only; split behavior before claiming whole-file parity
source:Code/Combat/warfactorygameobj.h,source,Code/Combat/warfactorygameobj.h,Code/Combat/warfactorygameobj.h,games/renegade/gameplay,,,not_started,,parity,Source inventory only; split behavior before claiming whole-file parity
source:Code/Combat/weaponbag.cpp,source,Code/Combat/weaponbag.cpp,Code/Combat/weaponbag.cpp,games/renegade/gameplay,,,not_started,,parity,Source inventory only; split behavior before claiming whole-file parity
source:Code/Combat/weaponbag.h,source,Code/Combat/weaponbag.h,Code/Combat/weaponbag.h,games/renegade/gameplay,,,not_started,,parity,Source inventory only; split behavior before claiming whole-file parity
source:Code/Combat/weaponmanager.cpp,source,Code/Combat/weaponmanager.cpp,Code/Combat/weaponmanager.cpp,games/renegade/gameplay,,,not_started,,parity,Source inventory only; split behavior before claiming whole-file parity
source:Code/Combat/weaponmanager.h,source,Code/Combat/weaponmanager.h,Code/Combat/weaponmanager.h,games/renegade/gameplay,,,not_started,,parity,Source inventory only; split behavior before claiming whole-file parity
source:Code/Combat/weapons.cpp,source,Code/Combat/weapons.cpp,Code/Combat/weapons.cpp,games/renegade/gameplay,,,not_started,,parity,Source inventory only; split behavior before claiming whole-file parity
source:Code/Combat/weapons.h,source,Code/Combat/weapons.h,Code/Combat/weapons.h,games/renegade/gameplay,,,not_started,,parity,Source inventory only; split behavior before claiming whole-file parity
source:Code/Combat/weaponview.cpp,source,Code/Combat/weaponview.cpp,Code/Combat/weaponview.cpp,games/renegade/gameplay,,,not_started,,parity,Source inventory only; split behavior before claiming whole-file parity
source:Code/Combat/weaponview.h,source,Code/Combat/weaponview.h,Code/Combat/weaponview.h,games/renegade/gameplay,,,not_started,,parity,Source inventory only; split behavior before claiming whole-file parity
source:Code/Commando/AnnounceEvent.cpp,source,Code/Commando/AnnounceEvent.cpp,Code/Commando/AnnounceEvent.cpp,games/renegade/session,,,not_started,,parity,Source inventory only; split behavior before claiming whole-file parity
source:Code/Commando/AnnounceEvent.h,source,Code/Commando/AnnounceEvent.h,Code/Commando/AnnounceEvent.h,games/renegade/session,,,not_started,,parity,Source inventory only; split behavior before claiming whole-file parity
source:Code/Commando/AutoStart.cpp,source,Code/Commando/AutoStart.cpp,Code/Commando/AutoStart.cpp,games/renegade/session,,,not_started,,parity,Source inventory only; split behavior before claiming whole-file parity
source:Code/Commando/AutoStart.h,source,Code/Commando/AutoStart.h,Code/Commando/AutoStart.h,games/renegade/session,,,not_started,,parity,Source inventory only; split behavior before claiming whole-file parity
source:Code/Commando/CDKeyAuth.cpp,source,Code/Commando/CDKeyAuth.cpp,Code/Commando/CDKeyAuth.cpp,games/renegade/session,,,not_started,,parity,Source inventory only; split behavior before claiming whole-file parity
source:Code/Commando/CDKeyAuth.h,source,Code/Commando/CDKeyAuth.h,Code/Commando/CDKeyAuth.h,games/renegade/session,,,not_started,,parity,Source inventory only; split behavior before claiming whole-file parity
source:Code/Commando/ConsoleMode.cpp,source,Code/Commando/ConsoleMode.cpp,Code/Commando/ConsoleMode.cpp,games/renegade/session,,,not_started,,parity,Source inventory only; split behavior before claiming whole-file parity
source:Code/Commando/ConsoleMode.h,source,Code/Commando/ConsoleMode.h,Code/Commando/ConsoleMode.h,games/renegade/session,,,not_started,,parity,Source inventory only; split behavior before claiming whole-file parity
source:Code/Commando/DlgDownload.cpp,source,Code/Commando/DlgDownload.cpp,Code/Commando/DlgDownload.cpp,games/renegade/session,,,not_started,,parity,Source inventory only; split behavior before claiming whole-file parity
source:Code/Commando/DlgDownload.h,source,Code/Commando/DlgDownload.h,Code/Commando/DlgDownload.h,games/renegade/session,,,not_started,,parity,Source inventory only; split behavior before claiming whole-file parity
source:Code/Commando/DlgMPConnect.cpp,source,Code/Commando/DlgMPConnect.cpp,Code/Commando/DlgMPConnect.cpp,games/renegade/session,,,not_started,,parity,Source inventory only; split behavior before claiming whole-file parity
source:Code/Commando/DlgMPConnect.h,source,Code/Commando/DlgMPConnect.h,Code/Commando/DlgMPConnect.h,games/renegade/session,,,not_started,,parity,Source inventory only; split behavior before claiming whole-file parity
source:Code/Commando/DlgMPConnectionRefused.cpp,source,Code/Commando/DlgMPConnectionRefused.cpp,Code/Commando/DlgMPConnectionRefused.cpp,games/renegade/session,,,not_started,,parity,Source inventory only; split behavior before claiming whole-file parity
source:Code/Commando/DlgMPConnectionRefused.h,source,Code/Commando/DlgMPConnectionRefused.h,Code/Commando/DlgMPConnectionRefused.h,games/renegade/session,,,not_started,,parity,Source inventory only; split behavior before claiming whole-file parity
source:Code/Commando/DlgMPTeamSelect.cpp,source,Code/Commando/DlgMPTeamSelect.cpp,Code/Commando/DlgMPTeamSelect.cpp,games/renegade/session,,,not_started,,parity,Source inventory only; split behavior before claiming whole-file parity
source:Code/Commando/DlgMPTeamSelect.h,source,Code/Commando/DlgMPTeamSelect.h,Code/Commando/DlgMPTeamSelect.h,games/renegade/session,,,not_started,,parity,Source inventory only; split behavior before claiming whole-file parity
source:Code/Commando/DlgMessageBox.cpp,source,Code/Commando/DlgMessageBox.cpp,Code/Commando/DlgMessageBox.cpp,games/renegade/session,,,not_started,,parity,Source inventory only; split behavior before claiming whole-file parity
source:Code/Commando/DlgMessageBox.h,source,Code/Commando/DlgMessageBox.h,Code/Commando/DlgMessageBox.h,games/renegade/session,,,not_started,,parity,Source inventory only; split behavior before claiming whole-file parity
source:Code/Commando/DlgPasswordPrompt.cpp,source,Code/Commando/DlgPasswordPrompt.cpp,Code/Commando/DlgPasswordPrompt.cpp,games/renegade/session,,,not_started,,parity,Source inventory only; split behavior before claiming whole-file parity
source:Code/Commando/DlgPasswordPrompt.h,source,Code/Commando/DlgPasswordPrompt.h,Code/Commando/DlgPasswordPrompt.h,games/renegade/session,,,not_started,,parity,Source inventory only; split behavior before claiming whole-file parity
source:Code/Commando/DlgQuickmatch.cpp,source,Code/Commando/DlgQuickmatch.cpp,Code/Commando/DlgQuickmatch.cpp,games/renegade/session,,,not_started,,parity,Source inventory only; split behavior before claiming whole-file parity
source:Code/Commando/DlgQuickmatch.h,source,Code/Commando/DlgQuickmatch.h,Code/Commando/DlgQuickmatch.h,games/renegade/session,,,not_started,,parity,Source inventory only; split behavior before claiming whole-file parity
source:Code/Commando/DlgRestart.cpp,source,Code/Commando/DlgRestart.cpp,Code/Commando/DlgRestart.cpp,games/renegade/session,,,not_started,,parity,Source inventory only; split behavior before claiming whole-file parity
source:Code/Commando/DlgRestart.h,source,Code/Commando/DlgRestart.h,Code/Commando/DlgRestart.h,games/renegade/session,,,not_started,,parity,Source inventory only; split behavior before claiming whole-file parity
source:Code/Commando/DlgWOLAutoStart.cpp,source,Code/Commando/DlgWOLAutoStart.cpp,Code/Commando/DlgWOLAutoStart.cpp,games/renegade/session,,,not_started,,parity,Source inventory only; split behavior before claiming whole-file parity
source:Code/Commando/DlgWOLAutoStart.h,source,Code/Commando/DlgWOLAutoStart.h,Code/Commando/DlgWOLAutoStart.h,games/renegade/session,,,not_started,,parity,Source inventory only; split behavior before claiming whole-file parity
source:Code/Commando/DlgWOLLogon.cpp,source,Code/Commando/DlgWOLLogon.cpp,Code/Commando/DlgWOLLogon.cpp,games/renegade/session,,,not_started,,parity,Source inventory only; split behavior before claiming whole-file parity
source:Code/Commando/DlgWOLLogon.h,source,Code/Commando/DlgWOLLogon.h,Code/Commando/DlgWOLLogon.h,games/renegade/session,,,not_started,,parity,Source inventory only; split behavior before claiming whole-file parity
source:Code/Commando/DlgWOLSettings.cpp,source,Code/Commando/DlgWOLSettings.cpp,Code/Commando/DlgWOLSettings.cpp,games/renegade/session,,,not_started,,parity,Source inventory only; split behavior before claiming whole-file parity
source:Code/Commando/DlgWOLSettings.h,source,Code/Commando/DlgWOLSettings.h,Code/Commando/DlgWOLSettings.h,games/renegade/session,,,not_started,,parity,Source inventory only; split behavior before claiming whole-file parity
source:Code/Commando/DlgWOLWait.cpp,source,Code/Commando/DlgWOLWait.cpp,Code/Commando/DlgWOLWait.cpp,games/renegade/session,,,not_started,,parity,Source inventory only; split behavior before claiming whole-file parity
source:Code/Commando/DlgWOLWait.h,source,Code/Commando/DlgWOLWait.h,Code/Commando/DlgWOLWait.h,games/renegade/session,,,not_started,,parity,Source inventory only; split behavior before claiming whole-file parity
source:Code/Commando/DlgWebPage.cpp,source,Code/Commando/DlgWebPage.cpp,Code/Commando/DlgWebPage.cpp,games/renegade/session,,,not_started,,parity,Source inventory only; split behavior before claiming whole-file parity
source:Code/Commando/DlgWebPage.h,source,Code/Commando/DlgWebPage.h,Code/Commando/DlgWebPage.h,games/renegade/session,,,not_started,,parity,Source inventory only; split behavior before claiming whole-file parity
source:Code/Commando/FirewallWait.cpp,source,Code/Commando/FirewallWait.cpp,Code/Commando/FirewallWait.cpp,games/renegade/session,,,not_started,,parity,Source inventory only; split behavior before claiming whole-file parity
source:Code/Commando/FirewallWait.h,source,Code/Commando/FirewallWait.h,Code/Commando/FirewallWait.h,games/renegade/session,,,not_started,,parity,Source inventory only; split behavior before claiming whole-file parity
source:Code/Commando/GameResSend.cpp,source,Code/Commando/GameResSend.cpp,Code/Commando/GameResSend.cpp,games/renegade/session,,,not_started,,parity,Source inventory only; split behavior before claiming whole-file parity
source:Code/Commando/GameResSend.h,source,Code/Commando/GameResSend.h,Code/Commando/GameResSend.h,games/renegade/session,,,not_started,,parity,Source inventory only; split behavior before claiming whole-file parity
source:Code/Commando/GameSpyBanList.cpp,source,Code/Commando/GameSpyBanList.cpp,Code/Commando/GameSpyBanList.cpp,games/renegade/session,,,not_started,,parity,Source inventory only; split behavior before claiming whole-file parity
source:Code/Commando/GameSpyBanList.h,source,Code/Commando/GameSpyBanList.h,Code/Commando/GameSpyBanList.h,games/renegade/session,,,not_started,,parity,Source inventory only; split behavior before claiming whole-file parity
source:Code/Commando/GameSpy_QnR.cpp,source,Code/Commando/GameSpy_QnR.cpp,Code/Commando/GameSpy_QnR.cpp,games/renegade/session,,,not_started,,parity,Source inventory only; split behavior before claiming whole-file parity
source:Code/Commando/GameSpy_QnR.h,source,Code/Commando/GameSpy_QnR.h,Code/Commando/GameSpy_QnR.h,games/renegade/session,,,not_started,,parity,Source inventory only; split behavior before claiming whole-file parity
source:Code/Commando/NAT.cpp,source,Code/Commando/NAT.cpp,Code/Commando/NAT.cpp,games/renegade/session,,,not_started,,parity,Source inventory only; split behavior before claiming whole-file parity
source:Code/Commando/Renegade.ico,source,Code/Commando/Renegade.ico,Code/Commando/Renegade.ico,games/renegade/session,,,not_started,,parity,Source inventory only; split behavior before claiming whole-file parity
source:Code/Commando/ServerSettings.cpp,source,Code/Commando/ServerSettings.cpp,Code/Commando/ServerSettings.cpp,games/renegade/session,,,not_started,,parity,Source inventory only; split behavior before claiming whole-file parity
source:Code/Commando/ServerSettings.h,source,Code/Commando/ServerSettings.h,Code/Commando/ServerSettings.h,games/renegade/session,,,not_started,,parity,Source inventory only; split behavior before claiming whole-file parity
source:Code/Commando/WINMAIN.CPP,source,Code/Commando/WINMAIN.CPP,Code/Commando/WINMAIN.CPP,games/renegade/session,,,not_started,,parity,Source inventory only; split behavior before claiming whole-file parity
source:Code/Commando/WINMAIN.H,source,Code/Commando/WINMAIN.H,Code/Commando/WINMAIN.H,games/renegade/session,,,not_started,,parity,Source inventory only; split behavior before claiming whole-file parity
source:Code/Commando/WOLBuddyMgr.cpp,source,Code/Commando/WOLBuddyMgr.cpp,Code/Commando/WOLBuddyMgr.cpp,games/renegade/session,,,not_started,,parity,Source inventory only; split behavior before claiming whole-file parity
source:Code/Commando/WOLBuddyMgr.h,source,Code/Commando/WOLBuddyMgr.h,Code/Commando/WOLBuddyMgr.h,games/renegade/session,,,not_started,,parity,Source inventory only; split behavior before claiming whole-file parity
source:Code/Commando/WOLChatMgr.cpp,source,Code/Commando/WOLChatMgr.cpp,Code/Commando/WOLChatMgr.cpp,games/renegade/session,,,not_started,,parity,Source inventory only; split behavior before claiming whole-file parity
source:Code/Commando/WOLChatMgr.h,source,Code/Commando/WOLChatMgr.h,Code/Commando/WOLChatMgr.h,games/renegade/session,,,not_started,,parity,Source inventory only; split behavior before claiming whole-file parity
source:Code/Commando/WOLDiags.cpp,source,Code/Commando/WOLDiags.cpp,Code/Commando/WOLDiags.cpp,games/renegade/session,,,not_started,,parity,Source inventory only; split behavior before claiming whole-file parity
source:Code/Commando/WOLDiags.h,source,Code/Commando/WOLDiags.h,Code/Commando/WOLDiags.h,games/renegade/session,,,not_started,,parity,Source inventory only; split behavior before claiming whole-file parity
source:Code/Commando/WOLGameInfo.cpp,source,Code/Commando/WOLGameInfo.cpp,Code/Commando/WOLGameInfo.cpp,games/renegade/session,,,not_started,,parity,Source inventory only; split behavior before claiming whole-file parity
source:Code/Commando/WOLGameInfo.h,source,Code/Commando/WOLGameInfo.h,Code/Commando/WOLGameInfo.h,games/renegade/session,,,not_started,,parity,Source inventory only; split behavior before claiming whole-file parity
source:Code/Commando/WOLJoinGame.cpp,source,Code/Commando/WOLJoinGame.cpp,Code/Commando/WOLJoinGame.cpp,games/renegade/session,,,not_started,,parity,Source inventory only; split behavior before claiming whole-file parity
source:Code/Commando/WOLJoinGame.h,source,Code/Commando/WOLJoinGame.h,Code/Commando/WOLJoinGame.h,games/renegade/session,,,not_started,,parity,Source inventory only; split behavior before claiming whole-file parity
source:Code/Commando/WOLLoginProfile.cpp,source,Code/Commando/WOLLoginProfile.cpp,Code/Commando/WOLLoginProfile.cpp,games/renegade/session,,,not_started,,parity,Source inventory only; split behavior before claiming whole-file parity
source:Code/Commando/WOLLoginProfile.h,source,Code/Commando/WOLLoginProfile.h,Code/Commando/WOLLoginProfile.h,games/renegade/session,,,not_started,,parity,Source inventory only; split behavior before claiming whole-file parity
source:Code/Commando/WOLLogonMgr.cpp,source,Code/Commando/WOLLogonMgr.cpp,Code/Commando/WOLLogonMgr.cpp,games/renegade/session,,,not_started,,parity,Source inventory only; split behavior before claiming whole-file parity
source:Code/Commando/WOLLogonMgr.h,source,Code/Commando/WOLLogonMgr.h,Code/Commando/WOLLogonMgr.h,games/renegade/session,,,not_started,,parity,Source inventory only; split behavior before claiming whole-file parity
source:Code/Commando/WOLQuickMatch.cpp,source,Code/Commando/WOLQuickMatch.cpp,Code/Commando/WOLQuickMatch.cpp,games/renegade/session,,,not_started,,parity,Source inventory only; split behavior before claiming whole-file parity
source:Code/Commando/WOLQuickMatch.h,source,Code/Commando/WOLQuickMatch.h,Code/Commando/WOLQuickMatch.h,games/renegade/session,,,not_started,,parity,Source inventory only; split behavior before claiming whole-file parity
source:Code/Commando/WebBrowser.cpp,source,Code/Commando/WebBrowser.cpp,Code/Commando/WebBrowser.cpp,games/renegade/session,,,not_started,,parity,Source inventory only; split behavior before claiming whole-file parity
source:Code/Commando/WebBrowser.h,source,Code/Commando/WebBrowser.h,Code/Commando/WebBrowser.h,games/renegade/session,,,not_started,,parity,Source inventory only; split behavior before claiming whole-file parity
source:Code/Commando/_globals.h,source,Code/Commando/_globals.h,Code/Commando/_globals.h,games/renegade/session,,,not_started,,parity,Source inventory only; split behavior before claiming whole-file parity
source:Code/Commando/apppacketstats.cpp,source,Code/Commando/apppacketstats.cpp,Code/Commando/apppacketstats.cpp,games/renegade/session,,,not_started,,parity,Source inventory only; split behavior before claiming whole-file parity
source:Code/Commando/apppacketstats.h,source,Code/Commando/apppacketstats.h,Code/Commando/apppacketstats.h,games/renegade/session,,,not_started,,parity,Source inventory only; split behavior before claiming whole-file parity
source:Code/Commando/bandwidth.cpp,source,Code/Commando/bandwidth.cpp,Code/Commando/bandwidth.cpp,games/renegade/session,,,not_started,,parity,Source inventory only; split behavior before claiming whole-file parity
source:Code/Commando/bandwidth.h,source,Code/Commando/bandwidth.h,Code/Commando/bandwidth.h,games/renegade/session,,,not_started,,parity,Source inventory only; split behavior before claiming whole-file parity
source:Code/Commando/bandwidthcheck.cpp,source,Code/Commando/bandwidthcheck.cpp,Code/Commando/bandwidthcheck.cpp,games/renegade/session,,,not_started,,parity,Source inventory only; split behavior before claiming whole-file parity
source:Code/Commando/bandwidthcheck.h,source,Code/Commando/bandwidthcheck.h,Code/Commando/bandwidthcheck.h,games/renegade/session,,,not_started,,parity,Source inventory only; split behavior before claiming whole-file parity
source:Code/Commando/bandwidthgraph.cpp,source,Code/Commando/bandwidthgraph.cpp,Code/Commando/bandwidthgraph.cpp,games/renegade/session,,,not_started,,parity,Source inventory only; split behavior before claiming whole-file parity
source:Code/Commando/bandwidthgraph.h,source,Code/Commando/bandwidthgraph.h,Code/Commando/bandwidthgraph.h,games/renegade/session,,,not_started,,parity,Source inventory only; split behavior before claiming whole-file parity
source:Code/Commando/bioevent.cpp,source,Code/Commando/bioevent.cpp,Code/Commando/bioevent.cpp,games/renegade/session,,,not_started,,parity,Source inventory only; split behavior before claiming whole-file parity
source:Code/Commando/bioevent.h,source,Code/Commando/bioevent.h,Code/Commando/bioevent.h,games/renegade/session,,,not_started,,parity,Source inventory only; split behavior before claiming whole-file parity
source:Code/Commando/boolean.h,source,Code/Commando/boolean.h,Code/Commando/boolean.h,games/renegade/session,,,not_started,,parity,Source inventory only; split behavior before claiming whole-file parity
source:Code/Commando/buildnum.cpp,source,Code/Commando/buildnum.cpp,Code/Commando/buildnum.cpp,games/renegade/session,,,not_started,,parity,Source inventory only; split behavior before claiming whole-file parity
source:Code/Commando/buildnum.h,source,Code/Commando/buildnum.h,Code/Commando/buildnum.h,games/renegade/session,,,not_started,,parity,Source inventory only; split behavior before claiming whole-file parity
source:Code/Commando/campaign.cpp,source,Code/Commando/campaign.cpp,Code/Commando/campaign.cpp,games/renegade/session,,,not_started,,parity,Source inventory only; split behavior before claiming whole-file parity
source:Code/Commando/campaign.h,source,Code/Commando/campaign.h,Code/Commando/campaign.h,games/renegade/session,,,not_started,,parity,Source inventory only; split behavior before claiming whole-file parity
source:Code/Commando/cdverify.cpp,source,Code/Commando/cdverify.cpp,Code/Commando/cdverify.cpp,games/renegade/session,,,not_started,,parity,Source inventory only; split behavior before claiming whole-file parity
source:Code/Commando/cdverify.h,source,Code/Commando/cdverify.h,Code/Commando/cdverify.h,games/renegade/session,,,not_started,,parity,Source inventory only; split behavior before claiming whole-file parity
source:Code/Commando/changeteamevent.cpp,source,Code/Commando/changeteamevent.cpp,Code/Commando/changeteamevent.cpp,games/renegade/session,,,not_started,,parity,Source inventory only; split behavior before claiming whole-file parity
source:Code/Commando/changeteamevent.h,source,Code/Commando/changeteamevent.h,Code/Commando/changeteamevent.h,games/renegade/session,,,not_started,,parity,Source inventory only; split behavior before claiming whole-file parity
source:Code/Commando/chat.rc,source,Code/Commando/chat.rc,Code/Commando/chat.rc,games/renegade/session,,,not_started,,parity,Source inventory only; split behavior before claiming whole-file parity
source:Code/Commando/chatshre.cpp,source,Code/Commando/chatshre.cpp,Code/Commando/chatshre.cpp,games/renegade/session,,,not_started,,parity,Source inventory only; split behavior before claiming whole-file parity
source:Code/Commando/chatshre.h,source,Code/Commando/chatshre.h,Code/Commando/chatshre.h,games/renegade/session,,,not_started,,parity,Source inventory only; split behavior before claiming whole-file parity
source:Code/Commando/clientbboevent.cpp,source,Code/Commando/clientbboevent.cpp,Code/Commando/clientbboevent.cpp,games/renegade/session,,,not_started,,parity,Source inventory only; split behavior before claiming whole-file parity
source:Code/Commando/clientbboevent.h,source,Code/Commando/clientbboevent.h,Code/Commando/clientbboevent.h,games/renegade/session,,,not_started,,parity,Source inventory only; split behavior before claiming whole-file parity
source:Code/Commando/clientfps.cpp,source,Code/Commando/clientfps.cpp,Code/Commando/clientfps.cpp,games/renegade/session,,,not_started,,parity,Source inventory only; split behavior before claiming whole-file parity
source:Code/Commando/clientfps.h,source,Code/Commando/clientfps.h,Code/Commando/clientfps.h,games/renegade/session,,,not_started,,parity,Source inventory only; split behavior before claiming whole-file parity
source:Code/Commando/clientgoodbyeevent.cpp,source,Code/Commando/clientgoodbyeevent.cpp,Code/Commando/clientgoodbyeevent.cpp,games/renegade/session,,,not_started,,parity,Source inventory only; split behavior before claiming whole-file parity
source:Code/Commando/clientgoodbyeevent.h,source,Code/Commando/clientgoodbyeevent.h,Code/Commando/clientgoodbyeevent.h,games/renegade/session,,,not_started,,parity,Source inventory only; split behavior before claiming whole-file parity
source:Code/Commando/clienthintmanager.cpp,source,Code/Commando/clienthintmanager.cpp,Code/Commando/clienthintmanager.cpp,games/renegade/session,,,not_started,,parity,Source inventory only; split behavior before claiming whole-file parity
source:Code/Commando/clienthintmanager.h,source,Code/Commando/clienthintmanager.h,Code/Commando/clienthintmanager.h,games/renegade/session,,,not_started,,parity,Source inventory only; split behavior before claiming whole-file parity
source:Code/Commando/clientpingmanager.cpp,source,Code/Commando/clientpingmanager.cpp,Code/Commando/clientpingmanager.cpp,games/renegade/session,,,not_started,,parity,Source inventory only; split behavior before claiming whole-file parity
source:Code/Commando/clientpingmanager.h,source,Code/Commando/clientpingmanager.h,Code/Commando/clientpingmanager.h,games/renegade/session,,,not_started,,parity,Source inventory only; split behavior before claiming whole-file parity
source:Code/Commando/cnetwork.cpp,source,Code/Commando/cnetwork.cpp,Code/Commando/cnetwork.cpp,games/renegade/session,,,not_started,,parity,Source inventory only; split behavior before claiming whole-file parity
source:Code/Commando/cnetwork.h,source,Code/Commando/cnetwork.h,Code/Commando/cnetwork.h,games/renegade/session,,,not_started,,parity,Source inventory only; split behavior before claiming whole-file parity
source:Code/Commando/combatgmode.cpp,source,Code/Commando/combatgmode.cpp,Code/Commando/combatgmode.cpp,games/renegade/session,,,not_started,,parity,Source inventory only; split behavior before claiming whole-file parity
source:Code/Commando/combatgmode.h,source,Code/Commando/combatgmode.h,Code/Commando/combatgmode.h,games/renegade/session,,,not_started,,parity,Source inventory only; split behavior before claiming whole-file parity
source:Code/Commando/cominit.cpp,source,Code/Commando/cominit.cpp,Code/Commando/cominit.cpp,games/renegade/session,,,not_started,,parity,Source inventory only; split behavior before claiming whole-file parity
source:Code/Commando/cominit.h,source,Code/Commando/cominit.h,Code/Commando/cominit.h,games/renegade/session,,,not_started,,parity,Source inventory only; split behavior before claiming whole-file parity
source:Code/Commando/commando.dsp,source,Code/Commando/commando.dsp,Code/Commando/commando.dsp,games/renegade/session,,,not_started,,parity,Source inventory only; split behavior before claiming whole-file parity
source:Code/Commando/commandochunkids.h,source,Code/Commando/commandochunkids.h,Code/Commando/commandochunkids.h,games/renegade/session,,,not_started,,parity,Source inventory only; split behavior before claiming whole-file parity
source:Code/Commando/commandoids.h,source,Code/Commando/commandoids.h,Code/Commando/commandoids.h,games/renegade/session,,,not_started,,parity,Source inventory only; split behavior before claiming whole-file parity
source:Code/Commando/commandosaveload.cpp,source,Code/Commando/commandosaveload.cpp,Code/Commando/commandosaveload.cpp,games/renegade/session,,,not_started,,parity,Source inventory only; split behavior before claiming whole-file parity
source:Code/Commando/commandosaveload.h,source,Code/Commando/commandosaveload.h,Code/Commando/commandosaveload.h,games/renegade/session,,,not_started,,parity,Source inventory only; split behavior before claiming whole-file parity
source:Code/Commando/comnetrcv.h,source,Code/Commando/comnetrcv.h,Code/Commando/comnetrcv.h,games/renegade/session,,,not_started,,parity,Source inventory only; split behavior before claiming whole-file parity
source:Code/Commando/comnetrcvinst.cpp,source,Code/Commando/comnetrcvinst.cpp,Code/Commando/comnetrcvinst.cpp,games/renegade/session,,,not_started,,parity,Source inventory only; split behavior before claiming whole-file parity
source:Code/Commando/comnetrcvinst.h,source,Code/Commando/comnetrcvinst.h,Code/Commando/comnetrcvinst.h,games/renegade/session,,,not_started,,parity,Source inventory only; split behavior before claiming whole-file parity
source:Code/Commando/console.cpp,source,Code/Commando/console.cpp,Code/Commando/console.cpp,games/renegade/session,,,not_started,,parity,Source inventory only; split behavior before claiming whole-file parity
source:Code/Commando/console.h,source,Code/Commando/console.h,Code/Commando/console.h,games/renegade/session,,,not_started,,parity,Source inventory only; split behavior before claiming whole-file parity
source:Code/Commando/consolecommandevent.cpp,source,Code/Commando/consolecommandevent.cpp,Code/Commando/consolecommandevent.cpp,games/renegade/session,,,not_started,,parity,Source inventory only; split behavior before claiming whole-file parity
source:Code/Commando/consolecommandevent.h,source,Code/Commando/consolecommandevent.h,Code/Commando/consolecommandevent.h,games/renegade/session,,,not_started,,parity,Source inventory only; split behavior before claiming whole-file parity
source:Code/Commando/consolefunction.cpp,source,Code/Commando/consolefunction.cpp,Code/Commando/consolefunction.cpp,games/renegade/session,,,not_started,,parity,Source inventory only; split behavior before claiming whole-file parity
source:Code/Commando/consolefunction.h,source,Code/Commando/consolefunction.h,Code/Commando/consolefunction.h,games/renegade/session,,,not_started,,parity,Source inventory only; split behavior before claiming whole-file parity
source:Code/Commando/csconsolecommandevent.cpp,source,Code/Commando/csconsolecommandevent.cpp,Code/Commando/csconsolecommandevent.cpp,games/renegade/session,,,not_started,,parity,Source inventory only; split behavior before claiming whole-file parity
source:Code/Commando/csconsolecommandevent.h,source,Code/Commando/csconsolecommandevent.h,Code/Commando/csconsolecommandevent.h,games/renegade/session,,,not_started,,parity,Source inventory only; split behavior before claiming whole-file parity
source:Code/Commando/cshint.cpp,source,Code/Commando/cshint.cpp,Code/Commando/cshint.cpp,games/renegade/session,,,not_started,,parity,Source inventory only; split behavior before claiming whole-file parity
source:Code/Commando/cshint.h,source,Code/Commando/cshint.h,Code/Commando/cshint.h,games/renegade/session,,,not_started,,parity,Source inventory only; split behavior before claiming whole-file parity
source:Code/Commando/cspingrequestevent.cpp,source,Code/Commando/cspingrequestevent.cpp,Code/Commando/cspingrequestevent.cpp,games/renegade/session,,,not_started,,parity,Source inventory only; split behavior before claiming whole-file parity
source:Code/Commando/cspingrequestevent.h,source,Code/Commando/cspingrequestevent.h,Code/Commando/cspingrequestevent.h,games/renegade/session,,,not_started,,parity,Source inventory only; split behavior before claiming whole-file parity
source:Code/Commando/cstextobj.cpp,source,Code/Commando/cstextobj.cpp,Code/Commando/cstextobj.cpp,games/renegade/session,,,not_started,,parity,Source inventory only; split behavior before claiming whole-file parity
source:Code/Commando/cstextobj.h,source,Code/Commando/cstextobj.h,Code/Commando/cstextobj.h,games/renegade/session,,,not_started,,parity,Source inventory only; split behavior before claiming whole-file parity
source:Code/Commando/datasafe.cpp,source,Code/Commando/datasafe.cpp,Code/Commando/datasafe.cpp,games/renegade/session,,,not_started,,parity,Source inventory only; split behavior before claiming whole-file parity
source:Code/Commando/datasafe.h,source,Code/Commando/datasafe.h,Code/Commando/datasafe.h,games/renegade/session,,,not_started,,parity,Source inventory only; split behavior before claiming whole-file parity
source:Code/Commando/demosupport.h,source,Code/Commando/demosupport.h,Code/Commando/demosupport.h,games/renegade/session,,,not_started,,parity,Source inventory only; split behavior before claiming whole-file parity
source:Code/Commando/devoptions.cpp,source,Code/Commando/devoptions.cpp,Code/Commando/devoptions.cpp,games/renegade/session,,,not_started,,parity,Source inventory only; split behavior before claiming whole-file parity
source:Code/Commando/devoptions.h,source,Code/Commando/devoptions.h,Code/Commando/devoptions.h,games/renegade/session,,,not_started,,parity,Source inventory only; split behavior before claiming whole-file parity
source:Code/Commando/diagnostics.cpp,source,Code/Commando/diagnostics.cpp,Code/Commando/diagnostics.cpp,games/renegade/session,,,not_started,,parity,Source inventory only; split behavior before claiming whole-file parity
source:Code/Commando/diagnostics.h,source,Code/Commando/diagnostics.h,Code/Commando/diagnostics.h,games/renegade/session,,,not_started,,parity,Source inventory only; split behavior before claiming whole-file parity
source:Code/Commando/dialogresource.h,source,Code/Commando/dialogresource.h,Code/Commando/dialogresource.h,games/renegade/session,,,not_started,,parity,Source inventory only; split behavior before claiming whole-file parity
source:Code/Commando/dialogtests.cpp,source,Code/Commando/dialogtests.cpp,Code/Commando/dialogtests.cpp,games/renegade/session,,,not_started,,parity,Source inventory only; split behavior before claiming whole-file parity
source:Code/Commando/dialogtests.h,source,Code/Commando/dialogtests.h,Code/Commando/dialogtests.h,games/renegade/session,,,not_started,,parity,Source inventory only; split behavior before claiming whole-file parity
source:Code/Commando/dlgcharacteroptions.cpp,source,Code/Commando/dlgcharacteroptions.cpp,Code/Commando/dlgcharacteroptions.cpp,games/renegade/session,,,not_started,,parity,Source inventory only; split behavior before claiming whole-file parity
source:Code/Commando/dlgcharacteroptions.h,source,Code/Commando/dlgcharacteroptions.h,Code/Commando/dlgcharacteroptions.h,games/renegade/session,,,not_started,,parity,Source inventory only; split behavior before claiming whole-file parity
source:Code/Commando/dlgcheatoptions.cpp,source,Code/Commando/dlgcheatoptions.cpp,Code/Commando/dlgcheatoptions.cpp,games/renegade/session,,,not_started,,parity,Source inventory only; split behavior before claiming whole-file parity
source:Code/Commando/dlgcheatoptions.h,source,Code/Commando/dlgcheatoptions.h,Code/Commando/dlgcheatoptions.h,games/renegade/session,,,not_started,,parity,Source inventory only; split behavior before claiming whole-file parity
source:Code/Commando/dlgcncbattleinfo.cpp,source,Code/Commando/dlgcncbattleinfo.cpp,Code/Commando/dlgcncbattleinfo.cpp,games/renegade/session,,,not_started,,parity,Source inventory only; split behavior before claiming whole-file parity
source:Code/Commando/dlgcncbattleinfo.h,source,Code/Commando/dlgcncbattleinfo.h,Code/Commando/dlgcncbattleinfo.h,games/renegade/session,,,not_started,,parity,Source inventory only; split behavior before claiming whole-file parity
source:Code/Commando/dlgcncpurchasemainmenu.cpp,source,Code/Commando/dlgcncpurchasemainmenu.cpp,Code/Commando/dlgcncpurchasemainmenu.cpp,games/renegade/session,,,not_started,,parity,Source inventory only; split behavior before claiming whole-file parity
source:Code/Commando/dlgcncpurchasemainmenu.h,source,Code/Commando/dlgcncpurchasemainmenu.h,Code/Commando/dlgcncpurchasemainmenu.h,games/renegade/session,,,not_started,,parity,Source inventory only; split behavior before claiming whole-file parity
source:Code/Commando/dlgcncpurchasemenu.cpp,source,Code/Commando/dlgcncpurchasemenu.cpp,Code/Commando/dlgcncpurchasemenu.cpp,games/renegade/session,,,not_started,,parity,Source inventory only; split behavior before claiming whole-file parity
source:Code/Commando/dlgcncpurchasemenu.h,source,Code/Commando/dlgcncpurchasemenu.h,Code/Commando/dlgcncpurchasemenu.h,games/renegade/session,,,not_started,,parity,Source inventory only; split behavior before claiming whole-file parity
source:Code/Commando/dlgcncreference.cpp,source,Code/Commando/dlgcncreference.cpp,Code/Commando/dlgcncreference.cpp,games/renegade/session,,,not_started,,parity,Source inventory only; split behavior before claiming whole-file parity
source:Code/Commando/dlgcncreference.h,source,Code/Commando/dlgcncreference.h,Code/Commando/dlgcncreference.h,games/renegade/session,,,not_started,,parity,Source inventory only; split behavior before claiming whole-file parity
source:Code/Commando/dlgcncserverinfo.cpp,source,Code/Commando/dlgcncserverinfo.cpp,Code/Commando/dlgcncserverinfo.cpp,games/renegade/session,,,not_started,,parity,Source inventory only; split behavior before claiming whole-file parity
source:Code/Commando/dlgcncserverinfo.h,source,Code/Commando/dlgcncserverinfo.h,Code/Commando/dlgcncserverinfo.h,games/renegade/session,,,not_started,,parity,Source inventory only; split behavior before claiming whole-file parity
source:Code/Commando/dlgcncteaminfo.cpp,source,Code/Commando/dlgcncteaminfo.cpp,Code/Commando/dlgcncteaminfo.cpp,games/renegade/session,,,not_started,,parity,Source inventory only; split behavior before claiming whole-file parity
source:Code/Commando/dlgcncteaminfo.h,source,Code/Commando/dlgcncteaminfo.h,Code/Commando/dlgcncteaminfo.h,games/renegade/session,,,not_started,,parity,Source inventory only; split behavior before claiming whole-file parity
source:Code/Commando/dlgcncwinscreen.cpp,source,Code/Commando/dlgcncwinscreen.cpp,Code/Commando/dlgcncwinscreen.cpp,games/renegade/session,,,not_started,,parity,Source inventory only; split behavior before claiming whole-file parity
source:Code/Commando/dlgcncwinscreen.h,source,Code/Commando/dlgcncwinscreen.h,Code/Commando/dlgcncwinscreen.h,games/renegade/session,,,not_started,,parity,Source inventory only; split behavior before claiming whole-file parity
source:Code/Commando/dlgconfigaudiotab.cpp,source,Code/Commando/dlgconfigaudiotab.cpp,Code/Commando/dlgconfigaudiotab.cpp,games/renegade/session,,,not_started,,parity,Source inventory only; split behavior before claiming whole-file parity
source:Code/Commando/dlgconfigaudiotab.h,source,Code/Commando/dlgconfigaudiotab.h,Code/Commando/dlgconfigaudiotab.h,games/renegade/session,,,not_started,,parity,Source inventory only; split behavior before claiming whole-file parity
source:Code/Commando/dlgconfigperformancetab.cpp,source,Code/Commando/dlgconfigperformancetab.cpp,Code/Commando/dlgconfigperformancetab.cpp,games/renegade/session,,,not_started,,parity,Source inventory only; split behavior before claiming whole-file parity
source:Code/Commando/dlgconfigperformancetab.h,source,Code/Commando/dlgconfigperformancetab.h,Code/Commando/dlgconfigperformancetab.h,games/renegade/session,,,not_started,,parity,Source inventory only; split behavior before claiming whole-file parity
source:Code/Commando/dlgconfigvideotab.cpp,source,Code/Commando/dlgconfigvideotab.cpp,Code/Commando/dlgconfigvideotab.cpp,games/renegade/session,,,not_started,,parity,Source inventory only; split behavior before claiming whole-file parity
source:Code/Commando/dlgconfigvideotab.h,source,Code/Commando/dlgconfigvideotab.h,Code/Commando/dlgconfigvideotab.h,games/renegade/session,,,not_started,,parity,Source inventory only; split behavior before claiming whole-file parity
source:Code/Commando/dlgcontrols.cpp,source,Code/Commando/dlgcontrols.cpp,Code/Commando/dlgcontrols.cpp,games/renegade/session,,,not_started,,parity,Source inventory only; split behavior before claiming whole-file parity
source:Code/Commando/dlgcontrols.h,source,Code/Commando/dlgcontrols.h,Code/Commando/dlgcontrols.h,games/renegade/session,,,not_started,,parity,Source inventory only; split behavior before claiming whole-file parity
source:Code/Commando/dlgcontrolsaveload.cpp,source,Code/Commando/dlgcontrolsaveload.cpp,Code/Commando/dlgcontrolsaveload.cpp,games/renegade/session,,,not_started,,parity,Source inventory only; split behavior before claiming whole-file parity
source:Code/Commando/dlgcontrolsaveload.h,source,Code/Commando/dlgcontrolsaveload.h,Code/Commando/dlgcontrolsaveload.h,games/renegade/session,,,not_started,,parity,Source inventory only; split behavior before claiming whole-file parity
source:Code/Commando/dlgcontrolslisttab.cpp,source,Code/Commando/dlgcontrolslisttab.cpp,Code/Commando/dlgcontrolslisttab.cpp,games/renegade/session,,,not_started,,parity,Source inventory only; split behavior before claiming whole-file parity
source:Code/Commando/dlgcontrolslisttab.h,source,Code/Commando/dlgcontrolslisttab.h,Code/Commando/dlgcontrolslisttab.h,games/renegade/session,,,not_started,,parity,Source inventory only; split behavior before claiming whole-file parity
source:Code/Commando/dlgcontroltabs.cpp,source,Code/Commando/dlgcontroltabs.cpp,Code/Commando/dlgcontroltabs.cpp,games/renegade/session,,,not_started,,parity,Source inventory only; split behavior before claiming whole-file parity
source:Code/Commando/dlgcontroltabs.h,source,Code/Commando/dlgcontroltabs.h,Code/Commando/dlgcontroltabs.h,games/renegade/session,,,not_started,,parity,Source inventory only; split behavior before claiming whole-file parity
source:Code/Commando/dlgcredits.cpp,source,Code/Commando/dlgcredits.cpp,Code/Commando/dlgcredits.cpp,games/renegade/session,,,not_started,,parity,Source inventory only; split behavior before claiming whole-file parity
source:Code/Commando/dlgcredits.h,source,Code/Commando/dlgcredits.h,Code/Commando/dlgcredits.h,games/renegade/session,,,not_started,,parity,Source inventory only; split behavior before claiming whole-file parity
source:Code/Commando/dlgevabuildingstab.cpp,source,Code/Commando/dlgevabuildingstab.cpp,Code/Commando/dlgevabuildingstab.cpp,games/renegade/session,,,not_started,,parity,Source inventory only; split behavior before claiming whole-file parity
source:Code/Commando/dlgevabuildingstab.h,source,Code/Commando/dlgevabuildingstab.h,Code/Commando/dlgevabuildingstab.h,games/renegade/session,,,not_started,,parity,Source inventory only; split behavior before claiming whole-file parity
source:Code/Commando/dlgevacharacterstab.cpp,source,Code/Commando/dlgevacharacterstab.cpp,Code/Commando/dlgevacharacterstab.cpp,games/renegade/session,,,not_started,,parity,Source inventory only; split behavior before claiming whole-file parity
source:Code/Commando/dlgevacharacterstab.h,source,Code/Commando/dlgevacharacterstab.h,Code/Commando/dlgevacharacterstab.h,games/renegade/session,,,not_started,,parity,Source inventory only; split behavior before claiming whole-file parity
source:Code/Commando/dlgevadatatab.cpp,source,Code/Commando/dlgevadatatab.cpp,Code/Commando/dlgevadatatab.cpp,games/renegade/session,,,not_started,,parity,Source inventory only; split behavior before claiming whole-file parity
source:Code/Commando/dlgevadatatab.h,source,Code/Commando/dlgevadatatab.h,Code/Commando/dlgevadatatab.h,games/renegade/session,,,not_started,,parity,Source inventory only; split behavior before claiming whole-file parity
source:Code/Commando/dlgevaencyclopedia.cpp,source,Code/Commando/dlgevaencyclopedia.cpp,Code/Commando/dlgevaencyclopedia.cpp,games/renegade/session,,,not_started,,parity,Source inventory only; split behavior before claiming whole-file parity
source:Code/Commando/dlgevaencyclopedia.h,source,Code/Commando/dlgevaencyclopedia.h,Code/Commando/dlgevaencyclopedia.h,games/renegade/session,,,not_started,,parity,Source inventory only; split behavior before claiming whole-file parity
source:Code/Commando/dlgevamaptab.cpp,source,Code/Commando/dlgevamaptab.cpp,Code/Commando/dlgevamaptab.cpp,games/renegade/session,,,not_started,,parity,Source inventory only; split behavior before claiming whole-file parity
source:Code/Commando/dlgevamaptab.h,source,Code/Commando/dlgevamaptab.h,Code/Commando/dlgevamaptab.h,games/renegade/session,,,not_started,,parity,Source inventory only; split behavior before claiming whole-file parity
source:Code/Commando/dlgevaobjectivestab.cpp,source,Code/Commando/dlgevaobjectivestab.cpp,Code/Commando/dlgevaobjectivestab.cpp,games/renegade/session,,,not_started,,parity,Source inventory only; split behavior before claiming whole-file parity
source:Code/Commando/dlgevaobjectivestab.h,source,Code/Commando/dlgevaobjectivestab.h,Code/Commando/dlgevaobjectivestab.h,games/renegade/session,,,not_started,,parity,Source inventory only; split behavior before claiming whole-file parity
source:Code/Commando/dlgevavehiclestab.cpp,source,Code/Commando/dlgevavehiclestab.cpp,Code/Commando/dlgevavehiclestab.cpp,games/renegade/session,,,not_started,,parity,Source inventory only; split behavior before claiming whole-file parity
source:Code/Commando/dlgevavehiclestab.h,source,Code/Commando/dlgevavehiclestab.h,Code/Commando/dlgevavehiclestab.h,games/renegade/session,,,not_started,,parity,Source inventory only; split behavior before claiming whole-file parity
source:Code/Commando/dlgevaviewertab.cpp,source,Code/Commando/dlgevaviewertab.cpp,Code/Commando/dlgevaviewertab.cpp,games/renegade/session,,,not_started,,parity,Source inventory only; split behavior before claiming whole-file parity
source:Code/Commando/dlgevaviewertab.h,source,Code/Commando/dlgevaviewertab.h,Code/Commando/dlgevaviewertab.h,games/renegade/session,,,not_started,,parity,Source inventory only; split behavior before claiming whole-file parity
source:Code/Commando/dlgevaweaponstab.cpp,source,Code/Commando/dlgevaweaponstab.cpp,Code/Commando/dlgevaweaponstab.cpp,games/renegade/session,,,not_started,,parity,Source inventory only; split behavior before claiming whole-file parity
source:Code/Commando/dlgevaweaponstab.h,source,Code/Commando/dlgevaweaponstab.h,Code/Commando/dlgevaweaponstab.h,games/renegade/session,,,not_started,,parity,Source inventory only; split behavior before claiming whole-file parity
source:Code/Commando/dlghelpscreen.cpp,source,Code/Commando/dlghelpscreen.cpp,Code/Commando/dlghelpscreen.cpp,games/renegade/session,,,not_started,,parity,Source inventory only; split behavior before claiming whole-file parity
source:Code/Commando/dlghelpscreen.h,source,Code/Commando/dlghelpscreen.h,Code/Commando/dlghelpscreen.h,games/renegade/session,,,not_started,,parity,Source inventory only; split behavior before claiming whole-file parity
source:Code/Commando/dlginternetoptions.cpp,source,Code/Commando/dlginternetoptions.cpp,Code/Commando/dlginternetoptions.cpp,games/renegade/session,,,not_started,,parity,Source inventory only; split behavior before claiming whole-file parity
source:Code/Commando/dlginternetoptions.h,source,Code/Commando/dlginternetoptions.h,Code/Commando/dlginternetoptions.h,games/renegade/session,,,not_started,,parity,Source inventory only; split behavior before claiming whole-file parity
source:Code/Commando/dlgloadspgame.cpp,source,Code/Commando/dlgloadspgame.cpp,Code/Commando/dlgloadspgame.cpp,games/renegade/session,,,not_started,,parity,Source inventory only; split behavior before claiming whole-file parity
source:Code/Commando/dlgloadspgame.h,source,Code/Commando/dlgloadspgame.h,Code/Commando/dlgloadspgame.h,games/renegade/session,,,not_started,,parity,Source inventory only; split behavior before claiming whole-file parity
source:Code/Commando/dlgmainmenu.cpp,source,Code/Commando/dlgmainmenu.cpp,Code/Commando/dlgmainmenu.cpp,games/renegade/session,,,not_started,,parity,Source inventory only; split behavior before claiming whole-file parity
source:Code/Commando/dlgmainmenu.h,source,Code/Commando/dlgmainmenu.h,Code/Commando/dlgmainmenu.h,games/renegade/session,,,not_started,,parity,Source inventory only; split behavior before claiming whole-file parity
source:Code/Commando/dlgmovieoptions.cpp,source,Code/Commando/dlgmovieoptions.cpp,Code/Commando/dlgmovieoptions.cpp,games/renegade/session,,,not_started,,parity,Source inventory only; split behavior before claiming whole-file parity
source:Code/Commando/dlgmovieoptions.h,source,Code/Commando/dlgmovieoptions.h,Code/Commando/dlgmovieoptions.h,games/renegade/session,,,not_started,,parity,Source inventory only; split behavior before claiming whole-file parity
source:Code/Commando/dlgmpchangelannickname.cpp,source,Code/Commando/dlgmpchangelannickname.cpp,Code/Commando/dlgmpchangelannickname.cpp,games/renegade/session,,,not_started,,parity,Source inventory only; split behavior before claiming whole-file parity
source:Code/Commando/dlgmpchangelannickname.h,source,Code/Commando/dlgmpchangelannickname.h,Code/Commando/dlgmpchangelannickname.h,games/renegade/session,,,not_started,,parity,Source inventory only; split behavior before claiming whole-file parity
source:Code/Commando/dlgmpingamechat.cpp,source,Code/Commando/dlgmpingamechat.cpp,Code/Commando/dlgmpingamechat.cpp,games/renegade/session,,,not_started,,parity,Source inventory only; split behavior before claiming whole-file parity
source:Code/Commando/dlgmpingamechat.h,source,Code/Commando/dlgmpingamechat.h,Code/Commando/dlgmpingamechat.h,games/renegade/session,,,not_started,,parity,Source inventory only; split behavior before claiming whole-file parity
source:Code/Commando/dlgmpingameteamchat.cpp,source,Code/Commando/dlgmpingameteamchat.cpp,Code/Commando/dlgmpingameteamchat.cpp,games/renegade/session,,,not_started,,parity,Source inventory only; split behavior before claiming whole-file parity
source:Code/Commando/dlgmpingameteamchat.h,source,Code/Commando/dlgmpingameteamchat.h,Code/Commando/dlgmpingameteamchat.h,games/renegade/session,,,not_started,,parity,Source inventory only; split behavior before claiming whole-file parity
source:Code/Commando/dlgmplangamelist.cpp,source,Code/Commando/dlgmplangamelist.cpp,Code/Commando/dlgmplangamelist.cpp,games/renegade/session,,,not_started,,parity,Source inventory only; split behavior before claiming whole-file parity
source:Code/Commando/dlgmplangamelist.h,source,Code/Commando/dlgmplangamelist.h,Code/Commando/dlgmplangamelist.h,games/renegade/session,,,not_started,,parity,Source inventory only; split behavior before claiming whole-file parity
source:Code/Commando/dlgmplanhostoptions.cpp,source,Code/Commando/dlgmplanhostoptions.cpp,Code/Commando/dlgmplanhostoptions.cpp,games/renegade/session,,,not_started,,parity,Source inventory only; split behavior before claiming whole-file parity
source:Code/Commando/dlgmplanhostoptions.h,source,Code/Commando/dlgmplanhostoptions.h,Code/Commando/dlgmplanhostoptions.h,games/renegade/session,,,not_started,,parity,Source inventory only; split behavior before claiming whole-file parity
source:Code/Commando/dlgmpslaveservers.cpp,source,Code/Commando/dlgmpslaveservers.cpp,Code/Commando/dlgmpslaveservers.cpp,games/renegade/session,,,not_started,,parity,Source inventory only; split behavior before claiming whole-file parity
source:Code/Commando/dlgmpslaveservers.h,source,Code/Commando/dlgmpslaveservers.h,Code/Commando/dlgmpslaveservers.h,games/renegade/session,,,not_started,,parity,Source inventory only; split behavior before claiming whole-file parity
source:Code/Commando/dlgmpwoladdbuddy.cpp,source,Code/Commando/dlgmpwoladdbuddy.cpp,Code/Commando/dlgmpwoladdbuddy.cpp,games/renegade/session,,,not_started,,parity,Source inventory only; split behavior before claiming whole-file parity
source:Code/Commando/dlgmpwoladdbuddy.h,source,Code/Commando/dlgmpwoladdbuddy.h,Code/Commando/dlgmpwoladdbuddy.h,games/renegade/session,,,not_started,,parity,Source inventory only; split behavior before claiming whole-file parity
source:Code/Commando/dlgmpwoladdignoreentry.cpp,source,Code/Commando/dlgmpwoladdignoreentry.cpp,Code/Commando/dlgmpwoladdignoreentry.cpp,games/renegade/session,,,not_started,,parity,Source inventory only; split behavior before claiming whole-file parity
source:Code/Commando/dlgmpwoladdignoreentry.h,source,Code/Commando/dlgmpwoladdignoreentry.h,Code/Commando/dlgmpwoladdignoreentry.h,games/renegade/session,,,not_started,,parity,Source inventory only; split behavior before claiming whole-file parity
source:Code/Commando/dlgmpwolautologinprompt.cpp,source,Code/Commando/dlgmpwolautologinprompt.cpp,Code/Commando/dlgmpwolautologinprompt.cpp,games/renegade/session,,,not_started,,parity,Source inventory only; split behavior before claiming whole-file parity
source:Code/Commando/dlgmpwolautologinprompt.h,source,Code/Commando/dlgmpwolautologinprompt.h,Code/Commando/dlgmpwolautologinprompt.h,games/renegade/session,,,not_started,,parity,Source inventory only; split behavior before claiming whole-file parity
source:Code/Commando/dlgmpwolbuddies.cpp,source,Code/Commando/dlgmpwolbuddies.cpp,Code/Commando/dlgmpwolbuddies.cpp,games/renegade/session,,,not_started,,parity,Source inventory only; split behavior before claiming whole-file parity
source:Code/Commando/dlgmpwolbuddies.h,source,Code/Commando/dlgmpwolbuddies.h,Code/Commando/dlgmpwolbuddies.h,games/renegade/session,,,not_started,,parity,Source inventory only; split behavior before claiming whole-file parity
source:Code/Commando/dlgmpwolbuddylistpopup.cpp,source,Code/Commando/dlgmpwolbuddylistpopup.cpp,Code/Commando/dlgmpwolbuddylistpopup.cpp,games/renegade/session,,,not_started,,parity,Source inventory only; split behavior before claiming whole-file parity
source:Code/Commando/dlgmpwolbuddylistpopup.h,source,Code/Commando/dlgmpwolbuddylistpopup.h,Code/Commando/dlgmpwolbuddylistpopup.h,games/renegade/session,,,not_started,,parity,Source inventory only; split behavior before claiming whole-file parity
source:Code/Commando/dlgmpwolchat.cpp,source,Code/Commando/dlgmpwolchat.cpp,Code/Commando/dlgmpwolchat.cpp,games/renegade/session,,,not_started,,parity,Source inventory only; split behavior before claiming whole-file parity
source:Code/Commando/dlgmpwolchat.h,source,Code/Commando/dlgmpwolchat.h,Code/Commando/dlgmpwolchat.h,games/renegade/session,,,not_started,,parity,Source inventory only; split behavior before claiming whole-file parity
source:Code/Commando/dlgmpwoldeletebuddy.cpp,source,Code/Commando/dlgmpwoldeletebuddy.cpp,Code/Commando/dlgmpwoldeletebuddy.cpp,games/renegade/session,,,not_started,,parity,Source inventory only; split behavior before claiming whole-file parity
source:Code/Commando/dlgmpwoldeletebuddy.h,source,Code/Commando/dlgmpwoldeletebuddy.h,Code/Commando/dlgmpwoldeletebuddy.h,games/renegade/session,,,not_started,,parity,Source inventory only; split behavior before claiming whole-file parity
source:Code/Commando/dlgmpwoldeleteignoreentry.cpp,source,Code/Commando/dlgmpwoldeleteignoreentry.cpp,Code/Commando/dlgmpwoldeleteignoreentry.cpp,games/renegade/session,,,not_started,,parity,Source inventory only; split behavior before claiming whole-file parity
source:Code/Commando/dlgmpwoldeleteignoreentry.h,source,Code/Commando/dlgmpwoldeleteignoreentry.h,Code/Commando/dlgmpwoldeleteignoreentry.h,games/renegade/session,,,not_started,,parity,Source inventory only; split behavior before claiming whole-file parity
source:Code/Commando/dlgmpwolgamelist.cpp,source,Code/Commando/dlgmpwolgamelist.cpp,Code/Commando/dlgmpwolgamelist.cpp,games/renegade/session,,,not_started,,parity,Source inventory only; split behavior before claiming whole-file parity
source:Code/Commando/dlgmpwolgamelist.h,source,Code/Commando/dlgmpwolgamelist.h,Code/Commando/dlgmpwolgamelist.h,games/renegade/session,,,not_started,,parity,Source inventory only; split behavior before claiming whole-file parity
source:Code/Commando/dlgmpwolgoodies.cpp,source,Code/Commando/dlgmpwolgoodies.cpp,Code/Commando/dlgmpwolgoodies.cpp,games/renegade/session,,,not_started,,parity,Source inventory only; split behavior before claiming whole-file parity
source:Code/Commando/dlgmpwolgoodies.h,source,Code/Commando/dlgmpwolgoodies.h,Code/Commando/dlgmpwolgoodies.h,games/renegade/session,,,not_started,,parity,Source inventory only; split behavior before claiming whole-file parity
source:Code/Commando/dlgmpwolhostchatlobby.cpp,source,Code/Commando/dlgmpwolhostchatlobby.cpp,Code/Commando/dlgmpwolhostchatlobby.cpp,games/renegade/session,,,not_started,,parity,Source inventory only; split behavior before claiming whole-file parity
source:Code/Commando/dlgmpwolhostchatlobby.h,source,Code/Commando/dlgmpwolhostchatlobby.h,Code/Commando/dlgmpwolhostchatlobby.h,games/renegade/session,,,not_started,,parity,Source inventory only; split behavior before claiming whole-file parity
source:Code/Commando/dlgmpwolignorelist.cpp,source,Code/Commando/dlgmpwolignorelist.cpp,Code/Commando/dlgmpwolignorelist.cpp,games/renegade/session,,,not_started,,parity,Source inventory only; split behavior before claiming whole-file parity
source:Code/Commando/dlgmpwolignorelist.h,source,Code/Commando/dlgmpwolignorelist.h,Code/Commando/dlgmpwolignorelist.h,games/renegade/session,,,not_started,,parity,Source inventory only; split behavior before claiming whole-file parity
source:Code/Commando/dlgmpwolinvitation.cpp,source,Code/Commando/dlgmpwolinvitation.cpp,Code/Commando/dlgmpwolinvitation.cpp,games/renegade/session,,,not_started,,parity,Source inventory only; split behavior before claiming whole-file parity
source:Code/Commando/dlgmpwolinvitation.h,source,Code/Commando/dlgmpwolinvitation.h,Code/Commando/dlgmpwolinvitation.h,games/renegade/session,,,not_started,,parity,Source inventory only; split behavior before claiming whole-file parity
source:Code/Commando/dlgmpwollocalenag.cpp,source,Code/Commando/dlgmpwollocalenag.cpp,Code/Commando/dlgmpwollocalenag.cpp,games/renegade/session,,,not_started,,parity,Source inventory only; split behavior before claiming whole-file parity
source:Code/Commando/dlgmpwollocalenag.h,source,Code/Commando/dlgmpwollocalenag.h,Code/Commando/dlgmpwollocalenag.h,games/renegade/session,,,not_started,,parity,Source inventory only; split behavior before claiming whole-file parity
source:Code/Commando/dlgmpwolmain.cpp,source,Code/Commando/dlgmpwolmain.cpp,Code/Commando/dlgmpwolmain.cpp,games/renegade/session,,,not_started,,parity,Source inventory only; split behavior before claiming whole-file parity
source:Code/Commando/dlgmpwolmain.h,source,Code/Commando/dlgmpwolmain.h,Code/Commando/dlgmpwolmain.h,games/renegade/session,,,not_started,,parity,Source inventory only; split behavior before claiming whole-file parity
source:Code/Commando/dlgmpwolmotd.cpp,source,Code/Commando/dlgmpwolmotd.cpp,Code/Commando/dlgmpwolmotd.cpp,games/renegade/session,,,not_started,,parity,Source inventory only; split behavior before claiming whole-file parity
source:Code/Commando/dlgmpwolmotd.h,source,Code/Commando/dlgmpwolmotd.h,Code/Commando/dlgmpwolmotd.h,games/renegade/session,,,not_started,,parity,Source inventory only; split behavior before claiming whole-file parity
source:Code/Commando/dlgmpwolpagebuddy.cpp,source,Code/Commando/dlgmpwolpagebuddy.cpp,Code/Commando/dlgmpwolpagebuddy.cpp,games/renegade/session,,,not_started,,parity,Source inventory only; split behavior before claiming whole-file parity
source:Code/Commando/dlgmpwolpagebuddy.h,source,Code/Commando/dlgmpwolpagebuddy.h,Code/Commando/dlgmpwolpagebuddy.h,games/renegade/session,,,not_started,,parity,Source inventory only; split behavior before claiming whole-file parity
source:Code/Commando/dlgmpwolpagereply.cpp,source,Code/Commando/dlgmpwolpagereply.cpp,Code/Commando/dlgmpwolpagereply.cpp,games/renegade/session,,,not_started,,parity,Source inventory only; split behavior before claiming whole-file parity
source:Code/Commando/dlgmpwolpagereply.h,source,Code/Commando/dlgmpwolpagereply.h,Code/Commando/dlgmpwolpagereply.h,games/renegade/session,,,not_started,,parity,Source inventory only; split behavior before claiming whole-file parity
source:Code/Commando/dlgmpwolquickmatch.cpp,source,Code/Commando/dlgmpwolquickmatch.cpp,Code/Commando/dlgmpwolquickmatch.cpp,games/renegade/session,,,not_started,,parity,Source inventory only; split behavior before claiming whole-file parity
source:Code/Commando/dlgmpwolquickmatch.h,source,Code/Commando/dlgmpwolquickmatch.h,Code/Commando/dlgmpwolquickmatch.h,games/renegade/session,,,not_started,,parity,Source inventory only; split behavior before claiming whole-file parity
source:Code/Commando/dlgmpwolquickmatchoptions.cpp,source,Code/Commando/dlgmpwolquickmatchoptions.cpp,Code/Commando/dlgmpwolquickmatchoptions.cpp,games/renegade/session,,,not_started,,parity,Source inventory only; split behavior before claiming whole-file parity
source:Code/Commando/dlgmpwolquickmatchoptions.h,source,Code/Commando/dlgmpwolquickmatchoptions.h,Code/Commando/dlgmpwolquickmatchoptions.h,games/renegade/session,,,not_started,,parity,Source inventory only; split behavior before claiming whole-file parity
source:Code/Commando/dlgmultiplayoptions.cpp,source,Code/Commando/dlgmultiplayoptions.cpp,Code/Commando/dlgmultiplayoptions.cpp,games/renegade/session,,,not_started,,parity,Source inventory only; split behavior before claiming whole-file parity
source:Code/Commando/dlgmultiplayoptions.h,source,Code/Commando/dlgmultiplayoptions.h,Code/Commando/dlgmultiplayoptions.h,games/renegade/session,,,not_started,,parity,Source inventory only; split behavior before claiming whole-file parity
source:Code/Commando/dlgpreviewoptions.cpp,source,Code/Commando/dlgpreviewoptions.cpp,Code/Commando/dlgpreviewoptions.cpp,games/renegade/session,,,not_started,,parity,Source inventory only; split behavior before claiming whole-file parity
source:Code/Commando/dlgpreviewoptions.h,source,Code/Commando/dlgpreviewoptions.h,Code/Commando/dlgpreviewoptions.h,games/renegade/session,,,not_started,,parity,Source inventory only; split behavior before claiming whole-file parity
source:Code/Commando/dlgsavegame.cpp,source,Code/Commando/dlgsavegame.cpp,Code/Commando/dlgsavegame.cpp,games/renegade/session,,,not_started,,parity,Source inventory only; split behavior before claiming whole-file parity
source:Code/Commando/dlgsavegame.h,source,Code/Commando/dlgsavegame.h,Code/Commando/dlgsavegame.h,games/renegade/session,,,not_started,,parity,Source inventory only; split behavior before claiming whole-file parity
source:Code/Commando/dlgserversaveload.cpp,source,Code/Commando/dlgserversaveload.cpp,Code/Commando/dlgserversaveload.cpp,games/renegade/session,,,not_started,,parity,Source inventory only; split behavior before claiming whole-file parity
source:Code/Commando/dlgserversaveload.h,source,Code/Commando/dlgserversaveload.h,Code/Commando/dlgserversaveload.h,games/renegade/session,,,not_started,,parity,Source inventory only; split behavior before claiming whole-file parity
source:Code/Commando/dlgsidebarhelp.cpp,source,Code/Commando/dlgsidebarhelp.cpp,Code/Commando/dlgsidebarhelp.cpp,games/renegade/session,,,not_started,,parity,Source inventory only; split behavior before claiming whole-file parity
source:Code/Commando/dlgsidebarhelp.h,source,Code/Commando/dlgsidebarhelp.h,Code/Commando/dlgsidebarhelp.h,games/renegade/session,,,not_started,,parity,Source inventory only; split behavior before claiming whole-file parity
source:Code/Commando/dlgtechoptions.cpp,source,Code/Commando/dlgtechoptions.cpp,Code/Commando/dlgtechoptions.cpp,games/renegade/session,,,not_started,,parity,Source inventory only; split behavior before claiming whole-file parity
source:Code/Commando/dlgtechoptions.h,source,Code/Commando/dlgtechoptions.h,Code/Commando/dlgtechoptions.h,games/renegade/session,,,not_started,,parity,Source inventory only; split behavior before claiming whole-file parity
source:Code/Commando/donateevent.cpp,source,Code/Commando/donateevent.cpp,Code/Commando/donateevent.cpp,games/renegade/session,,,not_started,,parity,Source inventory only; split behavior before claiming whole-file parity
source:Code/Commando/donateevent.h,source,Code/Commando/donateevent.h,Code/Commando/donateevent.h,games/renegade/session,,,not_started,,parity,Source inventory only; split behavior before claiming whole-file parity
source:Code/Commando/evictionevent.cpp,source,Code/Commando/evictionevent.cpp,Code/Commando/evictionevent.cpp,games/renegade/session,,,not_started,,parity,Source inventory only; split behavior before claiming whole-file parity
source:Code/Commando/evictionevent.h,source,Code/Commando/evictionevent.h,Code/Commando/evictionevent.h,games/renegade/session,,,not_started,,parity,Source inventory only; split behavior before claiming whole-file parity
source:Code/Commando/floodprotectionmgr.cpp,source,Code/Commando/floodprotectionmgr.cpp,Code/Commando/floodprotectionmgr.cpp,games/renegade/session,,,not_started,,parity,Source inventory only; split behavior before claiming whole-file parity
source:Code/Commando/floodprotectionmgr.h,source,Code/Commando/floodprotectionmgr.h,Code/Commando/floodprotectionmgr.h,games/renegade/session,,,not_started,,parity,Source inventory only; split behavior before claiming whole-file parity
source:Code/Commando/gamechanlist.cpp,source,Code/Commando/gamechanlist.cpp,Code/Commando/gamechanlist.cpp,games/renegade/session,,,not_started,,parity,Source inventory only; split behavior before claiming whole-file parity
source:Code/Commando/gamechanlist.h,source,Code/Commando/gamechanlist.h,Code/Commando/gamechanlist.h,games/renegade/session,,,not_started,,parity,Source inventory only; split behavior before claiming whole-file parity
source:Code/Commando/gamechannel.cpp,source,Code/Commando/gamechannel.cpp,Code/Commando/gamechannel.cpp,games/renegade/session,,,not_started,,parity,Source inventory only; split behavior before claiming whole-file parity
source:Code/Commando/gamechannel.h,source,Code/Commando/gamechannel.h,Code/Commando/gamechannel.h,games/renegade/session,,,not_started,,parity,Source inventory only; split behavior before claiming whole-file parity
source:Code/Commando/gamedata.cpp,source,Code/Commando/gamedata.cpp,Code/Commando/gamedata.cpp,games/renegade/session,,,not_started,,parity,Source inventory only; split behavior before claiming whole-file parity
source:Code/Commando/gamedata.h,source,Code/Commando/gamedata.h,Code/Commando/gamedata.h,games/renegade/session,,,not_started,,parity,Source inventory only; split behavior before claiming whole-file parity
source:Code/Commando/gamedataupdateevent.cpp,source,Code/Commando/gamedataupdateevent.cpp,Code/Commando/gamedataupdateevent.cpp,games/renegade/session,,,not_started,,parity,Source inventory only; split behavior before claiming whole-file parity
source:Code/Commando/gamedataupdateevent.h,source,Code/Commando/gamedataupdateevent.h,Code/Commando/gamedataupdateevent.h,games/renegade/session,,,not_started,,parity,Source inventory only; split behavior before claiming whole-file parity
source:Code/Commando/gameinitmgr.cpp,source,Code/Commando/gameinitmgr.cpp,Code/Commando/gameinitmgr.cpp,games/renegade/session,,,not_started,,parity,Source inventory only; split behavior before claiming whole-file parity
source:Code/Commando/gameinitmgr.h,source,Code/Commando/gameinitmgr.h,Code/Commando/gameinitmgr.h,games/renegade/session,,,not_started,,parity,Source inventory only; split behavior before claiming whole-file parity
source:Code/Commando/gamemenu.cpp,source,Code/Commando/gamemenu.cpp,Code/Commando/gamemenu.cpp,games/renegade/session,,,not_started,,parity,Source inventory only; split behavior before claiming whole-file parity
source:Code/Commando/gamemenu.h,source,Code/Commando/gamemenu.h,Code/Commando/gamemenu.h,games/renegade/session,,,not_started,,parity,Source inventory only; split behavior before claiming whole-file parity
source:Code/Commando/gamemode.cpp,source,Code/Commando/gamemode.cpp,Code/Commando/gamemode.cpp,games/renegade/session,,,not_started,,parity,Source inventory only; split behavior before claiming whole-file parity
source:Code/Commando/gamemode.h,source,Code/Commando/gamemode.h,Code/Commando/gamemode.h,games/renegade/session,,,not_started,,parity,Source inventory only; split behavior before claiming whole-file parity
source:Code/Commando/gameoptionsevent.cpp,source,Code/Commando/gameoptionsevent.cpp,Code/Commando/gameoptionsevent.cpp,games/renegade/session,,,not_started,,parity,Source inventory only; split behavior before claiming whole-file parity
source:Code/Commando/gameoptionsevent.h,source,Code/Commando/gameoptionsevent.h,Code/Commando/gameoptionsevent.h,games/renegade/session,,,not_started,,parity,Source inventory only; split behavior before claiming whole-file parity
source:Code/Commando/gamesideservercontrol.cpp,source,Code/Commando/gamesideservercontrol.cpp,Code/Commando/gamesideservercontrol.cpp,games/renegade/session,,,not_started,,parity,Source inventory only; split behavior before claiming whole-file parity
source:Code/Commando/gamesideservercontrol.h,source,Code/Commando/gamesideservercontrol.h,Code/Commando/gamesideservercontrol.h,games/renegade/session,,,not_started,,parity,Source inventory only; split behavior before claiming whole-file parity
source:Code/Commando/gamespyadmin.cpp,source,Code/Commando/gamespyadmin.cpp,Code/Commando/gamespyadmin.cpp,games/renegade/session,,,not_started,,parity,Source inventory only; split behavior before claiming whole-file parity
source:Code/Commando/gamespyadmin.h,source,Code/Commando/gamespyadmin.h,Code/Commando/gamespyadmin.h,games/renegade/session,,,not_started,,parity,Source inventory only; split behavior before claiming whole-file parity
source:Code/Commando/gamespyauthmgr.cpp,source,Code/Commando/gamespyauthmgr.cpp,Code/Commando/gamespyauthmgr.cpp,games/renegade/session,,,not_started,,parity,Source inventory only; split behavior before claiming whole-file parity
source:Code/Commando/gamespyauthmgr.h,source,Code/Commando/gamespyauthmgr.h,Code/Commando/gamespyauthmgr.h,games/renegade/session,,,not_started,,parity,Source inventory only; split behavior before claiming whole-file parity
source:Code/Commando/gamespycschallengeresponseevent.cpp,source,Code/Commando/gamespycschallengeresponseevent.cpp,Code/Commando/gamespycschallengeresponseevent.cpp,games/renegade/session,,,not_started,,parity,Source inventory only; split behavior before claiming whole-file parity
source:Code/Commando/gamespycschallengeresponseevent.h,source,Code/Commando/gamespycschallengeresponseevent.h,Code/Commando/gamespycschallengeresponseevent.h,games/renegade/session,,,not_started,,parity,Source inventory only; split behavior before claiming whole-file parity
source:Code/Commando/gamespyscchallengeevent.cpp,source,Code/Commando/gamespyscchallengeevent.cpp,Code/Commando/gamespyscchallengeevent.cpp,games/renegade/session,,,not_started,,parity,Source inventory only; split behavior before claiming whole-file parity
source:Code/Commando/gamespyscchallengeevent.h,source,Code/Commando/gamespyscchallengeevent.h,Code/Commando/gamespyscchallengeevent.h,games/renegade/session,,,not_started,,parity,Source inventory only; split behavior before claiming whole-file parity
source:Code/Commando/gdcnc.cpp,source,Code/Commando/gdcnc.cpp,Code/Commando/gdcnc.cpp,games/renegade/session,,,not_started,,parity,Source inventory only; split behavior before claiming whole-file parity
source:Code/Commando/gdcnc.h,source,Code/Commando/gdcnc.h,Code/Commando/gdcnc.h,games/renegade/session,,,not_started,,parity,Source inventory only; split behavior before claiming whole-file parity
source:Code/Commando/gdsingleplayer.cpp,source,Code/Commando/gdsingleplayer.cpp,Code/Commando/gdsingleplayer.cpp,games/renegade/session,,,not_started,,parity,Source inventory only; split behavior before claiming whole-file parity
source:Code/Commando/gdsingleplayer.h,source,Code/Commando/gdsingleplayer.h,Code/Commando/gdsingleplayer.h,games/renegade/session,,,not_started,,parity,Source inventory only; split behavior before claiming whole-file parity
source:Code/Commando/gdskirmish.cpp,source,Code/Commando/gdskirmish.cpp,Code/Commando/gdskirmish.cpp,games/renegade/session,,,not_started,,parity,Source inventory only; split behavior before claiming whole-file parity
source:Code/Commando/gdskirmish.h,source,Code/Commando/gdskirmish.h,Code/Commando/gdskirmish.h,games/renegade/session,,,not_started,,parity,Source inventory only; split behavior before claiming whole-file parity
source:Code/Commando/god.cpp,source,Code/Commando/god.cpp,Code/Commando/god.cpp,games/renegade/session,,,not_started,,parity,Source inventory only; split behavior before claiming whole-file parity
source:Code/Commando/god.h,source,Code/Commando/god.h,Code/Commando/god.h,games/renegade/session,,,not_started,,parity,Source inventory only; split behavior before claiming whole-file parity
source:Code/Commando/godmodeevent.cpp,source,Code/Commando/godmodeevent.cpp,Code/Commando/godmodeevent.cpp,games/renegade/session,,,not_started,,parity,Source inventory only; split behavior before claiming whole-file parity
source:Code/Commando/godmodeevent.h,source,Code/Commando/godmodeevent.h,Code/Commando/godmodeevent.h,games/renegade/session,,,not_started,,parity,Source inventory only; split behavior before claiming whole-file parity
source:Code/Commando/init.cpp,source,Code/Commando/init.cpp,Code/Commando/init.cpp,games/renegade/session,,,not_started,,parity,Source inventory only; split behavior before claiming whole-file parity
source:Code/Commando/init.h,source,Code/Commando/init.h,Code/Commando/init.h,games/renegade/session,,,not_started,,parity,Source inventory only; split behavior before claiming whole-file parity
source:Code/Commando/inputconfig.cpp,source,Code/Commando/inputconfig.cpp,Code/Commando/inputconfig.cpp,games/renegade/session,,,not_started,,parity,Source inventory only; split behavior before claiming whole-file parity
source:Code/Commando/inputconfig.h,source,Code/Commando/inputconfig.h,Code/Commando/inputconfig.h,games/renegade/session,,,not_started,,parity,Source inventory only; split behavior before claiming whole-file parity
source:Code/Commando/inputconfigmgr.cpp,source,Code/Commando/inputconfigmgr.cpp,Code/Commando/inputconfigmgr.cpp,games/renegade/session,,,not_started,,parity,Source inventory only; split behavior before claiming whole-file parity
source:Code/Commando/inputconfigmgr.h,source,Code/Commando/inputconfigmgr.h,Code/Commando/inputconfigmgr.h,games/renegade/session,,,not_started,,parity,Source inventory only; split behavior before claiming whole-file parity
source:Code/Commando/lanchat.cpp,source,Code/Commando/lanchat.cpp,Code/Commando/lanchat.cpp,games/renegade/session,,,not_started,,parity,Source inventory only; split behavior before claiming whole-file parity
source:Code/Commando/lanchat.h,source,Code/Commando/lanchat.h,Code/Commando/lanchat.h,games/renegade/session,,,not_started,,parity,Source inventory only; split behavior before claiming whole-file parity
source:Code/Commando/langmode.cpp,source,Code/Commando/langmode.cpp,Code/Commando/langmode.cpp,games/renegade/session,,,not_started,,parity,Source inventory only; split behavior before claiming whole-file parity
source:Code/Commando/langmode.h,source,Code/Commando/langmode.h,Code/Commando/langmode.h,games/renegade/session,,,not_started,,parity,Source inventory only; split behavior before claiming whole-file parity
source:Code/Commando/lev_file.h,source,Code/Commando/lev_file.h,Code/Commando/lev_file.h,games/renegade/session,,,not_started,,parity,Source inventory only; split behavior before claiming whole-file parity
source:Code/Commando/level.cpp,source,Code/Commando/level.cpp,Code/Commando/level.cpp,games/renegade/session,,,not_started,,parity,Source inventory only; split behavior before claiming whole-file parity
source:Code/Commando/level.h,source,Code/Commando/level.h,Code/Commando/level.h,games/renegade/session,,,not_started,,parity,Source inventory only; split behavior before claiming whole-file parity
source:Code/Commando/loadingevent.cpp,source,Code/Commando/loadingevent.cpp,Code/Commando/loadingevent.cpp,games/renegade/session,,,not_started,,parity,Source inventory only; split behavior before claiming whole-file parity
source:Code/Commando/loadingevent.h,source,Code/Commando/loadingevent.h,Code/Commando/loadingevent.h,games/renegade/session,,,not_started,,parity,Source inventory only; split behavior before claiming whole-file parity
source:Code/Commando/mainloop.cpp,source,Code/Commando/mainloop.cpp,Code/Commando/mainloop.cpp,games/renegade/session,,,not_started,,parity,Source inventory only; split behavior before claiming whole-file parity
source:Code/Commando/mainloop.h,source,Code/Commando/mainloop.h,Code/Commando/mainloop.h,games/renegade/session,,,not_started,,parity,Source inventory only; split behavior before claiming whole-file parity
source:Code/Commando/mainmenutransition.cpp,source,Code/Commando/mainmenutransition.cpp,Code/Commando/mainmenutransition.cpp,games/renegade/session,,,not_started,,parity,Source inventory only; split behavior before claiming whole-file parity
source:Code/Commando/mainmenutransition.h,source,Code/Commando/mainmenutransition.h,Code/Commando/mainmenutransition.h,games/renegade/session,,,not_started,,parity,Source inventory only; split behavior before claiming whole-file parity
source:Code/Commando/messages.cpp,source,Code/Commando/messages.cpp,Code/Commando/messages.cpp,games/renegade/session,,,not_started,,parity,Source inventory only; split behavior before claiming whole-file parity
source:Code/Commando/modpackage.cpp,source,Code/Commando/modpackage.cpp,Code/Commando/modpackage.cpp,games/renegade/session,,,not_started,,parity,Source inventory only; split behavior before claiming whole-file parity
source:Code/Commando/modpackage.h,source,Code/Commando/modpackage.h,Code/Commando/modpackage.h,games/renegade/session,,,not_started,,parity,Source inventory only; split behavior before claiming whole-file parity
source:Code/Commando/modpackagemgr.cpp,source,Code/Commando/modpackagemgr.cpp,Code/Commando/modpackagemgr.cpp,games/renegade/session,,,not_started,,parity,Source inventory only; split behavior before claiming whole-file parity
source:Code/Commando/modpackagemgr.h,source,Code/Commando/modpackagemgr.h,Code/Commando/modpackagemgr.h,games/renegade/session,,,not_started,,parity,Source inventory only; split behavior before claiming whole-file parity
source:Code/Commando/moneyevent.cpp,source,Code/Commando/moneyevent.cpp,Code/Commando/moneyevent.cpp,games/renegade/session,,,not_started,,parity,Source inventory only; split behavior before claiming whole-file parity
source:Code/Commando/moneyevent.h,source,Code/Commando/moneyevent.h,Code/Commando/moneyevent.h,games/renegade/session,,,not_started,,parity,Source inventory only; split behavior before claiming whole-file parity
source:Code/Commando/movie.cpp,source,Code/Commando/movie.cpp,Code/Commando/movie.cpp,games/renegade/session,,,not_started,,parity,Source inventory only; split behavior before claiming whole-file parity
source:Code/Commando/movie.h,source,Code/Commando/movie.h,Code/Commando/movie.h,games/renegade/session,,,not_started,,parity,Source inventory only; split behavior before claiming whole-file parity
source:Code/Commando/mpsettingsmgr.cpp,source,Code/Commando/mpsettingsmgr.cpp,Code/Commando/mpsettingsmgr.cpp,games/renegade/session,,,not_started,,parity,Source inventory only; split behavior before claiming whole-file parity
source:Code/Commando/mpsettingsmgr.h,source,Code/Commando/mpsettingsmgr.h,Code/Commando/mpsettingsmgr.h,games/renegade/session,,,not_started,,parity,Source inventory only; split behavior before claiming whole-file parity
source:Code/Commando/multihud.cpp,source,Code/Commando/multihud.cpp,Code/Commando/multihud.cpp,games/renegade/session,,,not_started,,parity,Source inventory only; split behavior before claiming whole-file parity
source:Code/Commando/multihud.h,source,Code/Commando/multihud.h,Code/Commando/multihud.h,games/renegade/session,,,not_started,,parity,Source inventory only; split behavior before claiming whole-file parity
source:Code/Commando/nat.h,source,Code/Commando/nat.h,Code/Commando/nat.h,games/renegade/session,,,not_started,,parity,Source inventory only; split behavior before claiming whole-file parity
source:Code/Commando/nataddr.cpp,source,Code/Commando/nataddr.cpp,Code/Commando/nataddr.cpp,games/renegade/session,,,not_started,,parity,Source inventory only; split behavior before claiming whole-file parity
source:Code/Commando/nataddr.h,source,Code/Commando/nataddr.h,Code/Commando/nataddr.h,games/renegade/session,,,not_started,,parity,Source inventory only; split behavior before claiming whole-file parity
source:Code/Commando/natsock.cpp,source,Code/Commando/natsock.cpp,Code/Commando/natsock.cpp,games/renegade/session,,,not_started,,parity,Source inventory only; split behavior before claiming whole-file parity
source:Code/Commando/natsock.h,source,Code/Commando/natsock.h,Code/Commando/natsock.h,games/renegade/session,,,not_started,,parity,Source inventory only; split behavior before claiming whole-file parity
source:Code/Commando/natter.cpp,source,Code/Commando/natter.cpp,Code/Commando/natter.cpp,games/renegade/session,,,not_started,,parity,Source inventory only; split behavior before claiming whole-file parity
source:Code/Commando/natter.h,source,Code/Commando/natter.h,Code/Commando/natter.h,games/renegade/session,,,not_started,,parity,Source inventory only; split behavior before claiming whole-file parity
source:Code/Commando/netevent.cpp,source,Code/Commando/netevent.cpp,Code/Commando/netevent.cpp,games/renegade/session,,,not_started,,parity,Source inventory only; split behavior before claiming whole-file parity
source:Code/Commando/netevent.h,source,Code/Commando/netevent.h,Code/Commando/netevent.h,games/renegade/session,,,not_started,,parity,Source inventory only; split behavior before claiming whole-file parity
source:Code/Commando/netgraphs.cpp,source,Code/Commando/netgraphs.cpp,Code/Commando/netgraphs.cpp,games/renegade/session,,,not_started,,parity,Source inventory only; split behavior before claiming whole-file parity
source:Code/Commando/nethandler.cpp,source,Code/Commando/nethandler.cpp,Code/Commando/nethandler.cpp,games/renegade/session,,,not_started,,parity,Source inventory only; split behavior before claiming whole-file parity
source:Code/Commando/nethandler.h,source,Code/Commando/nethandler.h,Code/Commando/nethandler.h,games/renegade/session,,,not_started,,parity,Source inventory only; split behavior before claiming whole-file parity
source:Code/Commando/netinterface.cpp,source,Code/Commando/netinterface.cpp,Code/Commando/netinterface.cpp,games/renegade/session,,,not_started,,parity,Source inventory only; split behavior before claiming whole-file parity
source:Code/Commando/netinterface.h,source,Code/Commando/netinterface.h,Code/Commando/netinterface.h,games/renegade/session,,,not_started,,parity,Source inventory only; split behavior before claiming whole-file parity
source:Code/Commando/nettgas.h,source,Code/Commando/nettgas.h,Code/Commando/nettgas.h,games/renegade/session,,,not_started,,parity,Source inventory only; split behavior before claiming whole-file parity
source:Code/Commando/nicenum.cpp,source,Code/Commando/nicenum.cpp,Code/Commando/nicenum.cpp,games/renegade/session,,,not_started,,parity,Source inventory only; split behavior before claiming whole-file parity
source:Code/Commando/nicenum.h,source,Code/Commando/nicenum.h,Code/Commando/nicenum.h,games/renegade/session,,,not_started,,parity,Source inventory only; split behavior before claiming whole-file parity
source:Code/Commando/overlay.cpp,source,Code/Commando/overlay.cpp,Code/Commando/overlay.cpp,games/renegade/session,,,not_started,,parity,Source inventory only; split behavior before claiming whole-file parity
source:Code/Commando/overlay.h,source,Code/Commando/overlay.h,Code/Commando/overlay.h,games/renegade/session,,,not_started,,parity,Source inventory only; split behavior before claiming whole-file parity
source:Code/Commando/pkthandlers.cpp,source,Code/Commando/pkthandlers.cpp,Code/Commando/pkthandlers.cpp,games/renegade/session,,,not_started,,parity,Source inventory only; split behavior before claiming whole-file parity
source:Code/Commando/player.cpp,source,Code/Commando/player.cpp,Code/Commando/player.cpp,games/renegade/session,,,not_started,,parity,Source inventory only; split behavior before claiming whole-file parity
source:Code/Commando/player.h,source,Code/Commando/player.h,Code/Commando/player.h,games/renegade/session,,,not_started,,parity,Source inventory only; split behavior before claiming whole-file parity
source:Code/Commando/playerkill.cpp,source,Code/Commando/playerkill.cpp,Code/Commando/playerkill.cpp,games/renegade/session,,,not_started,,parity,Source inventory only; split behavior before claiming whole-file parity
source:Code/Commando/playerkill.h,source,Code/Commando/playerkill.h,Code/Commando/playerkill.h,games/renegade/session,,,not_started,,parity,Source inventory only; split behavior before claiming whole-file parity
source:Code/Commando/playermanager.cpp,source,Code/Commando/playermanager.cpp,Code/Commando/playermanager.cpp,games/renegade/session,,,not_started,,parity,Source inventory only; split behavior before claiming whole-file parity
source:Code/Commando/playermanager.h,source,Code/Commando/playermanager.h,Code/Commando/playermanager.h,games/renegade/session,,,not_started,,parity,Source inventory only; split behavior before claiming whole-file parity
source:Code/Commando/priority.cpp,source,Code/Commando/priority.cpp,Code/Commando/priority.cpp,games/renegade/session,,,not_started,,parity,Source inventory only; split behavior before claiming whole-file parity
source:Code/Commando/priority.h,source,Code/Commando/priority.h,Code/Commando/priority.h,games/renegade/session,,,not_started,,parity,Source inventory only; split behavior before claiming whole-file parity
source:Code/Commando/purchaserequestevent.cpp,source,Code/Commando/purchaserequestevent.cpp,Code/Commando/purchaserequestevent.cpp,games/renegade/session,,,not_started,,parity,Source inventory only; split behavior before claiming whole-file parity
source:Code/Commando/purchaserequestevent.h,source,Code/Commando/purchaserequestevent.h,Code/Commando/purchaserequestevent.h,games/renegade/session,,,not_started,,parity,Source inventory only; split behavior before claiming whole-file parity
source:Code/Commando/purchaseresponseevent.cpp,source,Code/Commando/purchaseresponseevent.cpp,Code/Commando/purchaseresponseevent.cpp,games/renegade/session,,,not_started,,parity,Source inventory only; split behavior before claiming whole-file parity
source:Code/Commando/purchaseresponseevent.h,source,Code/Commando/purchaseresponseevent.h,Code/Commando/purchaseresponseevent.h,games/renegade/session,,,not_started,,parity,Source inventory only; split behavior before claiming whole-file parity
source:Code/Commando/radiocommanddisplay.cpp,source,Code/Commando/radiocommanddisplay.cpp,Code/Commando/radiocommanddisplay.cpp,games/renegade/session,,,not_started,,parity,Source inventory only; split behavior before claiming whole-file parity
source:Code/Commando/radiocommanddisplay.h,source,Code/Commando/radiocommanddisplay.h,Code/Commando/radiocommanddisplay.h,games/renegade/session,,,not_started,,parity,Source inventory only; split behavior before claiming whole-file parity
source:Code/Commando/regbool.cpp,source,Code/Commando/regbool.cpp,Code/Commando/regbool.cpp,games/renegade/session,,,not_started,,parity,Source inventory only; split behavior before claiming whole-file parity
source:Code/Commando/regbool.h,source,Code/Commando/regbool.h,Code/Commando/regbool.h,games/renegade/session,,,not_started,,parity,Source inventory only; split behavior before claiming whole-file parity
source:Code/Commando/regfloat.cpp,source,Code/Commando/regfloat.cpp,Code/Commando/regfloat.cpp,games/renegade/session,,,not_started,,parity,Source inventory only; split behavior before claiming whole-file parity
source:Code/Commando/regfloat.h,source,Code/Commando/regfloat.h,Code/Commando/regfloat.h,games/renegade/session,,,not_started,,parity,Source inventory only; split behavior before claiming whole-file parity
source:Code/Commando/regint.cpp,source,Code/Commando/regint.cpp,Code/Commando/regint.cpp,games/renegade/session,,,not_started,,parity,Source inventory only; split behavior before claiming whole-file parity
source:Code/Commando/regint.h,source,Code/Commando/regint.h,Code/Commando/regint.h,games/renegade/session,,,not_started,,parity,Source inventory only; split behavior before claiming whole-file parity
source:Code/Commando/regstring.cpp,source,Code/Commando/regstring.cpp,Code/Commando/regstring.cpp,games/renegade/session,,,not_started,,parity,Source inventory only; split behavior before claiming whole-file parity
source:Code/Commando/regstring.h,source,Code/Commando/regstring.h,Code/Commando/regstring.h,games/renegade/session,,,not_started,,parity,Source inventory only; split behavior before claiming whole-file parity
source:Code/Commando/renegadecheatmgr.cpp,source,Code/Commando/renegadecheatmgr.cpp,Code/Commando/renegadecheatmgr.cpp,games/renegade/session,,,not_started,,parity,Source inventory only; split behavior before claiming whole-file parity
source:Code/Commando/renegadecheatmgr.h,source,Code/Commando/renegadecheatmgr.h,Code/Commando/renegadecheatmgr.h,games/renegade/session,,,not_started,,parity,Source inventory only; split behavior before claiming whole-file parity
source:Code/Commando/renegadedialogmgr.cpp,source,Code/Commando/renegadedialogmgr.cpp,Code/Commando/renegadedialogmgr.cpp,games/renegade/session,,,not_started,,parity,Source inventory only; split behavior before claiming whole-file parity
source:Code/Commando/renegadedialogmgr.h,source,Code/Commando/renegadedialogmgr.h,Code/Commando/renegadedialogmgr.h,games/renegade/session,,,not_started,,parity,Source inventory only; split behavior before claiming whole-file parity
source:Code/Commando/renegadeplayerterminal.cpp,source,Code/Commando/renegadeplayerterminal.cpp,Code/Commando/renegadeplayerterminal.cpp,games/renegade/session,,,not_started,,parity,Source inventory only; split behavior before claiming whole-file parity
source:Code/Commando/renegadeplayerterminal.h,source,Code/Commando/renegadeplayerterminal.h,Code/Commando/renegadeplayerterminal.h,games/renegade/session,,,not_started,,parity,Source inventory only; split behavior before claiming whole-file parity
source:Code/Commando/requestkillevent.cpp,source,Code/Commando/requestkillevent.cpp,Code/Commando/requestkillevent.cpp,games/renegade/session,,,not_started,,parity,Source inventory only; split behavior before claiming whole-file parity
source:Code/Commando/requestkillevent.h,source,Code/Commando/requestkillevent.h,Code/Commando/requestkillevent.h,games/renegade/session,,,not_started,,parity,Source inventory only; split behavior before claiming whole-file parity
source:Code/Commando/resource.h,source,Code/Commando/resource.h,Code/Commando/resource.h,games/renegade/session,,,not_started,,parity,Source inventory only; split behavior before claiming whole-file parity
source:Code/Commando/sbbomanager.cpp,source,Code/Commando/sbbomanager.cpp,Code/Commando/sbbomanager.cpp,games/renegade/session,,,not_started,,parity,Source inventory only; split behavior before claiming whole-file parity
source:Code/Commando/sbbomanager.h,source,Code/Commando/sbbomanager.h,Code/Commando/sbbomanager.h,games/renegade/session,,,not_started,,parity,Source inventory only; split behavior before claiming whole-file parity
source:Code/Commando/scoreevent.cpp,source,Code/Commando/scoreevent.cpp,Code/Commando/scoreevent.cpp,games/renegade/session,,,not_started,,parity,Source inventory only; split behavior before claiming whole-file parity
source:Code/Commando/scoreevent.h,source,Code/Commando/scoreevent.h,Code/Commando/scoreevent.h,games/renegade/session,,,not_started,,parity,Source inventory only; split behavior before claiming whole-file parity
source:Code/Commando/scorescreen.cpp,source,Code/Commando/scorescreen.cpp,Code/Commando/scorescreen.cpp,games/renegade/session,,,not_started,,parity,Source inventory only; split behavior before claiming whole-file parity
source:Code/Commando/scorescreen.h,source,Code/Commando/scorescreen.h,Code/Commando/scorescreen.h,games/renegade/session,,,not_started,,parity,Source inventory only; split behavior before claiming whole-file parity
source:Code/Commando/scpingresponseevent.cpp,source,Code/Commando/scpingresponseevent.cpp,Code/Commando/scpingresponseevent.cpp,games/renegade/session,,,not_started,,parity,Source inventory only; split behavior before claiming whole-file parity
source:Code/Commando/scpingresponseevent.h,source,Code/Commando/scpingresponseevent.h,Code/Commando/scpingresponseevent.h,games/renegade/session,,,not_started,,parity,Source inventory only; split behavior before claiming whole-file parity
source:Code/Commando/sctextobj.cpp,source,Code/Commando/sctextobj.cpp,Code/Commando/sctextobj.cpp,games/renegade/session,,,not_started,,parity,Source inventory only; split behavior before claiming whole-file parity
source:Code/Commando/sctextobj.h,source,Code/Commando/sctextobj.h,Code/Commando/sctextobj.h,games/renegade/session,,,not_started,,parity,Source inventory only; split behavior before claiming whole-file parity
source:Code/Commando/serverfps.cpp,source,Code/Commando/serverfps.cpp,Code/Commando/serverfps.cpp,games/renegade/session,,,not_started,,parity,Source inventory only; split behavior before claiming whole-file parity
source:Code/Commando/serverfps.h,source,Code/Commando/serverfps.h,Code/Commando/serverfps.h,games/renegade/session,,,not_started,,parity,Source inventory only; split behavior before claiming whole-file parity
source:Code/Commando/shutdown.cpp,source,Code/Commando/shutdown.cpp,Code/Commando/shutdown.cpp,games/renegade/session,,,not_started,,parity,Source inventory only; split behavior before claiming whole-file parity
source:Code/Commando/shutdown.h,source,Code/Commando/shutdown.h,Code/Commando/shutdown.h,games/renegade/session,,,not_started,,parity,Source inventory only; split behavior before claiming whole-file parity
source:Code/Commando/singletoninstancekeeper.cpp,source,Code/Commando/singletoninstancekeeper.cpp,Code/Commando/singletoninstancekeeper.cpp,games/renegade/session,,,not_started,,parity,Source inventory only; split behavior before claiming whole-file parity
source:Code/Commando/singletoninstancekeeper.h,source,Code/Commando/singletoninstancekeeper.h,Code/Commando/singletoninstancekeeper.h,games/renegade/session,,,not_started,,parity,Source inventory only; split behavior before claiming whole-file parity
source:Code/Commando/skinpackage.cpp,source,Code/Commando/skinpackage.cpp,Code/Commando/skinpackage.cpp,games/renegade/session,,,not_started,,parity,Source inventory only; split behavior before claiming whole-file parity
source:Code/Commando/skinpackage.h,source,Code/Commando/skinpackage.h,Code/Commando/skinpackage.h,games/renegade/session,,,not_started,,parity,Source inventory only; split behavior before claiming whole-file parity
source:Code/Commando/skinpackagemgr.cpp,source,Code/Commando/skinpackagemgr.cpp,Code/Commando/skinpackagemgr.cpp,games/renegade/session,,,not_started,,parity,Source inventory only; split behavior before claiming whole-file parity
source:Code/Commando/skinpackagemgr.h,source,Code/Commando/skinpackagemgr.h,Code/Commando/skinpackagemgr.h,games/renegade/session,,,not_started,,parity,Source inventory only; split behavior before claiming whole-file parity
source:Code/Commando/slavemaster.cpp,source,Code/Commando/slavemaster.cpp,Code/Commando/slavemaster.cpp,games/renegade/session,,,not_started,,parity,Source inventory only; split behavior before claiming whole-file parity
source:Code/Commando/slavemaster.h,source,Code/Commando/slavemaster.h,Code/Commando/slavemaster.h,games/renegade/session,,,not_started,,parity,Source inventory only; split behavior before claiming whole-file parity
source:Code/Commando/suicideevent.cpp,source,Code/Commando/suicideevent.cpp,Code/Commando/suicideevent.cpp,games/renegade/session,,,not_started,,parity,Source inventory only; split behavior before claiming whole-file parity
source:Code/Commando/suicideevent.h,source,Code/Commando/suicideevent.h,Code/Commando/suicideevent.h,games/renegade/session,,,not_started,,parity,Source inventory only; split behavior before claiming whole-file parity
source:Code/Commando/svrgoodbyeevent.cpp,source,Code/Commando/svrgoodbyeevent.cpp,Code/Commando/svrgoodbyeevent.cpp,games/renegade/session,,,not_started,,parity,Source inventory only; split behavior before claiming whole-file parity
source:Code/Commando/svrgoodbyeevent.h,source,Code/Commando/svrgoodbyeevent.h,Code/Commando/svrgoodbyeevent.h,games/renegade/session,,,not_started,,parity,Source inventory only; split behavior before claiming whole-file parity
source:Code/Commando/systemsettings.cpp,source,Code/Commando/systemsettings.cpp,Code/Commando/systemsettings.cpp,games/renegade/session,,,not_started,,parity,Source inventory only; split behavior before claiming whole-file parity
source:Code/Commando/systemsettings.h,source,Code/Commando/systemsettings.h,Code/Commando/systemsettings.h,games/renegade/session,,,not_started,,parity,Source inventory only; split behavior before claiming whole-file parity
source:Code/Commando/team.cpp,source,Code/Commando/team.cpp,Code/Commando/team.cpp,games/renegade/session,,,not_started,,parity,Source inventory only; split behavior before claiming whole-file parity
source:Code/Commando/team.h,source,Code/Commando/team.h,Code/Commando/team.h,games/renegade/session,,,not_started,,parity,Source inventory only; split behavior before claiming whole-file parity
source:Code/Commando/teammanager.cpp,source,Code/Commando/teammanager.cpp,Code/Commando/teammanager.cpp,games/renegade/session,,,not_started,,parity,Source inventory only; split behavior before claiming whole-file parity
source:Code/Commando/teammanager.h,source,Code/Commando/teammanager.h,Code/Commando/teammanager.h,games/renegade/session,,,not_started,,parity,Source inventory only; split behavior before claiming whole-file parity
source:Code/Commando/textdisplay.cpp,source,Code/Commando/textdisplay.cpp,Code/Commando/textdisplay.cpp,games/renegade/session,,,not_started,,parity,Source inventory only; split behavior before claiming whole-file parity
source:Code/Commando/textdisplay.h,source,Code/Commando/textdisplay.h,Code/Commando/textdisplay.h,games/renegade/session,,,not_started,,parity,Source inventory only; split behavior before claiming whole-file parity
source:Code/Commando/useroptions.cpp,source,Code/Commando/useroptions.cpp,Code/Commando/useroptions.cpp,games/renegade/session,,,not_started,,parity,Source inventory only; split behavior before claiming whole-file parity
source:Code/Commando/useroptions.h,source,Code/Commando/useroptions.h,Code/Commando/useroptions.h,games/renegade/session,,,not_started,,parity,Source inventory only; split behavior before claiming whole-file parity
source:Code/Commando/vendor.cpp,source,Code/Commando/vendor.cpp,Code/Commando/vendor.cpp,games/renegade/session,,,not_started,,parity,Source inventory only; split behavior before claiming whole-file parity
source:Code/Commando/vendor.h,source,Code/Commando/vendor.h,Code/Commando/vendor.h,games/renegade/session,,,not_started,,parity,Source inventory only; split behavior before claiming whole-file parity
source:Code/Commando/vipmodeevent.cpp,source,Code/Commando/vipmodeevent.cpp,Code/Commando/vipmodeevent.cpp,games/renegade/session,,,not_started,,parity,Source inventory only; split behavior before claiming whole-file parity
source:Code/Commando/vipmodeevent.h,source,Code/Commando/vipmodeevent.h,Code/Commando/vipmodeevent.h,games/renegade/session,,,not_started,,parity,Source inventory only; split behavior before claiming whole-file parity
source:Code/Commando/warpevent.cpp,source,Code/Commando/warpevent.cpp,Code/Commando/warpevent.cpp,games/renegade/session,,,not_started,,parity,Source inventory only; split behavior before claiming whole-file parity
source:Code/Commando/warpevent.h,source,Code/Commando/warpevent.h,Code/Commando/warpevent.h,games/renegade/session,,,not_started,,parity,Source inventory only; split behavior before claiming whole-file parity
source:Code/Commando/winevent.cpp,source,Code/Commando/winevent.cpp,Code/Commando/winevent.cpp,games/renegade/session,,,not_started,,parity,Source inventory only; split behavior before claiming whole-file parity
source:Code/Commando/winevent.h,source,Code/Commando/winevent.h,Code/Commando/winevent.h,games/renegade/session,,,not_started,,parity,Source inventory only; split behavior before claiming whole-file parity
source:Code/Commando/wolgmode.cpp,source,Code/Commando/wolgmode.cpp,Code/Commando/wolgmode.cpp,games/renegade/session,,,not_started,,parity,Source inventory only; split behavior before claiming whole-file parity
source:Code/Commando/wolgmode.h,source,Code/Commando/wolgmode.h,Code/Commando/wolgmode.h,games/renegade/session,,,not_started,,parity,Source inventory only; split behavior before claiming whole-file parity
source:Code/Commando/wollocalemgr.cpp,source,Code/Commando/wollocalemgr.cpp,Code/Commando/wollocalemgr.cpp,games/renegade/session,,,not_started,,parity,Source inventory only; split behavior before claiming whole-file parity
source:Code/Commando/wollocalemgr.h,source,Code/Commando/wollocalemgr.h,Code/Commando/wollocalemgr.h,games/renegade/session,,,not_started,,parity,Source inventory only; split behavior before claiming whole-file parity
source:Code/Installer/CardSelectionDialog.cpp,source,Code/Installer/CardSelectionDialog.cpp,Code/Installer/CardSelectionDialog.cpp,games/renegade/migration,,,not_started,,parity,Source inventory only; split behavior before claiming whole-file parity
source:Code/Installer/CardSelectionDialog.h,source,Code/Installer/CardSelectionDialog.h,Code/Installer/CardSelectionDialog.h,games/renegade/migration,,,not_started,,parity,Source inventory only; split behavior before claiming whole-file parity
source:Code/Installer/CodeControl.h,source,Code/Installer/CodeControl.h,Code/Installer/CodeControl.h,games/renegade/migration,,,not_started,,parity,Source inventory only; split behavior before claiming whole-file parity
source:Code/Installer/CopyDialog.cpp,source,Code/Installer/CopyDialog.cpp,Code/Installer/CopyDialog.cpp,games/renegade/migration,,,not_started,,parity,Source inventory only; split behavior before claiming whole-file parity
source:Code/Installer/CopyDialog.h,source,Code/Installer/CopyDialog.h,Code/Installer/CopyDialog.h,games/renegade/migration,,,not_started,,parity,Source inventory only; split behavior before claiming whole-file parity
source:Code/Installer/CopyThread.cpp,source,Code/Installer/CopyThread.cpp,Code/Installer/CopyThread.cpp,games/renegade/migration,,,not_started,,parity,Source inventory only; split behavior before claiming whole-file parity
source:Code/Installer/CopyThread.h,source,Code/Installer/CopyThread.h,Code/Installer/CopyThread.h,games/renegade/migration,,,not_started,,parity,Source inventory only; split behavior before claiming whole-file parity
source:Code/Installer/DirectoryBrowser.cpp,source,Code/Installer/DirectoryBrowser.cpp,Code/Installer/DirectoryBrowser.cpp,games/renegade/migration,,,not_started,,parity,Source inventory only; split behavior before claiming whole-file parity
source:Code/Installer/DirectoryBrowser.h,source,Code/Installer/DirectoryBrowser.h,Code/Installer/DirectoryBrowser.h,games/renegade/migration,,,not_started,,parity,Source inventory only; split behavior before claiming whole-file parity
source:Code/Installer/DirectoryDialog.cpp,source,Code/Installer/DirectoryDialog.cpp,Code/Installer/DirectoryDialog.cpp,games/renegade/migration,,,not_started,,parity,Source inventory only; split behavior before claiming whole-file parity
source:Code/Installer/DirectoryDialog.h,source,Code/Installer/DirectoryDialog.h,Code/Installer/DirectoryDialog.h,games/renegade/migration,,,not_started,,parity,Source inventory only; split behavior before claiming whole-file parity
source:Code/Installer/ErrorHandler.cpp,source,Code/Installer/ErrorHandler.cpp,Code/Installer/ErrorHandler.cpp,games/renegade/migration,,,not_started,,parity,Source inventory only; split behavior before claiming whole-file parity
source:Code/Installer/ErrorHandler.h,source,Code/Installer/ErrorHandler.h,Code/Installer/ErrorHandler.h,games/renegade/migration,,,not_started,,parity,Source inventory only; split behavior before claiming whole-file parity
source:Code/Installer/FinalDialog.cpp,source,Code/Installer/FinalDialog.cpp,Code/Installer/FinalDialog.cpp,games/renegade/migration,,,not_started,,parity,Source inventory only; split behavior before claiming whole-file parity
source:Code/Installer/FinalDialog.h,source,Code/Installer/FinalDialog.h,Code/Installer/FinalDialog.h,games/renegade/migration,,,not_started,,parity,Source inventory only; split behavior before claiming whole-file parity
source:Code/Installer/FolderDialog.cpp,source,Code/Installer/FolderDialog.cpp,Code/Installer/FolderDialog.cpp,games/renegade/migration,,,not_started,,parity,Source inventory only; split behavior before claiming whole-file parity
source:Code/Installer/FolderDialog.h,source,Code/Installer/FolderDialog.h,Code/Installer/FolderDialog.h,games/renegade/migration,,,not_started,,parity,Source inventory only; split behavior before claiming whole-file parity
source:Code/Installer/InstallMenuDialog.cpp,source,Code/Installer/InstallMenuDialog.cpp,Code/Installer/InstallMenuDialog.cpp,games/renegade/migration,,,not_started,,parity,Source inventory only; split behavior before claiming whole-file parity
source:Code/Installer/InstallMenuDialog.h,source,Code/Installer/InstallMenuDialog.h,Code/Installer/InstallMenuDialog.h,games/renegade/migration,,,not_started,,parity,Source inventory only; split behavior before claiming whole-file parity
source:Code/Installer/Installer.cpp,source,Code/Installer/Installer.cpp,Code/Installer/Installer.cpp,games/renegade/migration,,,not_started,,parity,Source inventory only; split behavior before claiming whole-file parity
source:Code/Installer/Installer.dsp,source,Code/Installer/Installer.dsp,Code/Installer/Installer.dsp,games/renegade/migration,,,not_started,,parity,Source inventory only; split behavior before claiming whole-file parity
source:Code/Installer/Installer.h,source,Code/Installer/Installer.h,Code/Installer/Installer.h,games/renegade/migration,,,not_started,,parity,Source inventory only; split behavior before claiming whole-file parity
source:Code/Installer/Installer.rc,source,Code/Installer/Installer.rc,Code/Installer/Installer.rc,games/renegade/migration,,,not_started,,parity,Source inventory only; split behavior before claiming whole-file parity
source:Code/Installer/LicenseDialog.cpp,source,Code/Installer/LicenseDialog.cpp,Code/Installer/LicenseDialog.cpp,games/renegade/migration,,,not_started,,parity,Source inventory only; split behavior before claiming whole-file parity
source:Code/Installer/LicenseDialog.h,source,Code/Installer/LicenseDialog.h,Code/Installer/LicenseDialog.h,games/renegade/migration,,,not_started,,parity,Source inventory only; split behavior before claiming whole-file parity
source:Code/Installer/MessageBox.cpp,source,Code/Installer/MessageBox.cpp,Code/Installer/MessageBox.cpp,games/renegade/migration,,,not_started,,parity,Source inventory only; split behavior before claiming whole-file parity
source:Code/Installer/MessageBox.h,source,Code/Installer/MessageBox.h,Code/Installer/MessageBox.h,games/renegade/migration,,,not_started,,parity,Source inventory only; split behavior before claiming whole-file parity
source:Code/Installer/RAMFileFactory.cpp,source,Code/Installer/RAMFileFactory.cpp,Code/Installer/RAMFileFactory.cpp,games/renegade/migration,,,not_started,,parity,Source inventory only; split behavior before claiming whole-file parity
source:Code/Installer/RAMFileFactory.h,source,Code/Installer/RAMFileFactory.h,Code/Installer/RAMFileFactory.h,games/renegade/migration,,,not_started,,parity,Source inventory only; split behavior before claiming whole-file parity
source:Code/Installer/RegistryManager.cpp,source,Code/Installer/RegistryManager.cpp,Code/Installer/RegistryManager.cpp,games/renegade/migration,,,not_started,,parity,Source inventory only; split behavior before claiming whole-file parity
source:Code/Installer/RegistryManager.h,source,Code/Installer/RegistryManager.h,Code/Installer/RegistryManager.h,games/renegade/migration,,,not_started,,parity,Source inventory only; split behavior before claiming whole-file parity
source:Code/Installer/Renegade.ico,source,Code/Installer/Renegade.ico,Code/Installer/Renegade.ico,games/renegade/migration,,,not_started,,parity,Source inventory only; split behavior before claiming whole-file parity
source:Code/Installer/ReviewDialog.cpp,source,Code/Installer/ReviewDialog.cpp,Code/Installer/ReviewDialog.cpp,games/renegade/migration,,,not_started,,parity,Source inventory only; split behavior before claiming whole-file parity
source:Code/Installer/ReviewDialog.h,source,Code/Installer/ReviewDialog.h,Code/Installer/ReviewDialog.h,games/renegade/migration,,,not_started,,parity,Source inventory only; split behavior before claiming whole-file parity
source:Code/Installer/SafeTimer.cpp,source,Code/Installer/SafeTimer.cpp,Code/Installer/SafeTimer.cpp,games/renegade/migration,,,not_started,,parity,Source inventory only; split behavior before claiming whole-file parity
source:Code/Installer/SafeTimer.h,source,Code/Installer/SafeTimer.h,Code/Installer/SafeTimer.h,games/renegade/migration,,,not_started,,parity,Source inventory only; split behavior before claiming whole-file parity
source:Code/Installer/SerialDialog.cpp,source,Code/Installer/SerialDialog.cpp,Code/Installer/SerialDialog.cpp,games/renegade/migration,,,not_started,,parity,Source inventory only; split behavior before claiming whole-file parity
source:Code/Installer/SerialDialog.h,source,Code/Installer/SerialDialog.h,Code/Installer/SerialDialog.h,games/renegade/migration,,,not_started,,parity,Source inventory only; split behavior before claiming whole-file parity
source:Code/Installer/TransitionDialog.cpp,source,Code/Installer/TransitionDialog.cpp,Code/Installer/TransitionDialog.cpp,games/renegade/migration,,,not_started,,parity,Source inventory only; split behavior before claiming whole-file parity
source:Code/Installer/TransitionDialog.h,source,Code/Installer/TransitionDialog.h,Code/Installer/TransitionDialog.h,games/renegade/migration,,,not_started,,parity,Source inventory only; split behavior before claiming whole-file parity
source:Code/Installer/Translator.cpp,source,Code/Installer/Translator.cpp,Code/Installer/Translator.cpp,games/renegade/migration,,,not_started,,parity,Source inventory only; split behavior before claiming whole-file parity
source:Code/Installer/Translator.h,source,Code/Installer/Translator.h,Code/Installer/Translator.h,games/renegade/migration,,,not_started,,parity,Source inventory only; split behavior before claiming whole-file parity
source:Code/Installer/Utilities.cpp,source,Code/Installer/Utilities.cpp,Code/Installer/Utilities.cpp,games/renegade/migration,,,not_started,,parity,Source inventory only; split behavior before claiming whole-file parity
source:Code/Installer/Utilities.h,source,Code/Installer/Utilities.h,Code/Installer/Utilities.h,games/renegade/migration,,,not_started,,parity,Source inventory only; split behavior before claiming whole-file parity
source:Code/Installer/WOL1Dialog.cpp,source,Code/Installer/WOL1Dialog.cpp,Code/Installer/WOL1Dialog.cpp,games/renegade/migration,,,not_started,,parity,Source inventory only; split behavior before claiming whole-file parity
source:Code/Installer/WOL2Dialog.cpp,source,Code/Installer/WOL2Dialog.cpp,Code/Installer/WOL2Dialog.cpp,games/renegade/migration,,,not_started,,parity,Source inventory only; split behavior before claiming whole-file parity
source:Code/Installer/WOL2Dialog.h,source,Code/Installer/WOL2Dialog.h,Code/Installer/WOL2Dialog.h,games/renegade/migration,,,not_started,,parity,Source inventory only; split behavior before claiming whole-file parity
source:Code/Installer/WelcomeDialog.cpp,source,Code/Installer/WelcomeDialog.cpp,Code/Installer/WelcomeDialog.cpp,games/renegade/migration,,,not_started,,parity,Source inventory only; split behavior before claiming whole-file parity
source:Code/Installer/WelcomeDialog.h,source,Code/Installer/WelcomeDialog.h,Code/Installer/WelcomeDialog.h,games/renegade/migration,,,not_started,,parity,Source inventory only; split behavior before claiming whole-file parity
source:Code/Installer/WhatToInstallDialog.cpp,source,Code/Installer/WhatToInstallDialog.cpp,Code/Installer/WhatToInstallDialog.cpp,games/renegade/migration,,,not_started,,parity,Source inventory only; split behavior before claiming whole-file parity
source:Code/Installer/WhatToInstallDialog.h,source,Code/Installer/WhatToInstallDialog.h,Code/Installer/WhatToInstallDialog.h,games/renegade/migration,,,not_started,,parity,Source inventory only; split behavior before claiming whole-file parity
source:Code/Installer/WinMain.cpp,source,Code/Installer/WinMain.cpp,Code/Installer/WinMain.cpp,games/renegade/migration,,,not_started,,parity,Source inventory only; split behavior before claiming whole-file parity
source:Code/Installer/Wol1Dialog.h,source,Code/Installer/Wol1Dialog.h,Code/Installer/Wol1Dialog.h,games/renegade/migration,,,not_started,,parity,Source inventory only; split behavior before claiming whole-file parity
source:Code/Installer/resource.h,source,Code/Installer/resource.h,Code/Installer/resource.h,games/renegade/migration,,,not_started,,parity,Source inventory only; split behavior before claiming whole-file parity
source:Code/Installer/string_ids.h,source,Code/Installer/string_ids.h,Code/Installer/string_ids.h,games/renegade/migration,,,not_started,,parity,Source inventory only; split behavior before claiming whole-file parity
source:Code/Launcher/256bmp.c,source,Code/Launcher/256bmp.c,Code/Launcher/256bmp.c,games/renegade/migration,,,not_started,,parity,Source inventory only; split behavior before claiming whole-file parity
source:Code/Launcher/BFISH.CPP,source,Code/Launcher/BFISH.CPP,Code/Launcher/BFISH.CPP,games/renegade/migration,,,not_started,,parity,Source inventory only; split behavior before claiming whole-file parity
source:Code/Launcher/BFISH.H,source,Code/Launcher/BFISH.H,Code/Launcher/BFISH.H,games/renegade/migration,,,not_started,,parity,Source inventory only; split behavior before claiming whole-file parity
source:Code/Launcher/Launcher.lcf,source,Code/Launcher/Launcher.lcf,Code/Launcher/Launcher.lcf,games/renegade/migration,,,not_started,,parity,Source inventory only; split behavior before claiming whole-file parity
source:Code/Launcher/Protect.cpp,source,Code/Launcher/Protect.cpp,Code/Launcher/Protect.cpp,games/renegade/migration,,,not_started,,parity,Source inventory only; split behavior before claiming whole-file parity
source:Code/Launcher/Protect.h,source,Code/Launcher/Protect.h,Code/Launcher/Protect.h,games/renegade/migration,,,not_started,,parity,Source inventory only; split behavior before claiming whole-file parity
source:Code/Launcher/Register.ico,source,Code/Launcher/Register.ico,Code/Launcher/Register.ico,games/renegade/migration,,,not_started,,parity,Source inventory only; split behavior before claiming whole-file parity
source:Code/Launcher/Toolkit/Debug/DebugPrint.cpp,source,Code/Launcher/Toolkit/Debug/DebugPrint.cpp,Code/Launcher/Toolkit/Debug/DebugPrint.cpp,games/renegade/migration,,,not_started,,parity,Source inventory only; split behavior before claiming whole-file parity
source:Code/Launcher/Toolkit/Debug/DebugPrint.h,source,Code/Launcher/Toolkit/Debug/DebugPrint.h,Code/Launcher/Toolkit/Debug/DebugPrint.h,games/renegade/migration,,,not_started,,parity,Source inventory only; split behavior before claiming whole-file parity
source:Code/Launcher/Toolkit/Storage/File.cpp,source,Code/Launcher/Toolkit/Storage/File.cpp,Code/Launcher/Toolkit/Storage/File.cpp,games/renegade/migration,,,not_started,,parity,Source inventory only; split behavior before claiming whole-file parity
source:Code/Launcher/Toolkit/Storage/File.h,source,Code/Launcher/Toolkit/Storage/File.h,Code/Launcher/Toolkit/Storage/File.h,games/renegade/migration,,,not_started,,parity,Source inventory only; split behavior before claiming whole-file parity
source:Code/Launcher/Toolkit/Storage/Rights.h,source,Code/Launcher/Toolkit/Storage/Rights.h,Code/Launcher/Toolkit/Storage/Rights.h,games/renegade/migration,,,not_started,,parity,Source inventory only; split behavior before claiming whole-file parity
source:Code/Launcher/Toolkit/Storage/Stream.h,source,Code/Launcher/Toolkit/Storage/Stream.h,Code/Launcher/Toolkit/Storage/Stream.h,games/renegade/migration,,,not_started,,parity,Source inventory only; split behavior before claiming whole-file parity
source:Code/Launcher/Toolkit/Support/RefCounted.h,source,Code/Launcher/Toolkit/Support/RefCounted.h,Code/Launcher/Toolkit/Support/RefCounted.h,games/renegade/migration,,,not_started,,parity,Source inventory only; split behavior before claiming whole-file parity
source:Code/Launcher/Toolkit/Support/RefPtr.h,source,Code/Launcher/Toolkit/Support/RefPtr.h,Code/Launcher/Toolkit/Support/RefPtr.h,games/renegade/migration,,,not_started,,parity,Source inventory only; split behavior before claiming whole-file parity
source:Code/Launcher/Toolkit/Support/StringConvert.cpp,source,Code/Launcher/Toolkit/Support/StringConvert.cpp,Code/Launcher/Toolkit/Support/StringConvert.cpp,games/renegade/migration,,,not_started,,parity,Source inventory only; split behavior before claiming whole-file parity
source:Code/Launcher/Toolkit/Support/StringConvert.h,source,Code/Launcher/Toolkit/Support/StringConvert.h,Code/Launcher/Toolkit/Support/StringConvert.h,games/renegade/migration,,,not_started,,parity,Source inventory only; split behavior before claiming whole-file parity
source:Code/Launcher/Toolkit/Support/UString.cpp,source,Code/Launcher/Toolkit/Support/UString.cpp,Code/Launcher/Toolkit/Support/UString.cpp,games/renegade/migration,,,not_started,,parity,Source inventory only; split behavior before claiming whole-file parity
source:Code/Launcher/Toolkit/Support/UString.h,source,Code/Launcher/Toolkit/Support/UString.h,Code/Launcher/Toolkit/Support/UString.h,games/renegade/migration,,,not_started,,parity,Source inventory only; split behavior before claiming whole-file parity
source:Code/Launcher/Toolkit/Support/UTypes.h,source,Code/Launcher/Toolkit/Support/UTypes.h,Code/Launcher/Toolkit/Support/UTypes.h,games/renegade/migration,,,not_started,,parity,Source inventory only; split behavior before claiming whole-file parity
source:Code/Launcher/Toolkit/Support/Visualc.h,source,Code/Launcher/Toolkit/Support/Visualc.h,Code/Launcher/Toolkit/Support/Visualc.h,games/renegade/migration,,,not_started,,parity,Source inventory only; split behavior before claiming whole-file parity
source:Code/Launcher/Util/filed.h,source,Code/Launcher/Util/filed.h,Code/Launcher/Util/filed.h,games/renegade/migration,,,not_started,,parity,Source inventory only; split behavior before claiming whole-file parity
source:Code/Launcher/Util/mboxd.h,source,Code/Launcher/Util/mboxd.h,Code/Launcher/Util/mboxd.h,games/renegade/migration,,,not_started,,parity,Source inventory only; split behavior before claiming whole-file parity
source:Code/Launcher/Util/monod.cpp,source,Code/Launcher/Util/monod.cpp,Code/Launcher/Util/monod.cpp,games/renegade/migration,,,not_started,,parity,Source inventory only; split behavior before claiming whole-file parity
source:Code/Launcher/Util/monod.h,source,Code/Launcher/Util/monod.h,Code/Launcher/Util/monod.h,games/renegade/migration,,,not_started,,parity,Source inventory only; split behavior before claiming whole-file parity
source:Code/Launcher/Util/odevice.h,source,Code/Launcher/Util/odevice.h,Code/Launcher/Util/odevice.h,games/renegade/migration,,,not_started,,parity,Source inventory only; split behavior before claiming whole-file parity
source:Code/Launcher/Util/stderrd.h,source,Code/Launcher/Util/stderrd.h,Code/Launcher/Util/stderrd.h,games/renegade/migration,,,not_started,,parity,Source inventory only; split behavior before claiming whole-file parity
source:Code/Launcher/Util/stdoutd.h,source,Code/Launcher/Util/stdoutd.h,Code/Launcher/Util/stdoutd.h,games/renegade/migration,,,not_started,,parity,Source inventory only; split behavior before claiming whole-file parity
source:Code/Launcher/Util/streamer.cpp,source,Code/Launcher/Util/streamer.cpp,Code/Launcher/Util/streamer.cpp,games/renegade/migration,,,not_started,,parity,Source inventory only; split behavior before claiming whole-file parity
source:Code/Launcher/Util/streamer.h,source,Code/Launcher/Util/streamer.h,Code/Launcher/Util/streamer.h,games/renegade/migration,,,not_started,,parity,Source inventory only; split behavior before claiming whole-file parity
source:Code/Launcher/Util/syslogd.cpp,source,Code/Launcher/Util/syslogd.cpp,Code/Launcher/Util/syslogd.cpp,games/renegade/migration,,,not_started,,parity,Source inventory only; split behavior before claiming whole-file parity
source:Code/Launcher/Util/syslogd.h,source,Code/Launcher/Util/syslogd.h,Code/Launcher/Util/syslogd.h,games/renegade/migration,,,not_started,,parity,Source inventory only; split behavior before claiming whole-file parity
source:Code/Launcher/Util/wdebug.cpp,source,Code/Launcher/Util/wdebug.cpp,Code/Launcher/Util/wdebug.cpp,games/renegade/migration,,,not_started,,parity,Source inventory only; split behavior before claiming whole-file parity
source:Code/Launcher/Util/wdebug.h,source,Code/Launcher/Util/wdebug.h,Code/Launcher/Util/wdebug.h,games/renegade/migration,,,not_started,,parity,Source inventory only; split behavior before claiming whole-file parity
source:Code/Launcher/bitmap.cpp,source,Code/Launcher/bitmap.cpp,Code/Launcher/bitmap.cpp,games/renegade/migration,,,not_started,,parity,Source inventory only; split behavior before claiming whole-file parity
source:Code/Launcher/configfile.cpp,source,Code/Launcher/configfile.cpp,Code/Launcher/configfile.cpp,games/renegade/migration,,,not_started,,parity,Source inventory only; split behavior before claiming whole-file parity
source:Code/Launcher/configfile.h,source,Code/Launcher/configfile.h,Code/Launcher/configfile.h,games/renegade/migration,,,not_started,,parity,Source inventory only; split behavior before claiming whole-file parity
source:Code/Launcher/dialog.cpp,source,Code/Launcher/dialog.cpp,Code/Launcher/dialog.cpp,games/renegade/migration,,,not_started,,parity,Source inventory only; split behavior before claiming whole-file parity
source:Code/Launcher/dialog.h,source,Code/Launcher/dialog.h,Code/Launcher/dialog.h,games/renegade/migration,,,not_started,,parity,Source inventory only; split behavior before claiming whole-file parity
source:Code/Launcher/dictionary.h,source,Code/Launcher/dictionary.h,Code/Launcher/dictionary.h,games/renegade/migration,,,not_started,,parity,Source inventory only; split behavior before claiming whole-file parity
source:Code/Launcher/filed.h,source,Code/Launcher/filed.h,Code/Launcher/filed.h,games/renegade/migration,,,not_started,,parity,Source inventory only; split behavior before claiming whole-file parity
source:Code/Launcher/findpatch.cpp,source,Code/Launcher/findpatch.cpp,Code/Launcher/findpatch.cpp,games/renegade/migration,,,not_started,,parity,Source inventory only; split behavior before claiming whole-file parity
source:Code/Launcher/findpatch.h,source,Code/Launcher/findpatch.h,Code/Launcher/findpatch.h,games/renegade/migration,,,not_started,,parity,Source inventory only; split behavior before claiming whole-file parity
source:Code/Launcher/launcher.dsp,source,Code/Launcher/launcher.dsp,Code/Launcher/launcher.dsp,games/renegade/migration,,,not_started,,parity,Source inventory only; split behavior before claiming whole-file parity
source:Code/Launcher/launcher1.rc,source,Code/Launcher/launcher1.rc,Code/Launcher/launcher1.rc,games/renegade/migration,,,not_started,,parity,Source inventory only; split behavior before claiming whole-file parity
source:Code/Launcher/loadbmp.cpp,source,Code/Launcher/loadbmp.cpp,Code/Launcher/loadbmp.cpp,games/renegade/migration,,,not_started,,parity,Source inventory only; split behavior before claiming whole-file parity
source:Code/Launcher/loadbmp.h,source,Code/Launcher/loadbmp.h,Code/Launcher/loadbmp.h,games/renegade/migration,,,not_started,,parity,Source inventory only; split behavior before claiming whole-file parity
source:Code/Launcher/main.cpp,source,Code/Launcher/main.cpp,Code/Launcher/main.cpp,games/renegade/migration,,,not_started,,parity,Source inventory only; split behavior before claiming whole-file parity
source:Code/Launcher/monod.cpp,source,Code/Launcher/monod.cpp,Code/Launcher/monod.cpp,games/renegade/migration,,,not_started,,parity,Source inventory only; split behavior before claiming whole-file parity
source:Code/Launcher/monod.h,source,Code/Launcher/monod.h,Code/Launcher/monod.h,games/renegade/migration,,,not_started,,parity,Source inventory only; split behavior before claiming whole-file parity
source:Code/Launcher/odevice.h,source,Code/Launcher/odevice.h,Code/Launcher/odevice.h,games/renegade/migration,,,not_started,,parity,Source inventory only; split behavior before claiming whole-file parity
source:Code/Launcher/patch.cpp,source,Code/Launcher/patch.cpp,Code/Launcher/patch.cpp,games/renegade/migration,,,not_started,,parity,Source inventory only; split behavior before claiming whole-file parity
source:Code/Launcher/patch.h,source,Code/Launcher/patch.h,Code/Launcher/patch.h,games/renegade/migration,,,not_started,,parity,Source inventory only; split behavior before claiming whole-file parity
source:Code/Launcher/process.cpp,source,Code/Launcher/process.cpp,Code/Launcher/process.cpp,games/renegade/migration,,,not_started,,parity,Source inventory only; split behavior before claiming whole-file parity
source:Code/Launcher/process.h,source,Code/Launcher/process.h,Code/Launcher/process.h,games/renegade/migration,,,not_started,,parity,Source inventory only; split behavior before claiming whole-file parity
source:Code/Launcher/renegade.ico,source,Code/Launcher/renegade.ico,Code/Launcher/renegade.ico,games/renegade/migration,,,not_started,,parity,Source inventory only; split behavior before claiming whole-file parity
source:Code/Launcher/resource.h,source,Code/Launcher/resource.h,Code/Launcher/resource.h,games/renegade/migration,,,not_started,,parity,Source inventory only; split behavior before claiming whole-file parity
source:Code/Launcher/streamer.cpp,source,Code/Launcher/streamer.cpp,Code/Launcher/streamer.cpp,games/renegade/migration,,,not_started,,parity,Source inventory only; split behavior before claiming whole-file parity
source:Code/Launcher/streamer.h,source,Code/Launcher/streamer.h,Code/Launcher/streamer.h,games/renegade/migration,,,not_started,,parity,Source inventory only; split behavior before claiming whole-file parity
source:Code/Launcher/wdebug.cpp,source,Code/Launcher/wdebug.cpp,Code/Launcher/wdebug.cpp,games/renegade/migration,,,not_started,,parity,Source inventory only; split behavior before claiming whole-file parity
source:Code/Launcher/wdebug.h,source,Code/Launcher/wdebug.h,Code/Launcher/wdebug.h,games/renegade/migration,,,not_started,,parity,Source inventory only; split behavior before claiming whole-file parity
source:Code/Launcher/winblows.cpp,source,Code/Launcher/winblows.cpp,Code/Launcher/winblows.cpp,games/renegade/migration,,,not_started,,parity,Source inventory only; split behavior before claiming whole-file parity
source:Code/Launcher/winblows.h,source,Code/Launcher/winblows.h,Code/Launcher/winblows.h,games/renegade/migration,,,not_started,,parity,Source inventory only; split behavior before claiming whole-file parity
source:Code/Launcher/wstring.cpp,source,Code/Launcher/wstring.cpp,Code/Launcher/wstring.cpp,games/renegade/migration,,,not_started,,parity,Source inventory only; split behavior before claiming whole-file parity
source:Code/Launcher/wstring.h,source,Code/Launcher/wstring.h,Code/Launcher/wstring.h,games/renegade/migration,,,not_started,,parity,Source inventory only; split behavior before claiming whole-file parity
source:Code/Launcher/wstypes.h,source,Code/Launcher/wstypes.h,Code/Launcher/wstypes.h,games/renegade/migration,,,not_started,,parity,Source inventory only; split behavior before claiming whole-file parity
source:Code/Libs/Debug/.gitignore,source,Code/Libs/Debug/.gitignore,Code/Libs/Debug/.gitignore,games/renegade/migration,,,not_started,,parity,Source inventory only; split behavior before claiming whole-file parity
source:Code/Libs/Profile/.gitignore,source,Code/Libs/Profile/.gitignore,Code/Libs/Profile/.gitignore,games/renegade/migration,,,not_started,,parity,Source inventory only; split behavior before claiming whole-file parity
source:Code/Libs/Release/.gitignore,source,Code/Libs/Release/.gitignore,Code/Libs/Release/.gitignore,games/renegade/migration,,,not_started,,parity,Source inventory only; split behavior before claiming whole-file parity
source:Code/SControl/SControl.dsp,source,Code/SControl/SControl.dsp,Code/SControl/SControl.dsp,games/renegade/migration,,,not_started,,parity,Source inventory only; split behavior before claiming whole-file parity
source:Code/SControl/servercontrol.cpp,source,Code/SControl/servercontrol.cpp,Code/SControl/servercontrol.cpp,games/renegade/migration,,,not_started,,parity,Source inventory only; split behavior before claiming whole-file parity
source:Code/SControl/servercontrol.h,source,Code/SControl/servercontrol.h,Code/SControl/servercontrol.h,games/renegade/migration,,,not_started,,parity,Source inventory only; split behavior before claiming whole-file parity
source:Code/SControl/servercontrolsocket.cpp,source,Code/SControl/servercontrolsocket.cpp,Code/SControl/servercontrolsocket.cpp,games/renegade/migration,,,not_started,,parity,Source inventory only; split behavior before claiming whole-file parity
source:Code/SControl/servercontrolsocket.h,source,Code/SControl/servercontrolsocket.h,Code/SControl/servercontrolsocket.h,games/renegade/migration,,,not_started,,parity,Source inventory only; split behavior before claiming whole-file parity
source:Code/Scripts/Common.cpp,source,Code/Scripts/Common.cpp,Code/Scripts/Common.cpp,games/renegade/content/scripts,,,not_started,,parity,Source inventory only; split behavior before claiming whole-file parity
source:Code/Scripts/Common.h,source,Code/Scripts/Common.h,Code/Scripts/Common.h,games/renegade/content/scripts,,,not_started,,parity,Source inventory only; split behavior before claiming whole-file parity
source:Code/Scripts/CustomEvents.h,source,Code/Scripts/CustomEvents.h,Code/Scripts/CustomEvents.h,games/renegade/content/scripts,,,not_started,,parity,Source inventory only; split behavior before claiming whole-file parity
source:Code/Scripts/DLLmain.cpp,source,Code/Scripts/DLLmain.cpp,Code/Scripts/DLLmain.cpp,games/renegade/content/scripts,,,not_started,,parity,Source inventory only; split behavior before claiming whole-file parity
source:Code/Scripts/DPrint.cpp,source,Code/Scripts/DPrint.cpp,Code/Scripts/DPrint.cpp,games/renegade/content/scripts,,,not_started,,parity,Source inventory only; split behavior before claiming whole-file parity
source:Code/Scripts/DPrint.h,source,Code/Scripts/DPrint.h,Code/Scripts/DPrint.h,games/renegade/content/scripts,,,not_started,,parity,Source inventory only; split behavior before claiming whole-file parity
source:Code/Scripts/DrMobius.cpp,source,Code/Scripts/DrMobius.cpp,Code/Scripts/DrMobius.cpp,games/renegade/content/scripts,,,not_started,,parity,Source inventory only; split behavior before claiming whole-file parity
source:Code/Scripts/Group.cpp,source,Code/Scripts/Group.cpp,Code/Scripts/Group.cpp,games/renegade/content/scripts,,,not_started,,parity,Source inventory only; split behavior before claiming whole-file parity
source:Code/Scripts/Group.h,source,Code/Scripts/Group.h,Code/Scripts/Group.h,games/renegade/content/scripts,,,not_started,,parity,Source inventory only; split behavior before claiming whole-file parity
source:Code/Scripts/GroupControl.cpp,source,Code/Scripts/GroupControl.cpp,Code/Scripts/GroupControl.cpp,games/renegade/content/scripts,,,not_started,,parity,Source inventory only; split behavior before claiming whole-file parity
source:Code/Scripts/GroupControl.h,source,Code/Scripts/GroupControl.h,Code/Scripts/GroupControl.h,games/renegade/content/scripts,,,not_started,,parity,Source inventory only; split behavior before claiming whole-file parity
source:Code/Scripts/GroupScript.cpp,source,Code/Scripts/GroupScript.cpp,Code/Scripts/GroupScript.cpp,games/renegade/content/scripts,,,not_started,,parity,Source inventory only; split behavior before claiming whole-file parity
source:Code/Scripts/Mission00.cpp,source,Code/Scripts/Mission00.cpp,Code/Scripts/Mission00.cpp,games/renegade/content/scripts,,,not_started,,parity,Source inventory only; split behavior before claiming whole-file parity
source:Code/Scripts/Mission00.h,source,Code/Scripts/Mission00.h,Code/Scripts/Mission00.h,games/renegade/content/scripts,,,not_started,,parity,Source inventory only; split behavior before claiming whole-file parity
source:Code/Scripts/Mission01.cpp,source,Code/Scripts/Mission01.cpp,Code/Scripts/Mission01.cpp,games/renegade/content/scripts,,,not_started,,parity,Source inventory only; split behavior before claiming whole-file parity
source:Code/Scripts/Mission02.cpp,source,Code/Scripts/Mission02.cpp,Code/Scripts/Mission02.cpp,games/renegade/content/scripts,,,not_started,,parity,Source inventory only; split behavior before claiming whole-file parity
source:Code/Scripts/Mission03.cpp,source,Code/Scripts/Mission03.cpp,Code/Scripts/Mission03.cpp,games/renegade/content/scripts,,,not_started,,parity,Source inventory only; split behavior before claiming whole-file parity
source:Code/Scripts/Mission04.cpp,source,Code/Scripts/Mission04.cpp,Code/Scripts/Mission04.cpp,games/renegade/content/scripts,,,not_started,,parity,Source inventory only; split behavior before claiming whole-file parity
source:Code/Scripts/Mission05.cpp,source,Code/Scripts/Mission05.cpp,Code/Scripts/Mission05.cpp,games/renegade/content/scripts,,,not_started,,parity,Source inventory only; split behavior before claiming whole-file parity
source:Code/Scripts/Mission06.cpp,source,Code/Scripts/Mission06.cpp,Code/Scripts/Mission06.cpp,games/renegade/content/scripts,,,not_started,,parity,Source inventory only; split behavior before claiming whole-file parity
source:Code/Scripts/Mission07.cpp,source,Code/Scripts/Mission07.cpp,Code/Scripts/Mission07.cpp,games/renegade/content/scripts,,,not_started,,parity,Source inventory only; split behavior before claiming whole-file parity
source:Code/Scripts/Mission09.cpp,source,Code/Scripts/Mission09.cpp,Code/Scripts/Mission09.cpp,games/renegade/content/scripts,,,not_started,,parity,Source inventory only; split behavior before claiming whole-file parity
source:Code/Scripts/Mission1.h,source,Code/Scripts/Mission1.h,Code/Scripts/Mission1.h,games/renegade/content/scripts,,,not_started,,parity,Source inventory only; split behavior before claiming whole-file parity
source:Code/Scripts/Mission10.cpp,source,Code/Scripts/Mission10.cpp,Code/Scripts/Mission10.cpp,games/renegade/content/scripts,,,not_started,,parity,Source inventory only; split behavior before claiming whole-file parity
source:Code/Scripts/Mission10.h,source,Code/Scripts/Mission10.h,Code/Scripts/Mission10.h,games/renegade/content/scripts,,,not_started,,parity,Source inventory only; split behavior before claiming whole-file parity
source:Code/Scripts/Mission11.cpp,source,Code/Scripts/Mission11.cpp,Code/Scripts/Mission11.cpp,games/renegade/content/scripts,,,not_started,,parity,Source inventory only; split behavior before claiming whole-file parity
source:Code/Scripts/Mission11.h,source,Code/Scripts/Mission11.h,Code/Scripts/Mission11.h,games/renegade/content/scripts,,,not_started,,parity,Source inventory only; split behavior before claiming whole-file parity
source:Code/Scripts/Mission12.h,source,Code/Scripts/Mission12.h,Code/Scripts/Mission12.h,games/renegade/content/scripts,,,not_started,,parity,Source inventory only; split behavior before claiming whole-file parity
source:Code/Scripts/Mission2.h,source,Code/Scripts/Mission2.h,Code/Scripts/Mission2.h,games/renegade/content/scripts,,,not_started,,parity,Source inventory only; split behavior before claiming whole-file parity
source:Code/Scripts/Mission3.h,source,Code/Scripts/Mission3.h,Code/Scripts/Mission3.h,games/renegade/content/scripts,,,not_started,,parity,Source inventory only; split behavior before claiming whole-file parity
source:Code/Scripts/Mission4.h,source,Code/Scripts/Mission4.h,Code/Scripts/Mission4.h,games/renegade/content/scripts,,,not_started,,parity,Source inventory only; split behavior before claiming whole-file parity
source:Code/Scripts/Mission5.h,source,Code/Scripts/Mission5.h,Code/Scripts/Mission5.h,games/renegade/content/scripts,,,not_started,,parity,Source inventory only; split behavior before claiming whole-file parity
source:Code/Scripts/Mission6.h,source,Code/Scripts/Mission6.h,Code/Scripts/Mission6.h,games/renegade/content/scripts,,,not_started,,parity,Source inventory only; split behavior before claiming whole-file parity
source:Code/Scripts/Mission7.h,source,Code/Scripts/Mission7.h,Code/Scripts/Mission7.h,games/renegade/content/scripts,,,not_started,,parity,Source inventory only; split behavior before claiming whole-file parity
source:Code/Scripts/Mission8.h,source,Code/Scripts/Mission8.h,Code/Scripts/Mission8.h,games/renegade/content/scripts,,,not_started,,parity,Source inventory only; split behavior before claiming whole-file parity
source:Code/Scripts/Mission9.h,source,Code/Scripts/Mission9.h,Code/Scripts/Mission9.h,games/renegade/content/scripts,,,not_started,,parity,Source inventory only; split behavior before claiming whole-file parity
source:Code/Scripts/MissionDemo.cpp,source,Code/Scripts/MissionDemo.cpp,Code/Scripts/MissionDemo.cpp,games/renegade/content/scripts,,,not_started,,parity,Source inventory only; split behavior before claiming whole-file parity
source:Code/Scripts/MissionS04.cpp,source,Code/Scripts/MissionS04.cpp,Code/Scripts/MissionS04.cpp,games/renegade/content/scripts,,,not_started,,parity,Source inventory only; split behavior before claiming whole-file parity
source:Code/Scripts/MissionX0.cpp,source,Code/Scripts/MissionX0.cpp,Code/Scripts/MissionX0.cpp,games/renegade/content/scripts,,,not_started,,parity,Source inventory only; split behavior before claiming whole-file parity
source:Code/Scripts/MissionX0.h,source,Code/Scripts/MissionX0.h,Code/Scripts/MissionX0.h,games/renegade/content/scripts,,,not_started,,parity,Source inventory only; split behavior before claiming whole-file parity
source:Code/Scripts/PRDemo.cpp,source,Code/Scripts/PRDemo.cpp,Code/Scripts/PRDemo.cpp,games/renegade/content/scripts,,,not_started,,parity,Source inventory only; split behavior before claiming whole-file parity
source:Code/Scripts/PRDemo.h,source,Code/Scripts/PRDemo.h,Code/Scripts/PRDemo.h,games/renegade/content/scripts,,,not_started,,parity,Source inventory only; split behavior before claiming whole-file parity
source:Code/Scripts/ScriptFactory.cpp,source,Code/Scripts/ScriptFactory.cpp,Code/Scripts/ScriptFactory.cpp,games/renegade/content/scripts,,,not_started,,parity,Source inventory only; split behavior before claiming whole-file parity
source:Code/Scripts/ScriptFactory.h,source,Code/Scripts/ScriptFactory.h,Code/Scripts/ScriptFactory.h,games/renegade/content/scripts,,,not_started,,parity,Source inventory only; split behavior before claiming whole-file parity
source:Code/Scripts/ScriptNode.h,source,Code/Scripts/ScriptNode.h,Code/Scripts/ScriptNode.h,games/renegade/content/scripts,,,not_started,,parity,Source inventory only; split behavior before claiming whole-file parity
source:Code/Scripts/ScriptPublisher.h,source,Code/Scripts/ScriptPublisher.h,Code/Scripts/ScriptPublisher.h,games/renegade/content/scripts,,,not_started,,parity,Source inventory only; split behavior before claiming whole-file parity
source:Code/Scripts/ScriptRegistrant.h,source,Code/Scripts/ScriptRegistrant.h,Code/Scripts/ScriptRegistrant.h,games/renegade/content/scripts,,,not_started,,parity,Source inventory only; split behavior before claiming whole-file parity
source:Code/Scripts/ScriptRegistrar.cpp,source,Code/Scripts/ScriptRegistrar.cpp,Code/Scripts/ScriptRegistrar.cpp,games/renegade/content/scripts,,,not_started,,parity,Source inventory only; split behavior before claiming whole-file parity
source:Code/Scripts/ScriptRegistrar.h,source,Code/Scripts/ScriptRegistrar.h,Code/Scripts/ScriptRegistrar.h,games/renegade/content/scripts,,,not_started,,parity,Source inventory only; split behavior before claiming whole-file parity
source:Code/Scripts/Scripts.dsp,source,Code/Scripts/Scripts.dsp,Code/Scripts/Scripts.dsp,games/renegade/content/scripts,,,not_started,,parity,Source inventory only; split behavior before claiming whole-file parity
source:Code/Scripts/Test_BMG.cpp,source,Code/Scripts/Test_BMG.cpp,Code/Scripts/Test_BMG.cpp,games/renegade/content/scripts,,,not_started,,parity,Source inventory only; split behavior before claiming whole-file parity
source:Code/Scripts/Test_Cinematic.cpp,source,Code/Scripts/Test_Cinematic.cpp,Code/Scripts/Test_Cinematic.cpp,games/renegade/content/scripts,,,not_started,,parity,Source inventory only; split behavior before claiming whole-file parity
source:Code/Scripts/Test_DAK.cpp,source,Code/Scripts/Test_DAK.cpp,Code/Scripts/Test_DAK.cpp,games/renegade/content/scripts,,,not_started,,parity,Source inventory only; split behavior before claiming whole-file parity
source:Code/Scripts/Test_DAY.cpp,source,Code/Scripts/Test_DAY.cpp,Code/Scripts/Test_DAY.cpp,games/renegade/content/scripts,,,not_started,,parity,Source inventory only; split behavior before claiming whole-file parity
source:Code/Scripts/Test_DEL.cpp,source,Code/Scripts/Test_DEL.cpp,Code/Scripts/Test_DEL.cpp,games/renegade/content/scripts,,,not_started,,parity,Source inventory only; split behavior before claiming whole-file parity
source:Code/Scripts/Test_DLS.cpp,source,Code/Scripts/Test_DLS.cpp,Code/Scripts/Test_DLS.cpp,games/renegade/content/scripts,,,not_started,,parity,Source inventory only; split behavior before claiming whole-file parity
source:Code/Scripts/Test_DLS_M03.cpp,source,Code/Scripts/Test_DLS_M03.cpp,Code/Scripts/Test_DLS_M03.cpp,games/renegade/content/scripts,,,not_started,,parity,Source inventory only; split behavior before claiming whole-file parity
source:Code/Scripts/Test_DME.cpp,source,Code/Scripts/Test_DME.cpp,Code/Scripts/Test_DME.cpp,games/renegade/content/scripts,,,not_started,,parity,Source inventory only; split behavior before claiming whole-file parity
source:Code/Scripts/Test_GTH.cpp,source,Code/Scripts/Test_GTH.cpp,Code/Scripts/Test_GTH.cpp,games/renegade/content/scripts,,,not_started,,parity,Source inventory only; split behavior before claiming whole-file parity
source:Code/Scripts/Test_JDG_EVA.cpp,source,Code/Scripts/Test_JDG_EVA.cpp,Code/Scripts/Test_JDG_EVA.cpp,games/renegade/content/scripts,,,not_started,,parity,Source inventory only; split behavior before claiming whole-file parity
source:Code/Scripts/Test_PDS.cpp,source,Code/Scripts/Test_PDS.cpp,Code/Scripts/Test_PDS.cpp,games/renegade/content/scripts,,,not_started,,parity,Source inventory only; split behavior before claiming whole-file parity
source:Code/Scripts/Test_RAD.cpp,source,Code/Scripts/Test_RAD.cpp,Code/Scripts/Test_RAD.cpp,games/renegade/content/scripts,,,not_started,,parity,Source inventory only; split behavior before claiming whole-file parity
source:Code/Scripts/Test_RAD.h,source,Code/Scripts/Test_RAD.h,Code/Scripts/Test_RAD.h,games/renegade/content/scripts,,,not_started,,parity,Source inventory only; split behavior before claiming whole-file parity
source:Code/Scripts/Test_RMV.cpp,source,Code/Scripts/Test_RMV.cpp,Code/Scripts/Test_RMV.cpp,games/renegade/content/scripts,,,not_started,,parity,Source inventory only; split behavior before claiming whole-file parity
source:Code/Scripts/Test_RMV_Toolkit.cpp,source,Code/Scripts/Test_RMV_Toolkit.cpp,Code/Scripts/Test_RMV_Toolkit.cpp,games/renegade/content/scripts,,,not_started,,parity,Source inventory only; split behavior before claiming whole-file parity
source:Code/Scripts/Toolkit.cpp,source,Code/Scripts/Toolkit.cpp,Code/Scripts/Toolkit.cpp,games/renegade/content/scripts,,,not_started,,parity,Source inventory only; split behavior before claiming whole-file parity
source:Code/Scripts/Toolkit.h,source,Code/Scripts/Toolkit.h,Code/Scripts/Toolkit.h,games/renegade/content/scripts,,,not_started,,parity,Source inventory only; split behavior before claiming whole-file parity
source:Code/Scripts/Toolkit_Actions.cpp,source,Code/Scripts/Toolkit_Actions.cpp,Code/Scripts/Toolkit_Actions.cpp,games/renegade/content/scripts,,,not_started,,parity,Source inventory only; split behavior before claiming whole-file parity
source:Code/Scripts/Toolkit_Animations.cpp,source,Code/Scripts/Toolkit_Animations.cpp,Code/Scripts/Toolkit_Animations.cpp,games/renegade/content/scripts,,,not_started,,parity,Source inventory only; split behavior before claiming whole-file parity
source:Code/Scripts/Toolkit_Broadcaster.cpp,source,Code/Scripts/Toolkit_Broadcaster.cpp,Code/Scripts/Toolkit_Broadcaster.cpp,games/renegade/content/scripts,,,not_started,,parity,Source inventory only; split behavior before claiming whole-file parity
source:Code/Scripts/Toolkit_Explosions.cpp,source,Code/Scripts/Toolkit_Explosions.cpp,Code/Scripts/Toolkit_Explosions.cpp,games/renegade/content/scripts,,,not_started,,parity,Source inventory only; split behavior before claiming whole-file parity
source:Code/Scripts/Toolkit_Objectives.cpp,source,Code/Scripts/Toolkit_Objectives.cpp,Code/Scripts/Toolkit_Objectives.cpp,games/renegade/content/scripts,,,not_started,,parity,Source inventory only; split behavior before claiming whole-file parity
source:Code/Scripts/Toolkit_Objects.cpp,source,Code/Scripts/Toolkit_Objects.cpp,Code/Scripts/Toolkit_Objects.cpp,games/renegade/content/scripts,,,not_started,,parity,Source inventory only; split behavior before claiming whole-file parity
source:Code/Scripts/Toolkit_Powerup.cpp,source,Code/Scripts/Toolkit_Powerup.cpp,Code/Scripts/Toolkit_Powerup.cpp,games/renegade/content/scripts,,,not_started,,parity,Source inventory only; split behavior before claiming whole-file parity
source:Code/Scripts/Toolkit_Siege.cpp,source,Code/Scripts/Toolkit_Siege.cpp,Code/Scripts/Toolkit_Siege.cpp,games/renegade/content/scripts,,,not_started,,parity,Source inventory only; split behavior before claiming whole-file parity
source:Code/Scripts/Toolkit_Sounds.cpp,source,Code/Scripts/Toolkit_Sounds.cpp,Code/Scripts/Toolkit_Sounds.cpp,games/renegade/content/scripts,,,not_started,,parity,Source inventory only; split behavior before claiming whole-file parity
source:Code/Scripts/Toolkit_Spawners.cpp,source,Code/Scripts/Toolkit_Spawners.cpp,Code/Scripts/Toolkit_Spawners.cpp,games/renegade/content/scripts,,,not_started,,parity,Source inventory only; split behavior before claiming whole-file parity
source:Code/Scripts/Toolkit_Triggers.cpp,source,Code/Scripts/Toolkit_Triggers.cpp,Code/Scripts/Toolkit_Triggers.cpp,games/renegade/content/scripts,,,not_started,,parity,Source inventory only; split behavior before claiming whole-file parity
source:Code/Scripts/actionparams.h,source,Code/Scripts/actionparams.h,Code/Scripts/actionparams.h,games/renegade/content/scripts,,,not_started,,parity,Source inventory only; split behavior before claiming whole-file parity
source:Code/Scripts/always.h,source,Code/Scripts/always.h,Code/Scripts/always.h,games/renegade/content/scripts,,,not_started,,parity,Source inventory only; split behavior before claiming whole-file parity
source:Code/Scripts/bool.h,source,Code/Scripts/bool.h,Code/Scripts/bool.h,games/renegade/content/scripts,,,not_started,,parity,Source inventory only; split behavior before claiming whole-file parity
source:Code/Scripts/borlandc.h,source,Code/Scripts/borlandc.h,Code/Scripts/borlandc.h,games/renegade/content/scripts,,,not_started,,parity,Source inventory only; split behavior before claiming whole-file parity
source:Code/Scripts/combatsound.h,source,Code/Scripts/combatsound.h,Code/Scripts/combatsound.h,games/renegade/content/scripts,,,not_started,,parity,Source inventory only; split behavior before claiming whole-file parity
source:Code/Scripts/gameobjobserver.h,source,Code/Scripts/gameobjobserver.h,Code/Scripts/gameobjobserver.h,games/renegade/content/scripts,,,not_started,,parity,Source inventory only; split behavior before claiming whole-file parity
source:Code/Scripts/mission08.cpp,source,Code/Scripts/mission08.cpp,Code/Scripts/mission08.cpp,games/renegade/content/scripts,,,not_started,,parity,Source inventory only; split behavior before claiming whole-file parity
source:Code/Scripts/scriptcommands.h,source,Code/Scripts/scriptcommands.h,Code/Scripts/scriptcommands.h,games/renegade/content/scripts,,,not_started,,parity,Source inventory only; split behavior before claiming whole-file parity
source:Code/Scripts/scriptevents.h,source,Code/Scripts/scriptevents.h,Code/Scripts/scriptevents.h,games/renegade/content/scripts,,,not_started,,parity,Source inventory only; split behavior before claiming whole-file parity
source:Code/Scripts/scripts.cpp,source,Code/Scripts/scripts.cpp,Code/Scripts/scripts.cpp,games/renegade/content/scripts,,,not_started,,parity,Source inventory only; split behavior before claiming whole-file parity
source:Code/Scripts/scripts.h,source,Code/Scripts/scripts.h,Code/Scripts/scripts.h,games/renegade/content/scripts,,,not_started,,parity,Source inventory only; split behavior before claiming whole-file parity
source:Code/Scripts/slist.h,source,Code/Scripts/slist.h,Code/Scripts/slist.h,games/renegade/content/scripts,,,not_started,,parity,Source inventory only; split behavior before claiming whole-file parity
source:Code/Scripts/string_ids.h,source,Code/Scripts/string_ids.h,Code/Scripts/string_ids.h,games/renegade/content/scripts,,,not_started,,parity,Source inventory only; split behavior before claiming whole-file parity
source:Code/Scripts/strtrim.cpp,source,Code/Scripts/strtrim.cpp,Code/Scripts/strtrim.cpp,games/renegade/content/scripts,,,not_started,,parity,Source inventory only; split behavior before claiming whole-file parity
source:Code/Scripts/strtrim.h,source,Code/Scripts/strtrim.h,Code/Scripts/strtrim.h,games/renegade/content/scripts,,,not_started,,parity,Source inventory only; split behavior before claiming whole-file parity
source:Code/Scripts/unitcombat.cpp,source,Code/Scripts/unitcombat.cpp,Code/Scripts/unitcombat.cpp,games/renegade/content/scripts,,,not_started,,parity,Source inventory only; split behavior before claiming whole-file parity
source:Code/Scripts/unitcombat.h,source,Code/Scripts/unitcombat.h,Code/Scripts/unitcombat.h,games/renegade/content/scripts,,,not_started,,parity,Source inventory only; split behavior before claiming whole-file parity
source:Code/Scripts/vector.h,source,Code/Scripts/vector.h,Code/Scripts/vector.h,games/renegade/content/scripts,,,not_started,,parity,Source inventory only; split behavior before claiming whole-file parity
source:Code/Scripts/vector3.h,source,Code/Scripts/vector3.h,Code/Scripts/vector3.h,games/renegade/content/scripts,,,not_started,,parity,Source inventory only; split behavior before claiming whole-file parity
source:Code/Scripts/visualc.h,source,Code/Scripts/visualc.h,Code/Scripts/visualc.h,games/renegade/content/scripts,,,not_started,,parity,Source inventory only; split behavior before claiming whole-file parity
source:Code/Scripts/watcom.h,source,Code/Scripts/watcom.h,Code/Scripts/watcom.h,games/renegade/content/scripts,,,not_started,,parity,Source inventory only; split behavior before claiming whole-file parity
source:Code/Scripts/wwmath.h,source,Code/Scripts/wwmath.h,Code/Scripts/wwmath.h,games/renegade/content/scripts,,,not_started,,parity,Source inventory only; split behavior before claiming whole-file parity
source:Code/Tests/Bandy/bandy.cpp,source,Code/Tests/Bandy/bandy.cpp,Code/Tests/Bandy/bandy.cpp,games/renegade/migration,,,not_started,,parity,Source inventory only; split behavior before claiming whole-file parity
source:Code/Tests/Bandy/bandy.dsp,source,Code/Tests/Bandy/bandy.dsp,Code/Tests/Bandy/bandy.dsp,games/renegade/migration,,,not_started,,parity,Source inventory only; split behavior before claiming whole-file parity
source:Code/Tests/Bandy/bandy.dsw,source,Code/Tests/Bandy/bandy.dsw,Code/Tests/Bandy/bandy.dsw,games/renegade/migration,,,not_started,,parity,Source inventory only; split behavior before claiming whole-file parity
source:Code/Tests/BitPackTest/BitPackTest.dsp,source,Code/Tests/BitPackTest/BitPackTest.dsp,Code/Tests/BitPackTest/BitPackTest.dsp,games/renegade/migration,,,not_started,,parity,Source inventory only; split behavior before claiming whole-file parity
source:Code/Tests/BitPackTest/Code/BitPacker.cpp,source,Code/Tests/BitPackTest/Code/BitPacker.cpp,Code/Tests/BitPackTest/Code/BitPacker.cpp,games/renegade/migration,,,not_started,,parity,Source inventory only; split behavior before claiming whole-file parity
source:Code/Tests/BitPackTest/Code/BitPacker.h,source,Code/Tests/BitPackTest/Code/BitPacker.h,Code/Tests/BitPackTest/Code/BitPacker.h,games/renegade/migration,,,not_started,,parity,Source inventory only; split behavior before claiming whole-file parity
source:Code/Tests/BitPackTest/Code/Main.cpp,source,Code/Tests/BitPackTest/Code/Main.cpp,Code/Tests/BitPackTest/Code/Main.cpp,games/renegade/migration,,,not_started,,parity,Source inventory only; split behavior before claiming whole-file parity
source:Code/Tests/BitPackTest/Code/TypeEncoder.cpp,source,Code/Tests/BitPackTest/Code/TypeEncoder.cpp,Code/Tests/BitPackTest/Code/TypeEncoder.cpp,games/renegade/migration,,,not_started,,parity,Source inventory only; split behavior before claiming whole-file parity
source:Code/Tests/BitPackTest/Code/TypeEncoder.h,source,Code/Tests/BitPackTest/Code/TypeEncoder.h,Code/Tests/BitPackTest/Code/TypeEncoder.h,games/renegade/migration,,,not_started,,parity,Source inventory only; split behavior before claiming whole-file parity
source:Code/Tests/BitPackTest/Code/UTypes.h,source,Code/Tests/BitPackTest/Code/UTypes.h,Code/Tests/BitPackTest/Code/UTypes.h,games/renegade/migration,,,not_started,,parity,Source inventory only; split behavior before claiming whole-file parity
source:Code/Tests/LocalHost/LocalHost.dsp,source,Code/Tests/LocalHost/LocalHost.dsp,Code/Tests/LocalHost/LocalHost.dsp,games/renegade/migration,,,not_started,,parity,Source inventory only; split behavior before claiming whole-file parity
source:Code/Tests/LocalHost/LocalHost.dsw,source,Code/Tests/LocalHost/LocalHost.dsw,Code/Tests/LocalHost/LocalHost.dsw,games/renegade/migration,,,not_started,,parity,Source inventory only; split behavior before claiming whole-file parity
source:Code/Tests/LocalHost/main.cpp,source,Code/Tests/LocalHost/main.cpp,Code/Tests/LocalHost/main.cpp,games/renegade/migration,,,not_started,,parity,Source inventory only; split behavior before claiming whole-file parity
source:Code/Tests/MeshTest/WINMAIN.CPP,source,Code/Tests/MeshTest/WINMAIN.CPP,Code/Tests/MeshTest/WINMAIN.CPP,games/renegade/migration,,,not_started,,parity,Source inventory only; split behavior before claiming whole-file parity
source:Code/Tests/MeshTest/WINMAIN.H,source,Code/Tests/MeshTest/WINMAIN.H,Code/Tests/MeshTest/WINMAIN.H,games/renegade/migration,,,not_started,,parity,Source inventory only; split behavior before claiming whole-file parity
source:Code/Tests/MeshTest/_GLOBALS.CPP,source,Code/Tests/MeshTest/_GLOBALS.CPP,Code/Tests/MeshTest/_GLOBALS.CPP,games/renegade/migration,,,not_started,,parity,Source inventory only; split behavior before claiming whole-file parity
source:Code/Tests/MeshTest/_GLOBALS.H,source,Code/Tests/MeshTest/_GLOBALS.H,Code/Tests/MeshTest/_GLOBALS.H,games/renegade/migration,,,not_started,,parity,Source inventory only; split behavior before claiming whole-file parity
source:Code/Tests/MeshTest/_scenes.cpp,source,Code/Tests/MeshTest/_scenes.cpp,Code/Tests/MeshTest/_scenes.cpp,games/renegade/migration,,,not_started,,parity,Source inventory only; split behavior before claiming whole-file parity
source:Code/Tests/MeshTest/_scenes.h,source,Code/Tests/MeshTest/_scenes.h,Code/Tests/MeshTest/_scenes.h,games/renegade/migration,,,not_started,,parity,Source inventory only; split behavior before claiming whole-file parity
source:Code/Tests/MeshTest/_viewpt.cpp,source,Code/Tests/MeshTest/_viewpt.cpp,Code/Tests/MeshTest/_viewpt.cpp,games/renegade/migration,,,not_started,,parity,Source inventory only; split behavior before claiming whole-file parity
source:Code/Tests/MeshTest/_viewpt.h,source,Code/Tests/MeshTest/_viewpt.h,Code/Tests/MeshTest/_viewpt.h,games/renegade/migration,,,not_started,,parity,Source inventory only; split behavior before claiming whole-file parity
source:Code/Tests/MeshTest/init.cpp,source,Code/Tests/MeshTest/init.cpp,Code/Tests/MeshTest/init.cpp,games/renegade/migration,,,not_started,,parity,Source inventory only; split behavior before claiming whole-file parity
source:Code/Tests/MeshTest/init.h,source,Code/Tests/MeshTest/init.h,Code/Tests/MeshTest/init.h,games/renegade/migration,,,not_started,,parity,Source inventory only; split behavior before claiming whole-file parity
source:Code/Tests/MeshTest/mainloop.cpp,source,Code/Tests/MeshTest/mainloop.cpp,Code/Tests/MeshTest/mainloop.cpp,games/renegade/migration,,,not_started,,parity,Source inventory only; split behavior before claiming whole-file parity
source:Code/Tests/MeshTest/mainloop.h,source,Code/Tests/MeshTest/mainloop.h,Code/Tests/MeshTest/mainloop.h,games/renegade/migration,,,not_started,,parity,Source inventory only; split behavior before claiming whole-file parity
source:Code/Tests/MeshTest/meshtest.dsp,source,Code/Tests/MeshTest/meshtest.dsp,Code/Tests/MeshTest/meshtest.dsp,games/renegade/migration,,,not_started,,parity,Source inventory only; split behavior before claiming whole-file parity
source:Code/Tests/MeshTest/shutdown.cpp,source,Code/Tests/MeshTest/shutdown.cpp,Code/Tests/MeshTest/shutdown.cpp,games/renegade/migration,,,not_started,,parity,Source inventory only; split behavior before claiming whole-file parity
source:Code/Tests/MeshTest/shutdown.h,source,Code/Tests/MeshTest/shutdown.h,Code/Tests/MeshTest/shutdown.h,games/renegade/migration,,,not_started,,parity,Source inventory only; split behavior before claiming whole-file parity
source:Code/Tests/PhysTest/DataView.cpp,source,Code/Tests/PhysTest/DataView.cpp,Code/Tests/PhysTest/DataView.cpp,games/renegade/migration,,,not_started,,parity,Source inventory only; split behavior before claiming whole-file parity
source:Code/Tests/PhysTest/DataView.h,source,Code/Tests/PhysTest/DataView.h,Code/Tests/PhysTest/DataView.h,games/renegade/migration,,,not_started,,parity,Source inventory only; split behavior before claiming whole-file parity
source:Code/Tests/PhysTest/Globals.cpp,source,Code/Tests/PhysTest/Globals.cpp,Code/Tests/PhysTest/Globals.cpp,games/renegade/migration,,,not_started,,parity,Source inventory only; split behavior before claiming whole-file parity
source:Code/Tests/PhysTest/GraphicView.cpp,source,Code/Tests/PhysTest/GraphicView.cpp,Code/Tests/PhysTest/GraphicView.cpp,games/renegade/migration,,,not_started,,parity,Source inventory only; split behavior before claiming whole-file parity
source:Code/Tests/PhysTest/GraphicView.h,source,Code/Tests/PhysTest/GraphicView.h,Code/Tests/PhysTest/GraphicView.h,games/renegade/migration,,,not_started,,parity,Source inventory only; split behavior before claiming whole-file parity
source:Code/Tests/PhysTest/InertiaDialog.cpp,source,Code/Tests/PhysTest/InertiaDialog.cpp,Code/Tests/PhysTest/InertiaDialog.cpp,games/renegade/migration,,,not_started,,parity,Source inventory only; split behavior before claiming whole-file parity
source:Code/Tests/PhysTest/InertiaDialog.h,source,Code/Tests/PhysTest/InertiaDialog.h,Code/Tests/PhysTest/InertiaDialog.h,games/renegade/migration,,,not_started,,parity,Source inventory only; split behavior before claiming whole-file parity
source:Code/Tests/PhysTest/MainFrm.cpp,source,Code/Tests/PhysTest/MainFrm.cpp,Code/Tests/PhysTest/MainFrm.cpp,games/renegade/migration,,,not_started,,parity,Source inventory only; split behavior before claiming whole-file parity
source:Code/Tests/PhysTest/MainFrm.h,source,Code/Tests/PhysTest/MainFrm.h,Code/Tests/PhysTest/MainFrm.h,games/renegade/migration,,,not_started,,parity,Source inventory only; split behavior before claiming whole-file parity
source:Code/Tests/PhysTest/MotorVehicleDialog.cpp,source,Code/Tests/PhysTest/MotorVehicleDialog.cpp,Code/Tests/PhysTest/MotorVehicleDialog.cpp,games/renegade/migration,,,not_started,,parity,Source inventory only; split behavior before claiming whole-file parity
source:Code/Tests/PhysTest/MotorVehicleDialog.h,source,Code/Tests/PhysTest/MotorVehicleDialog.h,Code/Tests/PhysTest/MotorVehicleDialog.h,games/renegade/migration,,,not_started,,parity,Source inventory only; split behavior before claiming whole-file parity
source:Code/Tests/PhysTest/MotorcycleDialog.cpp,source,Code/Tests/PhysTest/MotorcycleDialog.cpp,Code/Tests/PhysTest/MotorcycleDialog.cpp,games/renegade/migration,,,not_started,,parity,Source inventory only; split behavior before claiming whole-file parity
source:Code/Tests/PhysTest/MotorcycleDialog.h,source,Code/Tests/PhysTest/MotorcycleDialog.h,Code/Tests/PhysTest/MotorcycleDialog.h,games/renegade/migration,,,not_started,,parity,Source inventory only; split behavior before claiming whole-file parity
source:Code/Tests/PhysTest/PhysTest.cpp,source,Code/Tests/PhysTest/PhysTest.cpp,Code/Tests/PhysTest/PhysTest.cpp,games/renegade/migration,,,not_started,,parity,Source inventory only; split behavior before claiming whole-file parity
source:Code/Tests/PhysTest/PhysTest.dsp,source,Code/Tests/PhysTest/PhysTest.dsp,Code/Tests/PhysTest/PhysTest.dsp,games/renegade/migration,,,not_started,,parity,Source inventory only; split behavior before claiming whole-file parity
source:Code/Tests/PhysTest/PhysTest.h,source,Code/Tests/PhysTest/PhysTest.h,Code/Tests/PhysTest/PhysTest.h,games/renegade/migration,,,not_started,,parity,Source inventory only; split behavior before claiming whole-file parity
source:Code/Tests/PhysTest/PhysTest.rc,source,Code/Tests/PhysTest/PhysTest.rc,Code/Tests/PhysTest/PhysTest.rc,games/renegade/migration,,,not_started,,parity,Source inventory only; split behavior before claiming whole-file parity
source:Code/Tests/PhysTest/PhysTestDoc.cpp,source,Code/Tests/PhysTest/PhysTestDoc.cpp,Code/Tests/PhysTest/PhysTestDoc.cpp,games/renegade/migration,,,not_started,,parity,Source inventory only; split behavior before claiming whole-file parity
source:Code/Tests/PhysTest/PhysTestDoc.h,source,Code/Tests/PhysTest/PhysTestDoc.h,Code/Tests/PhysTest/PhysTestDoc.h,games/renegade/migration,,,not_started,,parity,Source inventory only; split behavior before claiming whole-file parity
source:Code/Tests/PhysTest/PhysTestSaveSystem.cpp,source,Code/Tests/PhysTest/PhysTestSaveSystem.cpp,Code/Tests/PhysTest/PhysTestSaveSystem.cpp,games/renegade/migration,,,not_started,,parity,Source inventory only; split behavior before claiming whole-file parity
source:Code/Tests/PhysTest/PhysTestSaveSystem.h,source,Code/Tests/PhysTest/PhysTestSaveSystem.h,Code/Tests/PhysTest/PhysTestSaveSystem.h,games/renegade/migration,,,not_started,,parity,Source inventory only; split behavior before claiming whole-file parity
source:Code/Tests/PhysTest/PhysicsConstantsDialog.cpp,source,Code/Tests/PhysTest/PhysicsConstantsDialog.cpp,Code/Tests/PhysTest/PhysicsConstantsDialog.cpp,games/renegade/migration,,,not_started,,parity,Source inventory only; split behavior before claiming whole-file parity
source:Code/Tests/PhysTest/PhysicsConstantsDialog.h,source,Code/Tests/PhysTest/PhysicsConstantsDialog.h,Code/Tests/PhysTest/PhysicsConstantsDialog.h,games/renegade/migration,,,not_started,,parity,Source inventory only; split behavior before claiming whole-file parity
source:Code/Tests/PhysTest/RbodyPropertiesDialog.cpp,source,Code/Tests/PhysTest/RbodyPropertiesDialog.cpp,Code/Tests/PhysTest/RbodyPropertiesDialog.cpp,games/renegade/migration,,,not_started,,parity,Source inventory only; split behavior before claiming whole-file parity
source:Code/Tests/PhysTest/RbodyPropertiesDialog.h,source,Code/Tests/PhysTest/RbodyPropertiesDialog.h,Code/Tests/PhysTest/RbodyPropertiesDialog.h,games/renegade/migration,,,not_started,,parity,Source inventory only; split behavior before claiming whole-file parity
source:Code/Tests/PhysTest/RenderDeviceDialog.cpp,source,Code/Tests/PhysTest/RenderDeviceDialog.cpp,Code/Tests/PhysTest/RenderDeviceDialog.cpp,games/renegade/migration,,,not_started,,parity,Source inventory only; split behavior before claiming whole-file parity
source:Code/Tests/PhysTest/RenderDeviceDialog.h,source,Code/Tests/PhysTest/RenderDeviceDialog.h,Code/Tests/PhysTest/RenderDeviceDialog.h,games/renegade/migration,,,not_started,,parity,Source inventory only; split behavior before claiming whole-file parity
source:Code/Tests/PhysTest/StdAfx.cpp,source,Code/Tests/PhysTest/StdAfx.cpp,Code/Tests/PhysTest/StdAfx.cpp,games/renegade/migration,,,not_started,,parity,Source inventory only; split behavior before claiming whole-file parity
source:Code/Tests/PhysTest/StdAfx.h,source,Code/Tests/PhysTest/StdAfx.h,Code/Tests/PhysTest/StdAfx.h,games/renegade/migration,,,not_started,,parity,Source inventory only; split behavior before claiming whole-file parity
source:Code/Tests/PhysTest/VJoyDialog.cpp,source,Code/Tests/PhysTest/VJoyDialog.cpp,Code/Tests/PhysTest/VJoyDialog.cpp,games/renegade/migration,,,not_started,,parity,Source inventory only; split behavior before claiming whole-file parity
source:Code/Tests/PhysTest/VJoyDialog.h,source,Code/Tests/PhysTest/VJoyDialog.h,Code/Tests/PhysTest/VJoyDialog.h,games/renegade/migration,,,not_started,,parity,Source inventory only; split behavior before claiming whole-file parity
source:Code/Tests/PhysTest/WheeledVehicleDialog.cpp,source,Code/Tests/PhysTest/WheeledVehicleDialog.cpp,Code/Tests/PhysTest/WheeledVehicleDialog.cpp,games/renegade/migration,,,not_started,,parity,Source inventory only; split behavior before claiming whole-file parity
source:Code/Tests/PhysTest/WheeledVehicleDialog.h,source,Code/Tests/PhysTest/WheeledVehicleDialog.h,Code/Tests/PhysTest/WheeledVehicleDialog.h,games/renegade/migration,,,not_started,,parity,Source inventory only; split behavior before claiming whole-file parity
source:Code/Tests/PhysTest/lev_file.h,source,Code/Tests/PhysTest/lev_file.h,Code/Tests/PhysTest/lev_file.h,games/renegade/migration,,,not_started,,parity,Source inventory only; split behavior before claiming whole-file parity
source:Code/Tests/PhysTest/res/Axes.w3d,source,Code/Tests/PhysTest/res/Axes.w3d,Code/Tests/PhysTest/res/Axes.w3d,games/renegade/migration,,,not_started,,parity,Source inventory only; split behavior before claiming whole-file parity
source:Code/Tests/PhysTest/res/PhysTest.ico,source,Code/Tests/PhysTest/res/PhysTest.ico,Code/Tests/PhysTest/res/PhysTest.ico,games/renegade/migration,,,not_started,,parity,Source inventory only; split behavior before claiming whole-file parity
source:Code/Tests/PhysTest/res/PhysTest.rc2,source,Code/Tests/PhysTest/res/PhysTest.rc2,Code/Tests/PhysTest/res/PhysTest.rc2,games/renegade/migration,,,not_started,,parity,Source inventory only; split behavior before claiming whole-file parity
source:Code/Tests/PhysTest/res/PhysTestDoc.ico,source,Code/Tests/PhysTest/res/PhysTestDoc.ico,Code/Tests/PhysTest/res/PhysTestDoc.ico,games/renegade/migration,,,not_started,,parity,Source inventory only; split behavior before claiming whole-file parity
source:Code/Tests/PhysTest/res/Point.w3d,source,Code/Tests/PhysTest/res/Point.w3d,Code/Tests/PhysTest/res/Point.w3d,games/renegade/migration,,,not_started,,parity,Source inventory only; split behavior before claiming whole-file parity
source:Code/Tests/PhysTest/res/Toolbar.bmp,source,Code/Tests/PhysTest/res/Toolbar.bmp,Code/Tests/PhysTest/res/Toolbar.bmp,games/renegade/migration,,,not_started,,parity,Source inventory only; split behavior before claiming whole-file parity
source:Code/Tests/PhysTest/res/toolbar1.bmp,source,Code/Tests/PhysTest/res/toolbar1.bmp,Code/Tests/PhysTest/res/toolbar1.bmp,games/renegade/migration,,,not_started,,parity,Source inventory only; split behavior before claiming whole-file parity
source:Code/Tests/PhysTest/resource.h,source,Code/Tests/PhysTest/resource.h,Code/Tests/PhysTest/resource.h,games/renegade/migration,,,not_started,,parity,Source inventory only; split behavior before claiming whole-file parity
source:Code/Tests/SplineTest/CardinalDialog.cpp,source,Code/Tests/SplineTest/CardinalDialog.cpp,Code/Tests/SplineTest/CardinalDialog.cpp,games/renegade/migration,,,not_started,,parity,Source inventory only; split behavior before claiming whole-file parity
source:Code/Tests/SplineTest/CardinalDialog.h,source,Code/Tests/SplineTest/CardinalDialog.h,Code/Tests/SplineTest/CardinalDialog.h,games/renegade/migration,,,not_started,,parity,Source inventory only; split behavior before claiming whole-file parity
source:Code/Tests/SplineTest/CurvePoints.cpp,source,Code/Tests/SplineTest/CurvePoints.cpp,Code/Tests/SplineTest/CurvePoints.cpp,games/renegade/migration,,,not_started,,parity,Source inventory only; split behavior before claiming whole-file parity
source:Code/Tests/SplineTest/CurvePoints.h,source,Code/Tests/SplineTest/CurvePoints.h,Code/Tests/SplineTest/CurvePoints.h,games/renegade/migration,,,not_started,,parity,Source inventory only; split behavior before claiming whole-file parity
source:Code/Tests/SplineTest/MainFrm.cpp,source,Code/Tests/SplineTest/MainFrm.cpp,Code/Tests/SplineTest/MainFrm.cpp,games/renegade/migration,,,not_started,,parity,Source inventory only; split behavior before claiming whole-file parity
source:Code/Tests/SplineTest/MainFrm.h,source,Code/Tests/SplineTest/MainFrm.h,Code/Tests/SplineTest/MainFrm.h,games/renegade/migration,,,not_started,,parity,Source inventory only; split behavior before claiming whole-file parity
source:Code/Tests/SplineTest/SplineTest.cpp,source,Code/Tests/SplineTest/SplineTest.cpp,Code/Tests/SplineTest/SplineTest.cpp,games/renegade/migration,,,not_started,,parity,Source inventory only; split behavior before claiming whole-file parity
source:Code/Tests/SplineTest/SplineTest.dsp,source,Code/Tests/SplineTest/SplineTest.dsp,Code/Tests/SplineTest/SplineTest.dsp,games/renegade/migration,,,not_started,,parity,Source inventory only; split behavior before claiming whole-file parity
source:Code/Tests/SplineTest/SplineTest.h,source,Code/Tests/SplineTest/SplineTest.h,Code/Tests/SplineTest/SplineTest.h,games/renegade/migration,,,not_started,,parity,Source inventory only; split behavior before claiming whole-file parity
source:Code/Tests/SplineTest/SplineTest.rc,source,Code/Tests/SplineTest/SplineTest.rc,Code/Tests/SplineTest/SplineTest.rc,games/renegade/migration,,,not_started,,parity,Source inventory only; split behavior before claiming whole-file parity
source:Code/Tests/SplineTest/SplineTestDoc.cpp,source,Code/Tests/SplineTest/SplineTestDoc.cpp,Code/Tests/SplineTest/SplineTestDoc.cpp,games/renegade/migration,,,not_started,,parity,Source inventory only; split behavior before claiming whole-file parity
source:Code/Tests/SplineTest/SplineTestDoc.h,source,Code/Tests/SplineTest/SplineTestDoc.h,Code/Tests/SplineTest/SplineTestDoc.h,games/renegade/migration,,,not_started,,parity,Source inventory only; split behavior before claiming whole-file parity
source:Code/Tests/SplineTest/SplineTestView.cpp,source,Code/Tests/SplineTest/SplineTestView.cpp,Code/Tests/SplineTest/SplineTestView.cpp,games/renegade/migration,,,not_started,,parity,Source inventory only; split behavior before claiming whole-file parity
source:Code/Tests/SplineTest/SplineTestView.h,source,Code/Tests/SplineTest/SplineTestView.h,Code/Tests/SplineTest/SplineTestView.h,games/renegade/migration,,,not_started,,parity,Source inventory only; split behavior before claiming whole-file parity
source:Code/Tests/SplineTest/StdAfx.cpp,source,Code/Tests/SplineTest/StdAfx.cpp,Code/Tests/SplineTest/StdAfx.cpp,games/renegade/migration,,,not_started,,parity,Source inventory only; split behavior before claiming whole-file parity
source:Code/Tests/SplineTest/StdAfx.h,source,Code/Tests/SplineTest/StdAfx.h,Code/Tests/SplineTest/StdAfx.h,games/renegade/migration,,,not_started,,parity,Source inventory only; split behavior before claiming whole-file parity
source:Code/Tests/SplineTest/TCBDialog.cpp,source,Code/Tests/SplineTest/TCBDialog.cpp,Code/Tests/SplineTest/TCBDialog.cpp,games/renegade/migration,,,not_started,,parity,Source inventory only; split behavior before claiming whole-file parity
source:Code/Tests/SplineTest/TCBDialog.h,source,Code/Tests/SplineTest/TCBDialog.h,Code/Tests/SplineTest/TCBDialog.h,games/renegade/migration,,,not_started,,parity,Source inventory only; split behavior before claiming whole-file parity
source:Code/Tests/SplineTest/res/SplineTest.ico,source,Code/Tests/SplineTest/res/SplineTest.ico,Code/Tests/SplineTest/res/SplineTest.ico,games/renegade/migration,,,not_started,,parity,Source inventory only; split behavior before claiming whole-file parity
source:Code/Tests/SplineTest/res/SplineTest.rc2,source,Code/Tests/SplineTest/res/SplineTest.rc2,Code/Tests/SplineTest/res/SplineTest.rc2,games/renegade/migration,,,not_started,,parity,Source inventory only; split behavior before claiming whole-file parity
source:Code/Tests/SplineTest/res/SplineTestDoc.ico,source,Code/Tests/SplineTest/res/SplineTestDoc.ico,Code/Tests/SplineTest/res/SplineTestDoc.ico,games/renegade/migration,,,not_started,,parity,Source inventory only; split behavior before claiming whole-file parity
source:Code/Tests/SplineTest/res/Toolbar.bmp,source,Code/Tests/SplineTest/res/Toolbar.bmp,Code/Tests/SplineTest/res/Toolbar.bmp,games/renegade/migration,,,not_started,,parity,Source inventory only; split behavior before claiming whole-file parity
source:Code/Tests/SplineTest/resource.h,source,Code/Tests/SplineTest/resource.h,Code/Tests/SplineTest/resource.h,games/renegade/migration,,,not_started,,parity,Source inventory only; split behavior before claiming whole-file parity
source:Code/Tests/collide/Collide.cpp,source,Code/Tests/collide/Collide.cpp,Code/Tests/collide/Collide.cpp,games/renegade/migration,,,not_started,,parity,Source inventory only; split behavior before claiming whole-file parity
source:Code/Tests/collide/col.cpp,source,Code/Tests/collide/col.cpp,Code/Tests/collide/col.cpp,games/renegade/migration,,,not_started,,parity,Source inventory only; split behavior before claiming whole-file parity
source:Code/Tests/collide/col.h,source,Code/Tests/collide/col.h,Code/Tests/collide/col.h,games/renegade/migration,,,not_started,,parity,Source inventory only; split behavior before claiming whole-file parity
source:Code/Tests/collide/collide.dsp,source,Code/Tests/collide/collide.dsp,Code/Tests/collide/collide.dsp,games/renegade/migration,,,not_started,,parity,Source inventory only; split behavior before claiming whole-file parity
source:Code/Tests/collide/cvec.h,source,Code/Tests/collide/cvec.h,Code/Tests/collide/cvec.h,games/renegade/migration,,,not_started,,parity,Source inventory only; split behavior before claiming whole-file parity
source:Code/Tests/collide/oldcol.cpp,source,Code/Tests/collide/oldcol.cpp,Code/Tests/collide/oldcol.cpp,games/renegade/migration,,,not_started,,parity,Source inventory only; split behavior before claiming whole-file parity
source:Code/Tests/mathtest/P_timer.cpp,source,Code/Tests/mathtest/P_timer.cpp,Code/Tests/mathtest/P_timer.cpp,games/renegade/migration,,,not_started,,parity,Source inventory only; split behavior before claiming whole-file parity
source:Code/Tests/mathtest/P_timer.h,source,Code/Tests/mathtest/P_timer.h,Code/Tests/mathtest/P_timer.h,games/renegade/migration,,,not_started,,parity,Source inventory only; split behavior before claiming whole-file parity
source:Code/Tests/mathtest/aaboxtest.cpp,source,Code/Tests/mathtest/aaboxtest.cpp,Code/Tests/mathtest/aaboxtest.cpp,games/renegade/migration,,,not_started,,parity,Source inventory only; split behavior before claiming whole-file parity
source:Code/Tests/mathtest/aaboxtest.h,source,Code/Tests/mathtest/aaboxtest.h,Code/Tests/mathtest/aaboxtest.h,games/renegade/migration,,,not_started,,parity,Source inventory only; split behavior before claiming whole-file parity
source:Code/Tests/mathtest/jan_math.cpp,source,Code/Tests/mathtest/jan_math.cpp,Code/Tests/mathtest/jan_math.cpp,games/renegade/migration,,,not_started,,parity,Source inventory only; split behavior before claiming whole-file parity
source:Code/Tests/mathtest/jan_math.h,source,Code/Tests/mathtest/jan_math.h,Code/Tests/mathtest/jan_math.h,games/renegade/migration,,,not_started,,parity,Source inventory only; split behavior before claiming whole-file parity
source:Code/Tests/mathtest/main.cpp,source,Code/Tests/mathtest/main.cpp,Code/Tests/mathtest/main.cpp,games/renegade/migration,,,not_started,,parity,Source inventory only; split behavior before claiming whole-file parity
source:Code/Tests/mathtest/mathtest.dsp,source,Code/Tests/mathtest/mathtest.dsp,Code/Tests/mathtest/mathtest.dsp,games/renegade/migration,,,not_started,,parity,Source inventory only; split behavior before claiming whole-file parity
source:Code/Tests/mathtest/mempooltest.cpp,source,Code/Tests/mathtest/mempooltest.cpp,Code/Tests/mathtest/mempooltest.cpp,games/renegade/migration,,,not_started,,parity,Source inventory only; split behavior before claiming whole-file parity
source:Code/Tests/mathtest/mempooltest.h,source,Code/Tests/mathtest/mempooltest.h,Code/Tests/mathtest/mempooltest.h,games/renegade/migration,,,not_started,,parity,Source inventory only; split behavior before claiming whole-file parity
source:Code/Tests/mathtest/obboxtest.cpp,source,Code/Tests/mathtest/obboxtest.cpp,Code/Tests/mathtest/obboxtest.cpp,games/renegade/migration,,,not_started,,parity,Source inventory only; split behavior before claiming whole-file parity
source:Code/Tests/mathtest/obboxtest.h,source,Code/Tests/mathtest/obboxtest.h,Code/Tests/mathtest/obboxtest.h,games/renegade/migration,,,not_started,,parity,Source inventory only; split behavior before claiming whole-file parity
source:Code/Tests/mathtest/odetest.h,source,Code/Tests/mathtest/odetest.h,Code/Tests/mathtest/odetest.h,games/renegade/migration,,,not_started,,parity,Source inventory only; split behavior before claiming whole-file parity
source:Code/Tests/mathtest/output.cpp,source,Code/Tests/mathtest/output.cpp,Code/Tests/mathtest/output.cpp,games/renegade/migration,,,not_started,,parity,Source inventory only; split behavior before claiming whole-file parity
source:Code/Tests/mathtest/output.h,source,Code/Tests/mathtest/output.h,Code/Tests/mathtest/output.h,games/renegade/migration,,,not_started,,parity,Source inventory only; split behavior before claiming whole-file parity
source:Code/Tests/mathtest/raytest.cpp,source,Code/Tests/mathtest/raytest.cpp,Code/Tests/mathtest/raytest.cpp,games/renegade/migration,,,not_started,,parity,Source inventory only; split behavior before claiming whole-file parity
source:Code/Tests/mathtest/raytest.h,source,Code/Tests/mathtest/raytest.h,Code/Tests/mathtest/raytest.h,games/renegade/migration,,,not_started,,parity,Source inventory only; split behavior before claiming whole-file parity
source:Code/Tests/mathtest/uarraytest.cpp,source,Code/Tests/mathtest/uarraytest.cpp,Code/Tests/mathtest/uarraytest.cpp,games/renegade/migration,,,not_started,,parity,Source inventory only; split behavior before claiming whole-file parity
source:Code/Tests/mathtest/uarraytest.h,source,Code/Tests/mathtest/uarraytest.h,Code/Tests/mathtest/uarraytest.h,games/renegade/migration,,,not_started,,parity,Source inventory only; split behavior before claiming whole-file parity
source:Code/Tests/movietest/WINMAIN.CPP,source,Code/Tests/movietest/WINMAIN.CPP,Code/Tests/movietest/WINMAIN.CPP,games/renegade/migration,,,not_started,,parity,Source inventory only; split behavior before claiming whole-file parity
source:Code/Tests/movietest/WINMAIN.H,source,Code/Tests/movietest/WINMAIN.H,Code/Tests/movietest/WINMAIN.H,games/renegade/migration,,,not_started,,parity,Source inventory only; split behavior before claiming whole-file parity
source:Code/Tests/movietest/_GLOBALS.CPP,source,Code/Tests/movietest/_GLOBALS.CPP,Code/Tests/movietest/_GLOBALS.CPP,games/renegade/migration,,,not_started,,parity,Source inventory only; split behavior before claiming whole-file parity
source:Code/Tests/movietest/_GLOBALS.H,source,Code/Tests/movietest/_GLOBALS.H,Code/Tests/movietest/_GLOBALS.H,games/renegade/migration,,,not_started,,parity,Source inventory only; split behavior before claiming whole-file parity
source:Code/Tests/movietest/_viewpt.cpp,source,Code/Tests/movietest/_viewpt.cpp,Code/Tests/movietest/_viewpt.cpp,games/renegade/migration,,,not_started,,parity,Source inventory only; split behavior before claiming whole-file parity
source:Code/Tests/movietest/_viewpt.h,source,Code/Tests/movietest/_viewpt.h,Code/Tests/movietest/_viewpt.h,games/renegade/migration,,,not_started,,parity,Source inventory only; split behavior before claiming whole-file parity
source:Code/Tests/movietest/_world.cpp,source,Code/Tests/movietest/_world.cpp,Code/Tests/movietest/_world.cpp,games/renegade/migration,,,not_started,,parity,Source inventory only; split behavior before claiming whole-file parity
source:Code/Tests/movietest/_world.h,source,Code/Tests/movietest/_world.h,Code/Tests/movietest/_world.h,games/renegade/migration,,,not_started,,parity,Source inventory only; split behavior before claiming whole-file parity
source:Code/Tests/movietest/init.cpp,source,Code/Tests/movietest/init.cpp,Code/Tests/movietest/init.cpp,games/renegade/migration,,,not_started,,parity,Source inventory only; split behavior before claiming whole-file parity
source:Code/Tests/movietest/init.h,source,Code/Tests/movietest/init.h,Code/Tests/movietest/init.h,games/renegade/migration,,,not_started,,parity,Source inventory only; split behavior before claiming whole-file parity
source:Code/Tests/movietest/mainloop.cpp,source,Code/Tests/movietest/mainloop.cpp,Code/Tests/movietest/mainloop.cpp,games/renegade/migration,,,not_started,,parity,Source inventory only; split behavior before claiming whole-file parity
source:Code/Tests/movietest/mainloop.h,source,Code/Tests/movietest/mainloop.h,Code/Tests/movietest/mainloop.h,games/renegade/migration,,,not_started,,parity,Source inventory only; split behavior before claiming whole-file parity
source:Code/Tests/movietest/movietest.dsp,source,Code/Tests/movietest/movietest.dsp,Code/Tests/movietest/movietest.dsp,games/renegade/migration,,,not_started,,parity,Source inventory only; split behavior before claiming whole-file parity
source:Code/Tests/movietest/shutdown.cpp,source,Code/Tests/movietest/shutdown.cpp,Code/Tests/movietest/shutdown.cpp,games/renegade/migration,,,not_started,,parity,Source inventory only; split behavior before claiming whole-file parity
source:Code/Tests/movietest/shutdown.h,source,Code/Tests/movietest/shutdown.h,Code/Tests/movietest/shutdown.h,games/renegade/migration,,,not_started,,parity,Source inventory only; split behavior before claiming whole-file parity
source:Code/Tests/skeleton_gth/resource.h,source,Code/Tests/skeleton_gth/resource.h,Code/Tests/skeleton_gth/resource.h,games/renegade/migration,,,not_started,,parity,Source inventory only; split behavior before claiming whole-file parity
source:Code/Tests/skeleton_gth/skeleton.ico,source,Code/Tests/skeleton_gth/skeleton.ico,Code/Tests/skeleton_gth/skeleton.ico,games/renegade/migration,,,not_started,,parity,Source inventory only; split behavior before claiming whole-file parity
source:Code/Tests/skeleton_gth/skeleton.rc,source,Code/Tests/skeleton_gth/skeleton.rc,Code/Tests/skeleton_gth/skeleton.rc,games/renegade/migration,,,not_started,,parity,Source inventory only; split behavior before claiming whole-file parity
source:Code/Tests/skeleton_gth/skeleton_gth.cpp,source,Code/Tests/skeleton_gth/skeleton_gth.cpp,Code/Tests/skeleton_gth/skeleton_gth.cpp,games/renegade/migration,,,not_started,,parity,Source inventory only; split behavior before claiming whole-file parity
source:Code/Tests/skeleton_gth/skeleton_gth.dsp,source,Code/Tests/skeleton_gth/skeleton_gth.dsp,Code/Tests/skeleton_gth/skeleton_gth.dsp,games/renegade/migration,,,not_started,,parity,Source inventory only; split behavior before claiming whole-file parity
source:Code/Tests/skeleton_gth/skeleton_gth.h,source,Code/Tests/skeleton_gth/skeleton_gth.h,Code/Tests/skeleton_gth/skeleton_gth.h,games/renegade/migration,,,not_started,,parity,Source inventory only; split behavior before claiming whole-file parity
source:Code/Tests/skeleton_gth/small.ico,source,Code/Tests/skeleton_gth/small.ico,Code/Tests/skeleton_gth/small.ico,games/renegade/migration,,,not_started,,parity,Source inventory only; split behavior before claiming whole-file parity
source:Code/Tools/AMC_IMP/AMC_IMP.dsp,source,Code/Tools/AMC_IMP/AMC_IMP.dsp,Code/Tools/AMC_IMP/AMC_IMP.dsp,games/renegade/migration,,,not_started,,parity,Source inventory only; split behavior before claiming whole-file parity
source:Code/Tools/AMC_IMP/AMC_import.cpp,source,Code/Tools/AMC_IMP/AMC_import.cpp,Code/Tools/AMC_IMP/AMC_import.cpp,games/renegade/migration,,,not_started,,parity,Source inventory only; split behavior before claiming whole-file parity
source:Code/Tools/AMC_IMP/AMC_import.def,source,Code/Tools/AMC_IMP/AMC_import.def,Code/Tools/AMC_IMP/AMC_import.def,games/renegade/migration,,,not_started,,parity,Source inventory only; split behavior before claiming whole-file parity
source:Code/Tools/AMC_IMP/AMC_import.rc,source,Code/Tools/AMC_IMP/AMC_import.rc,Code/Tools/AMC_IMP/AMC_import.rc,games/renegade/migration,,,not_started,,parity,Source inventory only; split behavior before claiming whole-file parity
source:Code/Tools/AMC_IMP/exception.h,source,Code/Tools/AMC_IMP/exception.h,Code/Tools/AMC_IMP/exception.h,games/renegade/migration,,,not_started,,parity,Source inventory only; split behavior before claiming whole-file parity
source:Code/Tools/AMC_IMP/resource.h,source,Code/Tools/AMC_IMP/resource.h,Code/Tools/AMC_IMP/resource.h,games/renegade/migration,,,not_started,,parity,Source inventory only; split behavior before claiming whole-file parity
source:Code/Tools/AMC_IMP/wdeview.h,source,Code/Tools/AMC_IMP/wdeview.h,Code/Tools/AMC_IMP/wdeview.h,games/renegade/migration,,,not_started,,parity,Source inventory only; split behavior before claiming whole-file parity
source:Code/Tools/ASF_IMP/ASF_IMP.dsp,source,Code/Tools/ASF_IMP/ASF_IMP.dsp,Code/Tools/ASF_IMP/ASF_IMP.dsp,games/renegade/migration,,,not_started,,parity,Source inventory only; split behavior before claiming whole-file parity
source:Code/Tools/ASF_IMP/ASF_import.cpp,source,Code/Tools/ASF_IMP/ASF_import.cpp,Code/Tools/ASF_IMP/ASF_import.cpp,games/renegade/migration,,,not_started,,parity,Source inventory only; split behavior before claiming whole-file parity
source:Code/Tools/ASF_IMP/ASF_import.def,source,Code/Tools/ASF_IMP/ASF_import.def,Code/Tools/ASF_IMP/ASF_import.def,games/renegade/migration,,,not_started,,parity,Source inventory only; split behavior before claiming whole-file parity
source:Code/Tools/ASF_IMP/ASF_import.rc,source,Code/Tools/ASF_IMP/ASF_import.rc,Code/Tools/ASF_IMP/ASF_import.rc,games/renegade/migration,,,not_started,,parity,Source inventory only; split behavior before claiming whole-file parity
source:Code/Tools/ASF_IMP/Asf_resource.h,source,Code/Tools/ASF_IMP/Asf_resource.h,Code/Tools/ASF_IMP/Asf_resource.h,games/renegade/migration,,,not_started,,parity,Source inventory only; split behavior before claiming whole-file parity
source:Code/Tools/ASF_IMP/Read_ASF.cpp,source,Code/Tools/ASF_IMP/Read_ASF.cpp,Code/Tools/ASF_IMP/Read_ASF.cpp,games/renegade/migration,,,not_started,,parity,Source inventory only; split behavior before claiming whole-file parity
source:Code/Tools/ASF_IMP/asf_data.h,source,Code/Tools/ASF_IMP/asf_data.h,Code/Tools/ASF_IMP/asf_data.h,games/renegade/migration,,,not_started,,parity,Source inventory only; split behavior before claiming whole-file parity
source:Code/Tools/ASF_IMP/exception.h,source,Code/Tools/ASF_IMP/exception.h,Code/Tools/ASF_IMP/exception.h,games/renegade/migration,,,not_started,,parity,Source inventory only; split behavior before claiming whole-file parity
source:Code/Tools/ASF_IMP/read_asf.h,source,Code/Tools/ASF_IMP/read_asf.h,Code/Tools/ASF_IMP/read_asf.h,games/renegade/migration,,,not_started,,parity,Source inventory only; split behavior before claiming whole-file parity
source:Code/Tools/Blender2/Blender2.cpp,source,Code/Tools/Blender2/Blender2.cpp,Code/Tools/Blender2/Blender2.cpp,games/renegade/migration,,,not_started,,parity,Source inventory only; split behavior before claiming whole-file parity
source:Code/Tools/Blender2/Blender2.def,source,Code/Tools/Blender2/Blender2.def,Code/Tools/Blender2/Blender2.def,games/renegade/migration,,,not_started,,parity,Source inventory only; split behavior before claiming whole-file parity
source:Code/Tools/Blender2/Blender2.dsp,source,Code/Tools/Blender2/Blender2.dsp,Code/Tools/Blender2/Blender2.dsp,games/renegade/migration,,,not_started,,parity,Source inventory only; split behavior before claiming whole-file parity
source:Code/Tools/Blender2/Blender2.h,source,Code/Tools/Blender2/Blender2.h,Code/Tools/Blender2/Blender2.h,games/renegade/migration,,,not_started,,parity,Source inventory only; split behavior before claiming whole-file parity
source:Code/Tools/Blender2/Blender2.rc,source,Code/Tools/Blender2/Blender2.rc,Code/Tools/Blender2/Blender2.rc,games/renegade/migration,,,not_started,,parity,Source inventory only; split behavior before claiming whole-file parity
source:Code/Tools/Blender2/DLLMain.cpp,source,Code/Tools/Blender2/DLLMain.cpp,Code/Tools/Blender2/DLLMain.cpp,games/renegade/migration,,,not_started,,parity,Source inventory only; split behavior before claiming whole-file parity
source:Code/Tools/Blender2/appdata.h,source,Code/Tools/Blender2/appdata.h,Code/Tools/Blender2/appdata.h,games/renegade/migration,,,not_started,,parity,Source inventory only; split behavior before claiming whole-file parity
source:Code/Tools/Blender2/resource.h,source,Code/Tools/Blender2/resource.h,Code/Tools/Blender2/resource.h,games/renegade/migration,,,not_started,,parity,Source inventory only; split behavior before claiming whole-file parity
source:Code/Tools/ChunkView/ChunkDataView.cpp,source,Code/Tools/ChunkView/ChunkDataView.cpp,Code/Tools/ChunkView/ChunkDataView.cpp,games/renegade/migration,,,not_started,,parity,Source inventory only; split behavior before claiming whole-file parity
source:Code/Tools/ChunkView/ChunkDataView.h,source,Code/Tools/ChunkView/ChunkDataView.h,Code/Tools/ChunkView/ChunkDataView.h,games/renegade/migration,,,not_started,,parity,Source inventory only; split behavior before claiming whole-file parity
source:Code/Tools/ChunkView/ChunkFileImage.cpp,source,Code/Tools/ChunkView/ChunkFileImage.cpp,Code/Tools/ChunkView/ChunkFileImage.cpp,games/renegade/migration,,,not_started,,parity,Source inventory only; split behavior before claiming whole-file parity
source:Code/Tools/ChunkView/ChunkFileImage.h,source,Code/Tools/ChunkView/ChunkFileImage.h,Code/Tools/ChunkView/ChunkFileImage.h,games/renegade/migration,,,not_started,,parity,Source inventory only; split behavior before claiming whole-file parity
source:Code/Tools/ChunkView/ChunkTreeView.cpp,source,Code/Tools/ChunkView/ChunkTreeView.cpp,Code/Tools/ChunkView/ChunkTreeView.cpp,games/renegade/migration,,,not_started,,parity,Source inventory only; split behavior before claiming whole-file parity
source:Code/Tools/ChunkView/ChunkTreeView.h,source,Code/Tools/ChunkView/ChunkTreeView.h,Code/Tools/ChunkView/ChunkTreeView.h,games/renegade/migration,,,not_started,,parity,Source inventory only; split behavior before claiming whole-file parity
source:Code/Tools/ChunkView/ChunkView.cpp,source,Code/Tools/ChunkView/ChunkView.cpp,Code/Tools/ChunkView/ChunkView.cpp,games/renegade/migration,,,not_started,,parity,Source inventory only; split behavior before claiming whole-file parity
source:Code/Tools/ChunkView/ChunkView.dsp,source,Code/Tools/ChunkView/ChunkView.dsp,Code/Tools/ChunkView/ChunkView.dsp,games/renegade/migration,,,not_started,,parity,Source inventory only; split behavior before claiming whole-file parity
source:Code/Tools/ChunkView/ChunkView.h,source,Code/Tools/ChunkView/ChunkView.h,Code/Tools/ChunkView/ChunkView.h,games/renegade/migration,,,not_started,,parity,Source inventory only; split behavior before claiming whole-file parity
source:Code/Tools/ChunkView/ChunkView.rc,source,Code/Tools/ChunkView/ChunkView.rc,Code/Tools/ChunkView/ChunkView.rc,games/renegade/migration,,,not_started,,parity,Source inventory only; split behavior before claiming whole-file parity
source:Code/Tools/ChunkView/ChunkViewDoc.cpp,source,Code/Tools/ChunkView/ChunkViewDoc.cpp,Code/Tools/ChunkView/ChunkViewDoc.cpp,games/renegade/migration,,,not_started,,parity,Source inventory only; split behavior before claiming whole-file parity
source:Code/Tools/ChunkView/ChunkViewDoc.h,source,Code/Tools/ChunkView/ChunkViewDoc.h,Code/Tools/ChunkView/ChunkViewDoc.h,games/renegade/migration,,,not_started,,parity,Source inventory only; split behavior before claiming whole-file parity
source:Code/Tools/ChunkView/ChunkViewView.cpp,source,Code/Tools/ChunkView/ChunkViewView.cpp,Code/Tools/ChunkView/ChunkViewView.cpp,games/renegade/migration,,,not_started,,parity,Source inventory only; split behavior before claiming whole-file parity
source:Code/Tools/ChunkView/ChunkViewView.h,source,Code/Tools/ChunkView/ChunkViewView.h,Code/Tools/ChunkView/ChunkViewView.h,games/renegade/migration,,,not_started,,parity,Source inventory only; split behavior before claiming whole-file parity
source:Code/Tools/ChunkView/HexToString.cpp,source,Code/Tools/ChunkView/HexToString.cpp,Code/Tools/ChunkView/HexToString.cpp,games/renegade/migration,,,not_started,,parity,Source inventory only; split behavior before claiming whole-file parity
source:Code/Tools/ChunkView/HexToString.h,source,Code/Tools/ChunkView/HexToString.h,Code/Tools/ChunkView/HexToString.h,games/renegade/migration,,,not_started,,parity,Source inventory only; split behavior before claiming whole-file parity
source:Code/Tools/ChunkView/MainFrm.cpp,source,Code/Tools/ChunkView/MainFrm.cpp,Code/Tools/ChunkView/MainFrm.cpp,games/renegade/migration,,,not_started,,parity,Source inventory only; split behavior before claiming whole-file parity
source:Code/Tools/ChunkView/MainFrm.h,source,Code/Tools/ChunkView/MainFrm.h,Code/Tools/ChunkView/MainFrm.h,games/renegade/migration,,,not_started,,parity,Source inventory only; split behavior before claiming whole-file parity
source:Code/Tools/ChunkView/StdAfx.cpp,source,Code/Tools/ChunkView/StdAfx.cpp,Code/Tools/ChunkView/StdAfx.cpp,games/renegade/migration,,,not_started,,parity,Source inventory only; split behavior before claiming whole-file parity
source:Code/Tools/ChunkView/StdAfx.h,source,Code/Tools/ChunkView/StdAfx.h,Code/Tools/ChunkView/StdAfx.h,games/renegade/migration,,,not_started,,parity,Source inventory only; split behavior before claiming whole-file parity
source:Code/Tools/ChunkView/res/ChunkView.ico,source,Code/Tools/ChunkView/res/ChunkView.ico,Code/Tools/ChunkView/res/ChunkView.ico,games/renegade/migration,,,not_started,,parity,Source inventory only; split behavior before claiming whole-file parity
source:Code/Tools/ChunkView/res/ChunkView.rc2,source,Code/Tools/ChunkView/res/ChunkView.rc2,Code/Tools/ChunkView/res/ChunkView.rc2,games/renegade/migration,,,not_started,,parity,Source inventory only; split behavior before claiming whole-file parity
source:Code/Tools/ChunkView/res/ChunkViewDoc.ico,source,Code/Tools/ChunkView/res/ChunkViewDoc.ico,Code/Tools/ChunkView/res/ChunkViewDoc.ico,games/renegade/migration,,,not_started,,parity,Source inventory only; split behavior before claiming whole-file parity
source:Code/Tools/ChunkView/res/Toolbar.bmp,source,Code/Tools/ChunkView/res/Toolbar.bmp,Code/Tools/ChunkView/res/Toolbar.bmp,games/renegade/migration,,,not_started,,parity,Source inventory only; split behavior before claiming whole-file parity
source:Code/Tools/ChunkView/resource.h,source,Code/Tools/ChunkView/resource.h,Code/Tools/ChunkView/resource.h,games/renegade/migration,,,not_started,,parity,Source inventory only; split behavior before claiming whole-file parity
source:Code/Tools/Clipbord/Clipboard.cpp,source,Code/Tools/Clipbord/Clipboard.cpp,Code/Tools/Clipbord/Clipboard.cpp,games/renegade/migration,,,not_started,,parity,Source inventory only; split behavior before claiming whole-file parity
source:Code/Tools/Clipbord/Clipboard.def,source,Code/Tools/Clipbord/Clipboard.def,Code/Tools/Clipbord/Clipboard.def,games/renegade/migration,,,not_started,,parity,Source inventory only; split behavior before claiming whole-file parity
source:Code/Tools/Clipbord/Clipboard.rc,source,Code/Tools/Clipbord/Clipboard.rc,Code/Tools/Clipbord/Clipboard.rc,games/renegade/migration,,,not_started,,parity,Source inventory only; split behavior before claiming whole-file parity
source:Code/Tools/Clipbord/Clipbord.dsp,source,Code/Tools/Clipbord/Clipbord.dsp,Code/Tools/Clipbord/Clipbord.dsp,games/renegade/migration,,,not_started,,parity,Source inventory only; split behavior before claiming whole-file parity
source:Code/Tools/Clipbord/DLLMain.cpp,source,Code/Tools/Clipbord/DLLMain.cpp,Code/Tools/Clipbord/DLLMain.cpp,games/renegade/migration,,,not_started,,parity,Source inventory only; split behavior before claiming whole-file parity
source:Code/Tools/Clipbord/clipboard.h,source,Code/Tools/Clipbord/clipboard.h,Code/Tools/Clipbord/clipboard.h,games/renegade/migration,,,not_started,,parity,Source inventory only; split behavior before claiming whole-file parity
source:Code/Tools/Clipbord/resource.h,source,Code/Tools/Clipbord/resource.h,Code/Tools/Clipbord/resource.h,games/renegade/migration,,,not_started,,parity,Source inventory only; split behavior before claiming whole-file parity
source:Code/Tools/CommandoUpdate/CommandoUpdate.cpp,source,Code/Tools/CommandoUpdate/CommandoUpdate.cpp,Code/Tools/CommandoUpdate/CommandoUpdate.cpp,games/renegade/migration,,,not_started,,parity,Source inventory only; split behavior before claiming whole-file parity
source:Code/Tools/CommandoUpdate/CommandoUpdate.dsp,source,Code/Tools/CommandoUpdate/CommandoUpdate.dsp,Code/Tools/CommandoUpdate/CommandoUpdate.dsp,games/renegade/migration,,,not_started,,parity,Source inventory only; split behavior before claiming whole-file parity
source:Code/Tools/CommandoUpdate/CommandoUpdate.h,source,Code/Tools/CommandoUpdate/CommandoUpdate.h,Code/Tools/CommandoUpdate/CommandoUpdate.h,games/renegade/migration,,,not_started,,parity,Source inventory only; split behavior before claiming whole-file parity
source:Code/Tools/CommandoUpdate/CommandoUpdate.rc,source,Code/Tools/CommandoUpdate/CommandoUpdate.rc,Code/Tools/CommandoUpdate/CommandoUpdate.rc,games/renegade/migration,,,not_started,,parity,Source inventory only; split behavior before claiming whole-file parity
source:Code/Tools/CommandoUpdate/CommandoUpdateDlg.cpp,source,Code/Tools/CommandoUpdate/CommandoUpdateDlg.cpp,Code/Tools/CommandoUpdate/CommandoUpdateDlg.cpp,games/renegade/migration,,,not_started,,parity,Source inventory only; split behavior before claiming whole-file parity
source:Code/Tools/CommandoUpdate/CommandoUpdateDlg.h,source,Code/Tools/CommandoUpdate/CommandoUpdateDlg.h,Code/Tools/CommandoUpdate/CommandoUpdateDlg.h,games/renegade/migration,,,not_started,,parity,Source inventory only; split behavior before claiming whole-file parity
source:Code/Tools/CommandoUpdate/FileCopyDialog.cpp,source,Code/Tools/CommandoUpdate/FileCopyDialog.cpp,Code/Tools/CommandoUpdate/FileCopyDialog.cpp,games/renegade/migration,,,not_started,,parity,Source inventory only; split behavior before claiming whole-file parity
source:Code/Tools/CommandoUpdate/FileCopyDialog.h,source,Code/Tools/CommandoUpdate/FileCopyDialog.h,Code/Tools/CommandoUpdate/FileCopyDialog.h,games/renegade/migration,,,not_started,,parity,Source inventory only; split behavior before claiming whole-file parity
source:Code/Tools/CommandoUpdate/StdAfx.cpp,source,Code/Tools/CommandoUpdate/StdAfx.cpp,Code/Tools/CommandoUpdate/StdAfx.cpp,games/renegade/migration,,,not_started,,parity,Source inventory only; split behavior before claiming whole-file parity
source:Code/Tools/CommandoUpdate/StdAfx.h,source,Code/Tools/CommandoUpdate/StdAfx.h,Code/Tools/CommandoUpdate/StdAfx.h,games/renegade/migration,,,not_started,,parity,Source inventory only; split behavior before claiming whole-file parity
source:Code/Tools/CommandoUpdate/res/CommandoUpdate.ico,source,Code/Tools/CommandoUpdate/res/CommandoUpdate.ico,Code/Tools/CommandoUpdate/res/CommandoUpdate.ico,games/renegade/migration,,,not_started,,parity,Source inventory only; split behavior before claiming whole-file parity
source:Code/Tools/CommandoUpdate/res/CommandoUpdate.rc2,source,Code/Tools/CommandoUpdate/res/CommandoUpdate.rc2,Code/Tools/CommandoUpdate/res/CommandoUpdate.rc2,games/renegade/migration,,,not_started,,parity,Source inventory only; split behavior before claiming whole-file parity
source:Code/Tools/CommandoUpdate/res/Filecopy.avi,source,Code/Tools/CommandoUpdate/res/Filecopy.avi,Code/Tools/CommandoUpdate/res/Filecopy.avi,games/renegade/migration,,,not_started,,parity,Source inventory only; split behavior before claiming whole-file parity
source:Code/Tools/CommandoUpdate/res/icon1.ico,source,Code/Tools/CommandoUpdate/res/icon1.ico,Code/Tools/CommandoUpdate/res/icon1.ico,games/renegade/migration,,,not_started,,parity,Source inventory only; split behavior before claiming whole-file parity
source:Code/Tools/CommandoUpdate/resource.h,source,Code/Tools/CommandoUpdate/resource.h,Code/Tools/CommandoUpdate/resource.h,games/renegade/migration,,,not_started,,parity,Source inventory only; split behavior before claiming whole-file parity
source:Code/Tools/CopyLocked/CopyLocked.cpp,source,Code/Tools/CopyLocked/CopyLocked.cpp,Code/Tools/CopyLocked/CopyLocked.cpp,games/renegade/migration,,,not_started,,parity,Source inventory only; split behavior before claiming whole-file parity
source:Code/Tools/CopyLocked/CopyLocked.dsp,source,Code/Tools/CopyLocked/CopyLocked.dsp,Code/Tools/CopyLocked/CopyLocked.dsp,games/renegade/migration,,,not_started,,parity,Source inventory only; split behavior before claiming whole-file parity
source:Code/Tools/CopyLocked/CopyLocked.h,source,Code/Tools/CopyLocked/CopyLocked.h,Code/Tools/CopyLocked/CopyLocked.h,games/renegade/migration,,,not_started,,parity,Source inventory only; split behavior before claiming whole-file parity
source:Code/Tools/CopyLocked/CopyLocked.rc,source,Code/Tools/CopyLocked/CopyLocked.rc,Code/Tools/CopyLocked/CopyLocked.rc,games/renegade/migration,,,not_started,,parity,Source inventory only; split behavior before claiming whole-file parity
source:Code/Tools/CopyLocked/CopyLockedDlg.cpp,source,Code/Tools/CopyLocked/CopyLockedDlg.cpp,Code/Tools/CopyLocked/CopyLockedDlg.cpp,games/renegade/migration,,,not_started,,parity,Source inventory only; split behavior before claiming whole-file parity
source:Code/Tools/CopyLocked/CopyLockedDlg.h,source,Code/Tools/CopyLocked/CopyLockedDlg.h,Code/Tools/CopyLocked/CopyLockedDlg.h,games/renegade/migration,,,not_started,,parity,Source inventory only; split behavior before claiming whole-file parity
source:Code/Tools/CopyLocked/StdAfx.cpp,source,Code/Tools/CopyLocked/StdAfx.cpp,Code/Tools/CopyLocked/StdAfx.cpp,games/renegade/migration,,,not_started,,parity,Source inventory only; split behavior before claiming whole-file parity
source:Code/Tools/CopyLocked/StdAfx.h,source,Code/Tools/CopyLocked/StdAfx.h,Code/Tools/CopyLocked/StdAfx.h,games/renegade/migration,,,not_started,,parity,Source inventory only; split behavior before claiming whole-file parity
source:Code/Tools/CopyLocked/res/CopyLocked.ico,source,Code/Tools/CopyLocked/res/CopyLocked.ico,Code/Tools/CopyLocked/res/CopyLocked.ico,games/renegade/migration,,,not_started,,parity,Source inventory only; split behavior before claiming whole-file parity
source:Code/Tools/CopyLocked/res/CopyLocked.rc2,source,Code/Tools/CopyLocked/res/CopyLocked.rc2,Code/Tools/CopyLocked/res/CopyLocked.rc2,games/renegade/migration,,,not_started,,parity,Source inventory only; split behavior before claiming whole-file parity
source:Code/Tools/CopyLocked/resource.h,source,Code/Tools/CopyLocked/resource.h,Code/Tools/CopyLocked/resource.h,games/renegade/migration,,,not_started,,parity,Source inventory only; split behavior before claiming whole-file parity
source:Code/Tools/LevelEdit/AttenuationSphere.cpp,source,Code/Tools/LevelEdit/AttenuationSphere.cpp,Code/Tools/LevelEdit/AttenuationSphere.cpp,games/renegade/migration,,,not_started,,parity,Source inventory only; split behavior before claiming whole-file parity
source:Code/Tools/LevelEdit/AttenuationSphere.h,source,Code/Tools/LevelEdit/AttenuationSphere.h,Code/Tools/LevelEdit/AttenuationSphere.h,games/renegade/migration,,,not_started,,parity,Source inventory only; split behavior before claiming whole-file parity
source:Code/Tools/LevelEdit/Box3D.cpp,source,Code/Tools/LevelEdit/Box3D.cpp,Code/Tools/LevelEdit/Box3D.cpp,games/renegade/migration,,,not_started,,parity,Source inventory only; split behavior before claiming whole-file parity
source:Code/Tools/LevelEdit/Box3D.h,source,Code/Tools/LevelEdit/Box3D.h,Code/Tools/LevelEdit/Box3D.h,games/renegade/migration,,,not_started,,parity,Source inventory only; split behavior before claiming whole-file parity
source:Code/Tools/LevelEdit/BuildingNode.cpp,source,Code/Tools/LevelEdit/BuildingNode.cpp,Code/Tools/LevelEdit/BuildingNode.cpp,games/renegade/migration,,,not_started,,parity,Source inventory only; split behavior before claiming whole-file parity
source:Code/Tools/LevelEdit/BuildingNode.h,source,Code/Tools/LevelEdit/BuildingNode.h,Code/Tools/LevelEdit/BuildingNode.h,games/renegade/migration,,,not_started,,parity,Source inventory only; split behavior before claiming whole-file parity
source:Code/Tools/LevelEdit/CameraMgr.cpp,source,Code/Tools/LevelEdit/CameraMgr.cpp,Code/Tools/LevelEdit/CameraMgr.cpp,games/renegade/migration,,,not_started,,parity,Source inventory only; split behavior before claiming whole-file parity
source:Code/Tools/LevelEdit/CameraMgr.h,source,Code/Tools/LevelEdit/CameraMgr.h,Code/Tools/LevelEdit/CameraMgr.h,games/renegade/migration,,,not_started,,parity,Source inventory only; split behavior before claiming whole-file parity
source:Code/Tools/LevelEdit/CameraSettingsForm.cpp,source,Code/Tools/LevelEdit/CameraSettingsForm.cpp,Code/Tools/LevelEdit/CameraSettingsForm.cpp,games/renegade/migration,,,not_started,,parity,Source inventory only; split behavior before claiming whole-file parity
source:Code/Tools/LevelEdit/CheckinStyleDialog.cpp,source,Code/Tools/LevelEdit/CheckinStyleDialog.cpp,Code/Tools/LevelEdit/CheckinStyleDialog.cpp,games/renegade/migration,,,not_started,,parity,Source inventory only; split behavior before claiming whole-file parity
source:Code/Tools/LevelEdit/CheckinStyleDialog.h,source,Code/Tools/LevelEdit/CheckinStyleDialog.h,Code/Tools/LevelEdit/CheckinStyleDialog.h,games/renegade/migration,,,not_started,,parity,Source inventory only; split behavior before claiming whole-file parity
source:Code/Tools/LevelEdit/CheckingOutDialog.cpp,source,Code/Tools/LevelEdit/CheckingOutDialog.cpp,Code/Tools/LevelEdit/CheckingOutDialog.cpp,games/renegade/migration,,,not_started,,parity,Source inventory only; split behavior before claiming whole-file parity
source:Code/Tools/LevelEdit/CheckingOutDialog.h,source,Code/Tools/LevelEdit/CheckingOutDialog.h,Code/Tools/LevelEdit/CheckingOutDialog.h,games/renegade/migration,,,not_started,,parity,Source inventory only; split behavior before claiming whole-file parity
source:Code/Tools/LevelEdit/ChooseModPackageDialog.cpp,source,Code/Tools/LevelEdit/ChooseModPackageDialog.cpp,Code/Tools/LevelEdit/ChooseModPackageDialog.cpp,games/renegade/migration,,,not_started,,parity,Source inventory only; split behavior before claiming whole-file parity
source:Code/Tools/LevelEdit/ChooseModPackageDialog.h,source,Code/Tools/LevelEdit/ChooseModPackageDialog.h,Code/Tools/LevelEdit/ChooseModPackageDialog.h,games/renegade/migration,,,not_started,,parity,Source inventory only; split behavior before claiming whole-file parity
source:Code/Tools/LevelEdit/CollisionGroups.h,source,Code/Tools/LevelEdit/CollisionGroups.h,Code/Tools/LevelEdit/CollisionGroups.h,games/renegade/migration,,,not_started,,parity,Source inventory only; split behavior before claiming whole-file parity
source:Code/Tools/LevelEdit/ColorBar.cpp,source,Code/Tools/LevelEdit/ColorBar.cpp,Code/Tools/LevelEdit/ColorBar.cpp,games/renegade/migration,,,not_started,,parity,Source inventory only; split behavior before claiming whole-file parity
source:Code/Tools/LevelEdit/ColorBar.h,source,Code/Tools/LevelEdit/ColorBar.h,Code/Tools/LevelEdit/ColorBar.h,games/renegade/migration,,,not_started,,parity,Source inventory only; split behavior before claiming whole-file parity
source:Code/Tools/LevelEdit/ColorPicker.cpp,source,Code/Tools/LevelEdit/ColorPicker.cpp,Code/Tools/LevelEdit/ColorPicker.cpp,games/renegade/migration,,,not_started,,parity,Source inventory only; split behavior before claiming whole-file parity
source:Code/Tools/LevelEdit/ColorPicker.h,source,Code/Tools/LevelEdit/ColorPicker.h,Code/Tools/LevelEdit/ColorPicker.h,games/renegade/migration,,,not_started,,parity,Source inventory only; split behavior before claiming whole-file parity
source:Code/Tools/LevelEdit/ColorPickerDialogClass.cpp,source,Code/Tools/LevelEdit/ColorPickerDialogClass.cpp,Code/Tools/LevelEdit/ColorPickerDialogClass.cpp,games/renegade/migration,,,not_started,,parity,Source inventory only; split behavior before claiming whole-file parity
source:Code/Tools/LevelEdit/ColorPickerDialogClass.h,source,Code/Tools/LevelEdit/ColorPickerDialogClass.h,Code/Tools/LevelEdit/ColorPickerDialogClass.h,games/renegade/migration,,,not_started,,parity,Source inventory only; split behavior before claiming whole-file parity
source:Code/Tools/LevelEdit/ColorSelectionDialog.cpp,source,Code/Tools/LevelEdit/ColorSelectionDialog.cpp,Code/Tools/LevelEdit/ColorSelectionDialog.cpp,games/renegade/migration,,,not_started,,parity,Source inventory only; split behavior before claiming whole-file parity
source:Code/Tools/LevelEdit/ColorSelectionDialog.h,source,Code/Tools/LevelEdit/ColorSelectionDialog.h,Code/Tools/LevelEdit/ColorSelectionDialog.h,games/renegade/migration,,,not_started,,parity,Source inventory only; split behavior before claiming whole-file parity
source:Code/Tools/LevelEdit/ColorUtils.cpp,source,Code/Tools/LevelEdit/ColorUtils.cpp,Code/Tools/LevelEdit/ColorUtils.cpp,games/renegade/migration,,,not_started,,parity,Source inventory only; split behavior before claiming whole-file parity
source:Code/Tools/LevelEdit/ColorUtils.h,source,Code/Tools/LevelEdit/ColorUtils.h,Code/Tools/LevelEdit/ColorUtils.h,games/renegade/migration,,,not_started,,parity,Source inventory only; split behavior before claiming whole-file parity
source:Code/Tools/LevelEdit/ConversationEditorMgr.cpp,source,Code/Tools/LevelEdit/ConversationEditorMgr.cpp,Code/Tools/LevelEdit/ConversationEditorMgr.cpp,games/renegade/migration,,,not_started,,parity,Source inventory only; split behavior before claiming whole-file parity
source:Code/Tools/LevelEdit/ConversationEditorMgr.h,source,Code/Tools/LevelEdit/ConversationEditorMgr.h,Code/Tools/LevelEdit/ConversationEditorMgr.h,games/renegade/migration,,,not_started,,parity,Source inventory only; split behavior before claiming whole-file parity
source:Code/Tools/LevelEdit/ConversationPage.cpp,source,Code/Tools/LevelEdit/ConversationPage.cpp,Code/Tools/LevelEdit/ConversationPage.cpp,games/renegade/migration,,,not_started,,parity,Source inventory only; split behavior before claiming whole-file parity
source:Code/Tools/LevelEdit/ConversationPage.h,source,Code/Tools/LevelEdit/ConversationPage.h,Code/Tools/LevelEdit/ConversationPage.h,games/renegade/migration,,,not_started,,parity,Source inventory only; split behavior before claiming whole-file parity
source:Code/Tools/LevelEdit/ConversationPickerDialog.cpp,source,Code/Tools/LevelEdit/ConversationPickerDialog.cpp,Code/Tools/LevelEdit/ConversationPickerDialog.cpp,games/renegade/migration,,,not_started,,parity,Source inventory only; split behavior before claiming whole-file parity
source:Code/Tools/LevelEdit/ConversationPickerDialog.h,source,Code/Tools/LevelEdit/ConversationPickerDialog.h,Code/Tools/LevelEdit/ConversationPickerDialog.h,games/renegade/migration,,,not_started,,parity,Source inventory only; split behavior before claiming whole-file parity
source:Code/Tools/LevelEdit/CoverAttackPointNode.cpp,source,Code/Tools/LevelEdit/CoverAttackPointNode.cpp,Code/Tools/LevelEdit/CoverAttackPointNode.cpp,games/renegade/migration,,,not_started,,parity,Source inventory only; split behavior before claiming whole-file parity
source:Code/Tools/LevelEdit/CoverAttackPointNode.h,source,Code/Tools/LevelEdit/CoverAttackPointNode.h,Code/Tools/LevelEdit/CoverAttackPointNode.h,games/renegade/migration,,,not_started,,parity,Source inventory only; split behavior before claiming whole-file parity
source:Code/Tools/LevelEdit/CoverSpotDefinition.cpp,source,Code/Tools/LevelEdit/CoverSpotDefinition.cpp,Code/Tools/LevelEdit/CoverSpotDefinition.cpp,games/renegade/migration,,,not_started,,parity,Source inventory only; split behavior before claiming whole-file parity
source:Code/Tools/LevelEdit/CoverSpotDefinition.h,source,Code/Tools/LevelEdit/CoverSpotDefinition.h,Code/Tools/LevelEdit/CoverSpotDefinition.h,games/renegade/migration,,,not_started,,parity,Source inventory only; split behavior before claiming whole-file parity
source:Code/Tools/LevelEdit/CoverSpotInfoPage.cpp,source,Code/Tools/LevelEdit/CoverSpotInfoPage.cpp,Code/Tools/LevelEdit/CoverSpotInfoPage.cpp,games/renegade/migration,,,not_started,,parity,Source inventory only; split behavior before claiming whole-file parity
source:Code/Tools/LevelEdit/CoverSpotInfoPage.h,source,Code/Tools/LevelEdit/CoverSpotInfoPage.h,Code/Tools/LevelEdit/CoverSpotInfoPage.h,games/renegade/migration,,,not_started,,parity,Source inventory only; split behavior before claiming whole-file parity
source:Code/Tools/LevelEdit/CoverSpotNode.cpp,source,Code/Tools/LevelEdit/CoverSpotNode.cpp,Code/Tools/LevelEdit/CoverSpotNode.cpp,games/renegade/migration,,,not_started,,parity,Source inventory only; split behavior before claiming whole-file parity
source:Code/Tools/LevelEdit/CoverSpotNode.h,source,Code/Tools/LevelEdit/CoverSpotNode.h,Code/Tools/LevelEdit/CoverSpotNode.h,games/renegade/migration,,,not_started,,parity,Source inventory only; split behavior before claiming whole-file parity
source:Code/Tools/LevelEdit/DamageZoneNode.cpp,source,Code/Tools/LevelEdit/DamageZoneNode.cpp,Code/Tools/LevelEdit/DamageZoneNode.cpp,games/renegade/migration,,,not_started,,parity,Source inventory only; split behavior before claiming whole-file parity
source:Code/Tools/LevelEdit/DamageZoneNode.h,source,Code/Tools/LevelEdit/DamageZoneNode.h,Code/Tools/LevelEdit/DamageZoneNode.h,games/renegade/migration,,,not_started,,parity,Source inventory only; split behavior before claiming whole-file parity
source:Code/Tools/LevelEdit/DefinitionParameter.h,source,Code/Tools/LevelEdit/DefinitionParameter.h,Code/Tools/LevelEdit/DefinitionParameter.h,games/renegade/migration,,,not_started,,parity,Source inventory only; split behavior before claiming whole-file parity
source:Code/Tools/LevelEdit/DefinitionUtils.cpp,source,Code/Tools/LevelEdit/DefinitionUtils.cpp,Code/Tools/LevelEdit/DefinitionUtils.cpp,games/renegade/migration,,,not_started,,parity,Source inventory only; split behavior before claiming whole-file parity
source:Code/Tools/LevelEdit/DefinitionUtils.h,source,Code/Tools/LevelEdit/DefinitionUtils.h,Code/Tools/LevelEdit/DefinitionUtils.h,games/renegade/migration,,,not_started,,parity,Source inventory only; split behavior before claiming whole-file parity
source:Code/Tools/LevelEdit/DeviceSelectionDialog.cpp,source,Code/Tools/LevelEdit/DeviceSelectionDialog.cpp,Code/Tools/LevelEdit/DeviceSelectionDialog.cpp,games/renegade/migration,,,not_started,,parity,Source inventory only; split behavior before claiming whole-file parity
source:Code/Tools/LevelEdit/DeviceSelectionDialog.h,source,Code/Tools/LevelEdit/DeviceSelectionDialog.h,Code/Tools/LevelEdit/DeviceSelectionDialog.h,games/renegade/migration,,,not_started,,parity,Source inventory only; split behavior before claiming whole-file parity
source:Code/Tools/LevelEdit/DialogToolbar.cpp,source,Code/Tools/LevelEdit/DialogToolbar.cpp,Code/Tools/LevelEdit/DialogToolbar.cpp,games/renegade/migration,,,not_started,,parity,Source inventory only; split behavior before claiming whole-file parity
source:Code/Tools/LevelEdit/DialogToolbar.h,source,Code/Tools/LevelEdit/DialogToolbar.h,Code/Tools/LevelEdit/DialogToolbar.h,games/renegade/migration,,,not_started,,parity,Source inventory only; split behavior before claiming whole-file parity
source:Code/Tools/LevelEdit/DockableForm.cpp,source,Code/Tools/LevelEdit/DockableForm.cpp,Code/Tools/LevelEdit/DockableForm.cpp,games/renegade/migration,,,not_started,,parity,Source inventory only; split behavior before claiming whole-file parity
source:Code/Tools/LevelEdit/DockableForm.h,source,Code/Tools/LevelEdit/DockableForm.h,Code/Tools/LevelEdit/DockableForm.h,games/renegade/migration,,,not_started,,parity,Source inventory only; split behavior before claiming whole-file parity
source:Code/Tools/LevelEdit/DummyObject.h,source,Code/Tools/LevelEdit/DummyObject.h,Code/Tools/LevelEdit/DummyObject.h,games/renegade/migration,,,not_started,,parity,Source inventory only; split behavior before claiming whole-file parity
source:Code/Tools/LevelEdit/DummyObjectDefinition.cpp,source,Code/Tools/LevelEdit/DummyObjectDefinition.cpp,Code/Tools/LevelEdit/DummyObjectDefinition.cpp,games/renegade/migration,,,not_started,,parity,Source inventory only; split behavior before claiming whole-file parity
source:Code/Tools/LevelEdit/DummyObjectDefinition.h,source,Code/Tools/LevelEdit/DummyObjectDefinition.h,Code/Tools/LevelEdit/DummyObjectDefinition.h,games/renegade/migration,,,not_started,,parity,Source inventory only; split behavior before claiming whole-file parity
source:Code/Tools/LevelEdit/DummyObjectNode.cpp,source,Code/Tools/LevelEdit/DummyObjectNode.cpp,Code/Tools/LevelEdit/DummyObjectNode.cpp,games/renegade/migration,,,not_started,,parity,Source inventory only; split behavior before claiming whole-file parity
source:Code/Tools/LevelEdit/DummyObjectNode.h,source,Code/Tools/LevelEdit/DummyObjectNode.h,Code/Tools/LevelEdit/DummyObjectNode.h,games/renegade/migration,,,not_started,,parity,Source inventory only; split behavior before claiming whole-file parity
source:Code/Tools/LevelEdit/EditConversationDialog.cpp,source,Code/Tools/LevelEdit/EditConversationDialog.cpp,Code/Tools/LevelEdit/EditConversationDialog.cpp,games/renegade/migration,,,not_started,,parity,Source inventory only; split behavior before claiming whole-file parity
source:Code/Tools/LevelEdit/EditConversationDialog.h,source,Code/Tools/LevelEdit/EditConversationDialog.h,Code/Tools/LevelEdit/EditConversationDialog.h,games/renegade/migration,,,not_started,,parity,Source inventory only; split behavior before claiming whole-file parity
source:Code/Tools/LevelEdit/EditConversationListDialog.cpp,source,Code/Tools/LevelEdit/EditConversationListDialog.cpp,Code/Tools/LevelEdit/EditConversationListDialog.cpp,games/renegade/migration,,,not_started,,parity,Source inventory only; split behavior before claiming whole-file parity
source:Code/Tools/LevelEdit/EditConversationListDialog.h,source,Code/Tools/LevelEdit/EditConversationListDialog.h,Code/Tools/LevelEdit/EditConversationListDialog.h,games/renegade/migration,,,not_started,,parity,Source inventory only; split behavior before claiming whole-file parity
source:Code/Tools/LevelEdit/EditConversationRemarkDialog.cpp,source,Code/Tools/LevelEdit/EditConversationRemarkDialog.cpp,Code/Tools/LevelEdit/EditConversationRemarkDialog.cpp,games/renegade/migration,,,not_started,,parity,Source inventory only; split behavior before claiming whole-file parity
source:Code/Tools/LevelEdit/EditConversationRemarkDialog.h,source,Code/Tools/LevelEdit/EditConversationRemarkDialog.h,Code/Tools/LevelEdit/EditConversationRemarkDialog.h,games/renegade/migration,,,not_started,,parity,Source inventory only; split behavior before claiming whole-file parity
source:Code/Tools/LevelEdit/EditDialogueDialog.cpp,source,Code/Tools/LevelEdit/EditDialogueDialog.cpp,Code/Tools/LevelEdit/EditDialogueDialog.cpp,games/renegade/migration,,,not_started,,parity,Source inventory only; split behavior before claiming whole-file parity
source:Code/Tools/LevelEdit/EditDialogueDialog.h,source,Code/Tools/LevelEdit/EditDialogueDialog.h,Code/Tools/LevelEdit/EditDialogueDialog.h,games/renegade/migration,,,not_started,,parity,Source inventory only; split behavior before claiming whole-file parity
source:Code/Tools/LevelEdit/EditFilenameListDialog.cpp,source,Code/Tools/LevelEdit/EditFilenameListDialog.cpp,Code/Tools/LevelEdit/EditFilenameListDialog.cpp,games/renegade/migration,,,not_started,,parity,Source inventory only; split behavior before claiming whole-file parity
source:Code/Tools/LevelEdit/EditFilenameListDialog.h,source,Code/Tools/LevelEdit/EditFilenameListDialog.h,Code/Tools/LevelEdit/EditFilenameListDialog.h,games/renegade/migration,,,not_started,,parity,Source inventory only; split behavior before claiming whole-file parity
source:Code/Tools/LevelEdit/EditRemarkDialog.cpp,source,Code/Tools/LevelEdit/EditRemarkDialog.cpp,Code/Tools/LevelEdit/EditRemarkDialog.cpp,games/renegade/migration,,,not_started,,parity,Source inventory only; split behavior before claiming whole-file parity
source:Code/Tools/LevelEdit/EditRemarkDialog.h,source,Code/Tools/LevelEdit/EditRemarkDialog.h,Code/Tools/LevelEdit/EditRemarkDialog.h,games/renegade/migration,,,not_started,,parity,Source inventory only; split behavior before claiming whole-file parity
source:Code/Tools/LevelEdit/EditScript.cpp,source,Code/Tools/LevelEdit/EditScript.cpp,Code/Tools/LevelEdit/EditScript.cpp,games/renegade/migration,,,not_started,,parity,Source inventory only; split behavior before claiming whole-file parity
source:Code/Tools/LevelEdit/EditScript.h,source,Code/Tools/LevelEdit/EditScript.h,Code/Tools/LevelEdit/EditScript.h,games/renegade/migration,,,not_started,,parity,Source inventory only; split behavior before claiming whole-file parity
source:Code/Tools/LevelEdit/EditStringDialog.cpp,source,Code/Tools/LevelEdit/EditStringDialog.cpp,Code/Tools/LevelEdit/EditStringDialog.cpp,games/renegade/migration,,,not_started,,parity,Source inventory only; split behavior before claiming whole-file parity
source:Code/Tools/LevelEdit/EditStringDialog.h,source,Code/Tools/LevelEdit/EditStringDialog.h,Code/Tools/LevelEdit/EditStringDialog.h,games/renegade/migration,,,not_started,,parity,Source inventory only; split behavior before claiming whole-file parity
source:Code/Tools/LevelEdit/EditStringTwiddlerDialog.cpp,source,Code/Tools/LevelEdit/EditStringTwiddlerDialog.cpp,Code/Tools/LevelEdit/EditStringTwiddlerDialog.cpp,games/renegade/migration,,,not_started,,parity,Source inventory only; split behavior before claiming whole-file parity
source:Code/Tools/LevelEdit/EditStringTwiddlerDialog.h,source,Code/Tools/LevelEdit/EditStringTwiddlerDialog.h,Code/Tools/LevelEdit/EditStringTwiddlerDialog.h,games/renegade/migration,,,not_started,,parity,Source inventory only; split behavior before claiming whole-file parity
source:Code/Tools/LevelEdit/EditorAssetMgr.cpp,source,Code/Tools/LevelEdit/EditorAssetMgr.cpp,Code/Tools/LevelEdit/EditorAssetMgr.cpp,games/renegade/migration,,,not_started,,parity,Source inventory only; split behavior before claiming whole-file parity
source:Code/Tools/LevelEdit/EditorAssetMgr.h,source,Code/Tools/LevelEdit/EditorAssetMgr.h,Code/Tools/LevelEdit/EditorAssetMgr.h,games/renegade/migration,,,not_started,,parity,Source inventory only; split behavior before claiming whole-file parity
source:Code/Tools/LevelEdit/EditorChunkIDs.h,source,Code/Tools/LevelEdit/EditorChunkIDs.h,Code/Tools/LevelEdit/EditorChunkIDs.h,games/renegade/migration,,,not_started,,parity,Source inventory only; split behavior before claiming whole-file parity
source:Code/Tools/LevelEdit/EditorINI.cpp,source,Code/Tools/LevelEdit/EditorINI.cpp,Code/Tools/LevelEdit/EditorINI.cpp,games/renegade/migration,,,not_started,,parity,Source inventory only; split behavior before claiming whole-file parity
source:Code/Tools/LevelEdit/EditorINI.h,source,Code/Tools/LevelEdit/EditorINI.h,Code/Tools/LevelEdit/EditorINI.h,games/renegade/migration,,,not_started,,parity,Source inventory only; split behavior before claiming whole-file parity
source:Code/Tools/LevelEdit/EditorLine.h,source,Code/Tools/LevelEdit/EditorLine.h,Code/Tools/LevelEdit/EditorLine.h,games/renegade/migration,,,not_started,,parity,Source inventory only; split behavior before claiming whole-file parity
source:Code/Tools/LevelEdit/EditorPhys.cpp,source,Code/Tools/LevelEdit/EditorPhys.cpp,Code/Tools/LevelEdit/EditorPhys.cpp,games/renegade/migration,,,not_started,,parity,Source inventory only; split behavior before claiming whole-file parity
source:Code/Tools/LevelEdit/EditorPhys.h,source,Code/Tools/LevelEdit/EditorPhys.h,Code/Tools/LevelEdit/EditorPhys.h,games/renegade/migration,,,not_started,,parity,Source inventory only; split behavior before claiming whole-file parity
source:Code/Tools/LevelEdit/EditorPropSheet.cpp,source,Code/Tools/LevelEdit/EditorPropSheet.cpp,Code/Tools/LevelEdit/EditorPropSheet.cpp,games/renegade/migration,,,not_started,,parity,Source inventory only; split behavior before claiming whole-file parity
source:Code/Tools/LevelEdit/EditorPropSheet.h,source,Code/Tools/LevelEdit/EditorPropSheet.h,Code/Tools/LevelEdit/EditorPropSheet.h,games/renegade/migration,,,not_started,,parity,Source inventory only; split behavior before claiming whole-file parity
source:Code/Tools/LevelEdit/EditorSaveLoad.cpp,source,Code/Tools/LevelEdit/EditorSaveLoad.cpp,Code/Tools/LevelEdit/EditorSaveLoad.cpp,games/renegade/migration,,,not_started,,parity,Source inventory only; split behavior before claiming whole-file parity
source:Code/Tools/LevelEdit/EditorSaveLoad.h,source,Code/Tools/LevelEdit/EditorSaveLoad.h,Code/Tools/LevelEdit/EditorSaveLoad.h,games/renegade/migration,,,not_started,,parity,Source inventory only; split behavior before claiming whole-file parity
source:Code/Tools/LevelEdit/Export.cpp,source,Code/Tools/LevelEdit/Export.cpp,Code/Tools/LevelEdit/Export.cpp,games/renegade/migration,,,not_started,,parity,Source inventory only; split behavior before claiming whole-file parity
source:Code/Tools/LevelEdit/Export.h,source,Code/Tools/LevelEdit/Export.h,Code/Tools/LevelEdit/Export.h,games/renegade/migration,,,not_started,,parity,Source inventory only; split behavior before claiming whole-file parity
source:Code/Tools/LevelEdit/ExportPresetsDialog.cpp,source,Code/Tools/LevelEdit/ExportPresetsDialog.cpp,Code/Tools/LevelEdit/ExportPresetsDialog.cpp,games/renegade/migration,,,not_started,,parity,Source inventory only; split behavior before claiming whole-file parity
source:Code/Tools/LevelEdit/ExportPresetsDialog.h,source,Code/Tools/LevelEdit/ExportPresetsDialog.h,Code/Tools/LevelEdit/ExportPresetsDialog.h,games/renegade/migration,,,not_started,,parity,Source inventory only; split behavior before claiming whole-file parity
source:Code/Tools/LevelEdit/FileLocations.h,source,Code/Tools/LevelEdit/FileLocations.h,Code/Tools/LevelEdit/FileLocations.h,games/renegade/migration,,,not_started,,parity,Source inventory only; split behavior before claiming whole-file parity
source:Code/Tools/LevelEdit/FileMgr.cpp,source,Code/Tools/LevelEdit/FileMgr.cpp,Code/Tools/LevelEdit/FileMgr.cpp,games/renegade/migration,,,not_started,,parity,Source inventory only; split behavior before claiming whole-file parity
source:Code/Tools/LevelEdit/FileMgr.h,source,Code/Tools/LevelEdit/FileMgr.h,Code/Tools/LevelEdit/FileMgr.h,games/renegade/migration,,,not_started,,parity,Source inventory only; split behavior before claiming whole-file parity
source:Code/Tools/LevelEdit/FilePicker.cpp,source,Code/Tools/LevelEdit/FilePicker.cpp,Code/Tools/LevelEdit/FilePicker.cpp,games/renegade/migration,,,not_started,,parity,Source inventory only; split behavior before claiming whole-file parity
source:Code/Tools/LevelEdit/FilePicker.h,source,Code/Tools/LevelEdit/FilePicker.h,Code/Tools/LevelEdit/FilePicker.h,games/renegade/migration,,,not_started,,parity,Source inventory only; split behavior before claiming whole-file parity
source:Code/Tools/LevelEdit/FormToolbar.cpp,source,Code/Tools/LevelEdit/FormToolbar.cpp,Code/Tools/LevelEdit/FormToolbar.cpp,games/renegade/migration,,,not_started,,parity,Source inventory only; split behavior before claiming whole-file parity
source:Code/Tools/LevelEdit/FormToolbar.h,source,Code/Tools/LevelEdit/FormToolbar.h,Code/Tools/LevelEdit/FormToolbar.h,games/renegade/migration,,,not_started,,parity,Source inventory only; split behavior before claiming whole-file parity
source:Code/Tools/LevelEdit/GenerateBaseDialog.cpp,source,Code/Tools/LevelEdit/GenerateBaseDialog.cpp,Code/Tools/LevelEdit/GenerateBaseDialog.cpp,games/renegade/migration,,,not_started,,parity,Source inventory only; split behavior before claiming whole-file parity
source:Code/Tools/LevelEdit/GenerateBaseDialog.h,source,Code/Tools/LevelEdit/GenerateBaseDialog.h,Code/Tools/LevelEdit/GenerateBaseDialog.h,games/renegade/migration,,,not_started,,parity,Source inventory only; split behavior before claiming whole-file parity
source:Code/Tools/LevelEdit/GenerateVisDialog.cpp,source,Code/Tools/LevelEdit/GenerateVisDialog.cpp,Code/Tools/LevelEdit/GenerateVisDialog.cpp,games/renegade/migration,,,not_started,,parity,Source inventory only; split behavior before claiming whole-file parity
source:Code/Tools/LevelEdit/GenerateVisDialog.h,source,Code/Tools/LevelEdit/GenerateVisDialog.h,Code/Tools/LevelEdit/GenerateVisDialog.h,games/renegade/migration,,,not_started,,parity,Source inventory only; split behavior before claiming whole-file parity
source:Code/Tools/LevelEdit/GeneratingEdgeSampledVisDialog.cpp,source,Code/Tools/LevelEdit/GeneratingEdgeSampledVisDialog.cpp,Code/Tools/LevelEdit/GeneratingEdgeSampledVisDialog.cpp,games/renegade/migration,,,not_started,,parity,Source inventory only; split behavior before claiming whole-file parity
source:Code/Tools/LevelEdit/GeneratingEdgeSampledVisDialog.h,source,Code/Tools/LevelEdit/GeneratingEdgeSampledVisDialog.h,Code/Tools/LevelEdit/GeneratingEdgeSampledVisDialog.h,games/renegade/migration,,,not_started,,parity,Source inventory only; split behavior before claiming whole-file parity
source:Code/Tools/LevelEdit/GeneratingLightVisDialog.cpp,source,Code/Tools/LevelEdit/GeneratingLightVisDialog.cpp,Code/Tools/LevelEdit/GeneratingLightVisDialog.cpp,games/renegade/migration,,,not_started,,parity,Source inventory only; split behavior before claiming whole-file parity
source:Code/Tools/LevelEdit/GeneratingLightVisDialog.h,source,Code/Tools/LevelEdit/GeneratingLightVisDialog.h,Code/Tools/LevelEdit/GeneratingLightVisDialog.h,games/renegade/migration,,,not_started,,parity,Source inventory only; split behavior before claiming whole-file parity
source:Code/Tools/LevelEdit/GeneratingManualVisDialog.cpp,source,Code/Tools/LevelEdit/GeneratingManualVisDialog.cpp,Code/Tools/LevelEdit/GeneratingManualVisDialog.cpp,games/renegade/migration,,,not_started,,parity,Source inventory only; split behavior before claiming whole-file parity
source:Code/Tools/LevelEdit/GeneratingManualVisDialog.h,source,Code/Tools/LevelEdit/GeneratingManualVisDialog.h,Code/Tools/LevelEdit/GeneratingManualVisDialog.h,games/renegade/migration,,,not_started,,parity,Source inventory only; split behavior before claiming whole-file parity
source:Code/Tools/LevelEdit/GeneratingPathfindDialog.cpp,source,Code/Tools/LevelEdit/GeneratingPathfindDialog.cpp,Code/Tools/LevelEdit/GeneratingPathfindDialog.cpp,games/renegade/migration,,,not_started,,parity,Source inventory only; split behavior before claiming whole-file parity
source:Code/Tools/LevelEdit/GeneratingPathfindDialog.h,source,Code/Tools/LevelEdit/GeneratingPathfindDialog.h,Code/Tools/LevelEdit/GeneratingPathfindDialog.h,games/renegade/migration,,,not_started,,parity,Source inventory only; split behavior before claiming whole-file parity
source:Code/Tools/LevelEdit/GeneratingVisDialog.cpp,source,Code/Tools/LevelEdit/GeneratingVisDialog.cpp,Code/Tools/LevelEdit/GeneratingVisDialog.cpp,games/renegade/migration,,,not_started,,parity,Source inventory only; split behavior before claiming whole-file parity
source:Code/Tools/LevelEdit/GeneratingVisDialog.h,source,Code/Tools/LevelEdit/GeneratingVisDialog.h,Code/Tools/LevelEdit/GeneratingVisDialog.h,games/renegade/migration,,,not_started,,parity,Source inventory only; split behavior before claiming whole-file parity
source:Code/Tools/LevelEdit/GenericTextDialog.cpp,source,Code/Tools/LevelEdit/GenericTextDialog.cpp,Code/Tools/LevelEdit/GenericTextDialog.cpp,games/renegade/migration,,,not_started,,parity,Source inventory only; split behavior before claiming whole-file parity
source:Code/Tools/LevelEdit/GenericTextDialog.h,source,Code/Tools/LevelEdit/GenericTextDialog.h,Code/Tools/LevelEdit/GenericTextDialog.h,games/renegade/migration,,,not_started,,parity,Source inventory only; split behavior before claiming whole-file parity
source:Code/Tools/LevelEdit/GotoGroupDialog.cpp,source,Code/Tools/LevelEdit/GotoGroupDialog.cpp,Code/Tools/LevelEdit/GotoGroupDialog.cpp,games/renegade/migration,,,not_started,,parity,Source inventory only; split behavior before claiming whole-file parity
source:Code/Tools/LevelEdit/GotoGroupDialog.h,source,Code/Tools/LevelEdit/GotoGroupDialog.h,Code/Tools/LevelEdit/GotoGroupDialog.h,games/renegade/migration,,,not_started,,parity,Source inventory only; split behavior before claiming whole-file parity
source:Code/Tools/LevelEdit/GotoLocationDialog.cpp,source,Code/Tools/LevelEdit/GotoLocationDialog.cpp,Code/Tools/LevelEdit/GotoLocationDialog.cpp,games/renegade/migration,,,not_started,,parity,Source inventory only; split behavior before claiming whole-file parity
source:Code/Tools/LevelEdit/GotoLocationDialog.h,source,Code/Tools/LevelEdit/GotoLocationDialog.h,Code/Tools/LevelEdit/GotoLocationDialog.h,games/renegade/migration,,,not_started,,parity,Source inventory only; split behavior before claiming whole-file parity
source:Code/Tools/LevelEdit/GotoObjectByIDDialog.cpp,source,Code/Tools/LevelEdit/GotoObjectByIDDialog.cpp,Code/Tools/LevelEdit/GotoObjectByIDDialog.cpp,games/renegade/migration,,,not_started,,parity,Source inventory only; split behavior before claiming whole-file parity
source:Code/Tools/LevelEdit/GotoObjectByIDDialog.h,source,Code/Tools/LevelEdit/GotoObjectByIDDialog.h,Code/Tools/LevelEdit/GotoObjectByIDDialog.h,games/renegade/migration,,,not_started,,parity,Source inventory only; split behavior before claiming whole-file parity
source:Code/Tools/LevelEdit/GotoObjectDialog.cpp,source,Code/Tools/LevelEdit/GotoObjectDialog.cpp,Code/Tools/LevelEdit/GotoObjectDialog.cpp,games/renegade/migration,,,not_started,,parity,Source inventory only; split behavior before claiming whole-file parity
source:Code/Tools/LevelEdit/GotoObjectDialog.h,source,Code/Tools/LevelEdit/GotoObjectDialog.h,Code/Tools/LevelEdit/GotoObjectDialog.h,games/renegade/migration,,,not_started,,parity,Source inventory only; split behavior before claiming whole-file parity
source:Code/Tools/LevelEdit/GrabHandles.cpp,source,Code/Tools/LevelEdit/GrabHandles.cpp,Code/Tools/LevelEdit/GrabHandles.cpp,games/renegade/migration,,,not_started,,parity,Source inventory only; split behavior before claiming whole-file parity
source:Code/Tools/LevelEdit/GrabHandles.h,source,Code/Tools/LevelEdit/GrabHandles.h,Code/Tools/LevelEdit/GrabHandles.h,games/renegade/migration,,,not_started,,parity,Source inventory only; split behavior before claiming whole-file parity
source:Code/Tools/LevelEdit/Grid3D.h,source,Code/Tools/LevelEdit/Grid3D.h,Code/Tools/LevelEdit/Grid3D.h,games/renegade/migration,,,not_started,,parity,Source inventory only; split behavior before claiming whole-file parity
source:Code/Tools/LevelEdit/GroupMgr.cpp,source,Code/Tools/LevelEdit/GroupMgr.cpp,Code/Tools/LevelEdit/GroupMgr.cpp,games/renegade/migration,,,not_started,,parity,Source inventory only; split behavior before claiming whole-file parity
source:Code/Tools/LevelEdit/GroupMgr.h,source,Code/Tools/LevelEdit/GroupMgr.h,Code/Tools/LevelEdit/GroupMgr.h,games/renegade/migration,,,not_started,,parity,Source inventory only; split behavior before claiming whole-file parity
source:Code/Tools/LevelEdit/HeightWatcher.h,source,Code/Tools/LevelEdit/HeightWatcher.h,Code/Tools/LevelEdit/HeightWatcher.h,games/renegade/migration,,,not_started,,parity,Source inventory only; split behavior before claiming whole-file parity
source:Code/Tools/LevelEdit/HeightfieldMaterialSettingsDialog.cpp,source,Code/Tools/LevelEdit/HeightfieldMaterialSettingsDialog.cpp,Code/Tools/LevelEdit/HeightfieldMaterialSettingsDialog.cpp,games/renegade/migration,,,not_started,,parity,Source inventory only; split behavior before claiming whole-file parity
source:Code/Tools/LevelEdit/HeightfieldMaterialSettingsDialog.h,source,Code/Tools/LevelEdit/HeightfieldMaterialSettingsDialog.h,Code/Tools/LevelEdit/HeightfieldMaterialSettingsDialog.h,games/renegade/migration,,,not_started,,parity,Source inventory only; split behavior before claiming whole-file parity
source:Code/Tools/LevelEdit/HistogramCtl.cpp,source,Code/Tools/LevelEdit/HistogramCtl.cpp,Code/Tools/LevelEdit/HistogramCtl.cpp,games/renegade/migration,,,not_started,,parity,Source inventory only; split behavior before claiming whole-file parity
source:Code/Tools/LevelEdit/HistogramCtl.h,source,Code/Tools/LevelEdit/HistogramCtl.h,Code/Tools/LevelEdit/HistogramCtl.h,games/renegade/migration,,,not_started,,parity,Source inventory only; split behavior before claiming whole-file parity
source:Code/Tools/LevelEdit/HitTestInfo.h,source,Code/Tools/LevelEdit/HitTestInfo.h,Code/Tools/LevelEdit/HitTestInfo.h,games/renegade/migration,,,not_started,,parity,Source inventory only; split behavior before claiming whole-file parity
source:Code/Tools/LevelEdit/INISections.h,source,Code/Tools/LevelEdit/INISections.h,Code/Tools/LevelEdit/INISections.h,games/renegade/migration,,,not_started,,parity,Source inventory only; split behavior before claiming whole-file parity
source:Code/Tools/LevelEdit/Icons.cpp,source,Code/Tools/LevelEdit/Icons.cpp,Code/Tools/LevelEdit/Icons.cpp,games/renegade/migration,,,not_started,,parity,Source inventory only; split behavior before claiming whole-file parity
source:Code/Tools/LevelEdit/Icons.h,source,Code/Tools/LevelEdit/Icons.h,Code/Tools/LevelEdit/Icons.h,games/renegade/migration,,,not_started,,parity,Source inventory only; split behavior before claiming whole-file parity
source:Code/Tools/LevelEdit/ImportTranslationDialog.cpp,source,Code/Tools/LevelEdit/ImportTranslationDialog.cpp,Code/Tools/LevelEdit/ImportTranslationDialog.cpp,games/renegade/migration,,,not_started,,parity,Source inventory only; split behavior before claiming whole-file parity
source:Code/Tools/LevelEdit/ImportTranslationDialog.h,source,Code/Tools/LevelEdit/ImportTranslationDialog.h,Code/Tools/LevelEdit/ImportTranslationDialog.h,games/renegade/migration,,,not_started,,parity,Source inventory only; split behavior before claiming whole-file parity
source:Code/Tools/LevelEdit/IncludeFilesDialog.cpp,source,Code/Tools/LevelEdit/IncludeFilesDialog.cpp,Code/Tools/LevelEdit/IncludeFilesDialog.cpp,games/renegade/migration,,,not_started,,parity,Source inventory only; split behavior before claiming whole-file parity
source:Code/Tools/LevelEdit/IncludeFilesDialog.h,source,Code/Tools/LevelEdit/IncludeFilesDialog.h,Code/Tools/LevelEdit/IncludeFilesDialog.h,games/renegade/migration,,,not_started,,parity,Source inventory only; split behavior before claiming whole-file parity
source:Code/Tools/LevelEdit/InstancesPage.cpp,source,Code/Tools/LevelEdit/InstancesPage.cpp,Code/Tools/LevelEdit/InstancesPage.cpp,games/renegade/migration,,,not_started,,parity,Source inventory only; split behavior before claiming whole-file parity
source:Code/Tools/LevelEdit/InstancesPage.h,source,Code/Tools/LevelEdit/InstancesPage.h,Code/Tools/LevelEdit/InstancesPage.h,games/renegade/migration,,,not_started,,parity,Source inventory only; split behavior before claiming whole-file parity
source:Code/Tools/LevelEdit/LODSettingsDialog.cpp,source,Code/Tools/LevelEdit/LODSettingsDialog.cpp,Code/Tools/LevelEdit/LODSettingsDialog.cpp,games/renegade/migration,,,not_started,,parity,Source inventory only; split behavior before claiming whole-file parity
source:Code/Tools/LevelEdit/LODSettingsDialog.h,source,Code/Tools/LevelEdit/LODSettingsDialog.h,Code/Tools/LevelEdit/LODSettingsDialog.h,games/renegade/migration,,,not_started,,parity,Source inventory only; split behavior before claiming whole-file parity
source:Code/Tools/LevelEdit/LevelEdit.cpp,source,Code/Tools/LevelEdit/LevelEdit.cpp,Code/Tools/LevelEdit/LevelEdit.cpp,games/renegade/migration,,,not_started,,parity,Source inventory only; split behavior before claiming whole-file parity
source:Code/Tools/LevelEdit/LevelEdit.dsp,source,Code/Tools/LevelEdit/LevelEdit.dsp,Code/Tools/LevelEdit/LevelEdit.dsp,games/renegade/migration,,,not_started,,parity,Source inventory only; split behavior before claiming whole-file parity
source:Code/Tools/LevelEdit/LevelEdit.h,source,Code/Tools/LevelEdit/LevelEdit.h,Code/Tools/LevelEdit/LevelEdit.h,games/renegade/migration,,,not_started,,parity,Source inventory only; split behavior before claiming whole-file parity
source:Code/Tools/LevelEdit/LevelEdit.rc,source,Code/Tools/LevelEdit/LevelEdit.rc,Code/Tools/LevelEdit/LevelEdit.rc,games/renegade/migration,,,not_started,,parity,Source inventory only; split behavior before claiming whole-file parity
source:Code/Tools/LevelEdit/LevelEdit.reg,source,Code/Tools/LevelEdit/LevelEdit.reg,Code/Tools/LevelEdit/LevelEdit.reg,games/renegade/migration,,,not_started,,parity,Source inventory only; split behavior before claiming whole-file parity
source:Code/Tools/LevelEdit/LevelEditDoc.cpp,source,Code/Tools/LevelEdit/LevelEditDoc.cpp,Code/Tools/LevelEdit/LevelEditDoc.cpp,games/renegade/migration,,,not_started,,parity,Source inventory only; split behavior before claiming whole-file parity
source:Code/Tools/LevelEdit/LevelEditDoc.h,source,Code/Tools/LevelEdit/LevelEditDoc.h,Code/Tools/LevelEdit/LevelEditDoc.h,games/renegade/migration,,,not_started,,parity,Source inventory only; split behavior before claiming whole-file parity
source:Code/Tools/LevelEdit/LevelEditView.cpp,source,Code/Tools/LevelEdit/LevelEditView.cpp,Code/Tools/LevelEdit/LevelEditView.cpp,games/renegade/migration,,,not_started,,parity,Source inventory only; split behavior before claiming whole-file parity
source:Code/Tools/LevelEdit/LevelEditView.h,source,Code/Tools/LevelEdit/LevelEditView.h,Code/Tools/LevelEdit/LevelEditView.h,games/renegade/migration,,,not_started,,parity,Source inventory only; split behavior before claiming whole-file parity
source:Code/Tools/LevelEdit/LevelFeature.h,source,Code/Tools/LevelEdit/LevelFeature.h,Code/Tools/LevelEdit/LevelFeature.h,games/renegade/migration,,,not_started,,parity,Source inventory only; split behavior before claiming whole-file parity
source:Code/Tools/LevelEdit/LevelSettingsDialog.cpp,source,Code/Tools/LevelEdit/LevelSettingsDialog.cpp,Code/Tools/LevelEdit/LevelSettingsDialog.cpp,games/renegade/migration,,,not_started,,parity,Source inventory only; split behavior before claiming whole-file parity
source:Code/Tools/LevelEdit/LevelSettingsDialog.h,source,Code/Tools/LevelEdit/LevelSettingsDialog.h,Code/Tools/LevelEdit/LevelSettingsDialog.h,games/renegade/migration,,,not_started,,parity,Source inventory only; split behavior before claiming whole-file parity
source:Code/Tools/LevelEdit/LightAmbientForm.cpp,source,Code/Tools/LevelEdit/LightAmbientForm.cpp,Code/Tools/LevelEdit/LightAmbientForm.cpp,games/renegade/migration,,,not_started,,parity,Source inventory only; split behavior before claiming whole-file parity
source:Code/Tools/LevelEdit/LightAmbientForm.h,source,Code/Tools/LevelEdit/LightAmbientForm.h,Code/Tools/LevelEdit/LightAmbientForm.h,games/renegade/migration,,,not_started,,parity,Source inventory only; split behavior before claiming whole-file parity
source:Code/Tools/LevelEdit/LightDefinition.cpp,source,Code/Tools/LevelEdit/LightDefinition.cpp,Code/Tools/LevelEdit/LightDefinition.cpp,games/renegade/migration,,,not_started,,parity,Source inventory only; split behavior before claiming whole-file parity
source:Code/Tools/LevelEdit/LightDefinition.h,source,Code/Tools/LevelEdit/LightDefinition.h,Code/Tools/LevelEdit/LightDefinition.h,games/renegade/migration,,,not_started,,parity,Source inventory only; split behavior before claiming whole-file parity
source:Code/Tools/LevelEdit/LightNode.cpp,source,Code/Tools/LevelEdit/LightNode.cpp,Code/Tools/LevelEdit/LightNode.cpp,games/renegade/migration,,,not_started,,parity,Source inventory only; split behavior before claiming whole-file parity
source:Code/Tools/LevelEdit/LightNode.h,source,Code/Tools/LevelEdit/LightNode.h,Code/Tools/LevelEdit/LightNode.h,games/renegade/migration,,,not_started,,parity,Source inventory only; split behavior before claiming whole-file parity
source:Code/Tools/LevelEdit/LightSettingsPage.cpp,source,Code/Tools/LevelEdit/LightSettingsPage.cpp,Code/Tools/LevelEdit/LightSettingsPage.cpp,games/renegade/migration,,,not_started,,parity,Source inventory only; split behavior before claiming whole-file parity
source:Code/Tools/LevelEdit/LightSettingsPage.h,source,Code/Tools/LevelEdit/LightSettingsPage.h,Code/Tools/LevelEdit/LightSettingsPage.h,games/renegade/migration,,,not_started,,parity,Source inventory only; split behavior before claiming whole-file parity
source:Code/Tools/LevelEdit/LightSolveOptionsDialog.cpp,source,Code/Tools/LevelEdit/LightSolveOptionsDialog.cpp,Code/Tools/LevelEdit/LightSolveOptionsDialog.cpp,games/renegade/migration,,,not_started,,parity,Source inventory only; split behavior before claiming whole-file parity
source:Code/Tools/LevelEdit/LightSolveOptionsDialog.h,source,Code/Tools/LevelEdit/LightSolveOptionsDialog.h,Code/Tools/LevelEdit/LightSolveOptionsDialog.h,games/renegade/migration,,,not_started,,parity,Source inventory only; split behavior before claiming whole-file parity
source:Code/Tools/LevelEdit/LightSolveProgressDialog.cpp,source,Code/Tools/LevelEdit/LightSolveProgressDialog.cpp,Code/Tools/LevelEdit/LightSolveProgressDialog.cpp,games/renegade/migration,,,not_started,,parity,Source inventory only; split behavior before claiming whole-file parity
source:Code/Tools/LevelEdit/LightSolveProgressDialog.h,source,Code/Tools/LevelEdit/LightSolveProgressDialog.h,Code/Tools/LevelEdit/LightSolveProgressDialog.h,games/renegade/migration,,,not_started,,parity,Source inventory only; split behavior before claiming whole-file parity
source:Code/Tools/LevelEdit/ListTypes.h,source,Code/Tools/LevelEdit/ListTypes.h,Code/Tools/LevelEdit/ListTypes.h,games/renegade/migration,,,not_started,,parity,Source inventory only; split behavior before claiming whole-file parity
source:Code/Tools/LevelEdit/MainDialogBar.cpp,source,Code/Tools/LevelEdit/MainDialogBar.cpp,Code/Tools/LevelEdit/MainDialogBar.cpp,games/renegade/migration,,,not_started,,parity,Source inventory only; split behavior before claiming whole-file parity
source:Code/Tools/LevelEdit/MainDialogBar.h,source,Code/Tools/LevelEdit/MainDialogBar.h,Code/Tools/LevelEdit/MainDialogBar.h,games/renegade/migration,,,not_started,,parity,Source inventory only; split behavior before claiming whole-file parity
source:Code/Tools/LevelEdit/MainFrm.cpp,source,Code/Tools/LevelEdit/MainFrm.cpp,Code/Tools/LevelEdit/MainFrm.cpp,games/renegade/migration,,,not_started,,parity,Source inventory only; split behavior before claiming whole-file parity
source:Code/Tools/LevelEdit/MainFrm.h,source,Code/Tools/LevelEdit/MainFrm.h,Code/Tools/LevelEdit/MainFrm.h,games/renegade/migration,,,not_started,,parity,Source inventory only; split behavior before claiming whole-file parity
source:Code/Tools/LevelEdit/MemLogDialog.cpp,source,Code/Tools/LevelEdit/MemLogDialog.cpp,Code/Tools/LevelEdit/MemLogDialog.cpp,games/renegade/migration,,,not_started,,parity,Source inventory only; split behavior before claiming whole-file parity
source:Code/Tools/LevelEdit/MemLogDialog.h,source,Code/Tools/LevelEdit/MemLogDialog.h,Code/Tools/LevelEdit/MemLogDialog.h,games/renegade/migration,,,not_started,,parity,Source inventory only; split behavior before claiming whole-file parity
source:Code/Tools/LevelEdit/MissingTranslationReportDialog.cpp,source,Code/Tools/LevelEdit/MissingTranslationReportDialog.cpp,Code/Tools/LevelEdit/MissingTranslationReportDialog.cpp,games/renegade/migration,,,not_started,,parity,Source inventory only; split behavior before claiming whole-file parity
source:Code/Tools/LevelEdit/MissingTranslationReportDialog.h,source,Code/Tools/LevelEdit/MissingTranslationReportDialog.h,Code/Tools/LevelEdit/MissingTranslationReportDialog.h,games/renegade/migration,,,not_started,,parity,Source inventory only; split behavior before claiming whole-file parity
source:Code/Tools/LevelEdit/ModelUtils.cpp,source,Code/Tools/LevelEdit/ModelUtils.cpp,Code/Tools/LevelEdit/ModelUtils.cpp,games/renegade/migration,,,not_started,,parity,Source inventory only; split behavior before claiming whole-file parity
source:Code/Tools/LevelEdit/ModelUtils.h,source,Code/Tools/LevelEdit/ModelUtils.h,Code/Tools/LevelEdit/ModelUtils.h,games/renegade/migration,,,not_started,,parity,Source inventory only; split behavior before claiming whole-file parity
source:Code/Tools/LevelEdit/MouseMgr.cpp,source,Code/Tools/LevelEdit/MouseMgr.cpp,Code/Tools/LevelEdit/MouseMgr.cpp,games/renegade/migration,,,not_started,,parity,Source inventory only; split behavior before claiming whole-file parity
source:Code/Tools/LevelEdit/MouseMgr.h,source,Code/Tools/LevelEdit/MouseMgr.h,Code/Tools/LevelEdit/MouseMgr.h,games/renegade/migration,,,not_started,,parity,Source inventory only; split behavior before claiming whole-file parity
source:Code/Tools/LevelEdit/Mover.cpp,source,Code/Tools/LevelEdit/Mover.cpp,Code/Tools/LevelEdit/Mover.cpp,games/renegade/migration,,,not_started,,parity,Source inventory only; split behavior before claiming whole-file parity
source:Code/Tools/LevelEdit/Mover.h,source,Code/Tools/LevelEdit/Mover.h,Code/Tools/LevelEdit/Mover.h,games/renegade/migration,,,not_started,,parity,Source inventory only; split behavior before claiming whole-file parity
source:Code/Tools/LevelEdit/MusicPropPage.cpp,source,Code/Tools/LevelEdit/MusicPropPage.cpp,Code/Tools/LevelEdit/MusicPropPage.cpp,games/renegade/migration,,,not_started,,parity,Source inventory only; split behavior before claiming whole-file parity
source:Code/Tools/LevelEdit/MusicPropPage.h,source,Code/Tools/LevelEdit/MusicPropPage.h,Code/Tools/LevelEdit/MusicPropPage.h,games/renegade/migration,,,not_started,,parity,Source inventory only; split behavior before claiming whole-file parity
source:Code/Tools/LevelEdit/NewAssetPackageDialog.cpp,source,Code/Tools/LevelEdit/NewAssetPackageDialog.cpp,Code/Tools/LevelEdit/NewAssetPackageDialog.cpp,games/renegade/migration,,,not_started,,parity,Source inventory only; split behavior before claiming whole-file parity
source:Code/Tools/LevelEdit/NewAssetPackageDialog.h,source,Code/Tools/LevelEdit/NewAssetPackageDialog.h,Code/Tools/LevelEdit/NewAssetPackageDialog.h,games/renegade/migration,,,not_started,,parity,Source inventory only; split behavior before claiming whole-file parity
source:Code/Tools/LevelEdit/NewHeightfieldDialog.cpp,source,Code/Tools/LevelEdit/NewHeightfieldDialog.cpp,Code/Tools/LevelEdit/NewHeightfieldDialog.cpp,games/renegade/migration,,,not_started,,parity,Source inventory only; split behavior before claiming whole-file parity
source:Code/Tools/LevelEdit/NewHeightfieldDialog.h,source,Code/Tools/LevelEdit/NewHeightfieldDialog.h,Code/Tools/LevelEdit/NewHeightfieldDialog.h,games/renegade/migration,,,not_started,,parity,Source inventory only; split behavior before claiming whole-file parity
source:Code/Tools/LevelEdit/Node.cpp,source,Code/Tools/LevelEdit/Node.cpp,Code/Tools/LevelEdit/Node.cpp,games/renegade/migration,,,not_started,,parity,Source inventory only; split behavior before claiming whole-file parity
source:Code/Tools/LevelEdit/Node.h,source,Code/Tools/LevelEdit/Node.h,Code/Tools/LevelEdit/Node.h,games/renegade/migration,,,not_started,,parity,Source inventory only; split behavior before claiming whole-file parity
source:Code/Tools/LevelEdit/NodeCategories.h,source,Code/Tools/LevelEdit/NodeCategories.h,Code/Tools/LevelEdit/NodeCategories.h,games/renegade/migration,,,not_started,,parity,Source inventory only; split behavior before claiming whole-file parity
source:Code/Tools/LevelEdit/NodeFunction.h,source,Code/Tools/LevelEdit/NodeFunction.h,Code/Tools/LevelEdit/NodeFunction.h,games/renegade/migration,,,not_started,,parity,Source inventory only; split behavior before claiming whole-file parity
source:Code/Tools/LevelEdit/NodeIDStartDialog.cpp,source,Code/Tools/LevelEdit/NodeIDStartDialog.cpp,Code/Tools/LevelEdit/NodeIDStartDialog.cpp,games/renegade/migration,,,not_started,,parity,Source inventory only; split behavior before claiming whole-file parity
source:Code/Tools/LevelEdit/NodeIDStartDialog.h,source,Code/Tools/LevelEdit/NodeIDStartDialog.h,Code/Tools/LevelEdit/NodeIDStartDialog.h,games/renegade/migration,,,not_started,,parity,Source inventory only; split behavior before claiming whole-file parity
source:Code/Tools/LevelEdit/NodeInfoPage.cpp,source,Code/Tools/LevelEdit/NodeInfoPage.cpp,Code/Tools/LevelEdit/NodeInfoPage.cpp,games/renegade/migration,,,not_started,,parity,Source inventory only; split behavior before claiming whole-file parity
source:Code/Tools/LevelEdit/NodeInfoPage.h,source,Code/Tools/LevelEdit/NodeInfoPage.h,Code/Tools/LevelEdit/NodeInfoPage.h,games/renegade/migration,,,not_started,,parity,Source inventory only; split behavior before claiming whole-file parity
source:Code/Tools/LevelEdit/NodeMgr.H,source,Code/Tools/LevelEdit/NodeMgr.H,Code/Tools/LevelEdit/NodeMgr.H,games/renegade/migration,,,not_started,,parity,Source inventory only; split behavior before claiming whole-file parity
source:Code/Tools/LevelEdit/NodeMgr.cpp,source,Code/Tools/LevelEdit/NodeMgr.cpp,Code/Tools/LevelEdit/NodeMgr.cpp,games/renegade/migration,,,not_started,,parity,Source inventory only; split behavior before claiming whole-file parity
source:Code/Tools/LevelEdit/NodeScriptsPropPage.cpp,source,Code/Tools/LevelEdit/NodeScriptsPropPage.cpp,Code/Tools/LevelEdit/NodeScriptsPropPage.cpp,games/renegade/migration,,,not_started,,parity,Source inventory only; split behavior before claiming whole-file parity
source:Code/Tools/LevelEdit/NodeScriptsPropPage.h,source,Code/Tools/LevelEdit/NodeScriptsPropPage.h,Code/Tools/LevelEdit/NodeScriptsPropPage.h,games/renegade/migration,,,not_started,,parity,Source inventory only; split behavior before claiming whole-file parity
source:Code/Tools/LevelEdit/NodeSettingsInterface.h,source,Code/Tools/LevelEdit/NodeSettingsInterface.h,Code/Tools/LevelEdit/NodeSettingsInterface.h,games/renegade/migration,,,not_started,,parity,Source inventory only; split behavior before claiming whole-file parity
source:Code/Tools/LevelEdit/NodeTypes.h,source,Code/Tools/LevelEdit/NodeTypes.h,Code/Tools/LevelEdit/NodeTypes.h,games/renegade/migration,,,not_started,,parity,Source inventory only; split behavior before claiming whole-file parity
source:Code/Tools/LevelEdit/ObjectNode.cpp,source,Code/Tools/LevelEdit/ObjectNode.cpp,Code/Tools/LevelEdit/ObjectNode.cpp,games/renegade/migration,,,not_started,,parity,Source inventory only; split behavior before claiming whole-file parity
source:Code/Tools/LevelEdit/ObjectNode.h,source,Code/Tools/LevelEdit/ObjectNode.h,Code/Tools/LevelEdit/ObjectNode.h,games/renegade/migration,,,not_started,,parity,Source inventory only; split behavior before claiming whole-file parity
source:Code/Tools/LevelEdit/OptimizingVisDialog.cpp,source,Code/Tools/LevelEdit/OptimizingVisDialog.cpp,Code/Tools/LevelEdit/OptimizingVisDialog.cpp,games/renegade/migration,,,not_started,,parity,Source inventory only; split behavior before claiming whole-file parity
source:Code/Tools/LevelEdit/OptimizingVisDialog.h,source,Code/Tools/LevelEdit/OptimizingVisDialog.h,Code/Tools/LevelEdit/OptimizingVisDialog.h,games/renegade/migration,,,not_started,,parity,Source inventory only; split behavior before claiming whole-file parity
source:Code/Tools/LevelEdit/OutputForm.cpp,source,Code/Tools/LevelEdit/OutputForm.cpp,Code/Tools/LevelEdit/OutputForm.cpp,games/renegade/migration,,,not_started,,parity,Source inventory only; split behavior before claiming whole-file parity
source:Code/Tools/LevelEdit/OutputForm.h,source,Code/Tools/LevelEdit/OutputForm.h,Code/Tools/LevelEdit/OutputForm.h,games/renegade/migration,,,not_started,,parity,Source inventory only; split behavior before claiming whole-file parity
source:Code/Tools/LevelEdit/OverlapPage.cpp,source,Code/Tools/LevelEdit/OverlapPage.cpp,Code/Tools/LevelEdit/OverlapPage.cpp,games/renegade/migration,,,not_started,,parity,Source inventory only; split behavior before claiming whole-file parity
source:Code/Tools/LevelEdit/OverlapPage.h,source,Code/Tools/LevelEdit/OverlapPage.h,Code/Tools/LevelEdit/OverlapPage.h,games/renegade/migration,,,not_started,,parity,Source inventory only; split behavior before claiming whole-file parity
source:Code/Tools/LevelEdit/ParameterCtrls.cpp,source,Code/Tools/LevelEdit/ParameterCtrls.cpp,Code/Tools/LevelEdit/ParameterCtrls.cpp,games/renegade/migration,,,not_started,,parity,Source inventory only; split behavior before claiming whole-file parity
source:Code/Tools/LevelEdit/ParameterCtrls.h,source,Code/Tools/LevelEdit/ParameterCtrls.h,Code/Tools/LevelEdit/ParameterCtrls.h,games/renegade/migration,,,not_started,,parity,Source inventory only; split behavior before claiming whole-file parity
source:Code/Tools/LevelEdit/ParameterInheritanceDialog.cpp,source,Code/Tools/LevelEdit/ParameterInheritanceDialog.cpp,Code/Tools/LevelEdit/ParameterInheritanceDialog.cpp,games/renegade/migration,,,not_started,,parity,Source inventory only; split behavior before claiming whole-file parity
source:Code/Tools/LevelEdit/ParameterInheritanceDialog.h,source,Code/Tools/LevelEdit/ParameterInheritanceDialog.h,Code/Tools/LevelEdit/ParameterInheritanceDialog.h,games/renegade/migration,,,not_started,,parity,Source inventory only; split behavior before claiming whole-file parity
source:Code/Tools/LevelEdit/ParameterSheet.cpp,source,Code/Tools/LevelEdit/ParameterSheet.cpp,Code/Tools/LevelEdit/ParameterSheet.cpp,games/renegade/migration,,,not_started,,parity,Source inventory only; split behavior before claiming whole-file parity
source:Code/Tools/LevelEdit/ParameterSheet.h,source,Code/Tools/LevelEdit/ParameterSheet.h,Code/Tools/LevelEdit/ParameterSheet.h,games/renegade/migration,,,not_started,,parity,Source inventory only; split behavior before claiming whole-file parity
source:Code/Tools/LevelEdit/PathfindSectorBuilder.cpp,source,Code/Tools/LevelEdit/PathfindSectorBuilder.cpp,Code/Tools/LevelEdit/PathfindSectorBuilder.cpp,games/renegade/migration,,,not_started,,parity,Source inventory only; split behavior before claiming whole-file parity
source:Code/Tools/LevelEdit/PathfindSectorBuilder.h,source,Code/Tools/LevelEdit/PathfindSectorBuilder.h,Code/Tools/LevelEdit/PathfindSectorBuilder.h,games/renegade/migration,,,not_started,,parity,Source inventory only; split behavior before claiming whole-file parity
source:Code/Tools/LevelEdit/PathfindStartDefinition.cpp,source,Code/Tools/LevelEdit/PathfindStartDefinition.cpp,Code/Tools/LevelEdit/PathfindStartDefinition.cpp,games/renegade/migration,,,not_started,,parity,Source inventory only; split behavior before claiming whole-file parity
source:Code/Tools/LevelEdit/PathfindStartDefinition.h,source,Code/Tools/LevelEdit/PathfindStartDefinition.h,Code/Tools/LevelEdit/PathfindStartDefinition.h,games/renegade/migration,,,not_started,,parity,Source inventory only; split behavior before claiming whole-file parity
source:Code/Tools/LevelEdit/PathfindStartNode.cpp,source,Code/Tools/LevelEdit/PathfindStartNode.cpp,Code/Tools/LevelEdit/PathfindStartNode.cpp,games/renegade/migration,,,not_started,,parity,Source inventory only; split behavior before claiming whole-file parity
source:Code/Tools/LevelEdit/PathfindStartNode.h,source,Code/Tools/LevelEdit/PathfindStartNode.h,Code/Tools/LevelEdit/PathfindStartNode.h,games/renegade/migration,,,not_started,,parity,Source inventory only; split behavior before claiming whole-file parity
source:Code/Tools/LevelEdit/PhysObjEditTab.cpp,source,Code/Tools/LevelEdit/PhysObjEditTab.cpp,Code/Tools/LevelEdit/PhysObjEditTab.cpp,games/renegade/migration,,,not_started,,parity,Source inventory only; split behavior before claiming whole-file parity
source:Code/Tools/LevelEdit/PhysObjEditTab.h,source,Code/Tools/LevelEdit/PhysObjEditTab.h,Code/Tools/LevelEdit/PhysObjEditTab.h,games/renegade/migration,,,not_started,,parity,Source inventory only; split behavior before claiming whole-file parity
source:Code/Tools/LevelEdit/PhysObjectEditDialog.cpp,source,Code/Tools/LevelEdit/PhysObjectEditDialog.cpp,Code/Tools/LevelEdit/PhysObjectEditDialog.cpp,games/renegade/migration,,,not_started,,parity,Source inventory only; split behavior before claiming whole-file parity
source:Code/Tools/LevelEdit/PhysObjectEditDialog.h,source,Code/Tools/LevelEdit/PhysObjectEditDialog.h,Code/Tools/LevelEdit/PhysObjectEditDialog.h,games/renegade/migration,,,not_started,,parity,Source inventory only; split behavior before claiming whole-file parity
source:Code/Tools/LevelEdit/Picker.cpp,source,Code/Tools/LevelEdit/Picker.cpp,Code/Tools/LevelEdit/Picker.cpp,games/renegade/migration,,,not_started,,parity,Source inventory only; split behavior before claiming whole-file parity
source:Code/Tools/LevelEdit/Picker.h,source,Code/Tools/LevelEdit/Picker.h,Code/Tools/LevelEdit/Picker.h,games/renegade/migration,,,not_started,,parity,Source inventory only; split behavior before claiming whole-file parity
source:Code/Tools/LevelEdit/PlaySoundDialog.cpp,source,Code/Tools/LevelEdit/PlaySoundDialog.cpp,Code/Tools/LevelEdit/PlaySoundDialog.cpp,games/renegade/migration,,,not_started,,parity,Source inventory only; split behavior before claiming whole-file parity
source:Code/Tools/LevelEdit/PlaySoundDialog.h,source,Code/Tools/LevelEdit/PlaySoundDialog.h,Code/Tools/LevelEdit/PlaySoundDialog.h,games/renegade/migration,,,not_started,,parity,Source inventory only; split behavior before claiming whole-file parity
source:Code/Tools/LevelEdit/PositionPage.cpp,source,Code/Tools/LevelEdit/PositionPage.cpp,Code/Tools/LevelEdit/PositionPage.cpp,games/renegade/migration,,,not_started,,parity,Source inventory only; split behavior before claiming whole-file parity
source:Code/Tools/LevelEdit/PositionPage.h,source,Code/Tools/LevelEdit/PositionPage.h,Code/Tools/LevelEdit/PositionPage.h,games/renegade/migration,,,not_started,,parity,Source inventory only; split behavior before claiming whole-file parity
source:Code/Tools/LevelEdit/Preset.cpp,source,Code/Tools/LevelEdit/Preset.cpp,Code/Tools/LevelEdit/Preset.cpp,games/renegade/migration,,,not_started,,parity,Source inventory only; split behavior before claiming whole-file parity
source:Code/Tools/LevelEdit/Preset.h,source,Code/Tools/LevelEdit/Preset.h,Code/Tools/LevelEdit/Preset.h,games/renegade/migration,,,not_started,,parity,Source inventory only; split behavior before claiming whole-file parity
source:Code/Tools/LevelEdit/PresetDependencyTab.cpp,source,Code/Tools/LevelEdit/PresetDependencyTab.cpp,Code/Tools/LevelEdit/PresetDependencyTab.cpp,games/renegade/migration,,,not_started,,parity,Source inventory only; split behavior before claiming whole-file parity
source:Code/Tools/LevelEdit/PresetDependencyTab.h,source,Code/Tools/LevelEdit/PresetDependencyTab.h,Code/Tools/LevelEdit/PresetDependencyTab.h,games/renegade/migration,,,not_started,,parity,Source inventory only; split behavior before claiming whole-file parity
source:Code/Tools/LevelEdit/PresetDialogueTab.cpp,source,Code/Tools/LevelEdit/PresetDialogueTab.cpp,Code/Tools/LevelEdit/PresetDialogueTab.cpp,games/renegade/migration,,,not_started,,parity,Source inventory only; split behavior before claiming whole-file parity
source:Code/Tools/LevelEdit/PresetDialogueTab.h,source,Code/Tools/LevelEdit/PresetDialogueTab.h,Code/Tools/LevelEdit/PresetDialogueTab.h,games/renegade/migration,,,not_started,,parity,Source inventory only; split behavior before claiming whole-file parity
source:Code/Tools/LevelEdit/PresetExport.cpp,source,Code/Tools/LevelEdit/PresetExport.cpp,Code/Tools/LevelEdit/PresetExport.cpp,games/renegade/migration,,,not_started,,parity,Source inventory only; split behavior before claiming whole-file parity
source:Code/Tools/LevelEdit/PresetExport.h,source,Code/Tools/LevelEdit/PresetExport.h,Code/Tools/LevelEdit/PresetExport.h,games/renegade/migration,,,not_started,,parity,Source inventory only; split behavior before claiming whole-file parity
source:Code/Tools/LevelEdit/PresetGeneralTab.cpp,source,Code/Tools/LevelEdit/PresetGeneralTab.cpp,Code/Tools/LevelEdit/PresetGeneralTab.cpp,games/renegade/migration,,,not_started,,parity,Source inventory only; split behavior before claiming whole-file parity
source:Code/Tools/LevelEdit/PresetGeneralTab.h,source,Code/Tools/LevelEdit/PresetGeneralTab.h,Code/Tools/LevelEdit/PresetGeneralTab.h,games/renegade/migration,,,not_started,,parity,Source inventory only; split behavior before claiming whole-file parity
source:Code/Tools/LevelEdit/PresetListDialog.cpp,source,Code/Tools/LevelEdit/PresetListDialog.cpp,Code/Tools/LevelEdit/PresetListDialog.cpp,games/renegade/migration,,,not_started,,parity,Source inventory only; split behavior before claiming whole-file parity
source:Code/Tools/LevelEdit/PresetListDialog.h,source,Code/Tools/LevelEdit/PresetListDialog.h,Code/Tools/LevelEdit/PresetListDialog.h,games/renegade/migration,,,not_started,,parity,Source inventory only; split behavior before claiming whole-file parity
source:Code/Tools/LevelEdit/PresetLogger.cpp,source,Code/Tools/LevelEdit/PresetLogger.cpp,Code/Tools/LevelEdit/PresetLogger.cpp,games/renegade/migration,,,not_started,,parity,Source inventory only; split behavior before claiming whole-file parity
source:Code/Tools/LevelEdit/PresetLogger.h,source,Code/Tools/LevelEdit/PresetLogger.h,Code/Tools/LevelEdit/PresetLogger.h,games/renegade/migration,,,not_started,,parity,Source inventory only; split behavior before claiming whole-file parity
source:Code/Tools/LevelEdit/PresetMgr.cpp,source,Code/Tools/LevelEdit/PresetMgr.cpp,Code/Tools/LevelEdit/PresetMgr.cpp,games/renegade/migration,,,not_started,,parity,Source inventory only; split behavior before claiming whole-file parity
source:Code/Tools/LevelEdit/PresetMgr.h,source,Code/Tools/LevelEdit/PresetMgr.h,Code/Tools/LevelEdit/PresetMgr.h,games/renegade/migration,,,not_started,,parity,Source inventory only; split behavior before claiming whole-file parity
source:Code/Tools/LevelEdit/PresetPicker.cpp,source,Code/Tools/LevelEdit/PresetPicker.cpp,Code/Tools/LevelEdit/PresetPicker.cpp,games/renegade/migration,,,not_started,,parity,Source inventory only; split behavior before claiming whole-file parity
source:Code/Tools/LevelEdit/PresetPicker.h,source,Code/Tools/LevelEdit/PresetPicker.h,Code/Tools/LevelEdit/PresetPicker.h,games/renegade/migration,,,not_started,,parity,Source inventory only; split behavior before claiming whole-file parity
source:Code/Tools/LevelEdit/PresetPropSheet.cpp,source,Code/Tools/LevelEdit/PresetPropSheet.cpp,Code/Tools/LevelEdit/PresetPropSheet.cpp,games/renegade/migration,,,not_started,,parity,Source inventory only; split behavior before claiming whole-file parity
source:Code/Tools/LevelEdit/PresetPropSheet.h,source,Code/Tools/LevelEdit/PresetPropSheet.h,Code/Tools/LevelEdit/PresetPropSheet.h,games/renegade/migration,,,not_started,,parity,Source inventory only; split behavior before claiming whole-file parity
source:Code/Tools/LevelEdit/PresetRemapDialog.cpp,source,Code/Tools/LevelEdit/PresetRemapDialog.cpp,Code/Tools/LevelEdit/PresetRemapDialog.cpp,games/renegade/migration,,,not_started,,parity,Source inventory only; split behavior before claiming whole-file parity
source:Code/Tools/LevelEdit/PresetRemapDialog.h,source,Code/Tools/LevelEdit/PresetRemapDialog.h,Code/Tools/LevelEdit/PresetRemapDialog.h,games/renegade/migration,,,not_started,,parity,Source inventory only; split behavior before claiming whole-file parity
source:Code/Tools/LevelEdit/PresetSettingsTab.cpp,source,Code/Tools/LevelEdit/PresetSettingsTab.cpp,Code/Tools/LevelEdit/PresetSettingsTab.cpp,games/renegade/migration,,,not_started,,parity,Source inventory only; split behavior before claiming whole-file parity
source:Code/Tools/LevelEdit/PresetSettingsTab.h,source,Code/Tools/LevelEdit/PresetSettingsTab.h,Code/Tools/LevelEdit/PresetSettingsTab.h,games/renegade/migration,,,not_started,,parity,Source inventory only; split behavior before claiming whole-file parity
source:Code/Tools/LevelEdit/PresetTransitionTab.cpp,source,Code/Tools/LevelEdit/PresetTransitionTab.cpp,Code/Tools/LevelEdit/PresetTransitionTab.cpp,games/renegade/migration,,,not_started,,parity,Source inventory only; split behavior before claiming whole-file parity
source:Code/Tools/LevelEdit/PresetTransitionTab.h,source,Code/Tools/LevelEdit/PresetTransitionTab.h,Code/Tools/LevelEdit/PresetTransitionTab.h,games/renegade/migration,,,not_started,,parity,Source inventory only; split behavior before claiming whole-file parity
source:Code/Tools/LevelEdit/PresetZoneTab.cpp,source,Code/Tools/LevelEdit/PresetZoneTab.cpp,Code/Tools/LevelEdit/PresetZoneTab.cpp,games/renegade/migration,,,not_started,,parity,Source inventory only; split behavior before claiming whole-file parity
source:Code/Tools/LevelEdit/PresetZoneTab.h,source,Code/Tools/LevelEdit/PresetZoneTab.h,Code/Tools/LevelEdit/PresetZoneTab.h,games/renegade/migration,,,not_started,,parity,Source inventory only; split behavior before claiming whole-file parity
source:Code/Tools/LevelEdit/PresetsForm.h,source,Code/Tools/LevelEdit/PresetsForm.h,Code/Tools/LevelEdit/PresetsForm.h,games/renegade/migration,,,not_started,,parity,Source inventory only; split behavior before claiming whole-file parity
source:Code/Tools/LevelEdit/PresetsLibForm.cpp,source,Code/Tools/LevelEdit/PresetsLibForm.cpp,Code/Tools/LevelEdit/PresetsLibForm.cpp,games/renegade/migration,,,not_started,,parity,Source inventory only; split behavior before claiming whole-file parity
source:Code/Tools/LevelEdit/PresetsLibForm.h,source,Code/Tools/LevelEdit/PresetsLibForm.h,Code/Tools/LevelEdit/PresetsLibForm.h,games/renegade/migration,,,not_started,,parity,Source inventory only; split behavior before claiming whole-file parity
source:Code/Tools/LevelEdit/ProfileSection.cpp,source,Code/Tools/LevelEdit/ProfileSection.cpp,Code/Tools/LevelEdit/ProfileSection.cpp,games/renegade/migration,,,not_started,,parity,Source inventory only; split behavior before claiming whole-file parity
source:Code/Tools/LevelEdit/ProfileSection.h,source,Code/Tools/LevelEdit/ProfileSection.h,Code/Tools/LevelEdit/ProfileSection.h,games/renegade/migration,,,not_started,,parity,Source inventory only; split behavior before claiming whole-file parity
source:Code/Tools/LevelEdit/ProgressUI.cpp,source,Code/Tools/LevelEdit/ProgressUI.cpp,Code/Tools/LevelEdit/ProgressUI.cpp,games/renegade/migration,,,not_started,,parity,Source inventory only; split behavior before claiming whole-file parity
source:Code/Tools/LevelEdit/ProgressUI.h,source,Code/Tools/LevelEdit/ProgressUI.h,Code/Tools/LevelEdit/ProgressUI.h,games/renegade/migration,,,not_started,,parity,Source inventory only; split behavior before claiming whole-file parity
source:Code/Tools/LevelEdit/RegKeys.h,source,Code/Tools/LevelEdit/RegKeys.h,Code/Tools/LevelEdit/RegKeys.h,games/renegade/migration,,,not_started,,parity,Source inventory only; split behavior before claiming whole-file parity
source:Code/Tools/LevelEdit/SceneEditor.cpp,source,Code/Tools/LevelEdit/SceneEditor.cpp,Code/Tools/LevelEdit/SceneEditor.cpp,games/renegade/migration,,,not_started,,parity,Source inventory only; split behavior before claiming whole-file parity
source:Code/Tools/LevelEdit/SceneEditor.h,source,Code/Tools/LevelEdit/SceneEditor.h,Code/Tools/LevelEdit/SceneEditor.h,games/renegade/migration,,,not_started,,parity,Source inventory only; split behavior before claiming whole-file parity
source:Code/Tools/LevelEdit/ScriptEditDialog.cpp,source,Code/Tools/LevelEdit/ScriptEditDialog.cpp,Code/Tools/LevelEdit/ScriptEditDialog.cpp,games/renegade/migration,,,not_started,,parity,Source inventory only; split behavior before claiming whole-file parity
source:Code/Tools/LevelEdit/ScriptEditDialog.h,source,Code/Tools/LevelEdit/ScriptEditDialog.h,Code/Tools/LevelEdit/ScriptEditDialog.h,games/renegade/migration,,,not_started,,parity,Source inventory only; split behavior before claiming whole-file parity
source:Code/Tools/LevelEdit/ScriptMgr.cpp,source,Code/Tools/LevelEdit/ScriptMgr.cpp,Code/Tools/LevelEdit/ScriptMgr.cpp,games/renegade/migration,,,not_started,,parity,Source inventory only; split behavior before claiming whole-file parity
source:Code/Tools/LevelEdit/ScriptMgr.h,source,Code/Tools/LevelEdit/ScriptMgr.h,Code/Tools/LevelEdit/ScriptMgr.h,games/renegade/migration,,,not_started,,parity,Source inventory only; split behavior before claiming whole-file parity
source:Code/Tools/LevelEdit/SelectPresetDialog.cpp,source,Code/Tools/LevelEdit/SelectPresetDialog.cpp,Code/Tools/LevelEdit/SelectPresetDialog.cpp,games/renegade/migration,,,not_started,,parity,Source inventory only; split behavior before claiming whole-file parity
source:Code/Tools/LevelEdit/SelectPresetDialog.h,source,Code/Tools/LevelEdit/SelectPresetDialog.h,Code/Tools/LevelEdit/SelectPresetDialog.h,games/renegade/migration,,,not_started,,parity,Source inventory only; split behavior before claiming whole-file parity
source:Code/Tools/LevelEdit/SelectionBox.cpp,source,Code/Tools/LevelEdit/SelectionBox.cpp,Code/Tools/LevelEdit/SelectionBox.cpp,games/renegade/migration,,,not_started,,parity,Source inventory only; split behavior before claiming whole-file parity
source:Code/Tools/LevelEdit/SelectionBox.h,source,Code/Tools/LevelEdit/SelectionBox.h,Code/Tools/LevelEdit/SelectionBox.h,games/renegade/migration,,,not_started,,parity,Source inventory only; split behavior before claiming whole-file parity
source:Code/Tools/LevelEdit/SkyPropPage.cpp,source,Code/Tools/LevelEdit/SkyPropPage.cpp,Code/Tools/LevelEdit/SkyPropPage.cpp,games/renegade/migration,,,not_started,,parity,Source inventory only; split behavior before claiming whole-file parity
source:Code/Tools/LevelEdit/SkyPropPage.h,source,Code/Tools/LevelEdit/SkyPropPage.h,Code/Tools/LevelEdit/SkyPropPage.h,games/renegade/migration,,,not_started,,parity,Source inventory only; split behavior before claiming whole-file parity
source:Code/Tools/LevelEdit/SoundNode.cpp,source,Code/Tools/LevelEdit/SoundNode.cpp,Code/Tools/LevelEdit/SoundNode.cpp,games/renegade/migration,,,not_started,,parity,Source inventory only; split behavior before claiming whole-file parity
source:Code/Tools/LevelEdit/SoundNode.h,source,Code/Tools/LevelEdit/SoundNode.h,Code/Tools/LevelEdit/SoundNode.h,games/renegade/migration,,,not_started,,parity,Source inventory only; split behavior before claiming whole-file parity
source:Code/Tools/LevelEdit/SoundSettingsPage.cpp,source,Code/Tools/LevelEdit/SoundSettingsPage.cpp,Code/Tools/LevelEdit/SoundSettingsPage.cpp,games/renegade/migration,,,not_started,,parity,Source inventory only; split behavior before claiming whole-file parity
source:Code/Tools/LevelEdit/SoundSettingsPage.h,source,Code/Tools/LevelEdit/SoundSettingsPage.h,Code/Tools/LevelEdit/SoundSettingsPage.h,games/renegade/migration,,,not_started,,parity,Source inventory only; split behavior before claiming whole-file parity
source:Code/Tools/LevelEdit/SpawnPointNode.cpp,source,Code/Tools/LevelEdit/SpawnPointNode.cpp,Code/Tools/LevelEdit/SpawnPointNode.cpp,games/renegade/migration,,,not_started,,parity,Source inventory only; split behavior before claiming whole-file parity
source:Code/Tools/LevelEdit/SpawnPointNode.h,source,Code/Tools/LevelEdit/SpawnPointNode.h,Code/Tools/LevelEdit/SpawnPointNode.h,games/renegade/migration,,,not_started,,parity,Source inventory only; split behavior before claiming whole-file parity
source:Code/Tools/LevelEdit/SpawnerNode.cpp,source,Code/Tools/LevelEdit/SpawnerNode.cpp,Code/Tools/LevelEdit/SpawnerNode.cpp,games/renegade/migration,,,not_started,,parity,Source inventory only; split behavior before claiming whole-file parity
source:Code/Tools/LevelEdit/SpawnerNode.h,source,Code/Tools/LevelEdit/SpawnerNode.h,Code/Tools/LevelEdit/SpawnerNode.h,games/renegade/migration,,,not_started,,parity,Source inventory only; split behavior before claiming whole-file parity
source:Code/Tools/LevelEdit/SpecSheet.cpp,source,Code/Tools/LevelEdit/SpecSheet.cpp,Code/Tools/LevelEdit/SpecSheet.cpp,games/renegade/migration,,,not_started,,parity,Source inventory only; split behavior before claiming whole-file parity
source:Code/Tools/LevelEdit/SpecSheet.h,source,Code/Tools/LevelEdit/SpecSheet.h,Code/Tools/LevelEdit/SpecSheet.h,games/renegade/migration,,,not_started,,parity,Source inventory only; split behavior before claiming whole-file parity
source:Code/Tools/LevelEdit/Splash.cpp,source,Code/Tools/LevelEdit/Splash.cpp,Code/Tools/LevelEdit/Splash.cpp,games/renegade/migration,,,not_started,,parity,Source inventory only; split behavior before claiming whole-file parity
source:Code/Tools/LevelEdit/Splash.h,source,Code/Tools/LevelEdit/Splash.h,Code/Tools/LevelEdit/Splash.h,games/renegade/migration,,,not_started,,parity,Source inventory only; split behavior before claiming whole-file parity
source:Code/Tools/LevelEdit/SplashScreen.cpp,source,Code/Tools/LevelEdit/SplashScreen.cpp,Code/Tools/LevelEdit/SplashScreen.cpp,games/renegade/migration,,,not_started,,parity,Source inventory only; split behavior before claiming whole-file parity
source:Code/Tools/LevelEdit/SplashScreen.h,source,Code/Tools/LevelEdit/SplashScreen.h,Code/Tools/LevelEdit/SplashScreen.h,games/renegade/migration,,,not_started,,parity,Source inventory only; split behavior before claiming whole-file parity
source:Code/Tools/LevelEdit/StdAfx.cpp,source,Code/Tools/LevelEdit/StdAfx.cpp,Code/Tools/LevelEdit/StdAfx.cpp,games/renegade/migration,,,not_started,,parity,Source inventory only; split behavior before claiming whole-file parity
source:Code/Tools/LevelEdit/StdAfx.h,source,Code/Tools/LevelEdit/StdAfx.h,Code/Tools/LevelEdit/StdAfx.h,games/renegade/migration,,,not_started,,parity,Source inventory only; split behavior before claiming whole-file parity
source:Code/Tools/LevelEdit/StringLibraryDialog.cpp,source,Code/Tools/LevelEdit/StringLibraryDialog.cpp,Code/Tools/LevelEdit/StringLibraryDialog.cpp,games/renegade/migration,,,not_started,,parity,Source inventory only; split behavior before claiming whole-file parity
source:Code/Tools/LevelEdit/StringLibraryDialog.h,source,Code/Tools/LevelEdit/StringLibraryDialog.h,Code/Tools/LevelEdit/StringLibraryDialog.h,games/renegade/migration,,,not_started,,parity,Source inventory only; split behavior before claiming whole-file parity
source:Code/Tools/LevelEdit/StringPicker.cpp,source,Code/Tools/LevelEdit/StringPicker.cpp,Code/Tools/LevelEdit/StringPicker.cpp,games/renegade/migration,,,not_started,,parity,Source inventory only; split behavior before claiming whole-file parity
source:Code/Tools/LevelEdit/StringPicker.h,source,Code/Tools/LevelEdit/StringPicker.h,Code/Tools/LevelEdit/StringPicker.h,games/renegade/migration,,,not_started,,parity,Source inventory only; split behavior before claiming whole-file parity
source:Code/Tools/LevelEdit/StringPickerDialog.cpp,source,Code/Tools/LevelEdit/StringPickerDialog.cpp,Code/Tools/LevelEdit/StringPickerDialog.cpp,games/renegade/migration,,,not_started,,parity,Source inventory only; split behavior before claiming whole-file parity
source:Code/Tools/LevelEdit/StringPickerDialog.h,source,Code/Tools/LevelEdit/StringPickerDialog.h,Code/Tools/LevelEdit/StringPickerDialog.h,games/renegade/migration,,,not_started,,parity,Source inventory only; split behavior before claiming whole-file parity
source:Code/Tools/LevelEdit/StringPickerMainDialog.cpp,source,Code/Tools/LevelEdit/StringPickerMainDialog.cpp,Code/Tools/LevelEdit/StringPickerMainDialog.cpp,games/renegade/migration,,,not_started,,parity,Source inventory only; split behavior before claiming whole-file parity
source:Code/Tools/LevelEdit/StringPickerMainDialog.h,source,Code/Tools/LevelEdit/StringPickerMainDialog.h,Code/Tools/LevelEdit/StringPickerMainDialog.h,games/renegade/migration,,,not_started,,parity,Source inventory only; split behavior before claiming whole-file parity
source:Code/Tools/LevelEdit/StringsCategoryNameDialog.cpp,source,Code/Tools/LevelEdit/StringsCategoryNameDialog.cpp,Code/Tools/LevelEdit/StringsCategoryNameDialog.cpp,games/renegade/migration,,,not_started,,parity,Source inventory only; split behavior before claiming whole-file parity
source:Code/Tools/LevelEdit/StringsCategoryNameDialog.h,source,Code/Tools/LevelEdit/StringsCategoryNameDialog.h,Code/Tools/LevelEdit/StringsCategoryNameDialog.h,games/renegade/migration,,,not_started,,parity,Source inventory only; split behavior before claiming whole-file parity
source:Code/Tools/LevelEdit/StringsCategoryViewDialog.cpp,source,Code/Tools/LevelEdit/StringsCategoryViewDialog.cpp,Code/Tools/LevelEdit/StringsCategoryViewDialog.cpp,games/renegade/migration,,,not_started,,parity,Source inventory only; split behavior before claiming whole-file parity
source:Code/Tools/LevelEdit/StringsCategoryViewDialog.h,source,Code/Tools/LevelEdit/StringsCategoryViewDialog.h,Code/Tools/LevelEdit/StringsCategoryViewDialog.h,games/renegade/migration,,,not_started,,parity,Source inventory only; split behavior before claiming whole-file parity
source:Code/Tools/LevelEdit/SunlightDialog.cpp,source,Code/Tools/LevelEdit/SunlightDialog.cpp,Code/Tools/LevelEdit/SunlightDialog.cpp,games/renegade/migration,,,not_started,,parity,Source inventory only; split behavior before claiming whole-file parity
source:Code/Tools/LevelEdit/SunlightDialog.h,source,Code/Tools/LevelEdit/SunlightDialog.h,Code/Tools/LevelEdit/SunlightDialog.h,games/renegade/migration,,,not_started,,parity,Source inventory only; split behavior before claiming whole-file parity
source:Code/Tools/LevelEdit/TGAToDXT.cpp,source,Code/Tools/LevelEdit/TGAToDXT.cpp,Code/Tools/LevelEdit/TGAToDXT.cpp,games/renegade/migration,,,not_started,,parity,Source inventory only; split behavior before claiming whole-file parity
source:Code/Tools/LevelEdit/TGAToDXT.h,source,Code/Tools/LevelEdit/TGAToDXT.h,Code/Tools/LevelEdit/TGAToDXT.h,games/renegade/migration,,,not_started,,parity,Source inventory only; split behavior before claiming whole-file parity
source:Code/Tools/LevelEdit/TerrainDefinition.cpp,source,Code/Tools/LevelEdit/TerrainDefinition.cpp,Code/Tools/LevelEdit/TerrainDefinition.cpp,games/renegade/migration,,,not_started,,parity,Source inventory only; split behavior before claiming whole-file parity
source:Code/Tools/LevelEdit/TerrainDefinition.h,source,Code/Tools/LevelEdit/TerrainDefinition.h,Code/Tools/LevelEdit/TerrainDefinition.h,games/renegade/migration,,,not_started,,parity,Source inventory only; split behavior before claiming whole-file parity
source:Code/Tools/LevelEdit/TerrainLODPage.cpp,source,Code/Tools/LevelEdit/TerrainLODPage.cpp,Code/Tools/LevelEdit/TerrainLODPage.cpp,games/renegade/migration,,,not_started,,parity,Source inventory only; split behavior before claiming whole-file parity
source:Code/Tools/LevelEdit/TerrainLODPage.h,source,Code/Tools/LevelEdit/TerrainLODPage.h,Code/Tools/LevelEdit/TerrainLODPage.h,games/renegade/migration,,,not_started,,parity,Source inventory only; split behavior before claiming whole-file parity
source:Code/Tools/LevelEdit/TerrainNode.cpp,source,Code/Tools/LevelEdit/TerrainNode.cpp,Code/Tools/LevelEdit/TerrainNode.cpp,games/renegade/migration,,,not_started,,parity,Source inventory only; split behavior before claiming whole-file parity
source:Code/Tools/LevelEdit/TerrainNode.h,source,Code/Tools/LevelEdit/TerrainNode.h,Code/Tools/LevelEdit/TerrainNode.h,games/renegade/migration,,,not_started,,parity,Source inventory only; split behavior before claiming whole-file parity
source:Code/Tools/LevelEdit/TerrainSectionPersist.cpp,source,Code/Tools/LevelEdit/TerrainSectionPersist.cpp,Code/Tools/LevelEdit/TerrainSectionPersist.cpp,games/renegade/migration,,,not_started,,parity,Source inventory only; split behavior before claiming whole-file parity
source:Code/Tools/LevelEdit/TerrainSectionPersist.h,source,Code/Tools/LevelEdit/TerrainSectionPersist.h,Code/Tools/LevelEdit/TerrainSectionPersist.h,games/renegade/migration,,,not_started,,parity,Source inventory only; split behavior before claiming whole-file parity
source:Code/Tools/LevelEdit/TileDefinition.cpp,source,Code/Tools/LevelEdit/TileDefinition.cpp,Code/Tools/LevelEdit/TileDefinition.cpp,games/renegade/migration,,,not_started,,parity,Source inventory only; split behavior before claiming whole-file parity
source:Code/Tools/LevelEdit/TileDefinition.h,source,Code/Tools/LevelEdit/TileDefinition.h,Code/Tools/LevelEdit/TileDefinition.h,games/renegade/migration,,,not_started,,parity,Source inventory only; split behavior before claiming whole-file parity
source:Code/Tools/LevelEdit/TileNode.cpp,source,Code/Tools/LevelEdit/TileNode.cpp,Code/Tools/LevelEdit/TileNode.cpp,games/renegade/migration,,,not_started,,parity,Source inventory only; split behavior before claiming whole-file parity
source:Code/Tools/LevelEdit/TileNode.h,source,Code/Tools/LevelEdit/TileNode.h,Code/Tools/LevelEdit/TileNode.h,games/renegade/migration,,,not_started,,parity,Source inventory only; split behavior before claiming whole-file parity
source:Code/Tools/LevelEdit/TransitionEditDialog.cpp,source,Code/Tools/LevelEdit/TransitionEditDialog.cpp,Code/Tools/LevelEdit/TransitionEditDialog.cpp,games/renegade/migration,,,not_started,,parity,Source inventory only; split behavior before claiming whole-file parity
source:Code/Tools/LevelEdit/TransitionEditDialog.h,source,Code/Tools/LevelEdit/TransitionEditDialog.h,Code/Tools/LevelEdit/TransitionEditDialog.h,games/renegade/migration,,,not_started,,parity,Source inventory only; split behavior before claiming whole-file parity
source:Code/Tools/LevelEdit/TransitionNode.cpp,source,Code/Tools/LevelEdit/TransitionNode.cpp,Code/Tools/LevelEdit/TransitionNode.cpp,games/renegade/migration,,,not_started,,parity,Source inventory only; split behavior before claiming whole-file parity
source:Code/Tools/LevelEdit/TransitionNode.h,source,Code/Tools/LevelEdit/TransitionNode.h,Code/Tools/LevelEdit/TransitionNode.h,games/renegade/migration,,,not_started,,parity,Source inventory only; split behavior before claiming whole-file parity
source:Code/Tools/LevelEdit/TranslationExportDialog.cpp,source,Code/Tools/LevelEdit/TranslationExportDialog.cpp,Code/Tools/LevelEdit/TranslationExportDialog.cpp,games/renegade/migration,,,not_started,,parity,Source inventory only; split behavior before claiming whole-file parity
source:Code/Tools/LevelEdit/TranslationExportDialog.h,source,Code/Tools/LevelEdit/TranslationExportDialog.h,Code/Tools/LevelEdit/TranslationExportDialog.h,games/renegade/migration,,,not_started,,parity,Source inventory only; split behavior before claiming whole-file parity
source:Code/Tools/LevelEdit/UIThread.cpp,source,Code/Tools/LevelEdit/UIThread.cpp,Code/Tools/LevelEdit/UIThread.cpp,games/renegade/migration,,,not_started,,parity,Source inventory only; split behavior before claiming whole-file parity
source:Code/Tools/LevelEdit/UIThread.h,source,Code/Tools/LevelEdit/UIThread.h,Code/Tools/LevelEdit/UIThread.h,games/renegade/migration,,,not_started,,parity,Source inventory only; split behavior before claiming whole-file parity
source:Code/Tools/LevelEdit/UndoMgr.cpp,source,Code/Tools/LevelEdit/UndoMgr.cpp,Code/Tools/LevelEdit/UndoMgr.cpp,games/renegade/migration,,,not_started,,parity,Source inventory only; split behavior before claiming whole-file parity
source:Code/Tools/LevelEdit/UndoMgr.h,source,Code/Tools/LevelEdit/UndoMgr.h,Code/Tools/LevelEdit/UndoMgr.h,games/renegade/migration,,,not_started,,parity,Source inventory only; split behavior before claiming whole-file parity
source:Code/Tools/LevelEdit/UniqueList.cpp,source,Code/Tools/LevelEdit/UniqueList.cpp,Code/Tools/LevelEdit/UniqueList.cpp,games/renegade/migration,,,not_started,,parity,Source inventory only; split behavior before claiming whole-file parity
source:Code/Tools/LevelEdit/UniqueList.h,source,Code/Tools/LevelEdit/UniqueList.h,Code/Tools/LevelEdit/UniqueList.h,games/renegade/migration,,,not_started,,parity,Source inventory only; split behavior before claiming whole-file parity
source:Code/Tools/LevelEdit/UpdateAssetsDialog.cpp,source,Code/Tools/LevelEdit/UpdateAssetsDialog.cpp,Code/Tools/LevelEdit/UpdateAssetsDialog.cpp,games/renegade/migration,,,not_started,,parity,Source inventory only; split behavior before claiming whole-file parity
source:Code/Tools/LevelEdit/UpdateAssetsDialog.h,source,Code/Tools/LevelEdit/UpdateAssetsDialog.h,Code/Tools/LevelEdit/UpdateAssetsDialog.h,games/renegade/migration,,,not_started,,parity,Source inventory only; split behavior before claiming whole-file parity
source:Code/Tools/LevelEdit/UpdatePresetDialog.cpp,source,Code/Tools/LevelEdit/UpdatePresetDialog.cpp,Code/Tools/LevelEdit/UpdatePresetDialog.cpp,games/renegade/migration,,,not_started,,parity,Source inventory only; split behavior before claiming whole-file parity
source:Code/Tools/LevelEdit/UpdatePresetDialog.h,source,Code/Tools/LevelEdit/UpdatePresetDialog.h,Code/Tools/LevelEdit/UpdatePresetDialog.h,games/renegade/migration,,,not_started,,parity,Source inventory only; split behavior before claiming whole-file parity
source:Code/Tools/LevelEdit/UpdatingDBDialog.cpp,source,Code/Tools/LevelEdit/UpdatingDBDialog.cpp,Code/Tools/LevelEdit/UpdatingDBDialog.cpp,games/renegade/migration,,,not_started,,parity,Source inventory only; split behavior before claiming whole-file parity
source:Code/Tools/LevelEdit/UpdatingDBDialog.h,source,Code/Tools/LevelEdit/UpdatingDBDialog.h,Code/Tools/LevelEdit/UpdatingDBDialog.h,games/renegade/migration,,,not_started,,parity,Source inventory only; split behavior before claiming whole-file parity
source:Code/Tools/LevelEdit/Utils.cpp,source,Code/Tools/LevelEdit/Utils.cpp,Code/Tools/LevelEdit/Utils.cpp,games/renegade/migration,,,not_started,,parity,Source inventory only; split behavior before claiming whole-file parity
source:Code/Tools/LevelEdit/Utils.h,source,Code/Tools/LevelEdit/Utils.h,Code/Tools/LevelEdit/Utils.h,games/renegade/migration,,,not_started,,parity,Source inventory only; split behavior before claiming whole-file parity
source:Code/Tools/LevelEdit/VSS.IDL,source,Code/Tools/LevelEdit/VSS.IDL,Code/Tools/LevelEdit/VSS.IDL,games/renegade/migration,,,not_started,,parity,Source inventory only; split behavior before claiming whole-file parity
source:Code/Tools/LevelEdit/VSSClass.cpp,source,Code/Tools/LevelEdit/VSSClass.cpp,Code/Tools/LevelEdit/VSSClass.cpp,games/renegade/migration,,,not_started,,parity,Source inventory only; split behavior before claiming whole-file parity
source:Code/Tools/LevelEdit/VSSClass.h,source,Code/Tools/LevelEdit/VSSClass.h,Code/Tools/LevelEdit/VSSClass.h,games/renegade/migration,,,not_started,,parity,Source inventory only; split behavior before claiming whole-file parity
source:Code/Tools/LevelEdit/ValueListDialog.cpp,source,Code/Tools/LevelEdit/ValueListDialog.cpp,Code/Tools/LevelEdit/ValueListDialog.cpp,games/renegade/migration,,,not_started,,parity,Source inventory only; split behavior before claiming whole-file parity
source:Code/Tools/LevelEdit/ValueListDialog.h,source,Code/Tools/LevelEdit/ValueListDialog.h,Code/Tools/LevelEdit/ValueListDialog.h,games/renegade/migration,,,not_started,,parity,Source inventory only; split behavior before claiming whole-file parity
source:Code/Tools/LevelEdit/Vector3Dialog.cpp,source,Code/Tools/LevelEdit/Vector3Dialog.cpp,Code/Tools/LevelEdit/Vector3Dialog.cpp,games/renegade/migration,,,not_started,,parity,Source inventory only; split behavior before claiming whole-file parity
source:Code/Tools/LevelEdit/Vector3Dialog.h,source,Code/Tools/LevelEdit/Vector3Dialog.h,Code/Tools/LevelEdit/Vector3Dialog.h,games/renegade/migration,,,not_started,,parity,Source inventory only; split behavior before claiming whole-file parity
source:Code/Tools/LevelEdit/VisErrorReportDialog.cpp,source,Code/Tools/LevelEdit/VisErrorReportDialog.cpp,Code/Tools/LevelEdit/VisErrorReportDialog.cpp,games/renegade/migration,,,not_started,,parity,Source inventory only; split behavior before claiming whole-file parity
source:Code/Tools/LevelEdit/VisErrorReportDialog.h,source,Code/Tools/LevelEdit/VisErrorReportDialog.h,Code/Tools/LevelEdit/VisErrorReportDialog.h,games/renegade/migration,,,not_started,,parity,Source inventory only; split behavior before claiming whole-file parity
source:Code/Tools/LevelEdit/VisGenProgress.h,source,Code/Tools/LevelEdit/VisGenProgress.h,Code/Tools/LevelEdit/VisGenProgress.h,games/renegade/migration,,,not_started,,parity,Source inventory only; split behavior before claiming whole-file parity
source:Code/Tools/LevelEdit/VisLog.cpp,source,Code/Tools/LevelEdit/VisLog.cpp,Code/Tools/LevelEdit/VisLog.cpp,games/renegade/migration,,,not_started,,parity,Source inventory only; split behavior before claiming whole-file parity
source:Code/Tools/LevelEdit/VisLog.h,source,Code/Tools/LevelEdit/VisLog.h,Code/Tools/LevelEdit/VisLog.h,games/renegade/migration,,,not_started,,parity,Source inventory only; split behavior before claiming whole-file parity
source:Code/Tools/LevelEdit/VisMgr.cpp,source,Code/Tools/LevelEdit/VisMgr.cpp,Code/Tools/LevelEdit/VisMgr.cpp,games/renegade/migration,,,not_started,,parity,Source inventory only; split behavior before claiming whole-file parity
source:Code/Tools/LevelEdit/VisMgr.h,source,Code/Tools/LevelEdit/VisMgr.h,Code/Tools/LevelEdit/VisMgr.h,games/renegade/migration,,,not_started,,parity,Source inventory only; split behavior before claiming whole-file parity
source:Code/Tools/LevelEdit/VisPointDefinition.cpp,source,Code/Tools/LevelEdit/VisPointDefinition.cpp,Code/Tools/LevelEdit/VisPointDefinition.cpp,games/renegade/migration,,,not_started,,parity,Source inventory only; split behavior before claiming whole-file parity
source:Code/Tools/LevelEdit/VisPointDefinition.h,source,Code/Tools/LevelEdit/VisPointDefinition.h,Code/Tools/LevelEdit/VisPointDefinition.h,games/renegade/migration,,,not_started,,parity,Source inventory only; split behavior before claiming whole-file parity
source:Code/Tools/LevelEdit/VisPointGenerator.cpp,source,Code/Tools/LevelEdit/VisPointGenerator.cpp,Code/Tools/LevelEdit/VisPointGenerator.cpp,games/renegade/migration,,,not_started,,parity,Source inventory only; split behavior before claiming whole-file parity
source:Code/Tools/LevelEdit/VisPointGenerator.h,source,Code/Tools/LevelEdit/VisPointGenerator.h,Code/Tools/LevelEdit/VisPointGenerator.h,games/renegade/migration,,,not_started,,parity,Source inventory only; split behavior before claiming whole-file parity
source:Code/Tools/LevelEdit/VisPointNode.cpp,source,Code/Tools/LevelEdit/VisPointNode.cpp,Code/Tools/LevelEdit/VisPointNode.cpp,games/renegade/migration,,,not_started,,parity,Source inventory only; split behavior before claiming whole-file parity
source:Code/Tools/LevelEdit/VisPointNode.h,source,Code/Tools/LevelEdit/VisPointNode.h,Code/Tools/LevelEdit/VisPointNode.h,games/renegade/migration,,,not_started,,parity,Source inventory only; split behavior before claiming whole-file parity
source:Code/Tools/LevelEdit/VisSectorSampler.cpp,source,Code/Tools/LevelEdit/VisSectorSampler.cpp,Code/Tools/LevelEdit/VisSectorSampler.cpp,games/renegade/migration,,,not_started,,parity,Source inventory only; split behavior before claiming whole-file parity
source:Code/Tools/LevelEdit/VisSectorSampler.h,source,Code/Tools/LevelEdit/VisSectorSampler.h,Code/Tools/LevelEdit/VisSectorSampler.h,games/renegade/migration,,,not_started,,parity,Source inventory only; split behavior before claiming whole-file parity
source:Code/Tools/LevelEdit/VisStatsDialog.cpp,source,Code/Tools/LevelEdit/VisStatsDialog.cpp,Code/Tools/LevelEdit/VisStatsDialog.cpp,games/renegade/migration,,,not_started,,parity,Source inventory only; split behavior before claiming whole-file parity
source:Code/Tools/LevelEdit/VisStatsDialog.h,source,Code/Tools/LevelEdit/VisStatsDialog.h,Code/Tools/LevelEdit/VisStatsDialog.h,games/renegade/migration,,,not_started,,parity,Source inventory only; split behavior before claiming whole-file parity
source:Code/Tools/LevelEdit/VisWindowDialog.cpp,source,Code/Tools/LevelEdit/VisWindowDialog.cpp,Code/Tools/LevelEdit/VisWindowDialog.cpp,games/renegade/migration,,,not_started,,parity,Source inventory only; split behavior before claiming whole-file parity
source:Code/Tools/LevelEdit/VisWindowDialog.h,source,Code/Tools/LevelEdit/VisWindowDialog.h,Code/Tools/LevelEdit/VisWindowDialog.h,games/renegade/migration,,,not_started,,parity,Source inventory only; split behavior before claiming whole-file parity
source:Code/Tools/LevelEdit/VisualOptionsDialog.cpp,source,Code/Tools/LevelEdit/VisualOptionsDialog.cpp,Code/Tools/LevelEdit/VisualOptionsDialog.cpp,games/renegade/migration,,,not_started,,parity,Source inventory only; split behavior before claiming whole-file parity
source:Code/Tools/LevelEdit/VisualOptionsDialog.h,source,Code/Tools/LevelEdit/VisualOptionsDialog.h,Code/Tools/LevelEdit/VisualOptionsDialog.h,games/renegade/migration,,,not_started,,parity,Source inventory only; split behavior before claiming whole-file parity
source:Code/Tools/LevelEdit/WaypathDefinition.cpp,source,Code/Tools/LevelEdit/WaypathDefinition.cpp,Code/Tools/LevelEdit/WaypathDefinition.cpp,games/renegade/migration,,,not_started,,parity,Source inventory only; split behavior before claiming whole-file parity
source:Code/Tools/LevelEdit/WaypathDefinition.h,source,Code/Tools/LevelEdit/WaypathDefinition.h,Code/Tools/LevelEdit/WaypathDefinition.h,games/renegade/migration,,,not_started,,parity,Source inventory only; split behavior before claiming whole-file parity
source:Code/Tools/LevelEdit/WaypathInfoPage.cpp,source,Code/Tools/LevelEdit/WaypathInfoPage.cpp,Code/Tools/LevelEdit/WaypathInfoPage.cpp,games/renegade/migration,,,not_started,,parity,Source inventory only; split behavior before claiming whole-file parity
source:Code/Tools/LevelEdit/WaypathInfoPage.h,source,Code/Tools/LevelEdit/WaypathInfoPage.h,Code/Tools/LevelEdit/WaypathInfoPage.h,games/renegade/migration,,,not_started,,parity,Source inventory only; split behavior before claiming whole-file parity
source:Code/Tools/LevelEdit/WaypathNode.cpp,source,Code/Tools/LevelEdit/WaypathNode.cpp,Code/Tools/LevelEdit/WaypathNode.cpp,games/renegade/migration,,,not_started,,parity,Source inventory only; split behavior before claiming whole-file parity
source:Code/Tools/LevelEdit/WaypathNode.h,source,Code/Tools/LevelEdit/WaypathNode.h,Code/Tools/LevelEdit/WaypathNode.h,games/renegade/migration,,,not_started,,parity,Source inventory only; split behavior before claiming whole-file parity
source:Code/Tools/LevelEdit/WaypointLine.h,source,Code/Tools/LevelEdit/WaypointLine.h,Code/Tools/LevelEdit/WaypointLine.h,games/renegade/migration,,,not_started,,parity,Source inventory only; split behavior before claiming whole-file parity
source:Code/Tools/LevelEdit/WaypointNode.cpp,source,Code/Tools/LevelEdit/WaypointNode.cpp,Code/Tools/LevelEdit/WaypointNode.cpp,games/renegade/migration,,,not_started,,parity,Source inventory only; split behavior before claiming whole-file parity
source:Code/Tools/LevelEdit/WaypointNode.h,source,Code/Tools/LevelEdit/WaypointNode.h,Code/Tools/LevelEdit/WaypointNode.h,games/renegade/migration,,,not_started,,parity,Source inventory only; split behavior before claiming whole-file parity
source:Code/Tools/LevelEdit/WeatherPropPage.cpp,source,Code/Tools/LevelEdit/WeatherPropPage.cpp,Code/Tools/LevelEdit/WeatherPropPage.cpp,games/renegade/migration,,,not_started,,parity,Source inventory only; split behavior before claiming whole-file parity
source:Code/Tools/LevelEdit/WeatherPropPage.h,source,Code/Tools/LevelEdit/WeatherPropPage.h,Code/Tools/LevelEdit/WeatherPropPage.h,games/renegade/migration,,,not_started,,parity,Source inventory only; split behavior before claiming whole-file parity
source:Code/Tools/LevelEdit/WelcomeDialog.cpp,source,Code/Tools/LevelEdit/WelcomeDialog.cpp,Code/Tools/LevelEdit/WelcomeDialog.cpp,games/renegade/migration,,,not_started,,parity,Source inventory only; split behavior before claiming whole-file parity
source:Code/Tools/LevelEdit/WelcomeDialog.h,source,Code/Tools/LevelEdit/WelcomeDialog.h,Code/Tools/LevelEdit/WelcomeDialog.h,games/renegade/migration,,,not_started,,parity,Source inventory only; split behavior before claiming whole-file parity
source:Code/Tools/LevelEdit/ZoneEditDialog.cpp,source,Code/Tools/LevelEdit/ZoneEditDialog.cpp,Code/Tools/LevelEdit/ZoneEditDialog.cpp,games/renegade/migration,,,not_started,,parity,Source inventory only; split behavior before claiming whole-file parity
source:Code/Tools/LevelEdit/ZoneEditDialog.h,source,Code/Tools/LevelEdit/ZoneEditDialog.h,Code/Tools/LevelEdit/ZoneEditDialog.h,games/renegade/migration,,,not_started,,parity,Source inventory only; split behavior before claiming whole-file parity
source:Code/Tools/LevelEdit/ZoneInfoPage.cpp,source,Code/Tools/LevelEdit/ZoneInfoPage.cpp,Code/Tools/LevelEdit/ZoneInfoPage.cpp,games/renegade/migration,,,not_started,,parity,Source inventory only; split behavior before claiming whole-file parity
source:Code/Tools/LevelEdit/ZoneInfoPage.h,source,Code/Tools/LevelEdit/ZoneInfoPage.h,Code/Tools/LevelEdit/ZoneInfoPage.h,games/renegade/migration,,,not_started,,parity,Source inventory only; split behavior before claiming whole-file parity
source:Code/Tools/LevelEdit/ZoneNode.cpp,source,Code/Tools/LevelEdit/ZoneNode.cpp,Code/Tools/LevelEdit/ZoneNode.cpp,games/renegade/migration,,,not_started,,parity,Source inventory only; split behavior before claiming whole-file parity
source:Code/Tools/LevelEdit/ZoneNode.h,source,Code/Tools/LevelEdit/ZoneNode.h,Code/Tools/LevelEdit/ZoneNode.h,games/renegade/migration,,,not_started,,parity,Source inventory only; split behavior before claiming whole-file parity
source:Code/Tools/LevelEdit/_assetmgr.cpp,source,Code/Tools/LevelEdit/_assetmgr.cpp,Code/Tools/LevelEdit/_assetmgr.cpp,games/renegade/migration,,,not_started,,parity,Source inventory only; split behavior before claiming whole-file parity
source:Code/Tools/LevelEdit/_assetmgr.h,source,Code/Tools/LevelEdit/_assetmgr.h,Code/Tools/LevelEdit/_assetmgr.h,games/renegade/migration,,,not_started,,parity,Source inventory only; split behavior before claiming whole-file parity
source:Code/Tools/LevelEdit/_wwaudio.cpp,source,Code/Tools/LevelEdit/_wwaudio.cpp,Code/Tools/LevelEdit/_wwaudio.cpp,games/renegade/migration,,,not_started,,parity,Source inventory only; split behavior before claiming whole-file parity
source:Code/Tools/LevelEdit/_wwaudio.h,source,Code/Tools/LevelEdit/_wwaudio.h,Code/Tools/LevelEdit/_wwaudio.h,games/renegade/migration,,,not_started,,parity,Source inventory only; split behavior before claiming whole-file parity
source:Code/Tools/LevelEdit/assetdatabase.cpp,source,Code/Tools/LevelEdit/assetdatabase.cpp,Code/Tools/LevelEdit/assetdatabase.cpp,games/renegade/migration,,,not_started,,parity,Source inventory only; split behavior before claiming whole-file parity
source:Code/Tools/LevelEdit/assetdatabase.h,source,Code/Tools/LevelEdit/assetdatabase.h,Code/Tools/LevelEdit/assetdatabase.h,games/renegade/migration,,,not_started,,parity,Source inventory only; split behavior before claiming whole-file parity
source:Code/Tools/LevelEdit/assetpackagemgr.cpp,source,Code/Tools/LevelEdit/assetpackagemgr.cpp,Code/Tools/LevelEdit/assetpackagemgr.cpp,games/renegade/migration,,,not_started,,parity,Source inventory only; split behavior before claiming whole-file parity
source:Code/Tools/LevelEdit/assetpackagemgr.h,source,Code/Tools/LevelEdit/assetpackagemgr.h,Code/Tools/LevelEdit/assetpackagemgr.h,games/renegade/migration,,,not_started,,parity,Source inventory only; split behavior before claiming whole-file parity
source:Code/Tools/LevelEdit/bitmap1.bmp,source,Code/Tools/LevelEdit/bitmap1.bmp,Code/Tools/LevelEdit/bitmap1.bmp,games/renegade/migration,,,not_started,,parity,Source inventory only; split behavior before claiming whole-file parity
source:Code/Tools/LevelEdit/buildingchildnode.cpp,source,Code/Tools/LevelEdit/buildingchildnode.cpp,Code/Tools/LevelEdit/buildingchildnode.cpp,games/renegade/migration,,,not_started,,parity,Source inventory only; split behavior before claiming whole-file parity
source:Code/Tools/LevelEdit/buildingchildnode.h,source,Code/Tools/LevelEdit/buildingchildnode.h,Code/Tools/LevelEdit/buildingchildnode.h,games/renegade/migration,,,not_started,,parity,Source inventory only; split behavior before claiming whole-file parity
source:Code/Tools/LevelEdit/camerasettingsform.h,source,Code/Tools/LevelEdit/camerasettingsform.h,Code/Tools/LevelEdit/camerasettingsform.h,games/renegade/migration,,,not_started,,parity,Source inventory only; split behavior before claiming whole-file parity
source:Code/Tools/LevelEdit/editableheightfield.cpp,source,Code/Tools/LevelEdit/editableheightfield.cpp,Code/Tools/LevelEdit/editableheightfield.cpp,games/renegade/migration,,,not_started,,parity,Source inventory only; split behavior before claiming whole-file parity
source:Code/Tools/LevelEdit/editableheightfield.h,source,Code/Tools/LevelEdit/editableheightfield.h,Code/Tools/LevelEdit/editableheightfield.h,games/renegade/migration,,,not_started,,parity,Source inventory only; split behavior before claiming whole-file parity
source:Code/Tools/LevelEdit/editorbuild.h,source,Code/Tools/LevelEdit/editorbuild.h,Code/Tools/LevelEdit/editorbuild.h,games/renegade/migration,,,not_started,,parity,Source inventory only; split behavior before claiming whole-file parity
source:Code/Tools/LevelEdit/editormixfile.cpp,source,Code/Tools/LevelEdit/editormixfile.cpp,Code/Tools/LevelEdit/editormixfile.cpp,games/renegade/migration,,,not_started,,parity,Source inventory only; split behavior before claiming whole-file parity
source:Code/Tools/LevelEdit/editormixfile.h,source,Code/Tools/LevelEdit/editormixfile.h,Code/Tools/LevelEdit/editormixfile.h,games/renegade/migration,,,not_started,,parity,Source inventory only; split behavior before claiming whole-file parity
source:Code/Tools/LevelEdit/editoronlydefinition.cpp,source,Code/Tools/LevelEdit/editoronlydefinition.cpp,Code/Tools/LevelEdit/editoronlydefinition.cpp,games/renegade/migration,,,not_started,,parity,Source inventory only; split behavior before claiming whole-file parity
source:Code/Tools/LevelEdit/editoronlydefinition.h,source,Code/Tools/LevelEdit/editoronlydefinition.h,Code/Tools/LevelEdit/editoronlydefinition.h,games/renegade/migration,,,not_started,,parity,Source inventory only; split behavior before claiming whole-file parity
source:Code/Tools/LevelEdit/editoronlyobjectnode.cpp,source,Code/Tools/LevelEdit/editoronlyobjectnode.cpp,Code/Tools/LevelEdit/editoronlyobjectnode.cpp,games/renegade/migration,,,not_started,,parity,Source inventory only; split behavior before claiming whole-file parity
source:Code/Tools/LevelEdit/editoronlyobjectnode.h,source,Code/Tools/LevelEdit/editoronlyobjectnode.h,Code/Tools/LevelEdit/editoronlyobjectnode.h,games/renegade/migration,,,not_started,,parity,Source inventory only; split behavior before claiming whole-file parity
source:Code/Tools/LevelEdit/excel.cpp,source,Code/Tools/LevelEdit/excel.cpp,Code/Tools/LevelEdit/excel.cpp,games/renegade/migration,,,not_started,,parity,Source inventory only; split behavior before claiming whole-file parity
source:Code/Tools/LevelEdit/excel.h,source,Code/Tools/LevelEdit/excel.h,Code/Tools/LevelEdit/excel.h,games/renegade/migration,,,not_started,,parity,Source inventory only; split behavior before claiming whole-file parity
source:Code/Tools/LevelEdit/excel8.cpp,source,Code/Tools/LevelEdit/excel8.cpp,Code/Tools/LevelEdit/excel8.cpp,games/renegade/migration,,,not_started,,parity,Source inventory only; split behavior before claiming whole-file parity
source:Code/Tools/LevelEdit/excel8.h,source,Code/Tools/LevelEdit/excel8.h,Code/Tools/LevelEdit/excel8.h,games/renegade/migration,,,not_started,,parity,Source inventory only; split behavior before claiming whole-file parity
source:Code/Tools/LevelEdit/heightfieldeditor.cpp,source,Code/Tools/LevelEdit/heightfieldeditor.cpp,Code/Tools/LevelEdit/heightfieldeditor.cpp,games/renegade/migration,,,not_started,,parity,Source inventory only; split behavior before claiming whole-file parity
source:Code/Tools/LevelEdit/heightfieldeditor.h,source,Code/Tools/LevelEdit/heightfieldeditor.h,Code/Tools/LevelEdit/heightfieldeditor.h,games/renegade/migration,,,not_started,,parity,Source inventory only; split behavior before claiming whole-file parity
source:Code/Tools/LevelEdit/heightfieldmgr.cpp,source,Code/Tools/LevelEdit/heightfieldmgr.cpp,Code/Tools/LevelEdit/heightfieldmgr.cpp,games/renegade/migration,,,not_started,,parity,Source inventory only; split behavior before claiming whole-file parity
source:Code/Tools/LevelEdit/heightfieldmgr.h,source,Code/Tools/LevelEdit/heightfieldmgr.h,Code/Tools/LevelEdit/heightfieldmgr.h,games/renegade/migration,,,not_started,,parity,Source inventory only; split behavior before claiming whole-file parity
source:Code/Tools/LevelEdit/heightfieldpage.cpp,source,Code/Tools/LevelEdit/heightfieldpage.cpp,Code/Tools/LevelEdit/heightfieldpage.cpp,games/renegade/migration,,,not_started,,parity,Source inventory only; split behavior before claiming whole-file parity
source:Code/Tools/LevelEdit/heightfieldpage.h,source,Code/Tools/LevelEdit/heightfieldpage.h,Code/Tools/LevelEdit/heightfieldpage.h,games/renegade/migration,,,not_started,,parity,Source inventory only; split behavior before claiming whole-file parity
source:Code/Tools/LevelEdit/keyframe.bmp,source,Code/Tools/LevelEdit/keyframe.bmp,Code/Tools/LevelEdit/keyframe.bmp,games/renegade/migration,,,not_started,,parity,Source inventory only; split behavior before claiming whole-file parity
source:Code/Tools/LevelEdit/lightsolvesavesystem.cpp,source,Code/Tools/LevelEdit/lightsolvesavesystem.cpp,Code/Tools/LevelEdit/lightsolvesavesystem.cpp,games/renegade/migration,,,not_started,,parity,Source inventory only; split behavior before claiming whole-file parity
source:Code/Tools/LevelEdit/lightsolvesavesystem.h,source,Code/Tools/LevelEdit/lightsolvesavesystem.h,Code/Tools/LevelEdit/lightsolvesavesystem.h,games/renegade/migration,,,not_started,,parity,Source inventory only; split behavior before claiming whole-file parity
source:Code/Tools/LevelEdit/marker.bmp,source,Code/Tools/LevelEdit/marker.bmp,Code/Tools/LevelEdit/marker.bmp,games/renegade/migration,,,not_started,,parity,Source inventory only; split behavior before claiming whole-file parity
source:Code/Tools/LevelEdit/mixfiledatabase.cpp,source,Code/Tools/LevelEdit/mixfiledatabase.cpp,Code/Tools/LevelEdit/mixfiledatabase.cpp,games/renegade/migration,,,not_started,,parity,Source inventory only; split behavior before claiming whole-file parity
source:Code/Tools/LevelEdit/mixfiledatabase.h,source,Code/Tools/LevelEdit/mixfiledatabase.h,Code/Tools/LevelEdit/mixfiledatabase.h,games/renegade/migration,,,not_started,,parity,Source inventory only; split behavior before claiming whole-file parity
source:Code/Tools/LevelEdit/nodetemplate.h,source,Code/Tools/LevelEdit/nodetemplate.h,Code/Tools/LevelEdit/nodetemplate.h,games/renegade/migration,,,not_started,,parity,Source inventory only; split behavior before claiming whole-file parity
source:Code/Tools/LevelEdit/rcstringextractor.cpp,source,Code/Tools/LevelEdit/rcstringextractor.cpp,Code/Tools/LevelEdit/rcstringextractor.cpp,games/renegade/migration,,,not_started,,parity,Source inventory only; split behavior before claiming whole-file parity
source:Code/Tools/LevelEdit/rcstringextractor.h,source,Code/Tools/LevelEdit/rcstringextractor.h,Code/Tools/LevelEdit/rcstringextractor.h,games/renegade/migration,,,not_started,,parity,Source inventory only; split behavior before claiming whole-file parity
source:Code/Tools/LevelEdit/reportmgr.cpp,source,Code/Tools/LevelEdit/reportmgr.cpp,Code/Tools/LevelEdit/reportmgr.cpp,games/renegade/migration,,,not_started,,parity,Source inventory only; split behavior before claiming whole-file parity
source:Code/Tools/LevelEdit/reportmgr.h,source,Code/Tools/LevelEdit/reportmgr.h,Code/Tools/LevelEdit/reportmgr.h,games/renegade/migration,,,not_started,,parity,Source inventory only; split behavior before claiming whole-file parity
source:Code/Tools/LevelEdit/res/Camera.w3d,source,Code/Tools/LevelEdit/res/Camera.w3d,Code/Tools/LevelEdit/res/Camera.w3d,games/renegade/migration,,,not_started,,parity,Source inventory only; split behavior before claiming whole-file parity
source:Code/Tools/LevelEdit/res/Copy of ani_tool.bmp,source,Code/Tools/LevelEdit/res/Copy of ani_tool.bmp,Code/Tools/LevelEdit/res/Copy of ani_tool.bmp,games/renegade/migration,,,not_started,,parity,Source inventory only; split behavior before claiming whole-file parity
source:Code/Tools/LevelEdit/res/Filecopy.avi,source,Code/Tools/LevelEdit/res/Filecopy.avi,Code/Tools/LevelEdit/res/Filecopy.avi,games/renegade/migration,,,not_started,,parity,Source inventory only; split behavior before claiming whole-file parity
source:Code/Tools/LevelEdit/res/LevelEdit.ico,source,Code/Tools/LevelEdit/res/LevelEdit.ico,Code/Tools/LevelEdit/res/LevelEdit.ico,games/renegade/migration,,,not_started,,parity,Source inventory only; split behavior before claiming whole-file parity
source:Code/Tools/LevelEdit/res/LevelEdit.rc2,source,Code/Tools/LevelEdit/res/LevelEdit.rc2,Code/Tools/LevelEdit/res/LevelEdit.rc2,games/renegade/migration,,,not_started,,parity,Source inventory only; split behavior before claiming whole-file parity
source:Code/Tools/LevelEdit/res/LevelEditDoc.ico,source,Code/Tools/LevelEdit/res/LevelEditDoc.ico,Code/Tools/LevelEdit/res/LevelEditDoc.ico,games/renegade/migration,,,not_started,,parity,Source inventory only; split behavior before claiming whole-file parity
source:Code/Tools/LevelEdit/res/Light.w3d,source,Code/Tools/LevelEdit/res/Light.w3d,Code/Tools/LevelEdit/res/Light.w3d,games/renegade/migration,,,not_started,,parity,Source inventory only; split behavior before claiming whole-file parity
source:Code/Tools/LevelEdit/res/Meter.tga,source,Code/Tools/LevelEdit/res/Meter.tga,Code/Tools/LevelEdit/res/Meter.tga,games/renegade/migration,,,not_started,,parity,Source inventory only; split behavior before claiming whole-file parity
source:Code/Tools/LevelEdit/res/PhysTest.ico,source,Code/Tools/LevelEdit/res/PhysTest.ico,Code/Tools/LevelEdit/res/PhysTest.ico,games/renegade/migration,,,not_started,,parity,Source inventory only; split behavior before claiming whole-file parity
source:Code/Tools/LevelEdit/res/PointLight.w3d,source,Code/Tools/LevelEdit/res/PointLight.w3d,Code/Tools/LevelEdit/res/PointLight.w3d,games/renegade/migration,,,not_started,,parity,Source inventory only; split behavior before claiming whole-file parity
source:Code/Tools/LevelEdit/res/Speaker.w3d,source,Code/Tools/LevelEdit/res/Speaker.w3d,Code/Tools/LevelEdit/res/Speaker.w3d,games/renegade/migration,,,not_started,,parity,Source inventory only; split behavior before claiming whole-file parity
source:Code/Tools/LevelEdit/res/Speaker2.w3d,source,Code/Tools/LevelEdit/res/Speaker2.w3d,Code/Tools/LevelEdit/res/Speaker2.w3d,games/renegade/migration,,,not_started,,parity,Source inventory only; split behavior before claiming whole-file parity
source:Code/Tools/LevelEdit/res/Toolbar.bmp,source,Code/Tools/LevelEdit/res/Toolbar.bmp,Code/Tools/LevelEdit/res/Toolbar.bmp,games/renegade/migration,,,not_started,,parity,Source inventory only; split behavior before claiming whole-file parity
source:Code/Tools/LevelEdit/res/WayMid.W3d,source,Code/Tools/LevelEdit/res/WayMid.W3d,Code/Tools/LevelEdit/res/WayMid.W3d,games/renegade/migration,,,not_started,,parity,Source inventory only; split behavior before claiming whole-file parity
source:Code/Tools/LevelEdit/res/WayStart.w3d,source,Code/Tools/LevelEdit/res/WayStart.w3d,Code/Tools/LevelEdit/res/WayStart.w3d,games/renegade/migration,,,not_started,,parity,Source inventory only; split behavior before claiming whole-file parity
source:Code/Tools/LevelEdit/res/WayStop.w3d,source,Code/Tools/LevelEdit/res/WayStop.w3d,Code/Tools/LevelEdit/res/WayStop.w3d,games/renegade/migration,,,not_started,,parity,Source inventory only; split behavior before claiming whole-file parity
source:Code/Tools/LevelEdit/res/ani_tool.bmp,source,Code/Tools/LevelEdit/res/ani_tool.bmp,Code/Tools/LevelEdit/res/ani_tool.bmp,games/renegade/migration,,,not_started,,parity,Source inventory only; split behavior before claiming whole-file parity
source:Code/Tools/LevelEdit/res/axis1.bmp,source,Code/Tools/LevelEdit/res/axis1.bmp,Code/Tools/LevelEdit/res/axis1.bmp,games/renegade/migration,,,not_started,,parity,Source inventory only; split behavior before claiming whole-file parity
source:Code/Tools/LevelEdit/res/axis2.bmp,source,Code/Tools/LevelEdit/res/axis2.bmp,Code/Tools/LevelEdit/res/axis2.bmp,games/renegade/migration,,,not_started,,parity,Source inventory only; split behavior before claiming whole-file parity
source:Code/Tools/LevelEdit/res/bitmap1.bmp,source,Code/Tools/LevelEdit/res/bitmap1.bmp,Code/Tools/LevelEdit/res/bitmap1.bmp,games/renegade/migration,,,not_started,,parity,Source inventory only; split behavior before claiming whole-file parity
source:Code/Tools/LevelEdit/res/bmp00001.bmp,source,Code/Tools/LevelEdit/res/bmp00001.bmp,Code/Tools/LevelEdit/res/bmp00001.bmp,games/renegade/migration,,,not_started,,parity,Source inventory only; split behavior before claiming whole-file parity
source:Code/Tools/LevelEdit/res/bmp00002.bmp,source,Code/Tools/LevelEdit/res/bmp00002.bmp,Code/Tools/LevelEdit/res/bmp00002.bmp,games/renegade/migration,,,not_started,,parity,Source inventory only; split behavior before claiming whole-file parity
source:Code/Tools/LevelEdit/res/bmp00003.bmp,source,Code/Tools/LevelEdit/res/bmp00003.bmp,Code/Tools/LevelEdit/res/bmp00003.bmp,games/renegade/migration,,,not_started,,parity,Source inventory only; split behavior before claiming whole-file parity
source:Code/Tools/LevelEdit/res/bodybox.w3d,source,Code/Tools/LevelEdit/res/bodybox.w3d,Code/Tools/LevelEdit/res/bodybox.w3d,games/renegade/migration,,,not_started,,parity,Source inventory only; split behavior before claiming whole-file parity
source:Code/Tools/LevelEdit/res/bottom_t.bmp,source,Code/Tools/LevelEdit/res/bottom_t.bmp,Code/Tools/LevelEdit/res/bottom_t.bmp,games/renegade/migration,,,not_started,,parity,Source inventory only; split behavior before claiming whole-file parity
source:Code/Tools/LevelEdit/res/buildingicon.w3d,source,Code/Tools/LevelEdit/res/buildingicon.w3d,Code/Tools/LevelEdit/res/buildingicon.w3d,games/renegade/migration,,,not_started,,parity,Source inventory only; split behavior before claiming whole-file parity
source:Code/Tools/LevelEdit/res/carmarker.w3d,source,Code/Tools/LevelEdit/res/carmarker.w3d,Code/Tools/LevelEdit/res/carmarker.w3d,games/renegade/migration,,,not_started,,parity,Source inventory only; split behavior before claiming whole-file parity
source:Code/Tools/LevelEdit/res/check1.ico,source,Code/Tools/LevelEdit/res/check1.ico,Code/Tools/LevelEdit/res/check1.ico,games/renegade/migration,,,not_started,,parity,Source inventory only; split behavior before claiming whole-file parity
source:Code/Tools/LevelEdit/res/checkbox.bmp,source,Code/Tools/LevelEdit/res/checkbox.bmp,Code/Tools/LevelEdit/res/checkbox.bmp,games/renegade/migration,,,not_started,,parity,Source inventory only; split behavior before claiming whole-file parity
source:Code/Tools/LevelEdit/res/conversa.bmp,source,Code/Tools/LevelEdit/res/conversa.bmp,Code/Tools/LevelEdit/res/conversa.bmp,games/renegade/migration,,,not_started,,parity,Source inventory only; split behavior before claiming whole-file parity
source:Code/Tools/LevelEdit/res/convert1.ico,source,Code/Tools/LevelEdit/res/convert1.ico,Code/Tools/LevelEdit/res/convert1.ico,games/renegade/migration,,,not_started,,parity,Source inventory only; split behavior before claiming whole-file parity
source:Code/Tools/LevelEdit/res/coverspot.w3d,source,Code/Tools/LevelEdit/res/coverspot.w3d,Code/Tools/LevelEdit/res/coverspot.w3d,games/renegade/migration,,,not_started,,parity,Source inventory only; split behavior before claiming whole-file parity
source:Code/Tools/LevelEdit/res/cur00001.cur,source,Code/Tools/LevelEdit/res/cur00001.cur,Code/Tools/LevelEdit/res/cur00001.cur,games/renegade/migration,,,not_started,,parity,Source inventory only; split behavior before claiming whole-file parity
source:Code/Tools/LevelEdit/res/cursor1.cur,source,Code/Tools/LevelEdit/res/cursor1.cur,Code/Tools/LevelEdit/res/cursor1.cur,games/renegade/migration,,,not_started,,parity,Source inventory only; split behavior before claiming whole-file parity
source:Code/Tools/LevelEdit/res/dummy.w3d,source,Code/Tools/LevelEdit/res/dummy.w3d,Code/Tools/LevelEdit/res/dummy.w3d,games/renegade/migration,,,not_started,,parity,Source inventory only; split behavior before claiming whole-file parity
source:Code/Tools/LevelEdit/res/folder1.ico,source,Code/Tools/LevelEdit/res/folder1.ico,Code/Tools/LevelEdit/res/folder1.ico,games/renegade/migration,,,not_started,,parity,Source inventory only; split behavior before claiming whole-file parity
source:Code/Tools/LevelEdit/res/folder_t.ico,source,Code/Tools/LevelEdit/res/folder_t.ico,Code/Tools/LevelEdit/res/folder_t.ico,games/renegade/migration,,,not_started,,parity,Source inventory only; split behavior before claiming whole-file parity
source:Code/Tools/LevelEdit/res/grid.w3d,source,Code/Tools/LevelEdit/res/grid.w3d,Code/Tools/LevelEdit/res/grid.w3d,games/renegade/migration,,,not_started,,parity,Source inventory only; split behavior before claiming whole-file parity
source:Code/Tools/LevelEdit/res/hand_poi.cur,source,Code/Tools/LevelEdit/res/hand_poi.cur,Code/Tools/LevelEdit/res/hand_poi.cur,games/renegade/migration,,,not_started,,parity,Source inventory only; split behavior before claiming whole-file parity
source:Code/Tools/LevelEdit/res/ico00001.ico,source,Code/Tools/LevelEdit/res/ico00001.ico,Code/Tools/LevelEdit/res/ico00001.ico,games/renegade/migration,,,not_started,,parity,Source inventory only; split behavior before claiming whole-file parity
source:Code/Tools/LevelEdit/res/ico00002.ico,source,Code/Tools/LevelEdit/res/ico00002.ico,Code/Tools/LevelEdit/res/ico00002.ico,games/renegade/migration,,,not_started,,parity,Source inventory only; split behavior before claiming whole-file parity
source:Code/Tools/LevelEdit/res/ico00003.ico,source,Code/Tools/LevelEdit/res/ico00003.ico,Code/Tools/LevelEdit/res/ico00003.ico,games/renegade/migration,,,not_started,,parity,Source inventory only; split behavior before claiming whole-file parity
source:Code/Tools/LevelEdit/res/ico00004.ico,source,Code/Tools/LevelEdit/res/ico00004.ico,Code/Tools/LevelEdit/res/ico00004.ico,games/renegade/migration,,,not_started,,parity,Source inventory only; split behavior before claiming whole-file parity
source:Code/Tools/LevelEdit/res/ico00005.ico,source,Code/Tools/LevelEdit/res/ico00005.ico,Code/Tools/LevelEdit/res/ico00005.ico,games/renegade/migration,,,not_started,,parity,Source inventory only; split behavior before claiming whole-file parity
source:Code/Tools/LevelEdit/res/ico00006.ico,source,Code/Tools/LevelEdit/res/ico00006.ico,Code/Tools/LevelEdit/res/ico00006.ico,games/renegade/migration,,,not_started,,parity,Source inventory only; split behavior before claiming whole-file parity
source:Code/Tools/LevelEdit/res/ico00007.ico,source,Code/Tools/LevelEdit/res/ico00007.ico,Code/Tools/LevelEdit/res/ico00007.ico,games/renegade/migration,,,not_started,,parity,Source inventory only; split behavior before claiming whole-file parity
source:Code/Tools/LevelEdit/res/ico00008.ico,source,Code/Tools/LevelEdit/res/ico00008.ico,Code/Tools/LevelEdit/res/ico00008.ico,games/renegade/migration,,,not_started,,parity,Source inventory only; split behavior before claiming whole-file parity
source:Code/Tools/LevelEdit/res/ico00009.ico,source,Code/Tools/LevelEdit/res/ico00009.ico,Code/Tools/LevelEdit/res/ico00009.ico,games/renegade/migration,,,not_started,,parity,Source inventory only; split behavior before claiming whole-file parity
source:Code/Tools/LevelEdit/res/ico00010.ico,source,Code/Tools/LevelEdit/res/ico00010.ico,Code/Tools/LevelEdit/res/ico00010.ico,games/renegade/migration,,,not_started,,parity,Source inventory only; split behavior before claiming whole-file parity
source:Code/Tools/LevelEdit/res/ico00011.ico,source,Code/Tools/LevelEdit/res/ico00011.ico,Code/Tools/LevelEdit/res/ico00011.ico,games/renegade/migration,,,not_started,,parity,Source inventory only; split behavior before claiming whole-file parity
source:Code/Tools/LevelEdit/res/ico00012.ico,source,Code/Tools/LevelEdit/res/ico00012.ico,Code/Tools/LevelEdit/res/ico00012.ico,games/renegade/migration,,,not_started,,parity,Source inventory only; split behavior before claiming whole-file parity
source:Code/Tools/LevelEdit/res/ico00013.ico,source,Code/Tools/LevelEdit/res/ico00013.ico,Code/Tools/LevelEdit/res/ico00013.ico,games/renegade/migration,,,not_started,,parity,Source inventory only; split behavior before claiming whole-file parity
source:Code/Tools/LevelEdit/res/ico00014.ico,source,Code/Tools/LevelEdit/res/ico00014.ico,Code/Tools/LevelEdit/res/ico00014.ico,games/renegade/migration,,,not_started,,parity,Source inventory only; split behavior before claiming whole-file parity
source:Code/Tools/LevelEdit/res/ico00015.ico,source,Code/Tools/LevelEdit/res/ico00015.ico,Code/Tools/LevelEdit/res/ico00015.ico,games/renegade/migration,,,not_started,,parity,Source inventory only; split behavior before claiming whole-file parity
source:Code/Tools/LevelEdit/res/ico00016.ico,source,Code/Tools/LevelEdit/res/ico00016.ico,Code/Tools/LevelEdit/res/ico00016.ico,games/renegade/migration,,,not_started,,parity,Source inventory only; split behavior before claiming whole-file parity
source:Code/Tools/LevelEdit/res/ico00017.ico,source,Code/Tools/LevelEdit/res/ico00017.ico,Code/Tools/LevelEdit/res/ico00017.ico,games/renegade/migration,,,not_started,,parity,Source inventory only; split behavior before claiming whole-file parity
source:Code/Tools/LevelEdit/res/ico00018.ico,source,Code/Tools/LevelEdit/res/ico00018.ico,Code/Tools/LevelEdit/res/ico00018.ico,games/renegade/migration,,,not_started,,parity,Source inventory only; split behavior before claiming whole-file parity
source:Code/Tools/LevelEdit/res/ico00019.ico,source,Code/Tools/LevelEdit/res/ico00019.ico,Code/Tools/LevelEdit/res/ico00019.ico,games/renegade/migration,,,not_started,,parity,Source inventory only; split behavior before claiming whole-file parity
source:Code/Tools/LevelEdit/res/ico00020.ico,source,Code/Tools/LevelEdit/res/ico00020.ico,Code/Tools/LevelEdit/res/ico00020.ico,games/renegade/migration,,,not_started,,parity,Source inventory only; split behavior before claiming whole-file parity
source:Code/Tools/LevelEdit/res/ico00021.ico,source,Code/Tools/LevelEdit/res/ico00021.ico,Code/Tools/LevelEdit/res/ico00021.ico,games/renegade/migration,,,not_started,,parity,Source inventory only; split behavior before claiming whole-file parity
source:Code/Tools/LevelEdit/res/ico00022.ico,source,Code/Tools/LevelEdit/res/ico00022.ico,Code/Tools/LevelEdit/res/ico00022.ico,games/renegade/migration,,,not_started,,parity,Source inventory only; split behavior before claiming whole-file parity
source:Code/Tools/LevelEdit/res/ico00023.ico,source,Code/Tools/LevelEdit/res/ico00023.ico,Code/Tools/LevelEdit/res/ico00023.ico,games/renegade/migration,,,not_started,,parity,Source inventory only; split behavior before claiming whole-file parity
source:Code/Tools/LevelEdit/res/ico00024.ico,source,Code/Tools/LevelEdit/res/ico00024.ico,Code/Tools/LevelEdit/res/ico00024.ico,games/renegade/migration,,,not_started,,parity,Source inventory only; split behavior before claiming whole-file parity
source:Code/Tools/LevelEdit/res/ico00025.ico,source,Code/Tools/LevelEdit/res/ico00025.ico,Code/Tools/LevelEdit/res/ico00025.ico,games/renegade/migration,,,not_started,,parity,Source inventory only; split behavior before claiming whole-file parity
source:Code/Tools/LevelEdit/res/ico00026.ico,source,Code/Tools/LevelEdit/res/ico00026.ico,Code/Tools/LevelEdit/res/ico00026.ico,games/renegade/migration,,,not_started,,parity,Source inventory only; split behavior before claiming whole-file parity
source:Code/Tools/LevelEdit/res/ico00027.ico,source,Code/Tools/LevelEdit/res/ico00027.ico,Code/Tools/LevelEdit/res/ico00027.ico,games/renegade/migration,,,not_started,,parity,Source inventory only; split behavior before claiming whole-file parity
source:Code/Tools/LevelEdit/res/ico00069.ico,source,Code/Tools/LevelEdit/res/ico00069.ico,Code/Tools/LevelEdit/res/ico00069.ico,games/renegade/migration,,,not_started,,parity,Source inventory only; split behavior before claiming whole-file parity
source:Code/Tools/LevelEdit/res/ico3dfil.ico,source,Code/Tools/LevelEdit/res/ico3dfil.ico,Code/Tools/LevelEdit/res/ico3dfil.ico,games/renegade/migration,,,not_started,,parity,Source inventory only; split behavior before claiming whole-file parity
source:Code/Tools/LevelEdit/res/icon1.ico,source,Code/Tools/LevelEdit/res/icon1.ico,Code/Tools/LevelEdit/res/icon1.ico,games/renegade/migration,,,not_started,,parity,Source inventory only; split behavior before claiming whole-file parity
source:Code/Tools/LevelEdit/res/icon2.ico,source,Code/Tools/LevelEdit/res/icon2.ico,Code/Tools/LevelEdit/res/icon2.ico,games/renegade/migration,,,not_started,,parity,Source inventory only; split behavior before claiming whole-file parity
source:Code/Tools/LevelEdit/res/idi_.ico,source,Code/Tools/LevelEdit/res/idi_.ico,Code/Tools/LevelEdit/res/idi_.ico,games/renegade/migration,,,not_started,,parity,Source inventory only; split behavior before claiming whole-file parity
source:Code/Tools/LevelEdit/res/idr_main.ico,source,Code/Tools/LevelEdit/res/idr_main.ico,Code/Tools/LevelEdit/res/idr_main.ico,games/renegade/migration,,,not_started,,parity,Source inventory only; split behavior before claiming whole-file parity
source:Code/Tools/LevelEdit/res/instance.bmp,source,Code/Tools/LevelEdit/res/instance.bmp,Code/Tools/LevelEdit/res/instance.bmp,games/renegade/migration,,,not_started,,parity,Source inventory only; split behavior before claiming whole-file parity
source:Code/Tools/LevelEdit/res/link.cur,source,Code/Tools/LevelEdit/res/link.cur,Code/Tools/LevelEdit/res/link.cur,games/renegade/migration,,,not_started,,parity,Source inventory only; split behavior before claiming whole-file parity
source:Code/Tools/LevelEdit/res/ltarrow.bmp,source,Code/Tools/LevelEdit/res/ltarrow.bmp,Code/Tools/LevelEdit/res/ltarrow.bmp,games/renegade/migration,,,not_started,,parity,Source inventory only; split behavior before claiming whole-file parity
source:Code/Tools/LevelEdit/res/ltarrowd.bmp,source,Code/Tools/LevelEdit/res/ltarrowd.bmp,Code/Tools/LevelEdit/res/ltarrowd.bmp,games/renegade/migration,,,not_started,,parity,Source inventory only; split behavior before claiming whole-file parity
source:Code/Tools/LevelEdit/res/mainfram.bmp,source,Code/Tools/LevelEdit/res/mainfram.bmp,Code/Tools/LevelEdit/res/mainfram.bmp,games/renegade/migration,,,not_started,,parity,Source inventory only; split behavior before claiming whole-file parity
source:Code/Tools/LevelEdit/res/openfold.ico,source,Code/Tools/LevelEdit/res/openfold.ico,Code/Tools/LevelEdit/res/openfold.ico,games/renegade/migration,,,not_started,,parity,Source inventory only; split behavior before claiming whole-file parity
source:Code/Tools/LevelEdit/res/orator2.ico,source,Code/Tools/LevelEdit/res/orator2.ico,Code/Tools/LevelEdit/res/orator2.ico,games/renegade/migration,,,not_started,,parity,Source inventory only; split behavior before claiming whole-file parity
source:Code/Tools/LevelEdit/res/orator3.ico,source,Code/Tools/LevelEdit/res/orator3.ico,Code/Tools/LevelEdit/res/orator3.ico,games/renegade/migration,,,not_started,,parity,Source inventory only; split behavior before claiming whole-file parity
source:Code/Tools/LevelEdit/res/orator4.ico,source,Code/Tools/LevelEdit/res/orator4.ico,Code/Tools/LevelEdit/res/orator4.ico,games/renegade/migration,,,not_started,,parity,Source inventory only; split behavior before claiming whole-file parity
source:Code/Tools/LevelEdit/res/orator5.ico,source,Code/Tools/LevelEdit/res/orator5.ico,Code/Tools/LevelEdit/res/orator5.ico,games/renegade/migration,,,not_started,,parity,Source inventory only; split behavior before claiming whole-file parity
source:Code/Tools/LevelEdit/res/orator6.ico,source,Code/Tools/LevelEdit/res/orator6.ico,Code/Tools/LevelEdit/res/orator6.ico,games/renegade/migration,,,not_started,,parity,Source inventory only; split behavior before claiming whole-file parity
source:Code/Tools/LevelEdit/res/orator7.ico,source,Code/Tools/LevelEdit/res/orator7.ico,Code/Tools/LevelEdit/res/orator7.ico,games/renegade/migration,,,not_started,,parity,Source inventory only; split behavior before claiming whole-file parity
source:Code/Tools/LevelEdit/res/pathfind.ico,source,Code/Tools/LevelEdit/res/pathfind.ico,Code/Tools/LevelEdit/res/pathfind.ico,games/renegade/migration,,,not_started,,parity,Source inventory only; split behavior before claiming whole-file parity
source:Code/Tools/LevelEdit/res/pointer_.cur,source,Code/Tools/LevelEdit/res/pointer_.cur,Code/Tools/LevelEdit/res/pointer_.cur,games/renegade/migration,,,not_started,,parity,Source inventory only; split behavior before claiming whole-file parity
source:Code/Tools/LevelEdit/res/preset_t.bmp,source,Code/Tools/LevelEdit/res/preset_t.bmp,Code/Tools/LevelEdit/res/preset_t.bmp,games/renegade/migration,,,not_started,,parity,Source inventory only; split behavior before claiming whole-file parity
source:Code/Tools/LevelEdit/res/pri_high.ico,source,Code/Tools/LevelEdit/res/pri_high.ico,Code/Tools/LevelEdit/res/pri_high.ico,games/renegade/migration,,,not_started,,parity,Source inventory only; split behavior before claiming whole-file parity
source:Code/Tools/LevelEdit/res/pri_low.ico,source,Code/Tools/LevelEdit/res/pri_low.ico,Code/Tools/LevelEdit/res/pri_low.ico,games/renegade/migration,,,not_started,,parity,Source inventory only; split behavior before claiming whole-file parity
source:Code/Tools/LevelEdit/res/pri_low1.ico,source,Code/Tools/LevelEdit/res/pri_low1.ico,Code/Tools/LevelEdit/res/pri_low1.ico,games/renegade/migration,,,not_started,,parity,Source inventory only; split behavior before claiming whole-file parity
source:Code/Tools/LevelEdit/res/rtarrow.bmp,source,Code/Tools/LevelEdit/res/rtarrow.bmp,Code/Tools/LevelEdit/res/rtarrow.bmp,games/renegade/migration,,,not_started,,parity,Source inventory only; split behavior before claiming whole-file parity
source:Code/Tools/LevelEdit/res/rtarrowd.bmp,source,Code/Tools/LevelEdit/res/rtarrowd.bmp,Code/Tools/LevelEdit/res/rtarrowd.bmp,games/renegade/migration,,,not_started,,parity,Source inventory only; split behavior before claiming whole-file parity
source:Code/Tools/LevelEdit/res/script.ico,source,Code/Tools/LevelEdit/res/script.ico,Code/Tools/LevelEdit/res/script.ico,games/renegade/migration,,,not_started,,parity,Source inventory only; split behavior before claiming whole-file parity
source:Code/Tools/LevelEdit/res/sound.ico,source,Code/Tools/LevelEdit/res/sound.ico,Code/Tools/LevelEdit/res/sound.ico,games/renegade/migration,,,not_started,,parity,Source inventory only; split behavior before claiming whole-file parity
source:Code/Tools/LevelEdit/res/splash.bmp,source,Code/Tools/LevelEdit/res/splash.bmp,Code/Tools/LevelEdit/res/splash.bmp,games/renegade/migration,,,not_started,,parity,Source inventory only; split behavior before claiming whole-file parity
source:Code/Tools/LevelEdit/res/sunlight.ico,source,Code/Tools/LevelEdit/res/sunlight.ico,Code/Tools/LevelEdit/res/sunlight.ico,games/renegade/migration,,,not_started,,parity,Source inventory only; split behavior before claiming whole-file parity
source:Code/Tools/LevelEdit/res/ta_cement.tga,source,Code/Tools/LevelEdit/res/ta_cement.tga,Code/Tools/LevelEdit/res/ta_cement.tga,games/renegade/migration,,,not_started,,parity,Source inventory only; split behavior before claiming whole-file parity
source:Code/Tools/LevelEdit/res/ta_dummy.tga,source,Code/Tools/LevelEdit/res/ta_dummy.tga,Code/Tools/LevelEdit/res/ta_dummy.tga,games/renegade/migration,,,not_started,,parity,Source inventory only; split behavior before claiming whole-file parity
source:Code/Tools/LevelEdit/res/ta_front.tga,source,Code/Tools/LevelEdit/res/ta_front.tga,Code/Tools/LevelEdit/res/ta_front.tga,games/renegade/migration,,,not_started,,parity,Source inventory only; split behavior before claiming whole-file parity
source:Code/Tools/LevelEdit/res/terrain.ico,source,Code/Tools/LevelEdit/res/terrain.ico,Code/Tools/LevelEdit/res/terrain.ico,games/renegade/migration,,,not_started,,parity,Source inventory only; split behavior before claiming whole-file parity
source:Code/Tools/LevelEdit/res/tile.ico,source,Code/Tools/LevelEdit/res/tile.ico,Code/Tools/LevelEdit/res/tile.ico,games/renegade/migration,,,not_started,,parity,Source inventory only; split behavior before claiming whole-file parity
source:Code/Tools/LevelEdit/res/toolbar1.bmp,source,Code/Tools/LevelEdit/res/toolbar1.bmp,Code/Tools/LevelEdit/res/toolbar1.bmp,games/renegade/migration,,,not_started,,parity,Source inventory only; split behavior before claiming whole-file parity
source:Code/Tools/LevelEdit/res/transbox.w3d,source,Code/Tools/LevelEdit/res/transbox.w3d,Code/Tools/LevelEdit/res/transbox.w3d,games/renegade/migration,,,not_started,,parity,Source inventory only; split behavior before claiming whole-file parity
source:Code/Tools/LevelEdit/res/transiti.ico,source,Code/Tools/LevelEdit/res/transiti.ico,Code/Tools/LevelEdit/res/transiti.ico,games/renegade/migration,,,not_started,,parity,Source inventory only; split behavior before claiming whole-file parity
source:Code/Tools/LevelEdit/res/vol_low1.ico,source,Code/Tools/LevelEdit/res/vol_low1.ico,Code/Tools/LevelEdit/res/vol_low1.ico,games/renegade/migration,,,not_started,,parity,Source inventory only; split behavior before claiming whole-file parity
source:Code/Tools/LevelEdit/res/vss.ico,source,Code/Tools/LevelEdit/res/vss.ico,Code/Tools/LevelEdit/res/vss.ico,games/renegade/migration,,,not_started,,parity,Source inventory only; split behavior before claiming whole-file parity
source:Code/Tools/LevelEdit/res/vss_user.ico,source,Code/Tools/LevelEdit/res/vss_user.ico,Code/Tools/LevelEdit/res/vss_user.ico,games/renegade/migration,,,not_started,,parity,Source inventory only; split behavior before claiming whole-file parity
source:Code/Tools/LevelEdit/res/way_b.w3d,source,Code/Tools/LevelEdit/res/way_b.w3d,Code/Tools/LevelEdit/res/way_b.w3d,games/renegade/migration,,,not_started,,parity,Source inventory only; split behavior before claiming whole-file parity
source:Code/Tools/LevelEdit/res/way_g.w3d,source,Code/Tools/LevelEdit/res/way_g.w3d,Code/Tools/LevelEdit/res/way_g.w3d,games/renegade/migration,,,not_started,,parity,Source inventory only; split behavior before claiming whole-file parity
source:Code/Tools/LevelEdit/res/way_r.w3d,source,Code/Tools/LevelEdit/res/way_r.w3d,Code/Tools/LevelEdit/res/way_r.w3d,games/renegade/migration,,,not_started,,parity,Source inventory only; split behavior before claiming whole-file parity
source:Code/Tools/LevelEdit/res/waypath.ico,source,Code/Tools/LevelEdit/res/waypath.ico,Code/Tools/LevelEdit/res/waypath.ico,games/renegade/migration,,,not_started,,parity,Source inventory only; split behavior before claiming whole-file parity
source:Code/Tools/LevelEdit/res/welcome.bmp,source,Code/Tools/LevelEdit/res/welcome.bmp,Code/Tools/LevelEdit/res/welcome.bmp,games/renegade/migration,,,not_started,,parity,Source inventory only; split behavior before claiming whole-file parity
source:Code/Tools/LevelEdit/res/zone.ico,source,Code/Tools/LevelEdit/res/zone.ico,Code/Tools/LevelEdit/res/zone.ico,games/renegade/migration,,,not_started,,parity,Source inventory only; split behavior before claiming whole-file parity
source:Code/Tools/LevelEdit/resource.h,source,Code/Tools/LevelEdit/resource.h,Code/Tools/LevelEdit/resource.h,games/renegade/migration,,,not_started,,parity,Source inventory only; split behavior before claiming whole-file parity
source:Code/Tools/LevelEdit/ssauto_i.c,source,Code/Tools/LevelEdit/ssauto_i.c,Code/Tools/LevelEdit/ssauto_i.c,games/renegade/migration,,,not_started,,parity,Source inventory only; split behavior before claiming whole-file parity
source:Code/Tools/LevelEdit/stringsmgr.cpp,source,Code/Tools/LevelEdit/stringsmgr.cpp,Code/Tools/LevelEdit/stringsmgr.cpp,games/renegade/migration,,,not_started,,parity,Source inventory only; split behavior before claiming whole-file parity
source:Code/Tools/LevelEdit/stringsmgr.h,source,Code/Tools/LevelEdit/stringsmgr.h,Code/Tools/LevelEdit/stringsmgr.h,games/renegade/migration,,,not_started,,parity,Source inventory only; split behavior before claiming whole-file parity
source:Code/Tools/LevelEdit/test.cpp,source,Code/Tools/LevelEdit/test.cpp,Code/Tools/LevelEdit/test.cpp,games/renegade/migration,,,not_started,,parity,Source inventory only; split behavior before claiming whole-file parity
source:Code/Tools/LightMap/Chunk.h,source,Code/Tools/LightMap/Chunk.h,Code/Tools/LightMap/Chunk.h,games/renegade/migration,,,not_started,,parity,Source inventory only; split behavior before claiming whole-file parity
source:Code/Tools/LightMap/InsertSolveDialog.cpp,source,Code/Tools/LightMap/InsertSolveDialog.cpp,Code/Tools/LightMap/InsertSolveDialog.cpp,games/renegade/migration,,,not_started,,parity,Source inventory only; split behavior before claiming whole-file parity
source:Code/Tools/LightMap/InsertSolveDialog.h,source,Code/Tools/LightMap/InsertSolveDialog.h,Code/Tools/LightMap/InsertSolveDialog.h,games/renegade/migration,,,not_started,,parity,Source inventory only; split behavior before claiming whole-file parity
source:Code/Tools/LightMap/LightMap.cpp,source,Code/Tools/LightMap/LightMap.cpp,Code/Tools/LightMap/LightMap.cpp,games/renegade/migration,,,not_started,,parity,Source inventory only; split behavior before claiming whole-file parity
source:Code/Tools/LightMap/LightMap.dsp,source,Code/Tools/LightMap/LightMap.dsp,Code/Tools/LightMap/LightMap.dsp,games/renegade/migration,,,not_started,,parity,Source inventory only; split behavior before claiming whole-file parity
source:Code/Tools/LightMap/LightMap.h,source,Code/Tools/LightMap/LightMap.h,Code/Tools/LightMap/LightMap.h,games/renegade/migration,,,not_started,,parity,Source inventory only; split behavior before claiming whole-file parity
source:Code/Tools/LightMap/LightMap.rc,source,Code/Tools/LightMap/LightMap.rc,Code/Tools/LightMap/LightMap.rc,games/renegade/migration,,,not_started,,parity,Source inventory only; split behavior before claiming whole-file parity
source:Code/Tools/LightMap/LightMapDoc.cpp,source,Code/Tools/LightMap/LightMapDoc.cpp,Code/Tools/LightMap/LightMapDoc.cpp,games/renegade/migration,,,not_started,,parity,Source inventory only; split behavior before claiming whole-file parity
source:Code/Tools/LightMap/LightMapDoc.h,source,Code/Tools/LightMap/LightMapDoc.h,Code/Tools/LightMap/LightMapDoc.h,games/renegade/migration,,,not_started,,parity,Source inventory only; split behavior before claiming whole-file parity
source:Code/Tools/LightMap/LightMapPacker.cpp,source,Code/Tools/LightMap/LightMapPacker.cpp,Code/Tools/LightMap/LightMapPacker.cpp,games/renegade/migration,,,not_started,,parity,Source inventory only; split behavior before claiming whole-file parity
source:Code/Tools/LightMap/LightMapPacker.h,source,Code/Tools/LightMap/LightMapPacker.h,Code/Tools/LightMap/LightMapPacker.h,games/renegade/migration,,,not_started,,parity,Source inventory only; split behavior before claiming whole-file parity
source:Code/Tools/LightMap/LightMapView.cpp,source,Code/Tools/LightMap/LightMapView.cpp,Code/Tools/LightMap/LightMapView.cpp,games/renegade/migration,,,not_started,,parity,Source inventory only; split behavior before claiming whole-file parity
source:Code/Tools/LightMap/LightMapView.h,source,Code/Tools/LightMap/LightMapView.h,Code/Tools/LightMap/LightMapView.h,games/renegade/migration,,,not_started,,parity,Source inventory only; split behavior before claiming whole-file parity
source:Code/Tools/LightMap/Lightscape.cpp,source,Code/Tools/LightMap/Lightscape.cpp,Code/Tools/LightMap/Lightscape.cpp,games/renegade/migration,,,not_started,,parity,Source inventory only; split behavior before claiming whole-file parity
source:Code/Tools/LightMap/Lightscape.h,source,Code/Tools/LightMap/Lightscape.h,Code/Tools/LightMap/Lightscape.h,games/renegade/migration,,,not_started,,parity,Source inventory only; split behavior before claiming whole-file parity
source:Code/Tools/LightMap/MainFrm.cpp,source,Code/Tools/LightMap/MainFrm.cpp,Code/Tools/LightMap/MainFrm.cpp,games/renegade/migration,,,not_started,,parity,Source inventory only; split behavior before claiming whole-file parity
source:Code/Tools/LightMap/MainFrm.h,source,Code/Tools/LightMap/MainFrm.h,Code/Tools/LightMap/MainFrm.h,games/renegade/migration,,,not_started,,parity,Source inventory only; split behavior before claiming whole-file parity
source:Code/Tools/LightMap/OptionsDialog.cpp,source,Code/Tools/LightMap/OptionsDialog.cpp,Code/Tools/LightMap/OptionsDialog.cpp,games/renegade/migration,,,not_started,,parity,Source inventory only; split behavior before claiming whole-file parity
source:Code/Tools/LightMap/OptionsDialog.h,source,Code/Tools/LightMap/OptionsDialog.h,Code/Tools/LightMap/OptionsDialog.h,games/renegade/migration,,,not_started,,parity,Source inventory only; split behavior before claiming whole-file parity
source:Code/Tools/LightMap/PackingDialog.cpp,source,Code/Tools/LightMap/PackingDialog.cpp,Code/Tools/LightMap/PackingDialog.cpp,games/renegade/migration,,,not_started,,parity,Source inventory only; split behavior before claiming whole-file parity
source:Code/Tools/LightMap/PackingDialog.h,source,Code/Tools/LightMap/PackingDialog.h,Code/Tools/LightMap/PackingDialog.h,games/renegade/migration,,,not_started,,parity,Source inventory only; split behavior before claiming whole-file parity
source:Code/Tools/LightMap/PerlinNoise.cpp,source,Code/Tools/LightMap/PerlinNoise.cpp,Code/Tools/LightMap/PerlinNoise.cpp,games/renegade/migration,,,not_started,,parity,Source inventory only; split behavior before claiming whole-file parity
source:Code/Tools/LightMap/PerlinNoise.h,source,Code/Tools/LightMap/PerlinNoise.h,Code/Tools/LightMap/PerlinNoise.h,games/renegade/migration,,,not_started,,parity,Source inventory only; split behavior before claiming whole-file parity
source:Code/Tools/LightMap/ProceduralTexture.h,source,Code/Tools/LightMap/ProceduralTexture.h,Code/Tools/LightMap/ProceduralTexture.h,games/renegade/migration,,,not_started,,parity,Source inventory only; split behavior before claiming whole-file parity
source:Code/Tools/LightMap/Res/LightMap.ico,source,Code/Tools/LightMap/Res/LightMap.ico,Code/Tools/LightMap/Res/LightMap.ico,games/renegade/migration,,,not_started,,parity,Source inventory only; split behavior before claiming whole-file parity
source:Code/Tools/LightMap/Res/LightMap.rc2,source,Code/Tools/LightMap/Res/LightMap.rc2,Code/Tools/LightMap/Res/LightMap.rc2,games/renegade/migration,,,not_started,,parity,Source inventory only; split behavior before claiming whole-file parity
source:Code/Tools/LightMap/Res/Toolbar.bmp,source,Code/Tools/LightMap/Res/Toolbar.bmp,Code/Tools/LightMap/Res/Toolbar.bmp,games/renegade/migration,,,not_started,,parity,Source inventory only; split behavior before claiming whole-file parity
source:Code/Tools/LightMap/SelectionDialog.cpp,source,Code/Tools/LightMap/SelectionDialog.cpp,Code/Tools/LightMap/SelectionDialog.cpp,games/renegade/migration,,,not_started,,parity,Source inventory only; split behavior before claiming whole-file parity
source:Code/Tools/LightMap/SelectionDialog.h,source,Code/Tools/LightMap/SelectionDialog.h,Code/Tools/LightMap/SelectionDialog.h,games/renegade/migration,,,not_started,,parity,Source inventory only; split behavior before claiming whole-file parity
source:Code/Tools/LightMap/StdAfx.cpp,source,Code/Tools/LightMap/StdAfx.cpp,Code/Tools/LightMap/StdAfx.cpp,games/renegade/migration,,,not_started,,parity,Source inventory only; split behavior before claiming whole-file parity
source:Code/Tools/LightMap/StdAfx.h,source,Code/Tools/LightMap/StdAfx.h,Code/Tools/LightMap/StdAfx.h,games/renegade/migration,,,not_started,,parity,Source inventory only; split behavior before claiming whole-file parity
source:Code/Tools/LightMap/StringBuilder.cpp,source,Code/Tools/LightMap/StringBuilder.cpp,Code/Tools/LightMap/StringBuilder.cpp,games/renegade/migration,,,not_started,,parity,Source inventory only; split behavior before claiming whole-file parity
source:Code/Tools/LightMap/StringBuilder.h,source,Code/Tools/LightMap/StringBuilder.h,Code/Tools/LightMap/StringBuilder.h,games/renegade/migration,,,not_started,,parity,Source inventory only; split behavior before claiming whole-file parity
source:Code/Tools/LightMap/TextureNameNode.h,source,Code/Tools/LightMap/TextureNameNode.h,Code/Tools/LightMap/TextureNameNode.h,games/renegade/migration,,,not_started,,parity,Source inventory only; split behavior before claiming whole-file parity
source:Code/Tools/LightMap/Triangle.h,source,Code/Tools/LightMap/Triangle.h,Code/Tools/LightMap/Triangle.h,games/renegade/migration,,,not_started,,parity,Source inventory only; split behavior before claiming whole-file parity
source:Code/Tools/LightMap/resource.h,source,Code/Tools/LightMap/resource.h,Code/Tools/LightMap/resource.h,games/renegade/migration,,,not_started,,parity,Source inventory only; split behavior before claiming whole-file parity
source:Code/Tools/MakeMix/MakeMix.cpp,source,Code/Tools/MakeMix/MakeMix.cpp,Code/Tools/MakeMix/MakeMix.cpp,games/renegade/migration,,,not_started,,parity,Source inventory only; split behavior before claiming whole-file parity
source:Code/Tools/MakeMix/MakeMix.dsp,source,Code/Tools/MakeMix/MakeMix.dsp,Code/Tools/MakeMix/MakeMix.dsp,games/renegade/migration,,,not_started,,parity,Source inventory only; split behavior before claiming whole-file parity
source:Code/Tools/MakeMix/StdAfx.cpp,source,Code/Tools/MakeMix/StdAfx.cpp,Code/Tools/MakeMix/StdAfx.cpp,games/renegade/migration,,,not_started,,parity,Source inventory only; split behavior before claiming whole-file parity
source:Code/Tools/MakeMix/StdAfx.h,source,Code/Tools/MakeMix/StdAfx.h,Code/Tools/MakeMix/StdAfx.h,games/renegade/migration,,,not_started,,parity,Source inventory only; split behavior before claiming whole-file parity
source:Code/Tools/MaxFly/DllEntry.cpp,source,Code/Tools/MaxFly/DllEntry.cpp,Code/Tools/MaxFly/DllEntry.cpp,games/renegade/migration,,,not_started,,parity,Source inventory only; split behavior before claiming whole-file parity
source:Code/Tools/MaxFly/MaxFly.cpp,source,Code/Tools/MaxFly/MaxFly.cpp,Code/Tools/MaxFly/MaxFly.cpp,games/renegade/migration,,,not_started,,parity,Source inventory only; split behavior before claiming whole-file parity
source:Code/Tools/MaxFly/MaxFly.def,source,Code/Tools/MaxFly/MaxFly.def,Code/Tools/MaxFly/MaxFly.def,games/renegade/migration,,,not_started,,parity,Source inventory only; split behavior before claiming whole-file parity
source:Code/Tools/MaxFly/MaxFly.dsp,source,Code/Tools/MaxFly/MaxFly.dsp,Code/Tools/MaxFly/MaxFly.dsp,games/renegade/migration,,,not_started,,parity,Source inventory only; split behavior before claiming whole-file parity
source:Code/Tools/MaxFly/MaxFly.dsw,source,Code/Tools/MaxFly/MaxFly.dsw,Code/Tools/MaxFly/MaxFly.dsw,games/renegade/migration,,,not_started,,parity,Source inventory only; split behavior before claiming whole-file parity
source:Code/Tools/MaxFly/MaxFly.h,source,Code/Tools/MaxFly/MaxFly.h,Code/Tools/MaxFly/MaxFly.h,games/renegade/migration,,,not_started,,parity,Source inventory only; split behavior before claiming whole-file parity
source:Code/Tools/MaxFly/MaxFly.rc,source,Code/Tools/MaxFly/MaxFly.rc,Code/Tools/MaxFly/MaxFly.rc,games/renegade/migration,,,not_started,,parity,Source inventory only; split behavior before claiming whole-file parity
source:Code/Tools/MaxFly/resource.h,source,Code/Tools/MaxFly/resource.h,Code/Tools/MaxFly/resource.h,games/renegade/migration,,,not_started,,parity,Source inventory only; split behavior before claiming whole-file parity
source:Code/Tools/MixViewer/AVAssetSuck.cpp,source,Code/Tools/MixViewer/AVAssetSuck.cpp,Code/Tools/MixViewer/AVAssetSuck.cpp,games/renegade/migration,,,not_started,,parity,Source inventory only; split behavior before claiming whole-file parity
source:Code/Tools/MixViewer/AVAssetSuck.h,source,Code/Tools/MixViewer/AVAssetSuck.h,Code/Tools/MixViewer/AVAssetSuck.h,games/renegade/migration,,,not_started,,parity,Source inventory only; split behavior before claiming whole-file parity
source:Code/Tools/MixViewer/MainFrm.cpp,source,Code/Tools/MixViewer/MainFrm.cpp,Code/Tools/MixViewer/MainFrm.cpp,games/renegade/migration,,,not_started,,parity,Source inventory only; split behavior before claiming whole-file parity
source:Code/Tools/MixViewer/MainFrm.h,source,Code/Tools/MixViewer/MainFrm.h,Code/Tools/MixViewer/MainFrm.h,games/renegade/migration,,,not_started,,parity,Source inventory only; split behavior before claiming whole-file parity
source:Code/Tools/MixViewer/MakeMixFileDialog.cpp,source,Code/Tools/MixViewer/MakeMixFileDialog.cpp,Code/Tools/MixViewer/MakeMixFileDialog.cpp,games/renegade/migration,,,not_started,,parity,Source inventory only; split behavior before claiming whole-file parity
source:Code/Tools/MixViewer/MakeMixFileDialog.h,source,Code/Tools/MixViewer/MakeMixFileDialog.h,Code/Tools/MixViewer/MakeMixFileDialog.h,games/renegade/migration,,,not_started,,parity,Source inventory only; split behavior before claiming whole-file parity
source:Code/Tools/MixViewer/MixCombiningDialog.cpp,source,Code/Tools/MixViewer/MixCombiningDialog.cpp,Code/Tools/MixViewer/MixCombiningDialog.cpp,games/renegade/migration,,,not_started,,parity,Source inventory only; split behavior before claiming whole-file parity
source:Code/Tools/MixViewer/MixCombiningDialog.h,source,Code/Tools/MixViewer/MixCombiningDialog.h,Code/Tools/MixViewer/MixCombiningDialog.h,games/renegade/migration,,,not_started,,parity,Source inventory only; split behavior before claiming whole-file parity
source:Code/Tools/MixViewer/MixPatchMaker.cpp,source,Code/Tools/MixViewer/MixPatchMaker.cpp,Code/Tools/MixViewer/MixPatchMaker.cpp,games/renegade/migration,,,not_started,,parity,Source inventory only; split behavior before claiming whole-file parity
source:Code/Tools/MixViewer/MixPatchMaker.h,source,Code/Tools/MixViewer/MixPatchMaker.h,Code/Tools/MixViewer/MixPatchMaker.h,games/renegade/migration,,,not_started,,parity,Source inventory only; split behavior before claiming whole-file parity
source:Code/Tools/MixViewer/MixViewer.cpp,source,Code/Tools/MixViewer/MixViewer.cpp,Code/Tools/MixViewer/MixViewer.cpp,games/renegade/migration,,,not_started,,parity,Source inventory only; split behavior before claiming whole-file parity
source:Code/Tools/MixViewer/MixViewer.dsp,source,Code/Tools/MixViewer/MixViewer.dsp,Code/Tools/MixViewer/MixViewer.dsp,games/renegade/migration,,,not_started,,parity,Source inventory only; split behavior before claiming whole-file parity
source:Code/Tools/MixViewer/MixViewer.h,source,Code/Tools/MixViewer/MixViewer.h,Code/Tools/MixViewer/MixViewer.h,games/renegade/migration,,,not_started,,parity,Source inventory only; split behavior before claiming whole-file parity
source:Code/Tools/MixViewer/MixViewer.rc,source,Code/Tools/MixViewer/MixViewer.rc,Code/Tools/MixViewer/MixViewer.rc,games/renegade/migration,,,not_started,,parity,Source inventory only; split behavior before claiming whole-file parity
source:Code/Tools/MixViewer/MixViewerDoc.cpp,source,Code/Tools/MixViewer/MixViewerDoc.cpp,Code/Tools/MixViewer/MixViewerDoc.cpp,games/renegade/migration,,,not_started,,parity,Source inventory only; split behavior before claiming whole-file parity
source:Code/Tools/MixViewer/MixViewerDoc.h,source,Code/Tools/MixViewer/MixViewerDoc.h,Code/Tools/MixViewer/MixViewerDoc.h,games/renegade/migration,,,not_started,,parity,Source inventory only; split behavior before claiming whole-file parity
source:Code/Tools/MixViewer/MixViewerView.cpp,source,Code/Tools/MixViewer/MixViewerView.cpp,Code/Tools/MixViewer/MixViewerView.cpp,games/renegade/migration,,,not_started,,parity,Source inventory only; split behavior before claiming whole-file parity
source:Code/Tools/MixViewer/MixViewerView.h,source,Code/Tools/MixViewer/MixViewerView.h,Code/Tools/MixViewer/MixViewerView.h,games/renegade/migration,,,not_started,,parity,Source inventory only; split behavior before claiming whole-file parity
source:Code/Tools/MixViewer/Resource.h,source,Code/Tools/MixViewer/Resource.h,Code/Tools/MixViewer/Resource.h,games/renegade/migration,,,not_started,,parity,Source inventory only; split behavior before claiming whole-file parity
source:Code/Tools/MixViewer/StdAfx.cpp,source,Code/Tools/MixViewer/StdAfx.cpp,Code/Tools/MixViewer/StdAfx.cpp,games/renegade/migration,,,not_started,,parity,Source inventory only; split behavior before claiming whole-file parity
source:Code/Tools/MixViewer/StdAfx.h,source,Code/Tools/MixViewer/StdAfx.h,Code/Tools/MixViewer/StdAfx.h,games/renegade/migration,,,not_started,,parity,Source inventory only; split behavior before claiming whole-file parity
source:Code/Tools/MixViewer/duplicatecombiner.cpp,source,Code/Tools/MixViewer/duplicatecombiner.cpp,Code/Tools/MixViewer/duplicatecombiner.cpp,games/renegade/migration,,,not_started,,parity,Source inventory only; split behavior before claiming whole-file parity
source:Code/Tools/MixViewer/duplicatecombiner.h,source,Code/Tools/MixViewer/duplicatecombiner.h,Code/Tools/MixViewer/duplicatecombiner.h,games/renegade/migration,,,not_started,,parity,Source inventory only; split behavior before claiming whole-file parity
source:Code/Tools/MixViewer/res/MixViewer.ico,source,Code/Tools/MixViewer/res/MixViewer.ico,Code/Tools/MixViewer/res/MixViewer.ico,games/renegade/migration,,,not_started,,parity,Source inventory only; split behavior before claiming whole-file parity
source:Code/Tools/MixViewer/res/MixViewer.rc2,source,Code/Tools/MixViewer/res/MixViewer.rc2,Code/Tools/MixViewer/res/MixViewer.rc2,games/renegade/migration,,,not_started,,parity,Source inventory only; split behavior before claiming whole-file parity
source:Code/Tools/MixViewer/res/MixViewerDoc.ico,source,Code/Tools/MixViewer/res/MixViewerDoc.ico,Code/Tools/MixViewer/res/MixViewerDoc.ico,games/renegade/migration,,,not_started,,parity,Source inventory only; split behavior before claiming whole-file parity
source:Code/Tools/MixViewer/res/Toolbar.bmp,source,Code/Tools/MixViewer/res/Toolbar.bmp,Code/Tools/MixViewer/res/Toolbar.bmp,games/renegade/migration,,,not_started,,parity,Source inventory only; split behavior before claiming whole-file parity
source:Code/Tools/MixViewer/res/icon1.ico,source,Code/Tools/MixViewer/res/icon1.ico,Code/Tools/MixViewer/res/icon1.ico,games/renegade/migration,,,not_started,,parity,Source inventory only; split behavior before claiming whole-file parity
source:Code/Tools/MonoDrv/README.TXT,source,Code/Tools/MonoDrv/README.TXT,Code/Tools/MonoDrv/README.TXT,games/renegade/migration,,,not_started,,parity,Source inventory only; split behavior before claiming whole-file parity
source:Code/Tools/MonoDrv/exe/MONOTEST.C,source,Code/Tools/MonoDrv/exe/MONOTEST.C,Code/Tools/MonoDrv/exe/MONOTEST.C,games/renegade/migration,,,not_started,,parity,Source inventory only; split behavior before claiming whole-file parity
source:Code/Tools/MonoDrv/old/DIRS,source,Code/Tools/MonoDrv/old/DIRS,Code/Tools/MonoDrv/old/DIRS,games/renegade/migration,,,not_started,,parity,Source inventory only; split behavior before claiming whole-file parity
source:Code/Tools/MonoDrv/old/EXE/MONOTEST.C,source,Code/Tools/MonoDrv/old/EXE/MONOTEST.C,Code/Tools/MonoDrv/old/EXE/MONOTEST.C,games/renegade/migration,,,not_started,,parity,Source inventory only; split behavior before claiming whole-file parity
source:Code/Tools/MonoDrv/old/EXE/MONOTEST.MAK,source,Code/Tools/MonoDrv/old/EXE/MONOTEST.MAK,Code/Tools/MonoDrv/old/EXE/MONOTEST.MAK,games/renegade/migration,,,not_started,,parity,Source inventory only; split behavior before claiming whole-file parity
source:Code/Tools/MonoDrv/old/EXE/SOURCES,source,Code/Tools/MonoDrv/old/EXE/SOURCES,Code/Tools/MonoDrv/old/EXE/SOURCES,games/renegade/migration,,,not_started,,parity,Source inventory only; split behavior before claiming whole-file parity
source:Code/Tools/MonoDrv/old/SYS/MONO.C,source,Code/Tools/MonoDrv/old/SYS/MONO.C,Code/Tools/MonoDrv/old/SYS/MONO.C,games/renegade/migration,,,not_started,,parity,Source inventory only; split behavior before claiming whole-file parity
source:Code/Tools/MonoDrv/old/SYS/MONOPUB.H,source,Code/Tools/MonoDrv/old/SYS/MONOPUB.H,Code/Tools/MonoDrv/old/SYS/MONOPUB.H,games/renegade/migration,,,not_started,,parity,Source inventory only; split behavior before claiming whole-file parity
source:Code/Tools/MonoDrv/old/SYS/SOURCES,source,Code/Tools/MonoDrv/old/SYS/SOURCES,Code/Tools/MonoDrv/old/SYS/SOURCES,games/renegade/migration,,,not_started,,parity,Source inventory only; split behavior before claiming whole-file parity
source:Code/Tools/MonoDrv/sys/MAKEFILE,source,Code/Tools/MonoDrv/sys/MAKEFILE,Code/Tools/MonoDrv/sys/MAKEFILE,games/renegade/migration,,,not_started,,parity,Source inventory only; split behavior before claiming whole-file parity
source:Code/Tools/MonoDrv/sys/MONO.C,source,Code/Tools/MonoDrv/sys/MONO.C,Code/Tools/MonoDrv/sys/MONO.C,games/renegade/migration,,,not_started,,parity,Source inventory only; split behavior before claiming whole-file parity
source:Code/Tools/MonoDrv/sys/MONO.DEF,source,Code/Tools/MonoDrv/sys/MONO.DEF,Code/Tools/MonoDrv/sys/MONO.DEF,games/renegade/migration,,,not_started,,parity,Source inventory only; split behavior before claiming whole-file parity
source:Code/Tools/MonoDrv/sys/MONODRVR.H,source,Code/Tools/MonoDrv/sys/MONODRVR.H,Code/Tools/MonoDrv/sys/MONODRVR.H,games/renegade/migration,,,not_started,,parity,Source inventory only; split behavior before claiming whole-file parity
source:Code/Tools/MonoDrv/sys/MONOPUB.H,source,Code/Tools/MonoDrv/sys/MONOPUB.H,Code/Tools/MonoDrv/sys/MONOPUB.H,games/renegade/migration,,,not_started,,parity,Source inventory only; split behavior before claiming whole-file parity
source:Code/Tools/MonoDrv/sys/SOURCES,source,Code/Tools/MonoDrv/sys/SOURCES,Code/Tools/MonoDrv/sys/SOURCES,games/renegade/migration,,,not_started,,parity,Source inventory only; split behavior before claiming whole-file parity
source:Code/Tools/MonoDrv/sys/monodrvr.c,source,Code/Tools/MonoDrv/sys/monodrvr.c,Code/Tools/MonoDrv/sys/monodrvr.c,games/renegade/migration,,,not_started,,parity,Source inventory only; split behavior before claiming whole-file parity
source:Code/Tools/MonoDrv/sys/monodrvr.def,source,Code/Tools/MonoDrv/sys/monodrvr.def,Code/Tools/MonoDrv/sys/monodrvr.def,games/renegade/migration,,,not_started,,parity,Source inventory only; split behavior before claiming whole-file parity
source:Code/Tools/RenRem/RenRem.cpp,source,Code/Tools/RenRem/RenRem.cpp,Code/Tools/RenRem/RenRem.cpp,games/renegade/migration,,,not_started,,parity,Source inventory only; split behavior before claiming whole-file parity
source:Code/Tools/RenRem/RenRem.dsp,source,Code/Tools/RenRem/RenRem.dsp,Code/Tools/RenRem/RenRem.dsp,games/renegade/migration,,,not_started,,parity,Source inventory only; split behavior before claiming whole-file parity
source:Code/Tools/RenRem/RenRem.dsw,source,Code/Tools/RenRem/RenRem.dsw,Code/Tools/RenRem/RenRem.dsw,games/renegade/migration,,,not_started,,parity,Source inventory only; split behavior before claiming whole-file parity
source:Code/Tools/RenegadeGR/RenegadeGR.cpp,source,Code/Tools/RenegadeGR/RenegadeGR.cpp,Code/Tools/RenegadeGR/RenegadeGR.cpp,games/renegade/migration,,,not_started,,parity,Source inventory only; split behavior before claiming whole-file parity
source:Code/Tools/RenegadeGR/RenegadeGR.dsp,source,Code/Tools/RenegadeGR/RenegadeGR.dsp,Code/Tools/RenegadeGR/RenegadeGR.dsp,games/renegade/migration,,,not_started,,parity,Source inventory only; split behavior before claiming whole-file parity
source:Code/Tools/RenegadeGR/RenegadeGR.dsw,source,Code/Tools/RenegadeGR/RenegadeGR.dsw,Code/Tools/RenegadeGR/RenegadeGR.dsw,games/renegade/migration,,,not_started,,parity,Source inventory only; split behavior before claiming whole-file parity
source:Code/Tools/RenegadeGR/RenegadeGR.h,source,Code/Tools/RenegadeGR/RenegadeGR.h,Code/Tools/RenegadeGR/RenegadeGR.h,games/renegade/migration,,,not_started,,parity,Source inventory only; split behavior before claiming whole-file parity
source:Code/Tools/RenegadeGR/RenegadeNet.h,source,Code/Tools/RenegadeGR/RenegadeNet.h,Code/Tools/RenegadeGR/RenegadeNet.h,games/renegade/migration,,,not_started,,parity,Source inventory only; split behavior before claiming whole-file parity
source:Code/Tools/RenegadeGR/WENCRYPT.CPP,source,Code/Tools/RenegadeGR/WENCRYPT.CPP,Code/Tools/RenegadeGR/WENCRYPT.CPP,games/renegade/migration,,,not_started,,parity,Source inventory only; split behavior before claiming whole-file parity
source:Code/Tools/RenegadeGR/WENCRYPT.H,source,Code/Tools/RenegadeGR/WENCRYPT.H,Code/Tools/RenegadeGR/WENCRYPT.H,games/renegade/migration,,,not_started,,parity,Source inventory only; split behavior before claiming whole-file parity
source:Code/Tools/RenegadeGR/field.cpp,source,Code/Tools/RenegadeGR/field.cpp,Code/Tools/RenegadeGR/field.cpp,games/renegade/migration,,,not_started,,parity,Source inventory only; split behavior before claiming whole-file parity
source:Code/Tools/RenegadeGR/field.h,source,Code/Tools/RenegadeGR/field.h,Code/Tools/RenegadeGR/field.h,games/renegade/migration,,,not_started,,parity,Source inventory only; split behavior before claiming whole-file parity
source:Code/Tools/RenegadeGR/packet.cpp,source,Code/Tools/RenegadeGR/packet.cpp,Code/Tools/RenegadeGR/packet.cpp,games/renegade/migration,,,not_started,,parity,Source inventory only; split behavior before claiming whole-file parity
source:Code/Tools/RenegadeGR/packet.h,source,Code/Tools/RenegadeGR/packet.h,Code/Tools/RenegadeGR/packet.h,games/renegade/migration,,,not_started,,parity,Source inventory only; split behavior before claiming whole-file parity
source:Code/Tools/RenegadeGR/rengameres.cpp,source,Code/Tools/RenegadeGR/rengameres.cpp,Code/Tools/RenegadeGR/rengameres.cpp,games/renegade/migration,,,not_started,,parity,Source inventory only; split behavior before claiming whole-file parity
source:Code/Tools/RenegadeGR/rengameres.h,source,Code/Tools/RenegadeGR/rengameres.h,Code/Tools/RenegadeGR/rengameres.h,games/renegade/migration,,,not_started,,parity,Source inventory only; split behavior before claiming whole-file parity
source:Code/Tools/RenegadeGR/tcpcon.cpp,source,Code/Tools/RenegadeGR/tcpcon.cpp,Code/Tools/RenegadeGR/tcpcon.cpp,games/renegade/migration,,,not_started,,parity,Source inventory only; split behavior before claiming whole-file parity
source:Code/Tools/RenegadeGR/tcpcon.h,source,Code/Tools/RenegadeGR/tcpcon.h,Code/Tools/RenegadeGR/tcpcon.h,games/renegade/migration,,,not_started,,parity,Source inventory only; split behavior before claiming whole-file parity
source:Code/Tools/RenegadeGR/tcpmgr.cpp,source,Code/Tools/RenegadeGR/tcpmgr.cpp,Code/Tools/RenegadeGR/tcpmgr.cpp,games/renegade/migration,,,not_started,,parity,Source inventory only; split behavior before claiming whole-file parity
source:Code/Tools/RenegadeGR/tcpmgr.h,source,Code/Tools/RenegadeGR/tcpmgr.h,Code/Tools/RenegadeGR/tcpmgr.h,games/renegade/migration,,,not_started,,parity,Source inventory only; split behavior before claiming whole-file parity
source:Code/Tools/RenegadeGR/wtime.cpp,source,Code/Tools/RenegadeGR/wtime.cpp,Code/Tools/RenegadeGR/wtime.cpp,games/renegade/migration,,,not_started,,parity,Source inventory only; split behavior before claiming whole-file parity
source:Code/Tools/RenegadeGR/wtime.h,source,Code/Tools/RenegadeGR/wtime.h,Code/Tools/RenegadeGR/wtime.h,games/renegade/migration,,,not_started,,parity,Source inventory only; split behavior before claiming whole-file parity
source:Code/Tools/RenegadeSim/About.Java,source,Code/Tools/RenegadeSim/About.Java,Code/Tools/RenegadeSim/About.Java,games/renegade/migration,,,not_started,,parity,Source inventory only; split behavior before claiming whole-file parity
source:Code/Tools/RenegadeSim/ClientSetup.java,source,Code/Tools/RenegadeSim/ClientSetup.java,Code/Tools/RenegadeSim/ClientSetup.java,games/renegade/migration,,,not_started,,parity,Source inventory only; split behavior before claiming whole-file parity
source:Code/Tools/RenegadeSim/RenegadeNet.java,source,Code/Tools/RenegadeSim/RenegadeNet.java,Code/Tools/RenegadeSim/RenegadeNet.java,games/renegade/migration,,,not_started,,parity,Source inventory only; split behavior before claiming whole-file parity
source:Code/Tools/RenegadeSim/RenegadeNetCaller.java,source,Code/Tools/RenegadeSim/RenegadeNetCaller.java,Code/Tools/RenegadeSim/RenegadeNetCaller.java,games/renegade/migration,,,not_started,,parity,Source inventory only; split behavior before claiming whole-file parity
source:Code/Tools/RenegadeSim/RenegadeSim.Java,source,Code/Tools/RenegadeSim/RenegadeSim.Java,Code/Tools/RenegadeSim/RenegadeSim.Java,games/renegade/migration,,,not_started,,parity,Source inventory only; split behavior before claiming whole-file parity
source:Code/Tools/RenegadeSim/RenegadeSim.sln,source,Code/Tools/RenegadeSim/RenegadeSim.sln,Code/Tools/RenegadeSim/RenegadeSim.sln,games/renegade/migration,,,not_started,,parity,Source inventory only; split behavior before claiming whole-file parity
source:Code/Tools/RenegadeSim/RenegadeSim.vjp,source,Code/Tools/RenegadeSim/RenegadeSim.vjp,Code/Tools/RenegadeSim/RenegadeSim.vjp,games/renegade/migration,,,not_started,,parity,Source inventory only; split behavior before claiming whole-file parity
source:Code/Tools/SimpleGraph/MainFrm.cpp,source,Code/Tools/SimpleGraph/MainFrm.cpp,Code/Tools/SimpleGraph/MainFrm.cpp,games/renegade/migration,,,not_started,,parity,Source inventory only; split behavior before claiming whole-file parity
source:Code/Tools/SimpleGraph/MainFrm.h,source,Code/Tools/SimpleGraph/MainFrm.h,Code/Tools/SimpleGraph/MainFrm.h,games/renegade/migration,,,not_started,,parity,Source inventory only; split behavior before claiming whole-file parity
source:Code/Tools/SimpleGraph/RangeDialog.cpp,source,Code/Tools/SimpleGraph/RangeDialog.cpp,Code/Tools/SimpleGraph/RangeDialog.cpp,games/renegade/migration,,,not_started,,parity,Source inventory only; split behavior before claiming whole-file parity
source:Code/Tools/SimpleGraph/RangeDialog.h,source,Code/Tools/SimpleGraph/RangeDialog.h,Code/Tools/SimpleGraph/RangeDialog.h,games/renegade/migration,,,not_started,,parity,Source inventory only; split behavior before claiming whole-file parity
source:Code/Tools/SimpleGraph/SimpleGraph.cpp,source,Code/Tools/SimpleGraph/SimpleGraph.cpp,Code/Tools/SimpleGraph/SimpleGraph.cpp,games/renegade/migration,,,not_started,,parity,Source inventory only; split behavior before claiming whole-file parity
source:Code/Tools/SimpleGraph/SimpleGraph.dsp,source,Code/Tools/SimpleGraph/SimpleGraph.dsp,Code/Tools/SimpleGraph/SimpleGraph.dsp,games/renegade/migration,,,not_started,,parity,Source inventory only; split behavior before claiming whole-file parity
source:Code/Tools/SimpleGraph/SimpleGraph.h,source,Code/Tools/SimpleGraph/SimpleGraph.h,Code/Tools/SimpleGraph/SimpleGraph.h,games/renegade/migration,,,not_started,,parity,Source inventory only; split behavior before claiming whole-file parity
source:Code/Tools/SimpleGraph/SimpleGraph.rc,source,Code/Tools/SimpleGraph/SimpleGraph.rc,Code/Tools/SimpleGraph/SimpleGraph.rc,games/renegade/migration,,,not_started,,parity,Source inventory only; split behavior before claiming whole-file parity
source:Code/Tools/SimpleGraph/SimpleGraphDoc.cpp,source,Code/Tools/SimpleGraph/SimpleGraphDoc.cpp,Code/Tools/SimpleGraph/SimpleGraphDoc.cpp,games/renegade/migration,,,not_started,,parity,Source inventory only; split behavior before claiming whole-file parity
source:Code/Tools/SimpleGraph/SimpleGraphDoc.h,source,Code/Tools/SimpleGraph/SimpleGraphDoc.h,Code/Tools/SimpleGraph/SimpleGraphDoc.h,games/renegade/migration,,,not_started,,parity,Source inventory only; split behavior before claiming whole-file parity
source:Code/Tools/SimpleGraph/SimpleGraphView.cpp,source,Code/Tools/SimpleGraph/SimpleGraphView.cpp,Code/Tools/SimpleGraph/SimpleGraphView.cpp,games/renegade/migration,,,not_started,,parity,Source inventory only; split behavior before claiming whole-file parity
source:Code/Tools/SimpleGraph/SimpleGraphView.h,source,Code/Tools/SimpleGraph/SimpleGraphView.h,Code/Tools/SimpleGraph/SimpleGraphView.h,games/renegade/migration,,,not_started,,parity,Source inventory only; split behavior before claiming whole-file parity
source:Code/Tools/SimpleGraph/StdAfx.cpp,source,Code/Tools/SimpleGraph/StdAfx.cpp,Code/Tools/SimpleGraph/StdAfx.cpp,games/renegade/migration,,,not_started,,parity,Source inventory only; split behavior before claiming whole-file parity
source:Code/Tools/SimpleGraph/StdAfx.h,source,Code/Tools/SimpleGraph/StdAfx.h,Code/Tools/SimpleGraph/StdAfx.h,games/renegade/migration,,,not_started,,parity,Source inventory only; split behavior before claiming whole-file parity
source:Code/Tools/SimpleGraph/res/SimpleGraph.ico,source,Code/Tools/SimpleGraph/res/SimpleGraph.ico,Code/Tools/SimpleGraph/res/SimpleGraph.ico,games/renegade/migration,,,not_started,,parity,Source inventory only; split behavior before claiming whole-file parity
source:Code/Tools/SimpleGraph/res/SimpleGraph.rc2,source,Code/Tools/SimpleGraph/res/SimpleGraph.rc2,Code/Tools/SimpleGraph/res/SimpleGraph.rc2,games/renegade/migration,,,not_started,,parity,Source inventory only; split behavior before claiming whole-file parity
source:Code/Tools/SimpleGraph/res/SimpleGraphDoc.ico,source,Code/Tools/SimpleGraph/res/SimpleGraphDoc.ico,Code/Tools/SimpleGraph/res/SimpleGraphDoc.ico,games/renegade/migration,,,not_started,,parity,Source inventory only; split behavior before claiming whole-file parity
source:Code/Tools/SimpleGraph/res/Toolbar.bmp,source,Code/Tools/SimpleGraph/res/Toolbar.bmp,Code/Tools/SimpleGraph/res/Toolbar.bmp,games/renegade/migration,,,not_started,,parity,Source inventory only; split behavior before claiming whole-file parity
source:Code/Tools/SimpleGraph/resource.h,source,Code/Tools/SimpleGraph/resource.h,Code/Tools/SimpleGraph/resource.h,games/renegade/migration,,,not_started,,parity,Source inventory only; split behavior before claiming whole-file parity
source:Code/Tools/SkeletonHack/SkeletonHack.cpp,source,Code/Tools/SkeletonHack/SkeletonHack.cpp,Code/Tools/SkeletonHack/SkeletonHack.cpp,games/renegade/migration,,,not_started,,parity,Source inventory only; split behavior before claiming whole-file parity
source:Code/Tools/SkeletonHack/SkeletonHack.dsp,source,Code/Tools/SkeletonHack/SkeletonHack.dsp,Code/Tools/SkeletonHack/SkeletonHack.dsp,games/renegade/migration,,,not_started,,parity,Source inventory only; split behavior before claiming whole-file parity
source:Code/Tools/SkeletonHack/StdAfx.cpp,source,Code/Tools/SkeletonHack/StdAfx.cpp,Code/Tools/SkeletonHack/StdAfx.cpp,games/renegade/migration,,,not_started,,parity,Source inventory only; split behavior before claiming whole-file parity
source:Code/Tools/SkeletonHack/StdAfx.h,source,Code/Tools/SkeletonHack/StdAfx.h,Code/Tools/SkeletonHack/StdAfx.h,games/renegade/migration,,,not_started,,parity,Source inventory only; split behavior before claiming whole-file parity
source:Code/Tools/VerStamp/VerStamp.asm,source,Code/Tools/VerStamp/VerStamp.asm,Code/Tools/VerStamp/VerStamp.asm,games/renegade/migration,,,not_started,,parity,Source inventory only; split behavior before claiming whole-file parity
source:Code/Tools/VerStamp/VerStamp.dsp,source,Code/Tools/VerStamp/VerStamp.dsp,Code/Tools/VerStamp/VerStamp.dsp,games/renegade/migration,,,not_started,,parity,Source inventory only; split behavior before claiming whole-file parity
source:Code/Tools/VerStamp/VerStamp.dsw,source,Code/Tools/VerStamp/VerStamp.dsw,Code/Tools/VerStamp/VerStamp.dsw,games/renegade/migration,,,not_started,,parity,Source inventory only; split behavior before claiming whole-file parity
source:Code/Tools/ViewTrans/ViewTrans.dsp,source,Code/Tools/ViewTrans/ViewTrans.dsp,Code/Tools/ViewTrans/ViewTrans.dsp,games/renegade/migration,,,not_started,,parity,Source inventory only; split behavior before claiming whole-file parity
source:Code/Tools/ViewTrans/dllmain.cpp,source,Code/Tools/ViewTrans/dllmain.cpp,Code/Tools/ViewTrans/dllmain.cpp,games/renegade/migration,,,not_started,,parity,Source inventory only; split behavior before claiming whole-file parity
source:Code/Tools/ViewTrans/resource.h,source,Code/Tools/ViewTrans/resource.h,Code/Tools/ViewTrans/resource.h,games/renegade/migration,,,not_started,,parity,Source inventory only; split behavior before claiming whole-file parity
source:Code/Tools/ViewTrans/viewtrans.cpp,source,Code/Tools/ViewTrans/viewtrans.cpp,Code/Tools/ViewTrans/viewtrans.cpp,games/renegade/migration,,,not_started,,parity,Source inventory only; split behavior before claiming whole-file parity
source:Code/Tools/ViewTrans/viewtrans.def,source,Code/Tools/ViewTrans/viewtrans.def,Code/Tools/ViewTrans/viewtrans.def,games/renegade/migration,,,not_started,,parity,Source inventory only; split behavior before claiming whole-file parity
source:Code/Tools/ViewTrans/viewtrans.h,source,Code/Tools/ViewTrans/viewtrans.h,Code/Tools/ViewTrans/viewtrans.h,games/renegade/migration,,,not_started,,parity,Source inventory only; split behavior before claiming whole-file parity
source:Code/Tools/ViewTrans/viewtrans.rc,source,Code/Tools/ViewTrans/viewtrans.rc,Code/Tools/ViewTrans/viewtrans.rc,games/renegade/migration,,,not_started,,parity,Source inventory only; split behavior before claiming whole-file parity
source:Code/Tools/W3DShellExt/External/FindDialog.cpp,source,Code/Tools/W3DShellExt/External/FindDialog.cpp,Code/Tools/W3DShellExt/External/FindDialog.cpp,games/renegade/migration,,,not_started,,parity,Source inventory only; split behavior before claiming whole-file parity
source:Code/Tools/W3DShellExt/External/chunk_d.cpp,source,Code/Tools/W3DShellExt/External/chunk_d.cpp,Code/Tools/W3DShellExt/External/chunk_d.cpp,games/renegade/migration,,,not_started,,parity,Source inventory only; split behavior before claiming whole-file parity
source:Code/Tools/W3DShellExt/External/matrix3.cpp,source,Code/Tools/W3DShellExt/External/matrix3.cpp,Code/Tools/W3DShellExt/External/matrix3.cpp,games/renegade/migration,,,not_started,,parity,Source inventory only; split behavior before claiming whole-file parity
source:Code/Tools/W3DShellExt/External/matrix3d.cpp,source,Code/Tools/W3DShellExt/External/matrix3d.cpp,Code/Tools/W3DShellExt/External/matrix3d.cpp,games/renegade/migration,,,not_started,,parity,Source inventory only; split behavior before claiming whole-file parity
source:Code/Tools/W3DShellExt/External/matrix4.cpp,source,Code/Tools/W3DShellExt/External/matrix4.cpp,Code/Tools/W3DShellExt/External/matrix4.cpp,games/renegade/migration,,,not_started,,parity,Source inventory only; split behavior before claiming whole-file parity
source:Code/Tools/W3DShellExt/External/quat.cpp,source,Code/Tools/W3DShellExt/External/quat.cpp,Code/Tools/W3DShellExt/External/quat.cpp,games/renegade/migration,,,not_started,,parity,Source inventory only; split behavior before claiming whole-file parity
source:Code/Tools/W3DShellExt/External/quat.h,source,Code/Tools/W3DShellExt/External/quat.h,Code/Tools/W3DShellExt/External/quat.h,games/renegade/migration,,,not_started,,parity,Source inventory only; split behavior before claiming whole-file parity
source:Code/Tools/W3DShellExt/External/rawfilem.cpp,source,Code/Tools/W3DShellExt/External/rawfilem.cpp,Code/Tools/W3DShellExt/External/rawfilem.cpp,games/renegade/migration,,,not_started,,parity,Source inventory only; split behavior before claiming whole-file parity
source:Code/Tools/W3DShellExt/External/wdumpdoc.cpp,source,Code/Tools/W3DShellExt/External/wdumpdoc.cpp,Code/Tools/W3DShellExt/External/wdumpdoc.cpp,games/renegade/migration,,,not_started,,parity,Source inventory only; split behavior before claiming whole-file parity
source:Code/Tools/W3DShellExt/StdAfx.h,source,Code/Tools/W3DShellExt/StdAfx.h,Code/Tools/W3DShellExt/StdAfx.h,games/renegade/migration,,,not_started,,parity,Source inventory only; split behavior before claiming whole-file parity
source:Code/Tools/W3DShellExt/W3DShellExt.def,source,Code/Tools/W3DShellExt/W3DShellExt.def,Code/Tools/W3DShellExt/W3DShellExt.def,games/renegade/migration,,,not_started,,parity,Source inventory only; split behavior before claiming whole-file parity
source:Code/Tools/W3DShellExt/W3DShellExt.dsp,source,Code/Tools/W3DShellExt/W3DShellExt.dsp,Code/Tools/W3DShellExt/W3DShellExt.dsp,games/renegade/migration,,,not_started,,parity,Source inventory only; split behavior before claiming whole-file parity
source:Code/Tools/W3DShellExt/W3DView.ico,source,Code/Tools/W3DShellExt/W3DView.ico,Code/Tools/W3DShellExt/W3DView.ico,games/renegade/migration,,,not_started,,parity,Source inventory only; split behavior before claiming whole-file parity
source:Code/Tools/W3DShellExt/copyhook.cpp,source,Code/Tools/W3DShellExt/copyhook.cpp,Code/Tools/W3DShellExt/copyhook.cpp,games/renegade/migration,,,not_started,,parity,Source inventory only; split behavior before claiming whole-file parity
source:Code/Tools/W3DShellExt/ctxmenu.cpp,source,Code/Tools/W3DShellExt/ctxmenu.cpp,Code/Tools/W3DShellExt/ctxmenu.cpp,games/renegade/migration,,,not_started,,parity,Source inventory only; split behavior before claiming whole-file parity
source:Code/Tools/W3DShellExt/iconhdlr.cpp,source,Code/Tools/W3DShellExt/iconhdlr.cpp,Code/Tools/W3DShellExt/iconhdlr.cpp,games/renegade/migration,,,not_started,,parity,Source inventory only; split behavior before claiming whole-file parity
source:Code/Tools/W3DShellExt/priv.h,source,Code/Tools/W3DShellExt/priv.h,Code/Tools/W3DShellExt/priv.h,games/renegade/migration,,,not_started,,parity,Source inventory only; split behavior before claiming whole-file parity
source:Code/Tools/W3DShellExt/propshet.cpp,source,Code/Tools/W3DShellExt/propshet.cpp,Code/Tools/W3DShellExt/propshet.cpp,games/renegade/migration,,,not_started,,parity,Source inventory only; split behavior before claiming whole-file parity
source:Code/Tools/W3DShellExt/resource.h,source,Code/Tools/W3DShellExt/resource.h,Code/Tools/W3DShellExt/resource.h,games/renegade/migration,,,not_started,,parity,Source inventory only; split behavior before claiming whole-file parity
source:Code/Tools/W3DShellExt/shellext.RC,source,Code/Tools/W3DShellExt/shellext.RC,Code/Tools/W3DShellExt/shellext.RC,games/renegade/migration,,,not_started,,parity,Source inventory only; split behavior before claiming whole-file parity
source:Code/Tools/W3DShellExt/shellext.cpp,source,Code/Tools/W3DShellExt/shellext.cpp,Code/Tools/W3DShellExt/shellext.cpp,games/renegade/migration,,,not_started,,parity,Source inventory only; split behavior before claiming whole-file parity
source:Code/Tools/W3DShellExt/shellext.h,source,Code/Tools/W3DShellExt/shellext.h,Code/Tools/W3DShellExt/shellext.h,games/renegade/migration,,,not_started,,parity,Source inventory only; split behavior before claiming whole-file parity
source:Code/Tools/W3DShellExt/shexinit.cpp,source,Code/Tools/W3DShellExt/shexinit.cpp,Code/Tools/W3DShellExt/shexinit.cpp,games/renegade/migration,,,not_started,,parity,Source inventory only; split behavior before claiming whole-file parity
source:Code/Tools/W3DUpdate/FileCopyDialog.cpp,source,Code/Tools/W3DUpdate/FileCopyDialog.cpp,Code/Tools/W3DUpdate/FileCopyDialog.cpp,games/renegade/migration,,,not_started,,parity,Source inventory only; split behavior before claiming whole-file parity
source:Code/Tools/W3DUpdate/FileCopyDialog.h,source,Code/Tools/W3DUpdate/FileCopyDialog.h,Code/Tools/W3DUpdate/FileCopyDialog.h,games/renegade/migration,,,not_started,,parity,Source inventory only; split behavior before claiming whole-file parity
source:Code/Tools/W3DUpdate/StdAfx.cpp,source,Code/Tools/W3DUpdate/StdAfx.cpp,Code/Tools/W3DUpdate/StdAfx.cpp,games/renegade/migration,,,not_started,,parity,Source inventory only; split behavior before claiming whole-file parity
source:Code/Tools/W3DUpdate/StdAfx.h,source,Code/Tools/W3DUpdate/StdAfx.h,Code/Tools/W3DUpdate/StdAfx.h,games/renegade/migration,,,not_started,,parity,Source inventory only; split behavior before claiming whole-file parity
source:Code/Tools/W3DUpdate/W3DUpdate.cpp,source,Code/Tools/W3DUpdate/W3DUpdate.cpp,Code/Tools/W3DUpdate/W3DUpdate.cpp,games/renegade/migration,,,not_started,,parity,Source inventory only; split behavior before claiming whole-file parity
source:Code/Tools/W3DUpdate/W3DUpdate.dsp,source,Code/Tools/W3DUpdate/W3DUpdate.dsp,Code/Tools/W3DUpdate/W3DUpdate.dsp,games/renegade/migration,,,not_started,,parity,Source inventory only; split behavior before claiming whole-file parity
source:Code/Tools/W3DUpdate/W3DUpdate.h,source,Code/Tools/W3DUpdate/W3DUpdate.h,Code/Tools/W3DUpdate/W3DUpdate.h,games/renegade/migration,,,not_started,,parity,Source inventory only; split behavior before claiming whole-file parity
source:Code/Tools/W3DUpdate/W3DUpdate.rc,source,Code/Tools/W3DUpdate/W3DUpdate.rc,Code/Tools/W3DUpdate/W3DUpdate.rc,games/renegade/migration,,,not_started,,parity,Source inventory only; split behavior before claiming whole-file parity
source:Code/Tools/W3DUpdate/W3DUpdateDlg.cpp,source,Code/Tools/W3DUpdate/W3DUpdateDlg.cpp,Code/Tools/W3DUpdate/W3DUpdateDlg.cpp,games/renegade/migration,,,not_started,,parity,Source inventory only; split behavior before claiming whole-file parity
source:Code/Tools/W3DUpdate/W3DUpdateDlg.h,source,Code/Tools/W3DUpdate/W3DUpdateDlg.h,Code/Tools/W3DUpdate/W3DUpdateDlg.h,games/renegade/migration,,,not_started,,parity,Source inventory only; split behavior before claiming whole-file parity
source:Code/Tools/W3DUpdate/res/Filecopy.avi,source,Code/Tools/W3DUpdate/res/Filecopy.avi,Code/Tools/W3DUpdate/res/Filecopy.avi,games/renegade/migration,,,not_started,,parity,Source inventory only; split behavior before claiming whole-file parity
source:Code/Tools/W3DUpdate/res/W3DUpdate.ico,source,Code/Tools/W3DUpdate/res/W3DUpdate.ico,Code/Tools/W3DUpdate/res/W3DUpdate.ico,games/renegade/migration,,,not_started,,parity,Source inventory only; split behavior before claiming whole-file parity
source:Code/Tools/W3DUpdate/res/W3DUpdate.rc2,source,Code/Tools/W3DUpdate/res/W3DUpdate.rc2,Code/Tools/W3DUpdate/res/W3DUpdate.rc2,games/renegade/migration,,,not_started,,parity,Source inventory only; split behavior before claiming whole-file parity
source:Code/Tools/W3DUpdate/res/icon1.ico,source,Code/Tools/W3DUpdate/res/icon1.ico,Code/Tools/W3DUpdate/res/icon1.ico,games/renegade/migration,,,not_started,,parity,Source inventory only; split behavior before claiming whole-file parity
source:Code/Tools/W3DUpdate/resource.h,source,Code/Tools/W3DUpdate/resource.h,Code/Tools/W3DUpdate/resource.h,games/renegade/migration,,,not_started,,parity,Source inventory only; split behavior before claiming whole-file parity
source:Code/Tools/W3DView/AddToLineupDialog.cpp,source,Code/Tools/W3DView/AddToLineupDialog.cpp,Code/Tools/W3DView/AddToLineupDialog.cpp,games/renegade/migration,,,not_started,,parity,Source inventory only; split behavior before claiming whole-file parity
source:Code/Tools/W3DView/AddToLineupDialog.h,source,Code/Tools/W3DView/AddToLineupDialog.h,Code/Tools/W3DView/AddToLineupDialog.h,games/renegade/migration,,,not_started,,parity,Source inventory only; split behavior before claiming whole-file parity
source:Code/Tools/W3DView/AdvancedAnimSheet.cpp,source,Code/Tools/W3DView/AdvancedAnimSheet.cpp,Code/Tools/W3DView/AdvancedAnimSheet.cpp,games/renegade/migration,,,not_started,,parity,Source inventory only; split behavior before claiming whole-file parity
source:Code/Tools/W3DView/AdvancedAnimSheet.h,source,Code/Tools/W3DView/AdvancedAnimSheet.h,Code/Tools/W3DView/AdvancedAnimSheet.h,games/renegade/migration,,,not_started,,parity,Source inventory only; split behavior before claiming whole-file parity
source:Code/Tools/W3DView/AggregateNameDialog.cpp,source,Code/Tools/W3DView/AggregateNameDialog.cpp,Code/Tools/W3DView/AggregateNameDialog.cpp,games/renegade/migration,,,not_started,,parity,Source inventory only; split behavior before claiming whole-file parity
source:Code/Tools/W3DView/AggregateNameDialog.h,source,Code/Tools/W3DView/AggregateNameDialog.h,Code/Tools/W3DView/AggregateNameDialog.h,games/renegade/migration,,,not_started,,parity,Source inventory only; split behavior before claiming whole-file parity
source:Code/Tools/W3DView/AmbientLightDialog.cpp,source,Code/Tools/W3DView/AmbientLightDialog.cpp,Code/Tools/W3DView/AmbientLightDialog.cpp,games/renegade/migration,,,not_started,,parity,Source inventory only; split behavior before claiming whole-file parity
source:Code/Tools/W3DView/AmbientLightDialog.h,source,Code/Tools/W3DView/AmbientLightDialog.h,Code/Tools/W3DView/AmbientLightDialog.h,games/renegade/migration,,,not_started,,parity,Source inventory only; split behavior before claiming whole-file parity
source:Code/Tools/W3DView/AnimMixingPage.cpp,source,Code/Tools/W3DView/AnimMixingPage.cpp,Code/Tools/W3DView/AnimMixingPage.cpp,games/renegade/migration,,,not_started,,parity,Source inventory only; split behavior before claiming whole-file parity
source:Code/Tools/W3DView/AnimMixingPage.h,source,Code/Tools/W3DView/AnimMixingPage.h,Code/Tools/W3DView/AnimMixingPage.h,games/renegade/migration,,,not_started,,parity,Source inventory only; split behavior before claiming whole-file parity
source:Code/Tools/W3DView/AnimReportPage.cpp,source,Code/Tools/W3DView/AnimReportPage.cpp,Code/Tools/W3DView/AnimReportPage.cpp,games/renegade/migration,,,not_started,,parity,Source inventory only; split behavior before claiming whole-file parity
source:Code/Tools/W3DView/AnimReportPage.h,source,Code/Tools/W3DView/AnimReportPage.h,Code/Tools/W3DView/AnimReportPage.h,games/renegade/migration,,,not_started,,parity,Source inventory only; split behavior before claiming whole-file parity
source:Code/Tools/W3DView/AnimatedSoundOptionsDialog.cpp,source,Code/Tools/W3DView/AnimatedSoundOptionsDialog.cpp,Code/Tools/W3DView/AnimatedSoundOptionsDialog.cpp,games/renegade/migration,,,not_started,,parity,Source inventory only; split behavior before claiming whole-file parity
source:Code/Tools/W3DView/AnimatedSoundOptionsDialog.h,source,Code/Tools/W3DView/AnimatedSoundOptionsDialog.h,Code/Tools/W3DView/AnimatedSoundOptionsDialog.h,games/renegade/migration,,,not_started,,parity,Source inventory only; split behavior before claiming whole-file parity
source:Code/Tools/W3DView/AnimationPropPage.cpp,source,Code/Tools/W3DView/AnimationPropPage.cpp,Code/Tools/W3DView/AnimationPropPage.cpp,games/renegade/migration,,,not_started,,parity,Source inventory only; split behavior before claiming whole-file parity
source:Code/Tools/W3DView/AnimationPropPage.h,source,Code/Tools/W3DView/AnimationPropPage.h,Code/Tools/W3DView/AnimationPropPage.h,games/renegade/migration,,,not_started,,parity,Source inventory only; split behavior before claiming whole-file parity
source:Code/Tools/W3DView/AnimationSpeed.cpp,source,Code/Tools/W3DView/AnimationSpeed.cpp,Code/Tools/W3DView/AnimationSpeed.cpp,games/renegade/migration,,,not_started,,parity,Source inventory only; split behavior before claiming whole-file parity
source:Code/Tools/W3DView/AnimationSpeed.h,source,Code/Tools/W3DView/AnimationSpeed.h,Code/Tools/W3DView/AnimationSpeed.h,games/renegade/migration,,,not_started,,parity,Source inventory only; split behavior before claiming whole-file parity
source:Code/Tools/W3DView/AssetInfo.cpp,source,Code/Tools/W3DView/AssetInfo.cpp,Code/Tools/W3DView/AssetInfo.cpp,games/renegade/migration,,,not_started,,parity,Source inventory only; split behavior before claiming whole-file parity
source:Code/Tools/W3DView/AssetInfo.h,source,Code/Tools/W3DView/AssetInfo.h,Code/Tools/W3DView/AssetInfo.h,games/renegade/migration,,,not_started,,parity,Source inventory only; split behavior before claiming whole-file parity
source:Code/Tools/W3DView/AssetPropertySheet.cpp,source,Code/Tools/W3DView/AssetPropertySheet.cpp,Code/Tools/W3DView/AssetPropertySheet.cpp,games/renegade/migration,,,not_started,,parity,Source inventory only; split behavior before claiming whole-file parity
source:Code/Tools/W3DView/AssetPropertySheet.h,source,Code/Tools/W3DView/AssetPropertySheet.h,Code/Tools/W3DView/AssetPropertySheet.h,games/renegade/migration,,,not_started,,parity,Source inventory only; split behavior before claiming whole-file parity
source:Code/Tools/W3DView/AssetTypes.h,source,Code/Tools/W3DView/AssetTypes.h,Code/Tools/W3DView/AssetTypes.h,games/renegade/migration,,,not_started,,parity,Source inventory only; split behavior before claiming whole-file parity
source:Code/Tools/W3DView/BackgroundBMPDialog.cpp,source,Code/Tools/W3DView/BackgroundBMPDialog.cpp,Code/Tools/W3DView/BackgroundBMPDialog.cpp,games/renegade/migration,,,not_started,,parity,Source inventory only; split behavior before claiming whole-file parity
source:Code/Tools/W3DView/BackgroundBMPDialog.h,source,Code/Tools/W3DView/BackgroundBMPDialog.h,Code/Tools/W3DView/BackgroundBMPDialog.h,games/renegade/migration,,,not_started,,parity,Source inventory only; split behavior before claiming whole-file parity
source:Code/Tools/W3DView/BackgroundColorDialog.cpp,source,Code/Tools/W3DView/BackgroundColorDialog.cpp,Code/Tools/W3DView/BackgroundColorDialog.cpp,games/renegade/migration,,,not_started,,parity,Source inventory only; split behavior before claiming whole-file parity
source:Code/Tools/W3DView/BackgroundColorDialog.h,source,Code/Tools/W3DView/BackgroundColorDialog.h,Code/Tools/W3DView/BackgroundColorDialog.h,games/renegade/migration,,,not_started,,parity,Source inventory only; split behavior before claiming whole-file parity
source:Code/Tools/W3DView/BackgroundObjectDialog.cpp,source,Code/Tools/W3DView/BackgroundObjectDialog.cpp,Code/Tools/W3DView/BackgroundObjectDialog.cpp,games/renegade/migration,,,not_started,,parity,Source inventory only; split behavior before claiming whole-file parity
source:Code/Tools/W3DView/BackgroundObjectDialog.h,source,Code/Tools/W3DView/BackgroundObjectDialog.h,Code/Tools/W3DView/BackgroundObjectDialog.h,games/renegade/migration,,,not_started,,parity,Source inventory only; split behavior before claiming whole-file parity
source:Code/Tools/W3DView/BoneMgrDialog.cpp,source,Code/Tools/W3DView/BoneMgrDialog.cpp,Code/Tools/W3DView/BoneMgrDialog.cpp,games/renegade/migration,,,not_started,,parity,Source inventory only; split behavior before claiming whole-file parity
source:Code/Tools/W3DView/BoneMgrDialog.h,source,Code/Tools/W3DView/BoneMgrDialog.h,Code/Tools/W3DView/BoneMgrDialog.h,games/renegade/migration,,,not_started,,parity,Source inventory only; split behavior before claiming whole-file parity
source:Code/Tools/W3DView/CameraDistanceDialog.cpp,source,Code/Tools/W3DView/CameraDistanceDialog.cpp,Code/Tools/W3DView/CameraDistanceDialog.cpp,games/renegade/migration,,,not_started,,parity,Source inventory only; split behavior before claiming whole-file parity
source:Code/Tools/W3DView/CameraDistanceDialog.h,source,Code/Tools/W3DView/CameraDistanceDialog.h,Code/Tools/W3DView/CameraDistanceDialog.h,games/renegade/migration,,,not_started,,parity,Source inventory only; split behavior before claiming whole-file parity
source:Code/Tools/W3DView/CameraSettingsDialog.cpp,source,Code/Tools/W3DView/CameraSettingsDialog.cpp,Code/Tools/W3DView/CameraSettingsDialog.cpp,games/renegade/migration,,,not_started,,parity,Source inventory only; split behavior before claiming whole-file parity
source:Code/Tools/W3DView/CameraSettingsDialog.h,source,Code/Tools/W3DView/CameraSettingsDialog.h,Code/Tools/W3DView/CameraSettingsDialog.h,games/renegade/migration,,,not_started,,parity,Source inventory only; split behavior before claiming whole-file parity
source:Code/Tools/W3DView/ColorBar.cpp,source,Code/Tools/W3DView/ColorBar.cpp,Code/Tools/W3DView/ColorBar.cpp,games/renegade/migration,,,not_started,,parity,Source inventory only; split behavior before claiming whole-file parity
source:Code/Tools/W3DView/ColorBar.h,source,Code/Tools/W3DView/ColorBar.h,Code/Tools/W3DView/ColorBar.h,games/renegade/migration,,,not_started,,parity,Source inventory only; split behavior before claiming whole-file parity
source:Code/Tools/W3DView/ColorPicker.cpp,source,Code/Tools/W3DView/ColorPicker.cpp,Code/Tools/W3DView/ColorPicker.cpp,games/renegade/migration,,,not_started,,parity,Source inventory only; split behavior before claiming whole-file parity
source:Code/Tools/W3DView/ColorPicker.h,source,Code/Tools/W3DView/ColorPicker.h,Code/Tools/W3DView/ColorPicker.h,games/renegade/migration,,,not_started,,parity,Source inventory only; split behavior before claiming whole-file parity
source:Code/Tools/W3DView/ColorPickerDialogClass.cpp,source,Code/Tools/W3DView/ColorPickerDialogClass.cpp,Code/Tools/W3DView/ColorPickerDialogClass.cpp,games/renegade/migration,,,not_started,,parity,Source inventory only; split behavior before claiming whole-file parity
source:Code/Tools/W3DView/ColorPickerDialogClass.h,source,Code/Tools/W3DView/ColorPickerDialogClass.h,Code/Tools/W3DView/ColorPickerDialogClass.h,games/renegade/migration,,,not_started,,parity,Source inventory only; split behavior before claiming whole-file parity
source:Code/Tools/W3DView/ColorSelectionDialog.cpp,source,Code/Tools/W3DView/ColorSelectionDialog.cpp,Code/Tools/W3DView/ColorSelectionDialog.cpp,games/renegade/migration,,,not_started,,parity,Source inventory only; split behavior before claiming whole-file parity
source:Code/Tools/W3DView/ColorSelectionDialog.h,source,Code/Tools/W3DView/ColorSelectionDialog.h,Code/Tools/W3DView/ColorSelectionDialog.h,games/renegade/migration,,,not_started,,parity,Source inventory only; split behavior before claiming whole-file parity
source:Code/Tools/W3DView/ColorUtils.cpp,source,Code/Tools/W3DView/ColorUtils.cpp,Code/Tools/W3DView/ColorUtils.cpp,games/renegade/migration,,,not_started,,parity,Source inventory only; split behavior before claiming whole-file parity
source:Code/Tools/W3DView/ColorUtils.h,source,Code/Tools/W3DView/ColorUtils.h,Code/Tools/W3DView/ColorUtils.h,games/renegade/migration,,,not_started,,parity,Source inventory only; split behavior before claiming whole-file parity
source:Code/Tools/W3DView/DataTreeView.cpp,source,Code/Tools/W3DView/DataTreeView.cpp,Code/Tools/W3DView/DataTreeView.cpp,games/renegade/migration,,,not_started,,parity,Source inventory only; split behavior before claiming whole-file parity
source:Code/Tools/W3DView/DataTreeView.h,source,Code/Tools/W3DView/DataTreeView.h,Code/Tools/W3DView/DataTreeView.h,games/renegade/migration,,,not_started,,parity,Source inventory only; split behavior before claiming whole-file parity
source:Code/Tools/W3DView/DeviceSelectionDialog.cpp,source,Code/Tools/W3DView/DeviceSelectionDialog.cpp,Code/Tools/W3DView/DeviceSelectionDialog.cpp,games/renegade/migration,,,not_started,,parity,Source inventory only; split behavior before claiming whole-file parity
source:Code/Tools/W3DView/DeviceSelectionDialog.h,source,Code/Tools/W3DView/DeviceSelectionDialog.h,Code/Tools/W3DView/DeviceSelectionDialog.h,games/renegade/migration,,,not_started,,parity,Source inventory only; split behavior before claiming whole-file parity
source:Code/Tools/W3DView/DialogToolbar.cpp,source,Code/Tools/W3DView/DialogToolbar.cpp,Code/Tools/W3DView/DialogToolbar.cpp,games/renegade/migration,,,not_started,,parity,Source inventory only; split behavior before claiming whole-file parity
source:Code/Tools/W3DView/DialogToolbar.h,source,Code/Tools/W3DView/DialogToolbar.h,Code/Tools/W3DView/DialogToolbar.h,games/renegade/migration,,,not_started,,parity,Source inventory only; split behavior before claiming whole-file parity
source:Code/Tools/W3DView/DirectoryDialog.cpp,source,Code/Tools/W3DView/DirectoryDialog.cpp,Code/Tools/W3DView/DirectoryDialog.cpp,games/renegade/migration,,,not_started,,parity,Source inventory only; split behavior before claiming whole-file parity
source:Code/Tools/W3DView/DirectoryDialog.h,source,Code/Tools/W3DView/DirectoryDialog.h,Code/Tools/W3DView/DirectoryDialog.h,games/renegade/migration,,,not_started,,parity,Source inventory only; split behavior before claiming whole-file parity
source:Code/Tools/W3DView/EditLODDialog.cpp,source,Code/Tools/W3DView/EditLODDialog.cpp,Code/Tools/W3DView/EditLODDialog.cpp,games/renegade/migration,,,not_started,,parity,Source inventory only; split behavior before claiming whole-file parity
source:Code/Tools/W3DView/EditLODDialog.h,source,Code/Tools/W3DView/EditLODDialog.h,Code/Tools/W3DView/EditLODDialog.h,games/renegade/migration,,,not_started,,parity,Source inventory only; split behavior before claiming whole-file parity
source:Code/Tools/W3DView/EmitterColorPropPage.cpp,source,Code/Tools/W3DView/EmitterColorPropPage.cpp,Code/Tools/W3DView/EmitterColorPropPage.cpp,games/renegade/migration,,,not_started,,parity,Source inventory only; split behavior before claiming whole-file parity
source:Code/Tools/W3DView/EmitterColorPropPage.h,source,Code/Tools/W3DView/EmitterColorPropPage.h,Code/Tools/W3DView/EmitterColorPropPage.h,games/renegade/migration,,,not_started,,parity,Source inventory only; split behavior before claiming whole-file parity
source:Code/Tools/W3DView/EmitterFramePropPage.cpp,source,Code/Tools/W3DView/EmitterFramePropPage.cpp,Code/Tools/W3DView/EmitterFramePropPage.cpp,games/renegade/migration,,,not_started,,parity,Source inventory only; split behavior before claiming whole-file parity
source:Code/Tools/W3DView/EmitterFramePropPage.h,source,Code/Tools/W3DView/EmitterFramePropPage.h,Code/Tools/W3DView/EmitterFramePropPage.h,games/renegade/migration,,,not_started,,parity,Source inventory only; split behavior before claiming whole-file parity
source:Code/Tools/W3DView/EmitterGeneralPropPage.cpp,source,Code/Tools/W3DView/EmitterGeneralPropPage.cpp,Code/Tools/W3DView/EmitterGeneralPropPage.cpp,games/renegade/migration,,,not_started,,parity,Source inventory only; split behavior before claiming whole-file parity
source:Code/Tools/W3DView/EmitterGeneralPropPage.h,source,Code/Tools/W3DView/EmitterGeneralPropPage.h,Code/Tools/W3DView/EmitterGeneralPropPage.h,games/renegade/migration,,,not_started,,parity,Source inventory only; split behavior before claiming whole-file parity
source:Code/Tools/W3DView/EmitterInstanceList.cpp,source,Code/Tools/W3DView/EmitterInstanceList.cpp,Code/Tools/W3DView/EmitterInstanceList.cpp,games/renegade/migration,,,not_started,,parity,Source inventory only; split behavior before claiming whole-file parity
source:Code/Tools/W3DView/EmitterInstanceList.h,source,Code/Tools/W3DView/EmitterInstanceList.h,Code/Tools/W3DView/EmitterInstanceList.h,games/renegade/migration,,,not_started,,parity,Source inventory only; split behavior before claiming whole-file parity
source:Code/Tools/W3DView/EmitterLineGroupPropPage.cpp,source,Code/Tools/W3DView/EmitterLineGroupPropPage.cpp,Code/Tools/W3DView/EmitterLineGroupPropPage.cpp,games/renegade/migration,,,not_started,,parity,Source inventory only; split behavior before claiming whole-file parity
source:Code/Tools/W3DView/EmitterLineGroupPropPage.h,source,Code/Tools/W3DView/EmitterLineGroupPropPage.h,Code/Tools/W3DView/EmitterLineGroupPropPage.h,games/renegade/migration,,,not_started,,parity,Source inventory only; split behavior before claiming whole-file parity
source:Code/Tools/W3DView/EmitterLinePropPage.cpp,source,Code/Tools/W3DView/EmitterLinePropPage.cpp,Code/Tools/W3DView/EmitterLinePropPage.cpp,games/renegade/migration,,,not_started,,parity,Source inventory only; split behavior before claiming whole-file parity
source:Code/Tools/W3DView/EmitterLinePropPage.h,source,Code/Tools/W3DView/EmitterLinePropPage.h,Code/Tools/W3DView/EmitterLinePropPage.h,games/renegade/migration,,,not_started,,parity,Source inventory only; split behavior before claiming whole-file parity
source:Code/Tools/W3DView/EmitterParticlePropPage.cpp,source,Code/Tools/W3DView/EmitterParticlePropPage.cpp,Code/Tools/W3DView/EmitterParticlePropPage.cpp,games/renegade/migration,,,not_started,,parity,Source inventory only; split behavior before claiming whole-file parity
source:Code/Tools/W3DView/EmitterParticlePropPage.h,source,Code/Tools/W3DView/EmitterParticlePropPage.h,Code/Tools/W3DView/EmitterParticlePropPage.h,games/renegade/migration,,,not_started,,parity,Source inventory only; split behavior before claiming whole-file parity
source:Code/Tools/W3DView/EmitterPhysicsPropPage.cpp,source,Code/Tools/W3DView/EmitterPhysicsPropPage.cpp,Code/Tools/W3DView/EmitterPhysicsPropPage.cpp,games/renegade/migration,,,not_started,,parity,Source inventory only; split behavior before claiming whole-file parity
source:Code/Tools/W3DView/EmitterPhysicsPropPage.h,source,Code/Tools/W3DView/EmitterPhysicsPropPage.h,Code/Tools/W3DView/EmitterPhysicsPropPage.h,games/renegade/migration,,,not_started,,parity,Source inventory only; split behavior before claiming whole-file parity
source:Code/Tools/W3DView/EmitterPropertySheet.cpp,source,Code/Tools/W3DView/EmitterPropertySheet.cpp,Code/Tools/W3DView/EmitterPropertySheet.cpp,games/renegade/migration,,,not_started,,parity,Source inventory only; split behavior before claiming whole-file parity
source:Code/Tools/W3DView/EmitterPropertySheet.h,source,Code/Tools/W3DView/EmitterPropertySheet.h,Code/Tools/W3DView/EmitterPropertySheet.h,games/renegade/migration,,,not_started,,parity,Source inventory only; split behavior before claiming whole-file parity
source:Code/Tools/W3DView/EmitterRotationPropPage.cpp,source,Code/Tools/W3DView/EmitterRotationPropPage.cpp,Code/Tools/W3DView/EmitterRotationPropPage.cpp,games/renegade/migration,,,not_started,,parity,Source inventory only; split behavior before claiming whole-file parity
source:Code/Tools/W3DView/EmitterRotationPropPage.h,source,Code/Tools/W3DView/EmitterRotationPropPage.h,Code/Tools/W3DView/EmitterRotationPropPage.h,games/renegade/migration,,,not_started,,parity,Source inventory only; split behavior before claiming whole-file parity
source:Code/Tools/W3DView/EmitterSizePropPage.cpp,source,Code/Tools/W3DView/EmitterSizePropPage.cpp,Code/Tools/W3DView/EmitterSizePropPage.cpp,games/renegade/migration,,,not_started,,parity,Source inventory only; split behavior before claiming whole-file parity
source:Code/Tools/W3DView/EmitterSizePropPage.h,source,Code/Tools/W3DView/EmitterSizePropPage.h,Code/Tools/W3DView/EmitterSizePropPage.h,games/renegade/migration,,,not_started,,parity,Source inventory only; split behavior before claiming whole-file parity
source:Code/Tools/W3DView/EmitterUserPropPage.cpp,source,Code/Tools/W3DView/EmitterUserPropPage.cpp,Code/Tools/W3DView/EmitterUserPropPage.cpp,games/renegade/migration,,,not_started,,parity,Source inventory only; split behavior before claiming whole-file parity
source:Code/Tools/W3DView/EmitterUserPropPage.h,source,Code/Tools/W3DView/EmitterUserPropPage.h,Code/Tools/W3DView/EmitterUserPropPage.h,games/renegade/migration,,,not_started,,parity,Source inventory only; split behavior before claiming whole-file parity
source:Code/Tools/W3DView/GammaDialog.cpp,source,Code/Tools/W3DView/GammaDialog.cpp,Code/Tools/W3DView/GammaDialog.cpp,games/renegade/migration,,,not_started,,parity,Source inventory only; split behavior before claiming whole-file parity
source:Code/Tools/W3DView/GammaDialog.h,source,Code/Tools/W3DView/GammaDialog.h,Code/Tools/W3DView/GammaDialog.h,games/renegade/migration,,,not_started,,parity,Source inventory only; split behavior before claiming whole-file parity
source:Code/Tools/W3DView/Globals.cpp,source,Code/Tools/W3DView/Globals.cpp,Code/Tools/W3DView/Globals.cpp,games/renegade/migration,,,not_started,,parity,Source inventory only; split behavior before claiming whole-file parity
source:Code/Tools/W3DView/Globals.h,source,Code/Tools/W3DView/Globals.h,Code/Tools/W3DView/Globals.h,games/renegade/migration,,,not_started,,parity,Source inventory only; split behavior before claiming whole-file parity
source:Code/Tools/W3DView/GraphicView.cpp,source,Code/Tools/W3DView/GraphicView.cpp,Code/Tools/W3DView/GraphicView.cpp,games/renegade/migration,,,not_started,,parity,Source inventory only; split behavior before claiming whole-file parity
source:Code/Tools/W3DView/GraphicView.h,source,Code/Tools/W3DView/GraphicView.h,Code/Tools/W3DView/GraphicView.h,games/renegade/migration,,,not_started,,parity,Source inventory only; split behavior before claiming whole-file parity
source:Code/Tools/W3DView/HierarchyPropPage.cpp,source,Code/Tools/W3DView/HierarchyPropPage.cpp,Code/Tools/W3DView/HierarchyPropPage.cpp,games/renegade/migration,,,not_started,,parity,Source inventory only; split behavior before claiming whole-file parity
source:Code/Tools/W3DView/HierarchyPropPage.h,source,Code/Tools/W3DView/HierarchyPropPage.h,Code/Tools/W3DView/HierarchyPropPage.h,games/renegade/migration,,,not_started,,parity,Source inventory only; split behavior before claiming whole-file parity
source:Code/Tools/W3DView/LODDefs.h,source,Code/Tools/W3DView/LODDefs.h,Code/Tools/W3DView/LODDefs.h,games/renegade/migration,,,not_started,,parity,Source inventory only; split behavior before claiming whole-file parity
source:Code/Tools/W3DView/MainFrm.cpp,source,Code/Tools/W3DView/MainFrm.cpp,Code/Tools/W3DView/MainFrm.cpp,games/renegade/migration,,,not_started,,parity,Source inventory only; split behavior before claiming whole-file parity
source:Code/Tools/W3DView/MainFrm.h,source,Code/Tools/W3DView/MainFrm.h,Code/Tools/W3DView/MainFrm.h,games/renegade/migration,,,not_started,,parity,Source inventory only; split behavior before claiming whole-file parity
source:Code/Tools/W3DView/MeshPropPage.cpp,source,Code/Tools/W3DView/MeshPropPage.cpp,Code/Tools/W3DView/MeshPropPage.cpp,games/renegade/migration,,,not_started,,parity,Source inventory only; split behavior before claiming whole-file parity
source:Code/Tools/W3DView/MeshPropPage.h,source,Code/Tools/W3DView/MeshPropPage.h,Code/Tools/W3DView/MeshPropPage.h,games/renegade/migration,,,not_started,,parity,Source inventory only; split behavior before claiming whole-file parity
source:Code/Tools/W3DView/OpacitySettingsDialog.cpp,source,Code/Tools/W3DView/OpacitySettingsDialog.cpp,Code/Tools/W3DView/OpacitySettingsDialog.cpp,games/renegade/migration,,,not_started,,parity,Source inventory only; split behavior before claiming whole-file parity
source:Code/Tools/W3DView/OpacitySettingsDialog.h,source,Code/Tools/W3DView/OpacitySettingsDialog.h,Code/Tools/W3DView/OpacitySettingsDialog.h,games/renegade/migration,,,not_started,,parity,Source inventory only; split behavior before claiming whole-file parity
source:Code/Tools/W3DView/OpacityVectorDialog.cpp,source,Code/Tools/W3DView/OpacityVectorDialog.cpp,Code/Tools/W3DView/OpacityVectorDialog.cpp,games/renegade/migration,,,not_started,,parity,Source inventory only; split behavior before claiming whole-file parity
source:Code/Tools/W3DView/OpacityVectorDialog.h,source,Code/Tools/W3DView/OpacityVectorDialog.h,Code/Tools/W3DView/OpacityVectorDialog.h,games/renegade/migration,,,not_started,,parity,Source inventory only; split behavior before claiming whole-file parity
source:Code/Tools/W3DView/ParticleBlurTimeKeyDialog.cpp,source,Code/Tools/W3DView/ParticleBlurTimeKeyDialog.cpp,Code/Tools/W3DView/ParticleBlurTimeKeyDialog.cpp,games/renegade/migration,,,not_started,,parity,Source inventory only; split behavior before claiming whole-file parity
source:Code/Tools/W3DView/ParticleBlurTimeKeyDialog.h,source,Code/Tools/W3DView/ParticleBlurTimeKeyDialog.h,Code/Tools/W3DView/ParticleBlurTimeKeyDialog.h,games/renegade/migration,,,not_started,,parity,Source inventory only; split behavior before claiming whole-file parity
source:Code/Tools/W3DView/ParticleFrameKeyDialog.cpp,source,Code/Tools/W3DView/ParticleFrameKeyDialog.cpp,Code/Tools/W3DView/ParticleFrameKeyDialog.cpp,games/renegade/migration,,,not_started,,parity,Source inventory only; split behavior before claiming whole-file parity
source:Code/Tools/W3DView/ParticleFrameKeyDialog.h,source,Code/Tools/W3DView/ParticleFrameKeyDialog.h,Code/Tools/W3DView/ParticleFrameKeyDialog.h,games/renegade/migration,,,not_started,,parity,Source inventory only; split behavior before claiming whole-file parity
source:Code/Tools/W3DView/ParticleRotationKeyDialog.cpp,source,Code/Tools/W3DView/ParticleRotationKeyDialog.cpp,Code/Tools/W3DView/ParticleRotationKeyDialog.cpp,games/renegade/migration,,,not_started,,parity,Source inventory only; split behavior before claiming whole-file parity
source:Code/Tools/W3DView/ParticleRotationKeyDialog.h,source,Code/Tools/W3DView/ParticleRotationKeyDialog.h,Code/Tools/W3DView/ParticleRotationKeyDialog.h,games/renegade/migration,,,not_started,,parity,Source inventory only; split behavior before claiming whole-file parity
source:Code/Tools/W3DView/ParticleSizeDialog.cpp,source,Code/Tools/W3DView/ParticleSizeDialog.cpp,Code/Tools/W3DView/ParticleSizeDialog.cpp,games/renegade/migration,,,not_started,,parity,Source inventory only; split behavior before claiming whole-file parity
source:Code/Tools/W3DView/ParticleSizeDialog.h,source,Code/Tools/W3DView/ParticleSizeDialog.h,Code/Tools/W3DView/ParticleSizeDialog.h,games/renegade/migration,,,not_started,,parity,Source inventory only; split behavior before claiming whole-file parity
source:Code/Tools/W3DView/PlaySoundDialog.cpp,source,Code/Tools/W3DView/PlaySoundDialog.cpp,Code/Tools/W3DView/PlaySoundDialog.cpp,games/renegade/migration,,,not_started,,parity,Source inventory only; split behavior before claiming whole-file parity
source:Code/Tools/W3DView/PlaySoundDialog.h,source,Code/Tools/W3DView/PlaySoundDialog.h,Code/Tools/W3DView/PlaySoundDialog.h,games/renegade/migration,,,not_started,,parity,Source inventory only; split behavior before claiming whole-file parity
source:Code/Tools/W3DView/Res/GAMMA.BMP,source,Code/Tools/W3DView/Res/GAMMA.BMP,Code/Tools/W3DView/Res/GAMMA.BMP,games/renegade/migration,,,not_started,,parity,Source inventory only; split behavior before claiming whole-file parity
source:Code/Tools/W3DView/Res/Light.w3d,source,Code/Tools/W3DView/Res/Light.w3d,Code/Tools/W3DView/Res/Light.w3d,games/renegade/migration,,,not_started,,parity,Source inventory only; split behavior before claiming whole-file parity
source:Code/Tools/W3DView/Res/Toolbar.bmp,source,Code/Tools/W3DView/Res/Toolbar.bmp,Code/Tools/W3DView/Res/Toolbar.bmp,games/renegade/migration,,,not_started,,parity,Source inventory only; split behavior before claiming whole-file parity
source:Code/Tools/W3DView/Res/W3DView.ico,source,Code/Tools/W3DView/Res/W3DView.ico,Code/Tools/W3DView/Res/W3DView.ico,games/renegade/migration,,,not_started,,parity,Source inventory only; split behavior before claiming whole-file parity
source:Code/Tools/W3DView/Res/W3DView.rc2,source,Code/Tools/W3DView/Res/W3DView.rc2,Code/Tools/W3DView/Res/W3DView.rc2,games/renegade/migration,,,not_started,,parity,Source inventory only; split behavior before claiming whole-file parity
source:Code/Tools/W3DView/Res/W3DViewDoc.ico,source,Code/Tools/W3DView/Res/W3DViewDoc.ico,Code/Tools/W3DView/Res/W3DViewDoc.ico,games/renegade/migration,,,not_started,,parity,Source inventory only; split behavior before claiming whole-file parity
source:Code/Tools/W3DView/Res/aggregat.ico,source,Code/Tools/W3DView/Res/aggregat.ico,Code/Tools/W3DView/Res/aggregat.ico,games/renegade/migration,,,not_started,,parity,Source inventory only; split behavior before claiming whole-file parity
source:Code/Tools/W3DView/Res/animatio.ico,source,Code/Tools/W3DView/Res/animatio.ico,Code/Tools/W3DView/Res/animatio.ico,games/renegade/migration,,,not_started,,parity,Source inventory only; split behavior before claiming whole-file parity
source:Code/Tools/W3DView/Res/bmp00002.bmp,source,Code/Tools/W3DView/Res/bmp00002.bmp,Code/Tools/W3DView/Res/bmp00002.bmp,games/renegade/migration,,,not_started,,parity,Source inventory only; split behavior before claiming whole-file parity
source:Code/Tools/W3DView/Res/cur00001.cur,source,Code/Tools/W3DView/Res/cur00001.cur,Code/Tools/W3DView/Res/cur00001.cur,games/renegade/migration,,,not_started,,parity,Source inventory only; split behavior before claiming whole-file parity
source:Code/Tools/W3DView/Res/cursor.tga,source,Code/Tools/W3DView/Res/cursor.tga,Code/Tools/W3DView/Res/cursor.tga,games/renegade/migration,,,not_started,,parity,Source inventory only; split behavior before claiming whole-file parity
source:Code/Tools/W3DView/Res/cursor1.cur,source,Code/Tools/W3DView/Res/cursor1.cur,Code/Tools/W3DView/Res/cursor1.cur,games/renegade/migration,,,not_started,,parity,Source inventory only; split behavior before claiming whole-file parity
source:Code/Tools/W3DView/Res/ffwd.bmp,source,Code/Tools/W3DView/Res/ffwd.bmp,Code/Tools/W3DView/Res/ffwd.bmp,games/renegade/migration,,,not_started,,parity,Source inventory only; split behavior before claiming whole-file parity
source:Code/Tools/W3DView/Res/ffwdsel.bmp,source,Code/Tools/W3DView/Res/ffwdsel.bmp,Code/Tools/W3DView/Res/ffwdsel.bmp,games/renegade/migration,,,not_started,,parity,Source inventory only; split behavior before claiming whole-file parity
source:Code/Tools/W3DView/Res/frame.ico,source,Code/Tools/W3DView/Res/frame.ico,Code/Tools/W3DView/Res/frame.ico,games/renegade/migration,,,not_started,,parity,Source inventory only; split behavior before claiming whole-file parity
source:Code/Tools/W3DView/Res/grab.tga,source,Code/Tools/W3DView/Res/grab.tga,Code/Tools/W3DView/Res/grab.tga,games/renegade/migration,,,not_started,,parity,Source inventory only; split behavior before claiming whole-file parity
source:Code/Tools/W3DView/Res/hierarch.ico,source,Code/Tools/W3DView/Res/hierarch.ico,Code/Tools/W3DView/Res/hierarch.ico,games/renegade/migration,,,not_started,,parity,Source inventory only; split behavior before claiming whole-file parity
source:Code/Tools/W3DView/Res/ico00001.ico,source,Code/Tools/W3DView/Res/ico00001.ico,Code/Tools/W3DView/Res/ico00001.ico,games/renegade/migration,,,not_started,,parity,Source inventory only; split behavior before claiming whole-file parity
source:Code/Tools/W3DView/Res/ico00002.ico,source,Code/Tools/W3DView/Res/ico00002.ico,Code/Tools/W3DView/Res/ico00002.ico,games/renegade/migration,,,not_started,,parity,Source inventory only; split behavior before claiming whole-file parity
source:Code/Tools/W3DView/Res/ico00003.ico,source,Code/Tools/W3DView/Res/ico00003.ico,Code/Tools/W3DView/Res/ico00003.ico,games/renegade/migration,,,not_started,,parity,Source inventory only; split behavior before claiming whole-file parity
source:Code/Tools/W3DView/Res/ico00004.ico,source,Code/Tools/W3DView/Res/ico00004.ico,Code/Tools/W3DView/Res/ico00004.ico,games/renegade/migration,,,not_started,,parity,Source inventory only; split behavior before claiming whole-file parity
source:Code/Tools/W3DView/Res/ico00005.ico,source,Code/Tools/W3DView/Res/ico00005.ico,Code/Tools/W3DView/Res/ico00005.ico,games/renegade/migration,,,not_started,,parity,Source inventory only; split behavior before claiming whole-file parity
source:Code/Tools/W3DView/Res/ico00006.ico,source,Code/Tools/W3DView/Res/ico00006.ico,Code/Tools/W3DView/Res/ico00006.ico,games/renegade/migration,,,not_started,,parity,Source inventory only; split behavior before claiming whole-file parity
source:Code/Tools/W3DView/Res/ico00007.ico,source,Code/Tools/W3DView/Res/ico00007.ico,Code/Tools/W3DView/Res/ico00007.ico,games/renegade/migration,,,not_started,,parity,Source inventory only; split behavior before claiming whole-file parity
source:Code/Tools/W3DView/Res/ico00008.ico,source,Code/Tools/W3DView/Res/ico00008.ico,Code/Tools/W3DView/Res/ico00008.ico,games/renegade/migration,,,not_started,,parity,Source inventory only; split behavior before claiming whole-file parity
source:Code/Tools/W3DView/Res/ico00009.ico,source,Code/Tools/W3DView/Res/ico00009.ico,Code/Tools/W3DView/Res/ico00009.ico,games/renegade/migration,,,not_started,,parity,Source inventory only; split behavior before claiming whole-file parity
source:Code/Tools/W3DView/Res/ico00010.ico,source,Code/Tools/W3DView/Res/ico00010.ico,Code/Tools/W3DView/Res/ico00010.ico,games/renegade/migration,,,not_started,,parity,Source inventory only; split behavior before claiming whole-file parity
source:Code/Tools/W3DView/Res/ico00011.ico,source,Code/Tools/W3DView/Res/ico00011.ico,Code/Tools/W3DView/Res/ico00011.ico,games/renegade/migration,,,not_started,,parity,Source inventory only; split behavior before claiming whole-file parity
source:Code/Tools/W3DView/Res/ico00012.ico,source,Code/Tools/W3DView/Res/ico00012.ico,Code/Tools/W3DView/Res/ico00012.ico,games/renegade/migration,,,not_started,,parity,Source inventory only; split behavior before claiming whole-file parity
source:Code/Tools/W3DView/Res/ico00013.ico,source,Code/Tools/W3DView/Res/ico00013.ico,Code/Tools/W3DView/Res/ico00013.ico,games/renegade/migration,,,not_started,,parity,Source inventory only; split behavior before claiming whole-file parity
source:Code/Tools/W3DView/Res/ico00014.ico,source,Code/Tools/W3DView/Res/ico00014.ico,Code/Tools/W3DView/Res/ico00014.ico,games/renegade/migration,,,not_started,,parity,Source inventory only; split behavior before claiming whole-file parity
source:Code/Tools/W3DView/Res/ico00015.ico,source,Code/Tools/W3DView/Res/ico00015.ico,Code/Tools/W3DView/Res/ico00015.ico,games/renegade/migration,,,not_started,,parity,Source inventory only; split behavior before claiming whole-file parity
source:Code/Tools/W3DView/Res/ico00016.ico,source,Code/Tools/W3DView/Res/ico00016.ico,Code/Tools/W3DView/Res/ico00016.ico,games/renegade/migration,,,not_started,,parity,Source inventory only; split behavior before claiming whole-file parity
source:Code/Tools/W3DView/Res/ico00017.ico,source,Code/Tools/W3DView/Res/ico00017.ico,Code/Tools/W3DView/Res/ico00017.ico,games/renegade/migration,,,not_started,,parity,Source inventory only; split behavior before claiming whole-file parity
source:Code/Tools/W3DView/Res/ico00018.ico,source,Code/Tools/W3DView/Res/ico00018.ico,Code/Tools/W3DView/Res/ico00018.ico,games/renegade/migration,,,not_started,,parity,Source inventory only; split behavior before claiming whole-file parity
source:Code/Tools/W3DView/Res/icon1.ico,source,Code/Tools/W3DView/Res/icon1.ico,Code/Tools/W3DView/Res/icon1.ico,games/renegade/migration,,,not_started,,parity,Source inventory only; split behavior before claiming whole-file parity
source:Code/Tools/W3DView/Res/icon2.ico,source,Code/Tools/W3DView/Res/icon2.ico,Code/Tools/W3DView/Res/icon2.ico,games/renegade/migration,,,not_started,,parity,Source inventory only; split behavior before claiming whole-file parity
source:Code/Tools/W3DView/Res/line.ico,source,Code/Tools/W3DView/Res/line.ico,Code/Tools/W3DView/Res/line.ico,games/renegade/migration,,,not_started,,parity,Source inventory only; split behavior before claiming whole-file parity
source:Code/Tools/W3DView/Res/lineup.ico,source,Code/Tools/W3DView/Res/lineup.ico,Code/Tools/W3DView/Res/lineup.ico,games/renegade/migration,,,not_started,,parity,Source inventory only; split behavior before claiming whole-file parity
source:Code/Tools/W3DView/Res/material.ico,source,Code/Tools/W3DView/Res/material.ico,Code/Tools/W3DView/Res/material.ico,games/renegade/migration,,,not_started,,parity,Source inventory only; split behavior before claiming whole-file parity
source:Code/Tools/W3DView/Res/openfold.ico,source,Code/Tools/W3DView/Res/openfold.ico,Code/Tools/W3DView/Res/openfold.ico,games/renegade/migration,,,not_started,,parity,Source inventory only; split behavior before claiming whole-file parity
source:Code/Tools/W3DView/Res/orbit.tga,source,Code/Tools/W3DView/Res/orbit.tga,Code/Tools/W3DView/Res/orbit.tga,games/renegade/migration,,,not_started,,parity,Source inventory only; split behavior before claiming whole-file parity
source:Code/Tools/W3DView/Res/particle.ico,source,Code/Tools/W3DView/Res/particle.ico,Code/Tools/W3DView/Res/particle.ico,games/renegade/migration,,,not_started,,parity,Source inventory only; split behavior before claiming whole-file parity
source:Code/Tools/W3DView/Res/pause.bmp,source,Code/Tools/W3DView/Res/pause.bmp,Code/Tools/W3DView/Res/pause.bmp,games/renegade/migration,,,not_started,,parity,Source inventory only; split behavior before claiming whole-file parity
source:Code/Tools/W3DView/Res/pausesel.bmp,source,Code/Tools/W3DView/Res/pausesel.bmp,Code/Tools/W3DView/Res/pausesel.bmp,games/renegade/migration,,,not_started,,parity,Source inventory only; split behavior before claiming whole-file parity
source:Code/Tools/W3DView/Res/play.bmp,source,Code/Tools/W3DView/Res/play.bmp,Code/Tools/W3DView/Res/play.bmp,games/renegade/migration,,,not_started,,parity,Source inventory only; split behavior before claiming whole-file parity
source:Code/Tools/W3DView/Res/playsel.bmp,source,Code/Tools/W3DView/Res/playsel.bmp,Code/Tools/W3DView/Res/playsel.bmp,games/renegade/migration,,,not_started,,parity,Source inventory only; split behavior before claiming whole-file parity
source:Code/Tools/W3DView/Res/reverse.bmp,source,Code/Tools/W3DView/Res/reverse.bmp,Code/Tools/W3DView/Res/reverse.bmp,games/renegade/migration,,,not_started,,parity,Source inventory only; split behavior before claiming whole-file parity
source:Code/Tools/W3DView/Res/reversesel.bmp,source,Code/Tools/W3DView/Res/reversesel.bmp,Code/Tools/W3DView/Res/reversesel.bmp,games/renegade/migration,,,not_started,,parity,Source inventory only; split behavior before claiming whole-file parity
source:Code/Tools/W3DView/Res/rotatez.bmp,source,Code/Tools/W3DView/Res/rotatez.bmp,Code/Tools/W3DView/Res/rotatez.bmp,games/renegade/migration,,,not_started,,parity,Source inventory only; split behavior before claiming whole-file parity
source:Code/Tools/W3DView/Res/rotatezsel.bmp,source,Code/Tools/W3DView/Res/rotatezsel.bmp,Code/Tools/W3DView/Res/rotatezsel.bmp,games/renegade/migration,,,not_started,,parity,Source inventory only; split behavior before claiming whole-file parity
source:Code/Tools/W3DView/Res/rotation.ico,source,Code/Tools/W3DView/Res/rotation.ico,Code/Tools/W3DView/Res/rotation.ico,games/renegade/migration,,,not_started,,parity,Source inventory only; split behavior before claiming whole-file parity
source:Code/Tools/W3DView/Res/sound.ico,source,Code/Tools/W3DView/Res/sound.ico,Code/Tools/W3DView/Res/sound.ico,games/renegade/migration,,,not_started,,parity,Source inventory only; split behavior before claiming whole-file parity
source:Code/Tools/W3DView/Res/stop.bmp,source,Code/Tools/W3DView/Res/stop.bmp,Code/Tools/W3DView/Res/stop.bmp,games/renegade/migration,,,not_started,,parity,Source inventory only; split behavior before claiming whole-file parity
source:Code/Tools/W3DView/Res/stopsel.bmp,source,Code/Tools/W3DView/Res/stopsel.bmp,Code/Tools/W3DView/Res/stopsel.bmp,games/renegade/migration,,,not_started,,parity,Source inventory only; split behavior before claiming whole-file parity
source:Code/Tools/W3DView/Res/user1.ico,source,Code/Tools/W3DView/Res/user1.ico,Code/Tools/W3DView/Res/user1.ico,games/renegade/migration,,,not_started,,parity,Source inventory only; split behavior before claiming whole-file parity
source:Code/Tools/W3DView/Res/xdir.bmp,source,Code/Tools/W3DView/Res/xdir.bmp,Code/Tools/W3DView/Res/xdir.bmp,games/renegade/migration,,,not_started,,parity,Source inventory only; split behavior before claiming whole-file parity
source:Code/Tools/W3DView/Res/xdirsel.bmp,source,Code/Tools/W3DView/Res/xdirsel.bmp,Code/Tools/W3DView/Res/xdirsel.bmp,games/renegade/migration,,,not_started,,parity,Source inventory only; split behavior before claiming whole-file parity
source:Code/Tools/W3DView/Res/ydir.bmp,source,Code/Tools/W3DView/Res/ydir.bmp,Code/Tools/W3DView/Res/ydir.bmp,games/renegade/migration,,,not_started,,parity,Source inventory only; split behavior before claiming whole-file parity
source:Code/Tools/W3DView/Res/ydirsel.bmp,source,Code/Tools/W3DView/Res/ydirsel.bmp,Code/Tools/W3DView/Res/ydirsel.bmp,games/renegade/migration,,,not_started,,parity,Source inventory only; split behavior before claiming whole-file parity
source:Code/Tools/W3DView/Res/zdir.bmp,source,Code/Tools/W3DView/Res/zdir.bmp,Code/Tools/W3DView/Res/zdir.bmp,games/renegade/migration,,,not_started,,parity,Source inventory only; split behavior before claiming whole-file parity
source:Code/Tools/W3DView/Res/zdirsel.bmp,source,Code/Tools/W3DView/Res/zdirsel.bmp,Code/Tools/W3DView/Res/zdirsel.bmp,games/renegade/migration,,,not_started,,parity,Source inventory only; split behavior before claiming whole-file parity
source:Code/Tools/W3DView/Res/zoom.tga,source,Code/Tools/W3DView/Res/zoom.tga,Code/Tools/W3DView/Res/zoom.tga,games/renegade/migration,,,not_started,,parity,Source inventory only; split behavior before claiming whole-file parity
source:Code/Tools/W3DView/ResolutionDialog.cpp,source,Code/Tools/W3DView/ResolutionDialog.cpp,Code/Tools/W3DView/ResolutionDialog.cpp,games/renegade/migration,,,not_started,,parity,Source inventory only; split behavior before claiming whole-file parity
source:Code/Tools/W3DView/ResolutionDialog.h,source,Code/Tools/W3DView/ResolutionDialog.h,Code/Tools/W3DView/ResolutionDialog.h,games/renegade/migration,,,not_started,,parity,Source inventory only; split behavior before claiming whole-file parity
source:Code/Tools/W3DView/RestrictedFileDialog.cpp,source,Code/Tools/W3DView/RestrictedFileDialog.cpp,Code/Tools/W3DView/RestrictedFileDialog.cpp,games/renegade/migration,,,not_started,,parity,Source inventory only; split behavior before claiming whole-file parity
source:Code/Tools/W3DView/RestrictedFileDialog.h,source,Code/Tools/W3DView/RestrictedFileDialog.h,Code/Tools/W3DView/RestrictedFileDialog.h,games/renegade/migration,,,not_started,,parity,Source inventory only; split behavior before claiming whole-file parity
source:Code/Tools/W3DView/RingColorPropPage.cpp,source,Code/Tools/W3DView/RingColorPropPage.cpp,Code/Tools/W3DView/RingColorPropPage.cpp,games/renegade/migration,,,not_started,,parity,Source inventory only; split behavior before claiming whole-file parity
source:Code/Tools/W3DView/RingColorPropPage.h,source,Code/Tools/W3DView/RingColorPropPage.h,Code/Tools/W3DView/RingColorPropPage.h,games/renegade/migration,,,not_started,,parity,Source inventory only; split behavior before claiming whole-file parity
source:Code/Tools/W3DView/RingGeneralPropPage.cpp,source,Code/Tools/W3DView/RingGeneralPropPage.cpp,Code/Tools/W3DView/RingGeneralPropPage.cpp,games/renegade/migration,,,not_started,,parity,Source inventory only; split behavior before claiming whole-file parity
source:Code/Tools/W3DView/RingGeneralPropPage.h,source,Code/Tools/W3DView/RingGeneralPropPage.h,Code/Tools/W3DView/RingGeneralPropPage.h,games/renegade/migration,,,not_started,,parity,Source inventory only; split behavior before claiming whole-file parity
source:Code/Tools/W3DView/RingPropertySheet.cpp,source,Code/Tools/W3DView/RingPropertySheet.cpp,Code/Tools/W3DView/RingPropertySheet.cpp,games/renegade/migration,,,not_started,,parity,Source inventory only; split behavior before claiming whole-file parity
source:Code/Tools/W3DView/RingPropertySheet.h,source,Code/Tools/W3DView/RingPropertySheet.h,Code/Tools/W3DView/RingPropertySheet.h,games/renegade/migration,,,not_started,,parity,Source inventory only; split behavior before claiming whole-file parity
source:Code/Tools/W3DView/RingSizePropPage.cpp,source,Code/Tools/W3DView/RingSizePropPage.cpp,Code/Tools/W3DView/RingSizePropPage.cpp,games/renegade/migration,,,not_started,,parity,Source inventory only; split behavior before claiming whole-file parity
source:Code/Tools/W3DView/RingSizePropPage.h,source,Code/Tools/W3DView/RingSizePropPage.h,Code/Tools/W3DView/RingSizePropPage.h,games/renegade/migration,,,not_started,,parity,Source inventory only; split behavior before claiming whole-file parity
source:Code/Tools/W3DView/SaveSettingsDialog.cpp,source,Code/Tools/W3DView/SaveSettingsDialog.cpp,Code/Tools/W3DView/SaveSettingsDialog.cpp,games/renegade/migration,,,not_started,,parity,Source inventory only; split behavior before claiming whole-file parity
source:Code/Tools/W3DView/SaveSettingsDialog.h,source,Code/Tools/W3DView/SaveSettingsDialog.h,Code/Tools/W3DView/SaveSettingsDialog.h,games/renegade/migration,,,not_started,,parity,Source inventory only; split behavior before claiming whole-file parity
source:Code/Tools/W3DView/ScaleDialog.cpp,source,Code/Tools/W3DView/ScaleDialog.cpp,Code/Tools/W3DView/ScaleDialog.cpp,games/renegade/migration,,,not_started,,parity,Source inventory only; split behavior before claiming whole-file parity
source:Code/Tools/W3DView/ScaleDialog.h,source,Code/Tools/W3DView/ScaleDialog.h,Code/Tools/W3DView/ScaleDialog.h,games/renegade/migration,,,not_started,,parity,Source inventory only; split behavior before claiming whole-file parity
source:Code/Tools/W3DView/SceneLightDialog.cpp,source,Code/Tools/W3DView/SceneLightDialog.cpp,Code/Tools/W3DView/SceneLightDialog.cpp,games/renegade/migration,,,not_started,,parity,Source inventory only; split behavior before claiming whole-file parity
source:Code/Tools/W3DView/SceneLightDialog.h,source,Code/Tools/W3DView/SceneLightDialog.h,Code/Tools/W3DView/SceneLightDialog.h,games/renegade/migration,,,not_started,,parity,Source inventory only; split behavior before claiming whole-file parity
source:Code/Tools/W3DView/ScreenCursor.cpp,source,Code/Tools/W3DView/ScreenCursor.cpp,Code/Tools/W3DView/ScreenCursor.cpp,games/renegade/migration,,,not_started,,parity,Source inventory only; split behavior before claiming whole-file parity
source:Code/Tools/W3DView/ScreenCursor.h,source,Code/Tools/W3DView/ScreenCursor.h,Code/Tools/W3DView/ScreenCursor.h,games/renegade/migration,,,not_started,,parity,Source inventory only; split behavior before claiming whole-file parity
source:Code/Tools/W3DView/SoundEditDialog.cpp,source,Code/Tools/W3DView/SoundEditDialog.cpp,Code/Tools/W3DView/SoundEditDialog.cpp,games/renegade/migration,,,not_started,,parity,Source inventory only; split behavior before claiming whole-file parity
source:Code/Tools/W3DView/SoundEditDialog.h,source,Code/Tools/W3DView/SoundEditDialog.h,Code/Tools/W3DView/SoundEditDialog.h,games/renegade/migration,,,not_started,,parity,Source inventory only; split behavior before claiming whole-file parity
source:Code/Tools/W3DView/SphereColorPropPage.cpp,source,Code/Tools/W3DView/SphereColorPropPage.cpp,Code/Tools/W3DView/SphereColorPropPage.cpp,games/renegade/migration,,,not_started,,parity,Source inventory only; split behavior before claiming whole-file parity
source:Code/Tools/W3DView/SphereColorPropPage.h,source,Code/Tools/W3DView/SphereColorPropPage.h,Code/Tools/W3DView/SphereColorPropPage.h,games/renegade/migration,,,not_started,,parity,Source inventory only; split behavior before claiming whole-file parity
source:Code/Tools/W3DView/SphereGeneralPropPage.cpp,source,Code/Tools/W3DView/SphereGeneralPropPage.cpp,Code/Tools/W3DView/SphereGeneralPropPage.cpp,games/renegade/migration,,,not_started,,parity,Source inventory only; split behavior before claiming whole-file parity
source:Code/Tools/W3DView/SphereGeneralPropPage.h,source,Code/Tools/W3DView/SphereGeneralPropPage.h,Code/Tools/W3DView/SphereGeneralPropPage.h,games/renegade/migration,,,not_started,,parity,Source inventory only; split behavior before claiming whole-file parity
source:Code/Tools/W3DView/SpherePropertySheet.cpp,source,Code/Tools/W3DView/SpherePropertySheet.cpp,Code/Tools/W3DView/SpherePropertySheet.cpp,games/renegade/migration,,,not_started,,parity,Source inventory only; split behavior before claiming whole-file parity
source:Code/Tools/W3DView/SpherePropertySheet.h,source,Code/Tools/W3DView/SpherePropertySheet.h,Code/Tools/W3DView/SpherePropertySheet.h,games/renegade/migration,,,not_started,,parity,Source inventory only; split behavior before claiming whole-file parity
source:Code/Tools/W3DView/SphereSizePropPage.cpp,source,Code/Tools/W3DView/SphereSizePropPage.cpp,Code/Tools/W3DView/SphereSizePropPage.cpp,games/renegade/migration,,,not_started,,parity,Source inventory only; split behavior before claiming whole-file parity
source:Code/Tools/W3DView/SphereSizePropPage.h,source,Code/Tools/W3DView/SphereSizePropPage.h,Code/Tools/W3DView/SphereSizePropPage.h,games/renegade/migration,,,not_started,,parity,Source inventory only; split behavior before claiming whole-file parity
source:Code/Tools/W3DView/SphereUtils.cpp,source,Code/Tools/W3DView/SphereUtils.cpp,Code/Tools/W3DView/SphereUtils.cpp,games/renegade/migration,,,not_started,,parity,Source inventory only; split behavior before claiming whole-file parity
source:Code/Tools/W3DView/SphereUtils.h,source,Code/Tools/W3DView/SphereUtils.h,Code/Tools/W3DView/SphereUtils.h,games/renegade/migration,,,not_started,,parity,Source inventory only; split behavior before claiming whole-file parity
source:Code/Tools/W3DView/StdAfx.cpp,source,Code/Tools/W3DView/StdAfx.cpp,Code/Tools/W3DView/StdAfx.cpp,games/renegade/migration,,,not_started,,parity,Source inventory only; split behavior before claiming whole-file parity
source:Code/Tools/W3DView/StdAfx.h,source,Code/Tools/W3DView/StdAfx.h,Code/Tools/W3DView/StdAfx.h,games/renegade/migration,,,not_started,,parity,Source inventory only; split behavior before claiming whole-file parity
source:Code/Tools/W3DView/TextureMgrDialog.cpp,source,Code/Tools/W3DView/TextureMgrDialog.cpp,Code/Tools/W3DView/TextureMgrDialog.cpp,games/renegade/migration,,,not_started,,parity,Source inventory only; split behavior before claiming whole-file parity
source:Code/Tools/W3DView/TextureMgrDialog.h,source,Code/Tools/W3DView/TextureMgrDialog.h,Code/Tools/W3DView/TextureMgrDialog.h,games/renegade/migration,,,not_started,,parity,Source inventory only; split behavior before claiming whole-file parity
source:Code/Tools/W3DView/TexturePathDialog.cpp,source,Code/Tools/W3DView/TexturePathDialog.cpp,Code/Tools/W3DView/TexturePathDialog.cpp,games/renegade/migration,,,not_started,,parity,Source inventory only; split behavior before claiming whole-file parity
source:Code/Tools/W3DView/TexturePathDialog.h,source,Code/Tools/W3DView/TexturePathDialog.h,Code/Tools/W3DView/TexturePathDialog.h,games/renegade/migration,,,not_started,,parity,Source inventory only; split behavior before claiming whole-file parity
source:Code/Tools/W3DView/TextureSettingsDialog.cpp,source,Code/Tools/W3DView/TextureSettingsDialog.cpp,Code/Tools/W3DView/TextureSettingsDialog.cpp,games/renegade/migration,,,not_started,,parity,Source inventory only; split behavior before claiming whole-file parity
source:Code/Tools/W3DView/TextureSettingsDialog.h,source,Code/Tools/W3DView/TextureSettingsDialog.h,Code/Tools/W3DView/TextureSettingsDialog.h,games/renegade/migration,,,not_started,,parity,Source inventory only; split behavior before claiming whole-file parity
source:Code/Tools/W3DView/Toolbar.cpp,source,Code/Tools/W3DView/Toolbar.cpp,Code/Tools/W3DView/Toolbar.cpp,games/renegade/migration,,,not_started,,parity,Source inventory only; split behavior before claiming whole-file parity
source:Code/Tools/W3DView/Toolbar.h,source,Code/Tools/W3DView/Toolbar.h,Code/Tools/W3DView/Toolbar.h,games/renegade/migration,,,not_started,,parity,Source inventory only; split behavior before claiming whole-file parity
source:Code/Tools/W3DView/Utils.cpp,source,Code/Tools/W3DView/Utils.cpp,Code/Tools/W3DView/Utils.cpp,games/renegade/migration,,,not_started,,parity,Source inventory only; split behavior before claiming whole-file parity
source:Code/Tools/W3DView/Utils.h,source,Code/Tools/W3DView/Utils.h,Code/Tools/W3DView/Utils.h,games/renegade/migration,,,not_started,,parity,Source inventory only; split behavior before claiming whole-file parity
source:Code/Tools/W3DView/Vector3RndCombo.H,source,Code/Tools/W3DView/Vector3RndCombo.H,Code/Tools/W3DView/Vector3RndCombo.H,games/renegade/migration,,,not_started,,parity,Source inventory only; split behavior before claiming whole-file parity
source:Code/Tools/W3DView/Vector3RndCombo.cpp,source,Code/Tools/W3DView/Vector3RndCombo.cpp,Code/Tools/W3DView/Vector3RndCombo.cpp,games/renegade/migration,,,not_started,,parity,Source inventory only; split behavior before claiming whole-file parity
source:Code/Tools/W3DView/ViewerAssetMgr.cpp,source,Code/Tools/W3DView/ViewerAssetMgr.cpp,Code/Tools/W3DView/ViewerAssetMgr.cpp,games/renegade/migration,,,not_started,,parity,Source inventory only; split behavior before claiming whole-file parity
source:Code/Tools/W3DView/ViewerAssetMgr.h,source,Code/Tools/W3DView/ViewerAssetMgr.h,Code/Tools/W3DView/ViewerAssetMgr.h,games/renegade/migration,,,not_started,,parity,Source inventory only; split behavior before claiming whole-file parity
source:Code/Tools/W3DView/ViewerScene.cpp,source,Code/Tools/W3DView/ViewerScene.cpp,Code/Tools/W3DView/ViewerScene.cpp,games/renegade/migration,,,not_started,,parity,Source inventory only; split behavior before claiming whole-file parity
source:Code/Tools/W3DView/ViewerScene.h,source,Code/Tools/W3DView/ViewerScene.h,Code/Tools/W3DView/ViewerScene.h,games/renegade/migration,,,not_started,,parity,Source inventory only; split behavior before claiming whole-file parity
source:Code/Tools/W3DView/VolumeRandomDialog.cpp,source,Code/Tools/W3DView/VolumeRandomDialog.cpp,Code/Tools/W3DView/VolumeRandomDialog.cpp,games/renegade/migration,,,not_started,,parity,Source inventory only; split behavior before claiming whole-file parity
source:Code/Tools/W3DView/VolumeRandomDialog.h,source,Code/Tools/W3DView/VolumeRandomDialog.h,Code/Tools/W3DView/VolumeRandomDialog.h,games/renegade/migration,,,not_started,,parity,Source inventory only; split behavior before claiming whole-file parity
source:Code/Tools/W3DView/W3DView.cpp,source,Code/Tools/W3DView/W3DView.cpp,Code/Tools/W3DView/W3DView.cpp,games/renegade/migration,,,not_started,,parity,Source inventory only; split behavior before claiming whole-file parity
source:Code/Tools/W3DView/W3DView.dsp,source,Code/Tools/W3DView/W3DView.dsp,Code/Tools/W3DView/W3DView.dsp,games/renegade/migration,,,not_started,,parity,Source inventory only; split behavior before claiming whole-file parity
source:Code/Tools/W3DView/W3DView.dsw,source,Code/Tools/W3DView/W3DView.dsw,Code/Tools/W3DView/W3DView.dsw,games/renegade/migration,,,not_started,,parity,Source inventory only; split behavior before claiming whole-file parity
source:Code/Tools/W3DView/W3DView.h,source,Code/Tools/W3DView/W3DView.h,Code/Tools/W3DView/W3DView.h,games/renegade/migration,,,not_started,,parity,Source inventory only; split behavior before claiming whole-file parity
source:Code/Tools/W3DView/W3DView.rc,source,Code/Tools/W3DView/W3DView.rc,Code/Tools/W3DView/W3DView.rc,games/renegade/migration,,,not_started,,parity,Source inventory only; split behavior before claiming whole-file parity
source:Code/Tools/W3DView/W3DView.reg,source,Code/Tools/W3DView/W3DView.reg,Code/Tools/W3DView/W3DView.reg,games/renegade/migration,,,not_started,,parity,Source inventory only; split behavior before claiming whole-file parity
source:Code/Tools/W3DView/W3DViewDoc.cpp,source,Code/Tools/W3DView/W3DViewDoc.cpp,Code/Tools/W3DView/W3DViewDoc.cpp,games/renegade/migration,,,not_started,,parity,Source inventory only; split behavior before claiming whole-file parity
source:Code/Tools/W3DView/W3DViewDoc.h,source,Code/Tools/W3DView/W3DViewDoc.h,Code/Tools/W3DView/W3DViewDoc.h,games/renegade/migration,,,not_started,,parity,Source inventory only; split behavior before claiming whole-file parity
source:Code/Tools/W3DView/W3DViewView.cpp,source,Code/Tools/W3DView/W3DViewView.cpp,Code/Tools/W3DView/W3DViewView.cpp,games/renegade/migration,,,not_started,,parity,Source inventory only; split behavior before claiming whole-file parity
source:Code/Tools/W3DView/W3DViewView.h,source,Code/Tools/W3DView/W3DViewView.h,Code/Tools/W3DView/W3DViewView.h,games/renegade/migration,,,not_started,,parity,Source inventory only; split behavior before claiming whole-file parity
source:Code/Tools/W3DView/bitmap1.bmp,source,Code/Tools/W3DView/bitmap1.bmp,Code/Tools/W3DView/bitmap1.bmp,games/renegade/migration,,,not_started,,parity,Source inventory only; split behavior before claiming whole-file parity
source:Code/Tools/W3DView/keyframe.bmp,source,Code/Tools/W3DView/keyframe.bmp,Code/Tools/W3DView/keyframe.bmp,games/renegade/migration,,,not_started,,parity,Source inventory only; split behavior before claiming whole-file parity
source:Code/Tools/W3DView/marker.bmp,source,Code/Tools/W3DView/marker.bmp,Code/Tools/W3DView/marker.bmp,games/renegade/migration,,,not_started,,parity,Source inventory only; split behavior before claiming whole-file parity
source:Code/Tools/W3DView/resource.h,source,Code/Tools/W3DView/resource.h,Code/Tools/W3DView/resource.h,games/renegade/migration,,,not_started,,parity,Source inventory only; split behavior before claiming whole-file parity
source:Code/Tools/W3DView/resource.hm,source,Code/Tools/W3DView/resource.hm,Code/Tools/W3DView/resource.hm,games/renegade/migration,,,not_started,,parity,Source inventory only; split behavior before claiming whole-file parity
source:Code/Tools/WWConfig/AudioConfigDialog.cpp,source,Code/Tools/WWConfig/AudioConfigDialog.cpp,Code/Tools/WWConfig/AudioConfigDialog.cpp,games/renegade/migration,,,not_started,,parity,Source inventory only; split behavior before claiming whole-file parity
source:Code/Tools/WWConfig/AudioConfigDialog.h,source,Code/Tools/WWConfig/AudioConfigDialog.h,Code/Tools/WWConfig/AudioConfigDialog.h,games/renegade/migration,,,not_started,,parity,Source inventory only; split behavior before claiming whole-file parity
source:Code/Tools/WWConfig/DriverVersionWarning.cpp,source,Code/Tools/WWConfig/DriverVersionWarning.cpp,Code/Tools/WWConfig/DriverVersionWarning.cpp,games/renegade/migration,,,not_started,,parity,Source inventory only; split behavior before claiming whole-file parity
source:Code/Tools/WWConfig/DriverVersionWarning.h,source,Code/Tools/WWConfig/DriverVersionWarning.h,Code/Tools/WWConfig/DriverVersionWarning.h,games/renegade/migration,,,not_started,,parity,Source inventory only; split behavior before claiming whole-file parity
source:Code/Tools/WWConfig/EZGIMEX.cpp,source,Code/Tools/WWConfig/EZGIMEX.cpp,Code/Tools/WWConfig/EZGIMEX.cpp,games/renegade/migration,,,not_started,,parity,Source inventory only; split behavior before claiming whole-file parity
source:Code/Tools/WWConfig/Locale_API.cpp,source,Code/Tools/WWConfig/Locale_API.cpp,Code/Tools/WWConfig/Locale_API.cpp,games/renegade/migration,,,not_started,,parity,Source inventory only; split behavior before claiming whole-file parity
source:Code/Tools/WWConfig/Locale_API.h,source,Code/Tools/WWConfig/Locale_API.h,Code/Tools/WWConfig/Locale_API.h,games/renegade/migration,,,not_started,,parity,Source inventory only; split behavior before claiming whole-file parity
source:Code/Tools/WWConfig/Localization/Locomoto.exe,source,Code/Tools/WWConfig/Localization/Locomoto.exe,Code/Tools/WWConfig/Localization/Locomoto.exe,games/renegade/migration,,,not_started,,parity,Source inventory only; split behavior before claiming whole-file parity
source:Code/Tools/WWConfig/Localization/Locomoto.txt,source,Code/Tools/WWConfig/Localization/Locomoto.txt,Code/Tools/WWConfig/Localization/Locomoto.txt,games/renegade/migration,,,not_started,,parity,Source inventory only; split behavior before claiming whole-file parity
source:Code/Tools/WWConfig/Localization/WWConfig_IDs.bat,source,Code/Tools/WWConfig/Localization/WWConfig_IDs.bat,Code/Tools/WWConfig/Localization/WWConfig_IDs.bat,games/renegade/migration,,,not_started,,parity,Source inventory only; split behavior before claiming whole-file parity
source:Code/Tools/WWConfig/Localization/WWConfig_IDs.rsp,source,Code/Tools/WWConfig/Localization/WWConfig_IDs.rsp,Code/Tools/WWConfig/Localization/WWConfig_IDs.rsp,games/renegade/migration,,,not_started,,parity,Source inventory only; split behavior before claiming whole-file parity
source:Code/Tools/WWConfig/Localization/WWConfig_IDs.txt,source,Code/Tools/WWConfig/Localization/WWConfig_IDs.txt,Code/Tools/WWConfig/Localization/WWConfig_IDs.txt,games/renegade/migration,,,not_started,,parity,Source inventory only; split behavior before claiming whole-file parity
source:Code/Tools/WWConfig/Localization/WWConfig_IDs.xls,source,Code/Tools/WWConfig/Localization/WWConfig_IDs.xls,Code/Tools/WWConfig/Localization/WWConfig_IDs.xls,games/renegade/migration,,,not_started,,parity,Source inventory only; split behavior before claiming whole-file parity
source:Code/Tools/WWConfig/PerformanceConfigDialog.cpp,source,Code/Tools/WWConfig/PerformanceConfigDialog.cpp,Code/Tools/WWConfig/PerformanceConfigDialog.cpp,games/renegade/migration,,,not_started,,parity,Source inventory only; split behavior before claiming whole-file parity
source:Code/Tools/WWConfig/PerformanceConfigDialog.h,source,Code/Tools/WWConfig/PerformanceConfigDialog.h,Code/Tools/WWConfig/PerformanceConfigDialog.h,games/renegade/migration,,,not_started,,parity,Source inventory only; split behavior before claiming whole-file parity
source:Code/Tools/WWConfig/Resource.h,source,Code/Tools/WWConfig/Resource.h,Code/Tools/WWConfig/Resource.h,games/renegade/migration,,,not_started,,parity,Source inventory only; split behavior before claiming whole-file parity
source:Code/Tools/WWConfig/StdAfx.cpp,source,Code/Tools/WWConfig/StdAfx.cpp,Code/Tools/WWConfig/StdAfx.cpp,games/renegade/migration,,,not_started,,parity,Source inventory only; split behavior before claiming whole-file parity
source:Code/Tools/WWConfig/StdAfx.h,source,Code/Tools/WWConfig/StdAfx.h,Code/Tools/WWConfig/StdAfx.h,games/renegade/migration,,,not_started,,parity,Source inventory only; split behavior before claiming whole-file parity
source:Code/Tools/WWConfig/VideoConfigDialog.cpp,source,Code/Tools/WWConfig/VideoConfigDialog.cpp,Code/Tools/WWConfig/VideoConfigDialog.cpp,games/renegade/migration,,,not_started,,parity,Source inventory only; split behavior before claiming whole-file parity
source:Code/Tools/WWConfig/VideoConfigDialog.h,source,Code/Tools/WWConfig/VideoConfigDialog.h,Code/Tools/WWConfig/VideoConfigDialog.h,games/renegade/migration,,,not_started,,parity,Source inventory only; split behavior before claiming whole-file parity
source:Code/Tools/WWConfig/WWConfig.cpp,source,Code/Tools/WWConfig/WWConfig.cpp,Code/Tools/WWConfig/WWConfig.cpp,games/renegade/migration,,,not_started,,parity,Source inventory only; split behavior before claiming whole-file parity
source:Code/Tools/WWConfig/WWConfig.dsp,source,Code/Tools/WWConfig/WWConfig.dsp,Code/Tools/WWConfig/WWConfig.dsp,games/renegade/migration,,,not_started,,parity,Source inventory only; split behavior before claiming whole-file parity
source:Code/Tools/WWConfig/WWConfig.dsw,source,Code/Tools/WWConfig/WWConfig.dsw,Code/Tools/WWConfig/WWConfig.dsw,games/renegade/migration,,,not_started,,parity,Source inventory only; split behavior before claiming whole-file parity
source:Code/Tools/WWConfig/WWConfig.h,source,Code/Tools/WWConfig/WWConfig.h,Code/Tools/WWConfig/WWConfig.h,games/renegade/migration,,,not_started,,parity,Source inventory only; split behavior before claiming whole-file parity
source:Code/Tools/WWConfig/WWConfig.rc,source,Code/Tools/WWConfig/WWConfig.rc,Code/Tools/WWConfig/WWConfig.rc,games/renegade/migration,,,not_started,,parity,Source inventory only; split behavior before claiming whole-file parity
source:Code/Tools/WWConfig/WWConfigDlg.cpp,source,Code/Tools/WWConfig/WWConfigDlg.cpp,Code/Tools/WWConfig/WWConfigDlg.cpp,games/renegade/migration,,,not_started,,parity,Source inventory only; split behavior before claiming whole-file parity
source:Code/Tools/WWConfig/WWConfigDlg.h,source,Code/Tools/WWConfig/WWConfigDlg.h,Code/Tools/WWConfig/WWConfigDlg.h,games/renegade/migration,,,not_started,,parity,Source inventory only; split behavior before claiming whole-file parity
source:Code/Tools/WWConfig/gimex.h,source,Code/Tools/WWConfig/gimex.h,Code/Tools/WWConfig/gimex.h,games/renegade/migration,,,not_started,,parity,Source inventory only; split behavior before claiming whole-file parity
source:Code/Tools/WWConfig/locale.cpp,source,Code/Tools/WWConfig/locale.cpp,Code/Tools/WWConfig/locale.cpp,games/renegade/migration,,,not_started,,parity,Source inventory only; split behavior before claiming whole-file parity
source:Code/Tools/WWConfig/locale.h,source,Code/Tools/WWConfig/locale.h,Code/Tools/WWConfig/locale.h,games/renegade/migration,,,not_started,,parity,Source inventory only; split behavior before claiming whole-file parity
source:Code/Tools/WWConfig/res/IDL_CHINESE.loc,source,Code/Tools/WWConfig/res/IDL_CHINESE.loc,Code/Tools/WWConfig/res/IDL_CHINESE.loc,games/renegade/migration,,,not_started,,parity,Source inventory only; split behavior before claiming whole-file parity
source:Code/Tools/WWConfig/res/IDL_ENGLISH.loc,source,Code/Tools/WWConfig/res/IDL_ENGLISH.loc,Code/Tools/WWConfig/res/IDL_ENGLISH.loc,games/renegade/migration,,,not_started,,parity,Source inventory only; split behavior before claiming whole-file parity
source:Code/Tools/WWConfig/res/IDL_FRENCH.loc,source,Code/Tools/WWConfig/res/IDL_FRENCH.loc,Code/Tools/WWConfig/res/IDL_FRENCH.loc,games/renegade/migration,,,not_started,,parity,Source inventory only; split behavior before claiming whole-file parity
source:Code/Tools/WWConfig/res/IDL_GERMAN.loc,source,Code/Tools/WWConfig/res/IDL_GERMAN.loc,Code/Tools/WWConfig/res/IDL_GERMAN.loc,games/renegade/migration,,,not_started,,parity,Source inventory only; split behavior before claiming whole-file parity
source:Code/Tools/WWConfig/res/IDL_JAPANESE.loc,source,Code/Tools/WWConfig/res/IDL_JAPANESE.loc,Code/Tools/WWConfig/res/IDL_JAPANESE.loc,games/renegade/migration,,,not_started,,parity,Source inventory only; split behavior before claiming whole-file parity
source:Code/Tools/WWConfig/res/IDL_KOREAN.loc,source,Code/Tools/WWConfig/res/IDL_KOREAN.loc,Code/Tools/WWConfig/res/IDL_KOREAN.loc,games/renegade/migration,,,not_started,,parity,Source inventory only; split behavior before claiming whole-file parity
source:Code/Tools/WWConfig/res/WWConfig.ico,source,Code/Tools/WWConfig/res/WWConfig.ico,Code/Tools/WWConfig/res/WWConfig.ico,games/renegade/migration,,,not_started,,parity,Source inventory only; split behavior before claiming whole-file parity
source:Code/Tools/WWConfig/res/WWConfig.rc2,source,Code/Tools/WWConfig/res/WWConfig.rc2,Code/Tools/WWConfig/res/WWConfig.rc2,games/renegade/migration,,,not_started,,parity,Source inventory only; split behavior before claiming whole-file parity
source:Code/Tools/WWConfig/res/ico00001.ico,source,Code/Tools/WWConfig/res/ico00001.ico,Code/Tools/WWConfig/res/ico00001.ico,games/renegade/migration,,,not_started,,parity,Source inventory only; split behavior before claiming whole-file parity
source:Code/Tools/WWConfig/res/ico00002.ico,source,Code/Tools/WWConfig/res/ico00002.ico,Code/Tools/WWConfig/res/ico00002.ico,games/renegade/migration,,,not_started,,parity,Source inventory only; split behavior before claiming whole-file parity
source:Code/Tools/WWConfig/res/icon1.ico,source,Code/Tools/WWConfig/res/icon1.ico,Code/Tools/WWConfig/res/icon1.ico,games/renegade/migration,,,not_started,,parity,Source inventory only; split behavior before claiming whole-file parity
source:Code/Tools/WWConfig/res/logo.bmp,source,Code/Tools/WWConfig/res/logo.bmp,Code/Tools/WWConfig/res/logo.bmp,games/renegade/migration,,,not_started,,parity,Source inventory only; split behavior before claiming whole-file parity
source:Code/Tools/WWCtrl/ColorBar.cpp,source,Code/Tools/WWCtrl/ColorBar.cpp,Code/Tools/WWCtrl/ColorBar.cpp,games/renegade/migration,,,not_started,,parity,Source inventory only; split behavior before claiming whole-file parity
source:Code/Tools/WWCtrl/ColorBar.h,source,Code/Tools/WWCtrl/ColorBar.h,Code/Tools/WWCtrl/ColorBar.h,games/renegade/migration,,,not_started,,parity,Source inventory only; split behavior before claiming whole-file parity
source:Code/Tools/WWCtrl/ColorPicker.cpp,source,Code/Tools/WWCtrl/ColorPicker.cpp,Code/Tools/WWCtrl/ColorPicker.cpp,games/renegade/migration,,,not_started,,parity,Source inventory only; split behavior before claiming whole-file parity
source:Code/Tools/WWCtrl/ColorPicker.h,source,Code/Tools/WWCtrl/ColorPicker.h,Code/Tools/WWCtrl/ColorPicker.h,games/renegade/migration,,,not_started,,parity,Source inventory only; split behavior before claiming whole-file parity
source:Code/Tools/WWCtrl/ColorPickerDialogClass.cpp,source,Code/Tools/WWCtrl/ColorPickerDialogClass.cpp,Code/Tools/WWCtrl/ColorPickerDialogClass.cpp,games/renegade/migration,,,not_started,,parity,Source inventory only; split behavior before claiming whole-file parity
source:Code/Tools/WWCtrl/ColorPickerDialogClass.h,source,Code/Tools/WWCtrl/ColorPickerDialogClass.h,Code/Tools/WWCtrl/ColorPickerDialogClass.h,games/renegade/migration,,,not_started,,parity,Source inventory only; split behavior before claiming whole-file parity
source:Code/Tools/WWCtrl/StdAfx.cpp,source,Code/Tools/WWCtrl/StdAfx.cpp,Code/Tools/WWCtrl/StdAfx.cpp,games/renegade/migration,,,not_started,,parity,Source inventory only; split behavior before claiming whole-file parity
source:Code/Tools/WWCtrl/StdAfx.h,source,Code/Tools/WWCtrl/StdAfx.h,Code/Tools/WWCtrl/StdAfx.h,games/renegade/migration,,,not_started,,parity,Source inventory only; split behavior before claiming whole-file parity
source:Code/Tools/WWCtrl/Utils.cpp,source,Code/Tools/WWCtrl/Utils.cpp,Code/Tools/WWCtrl/Utils.cpp,games/renegade/migration,,,not_started,,parity,Source inventory only; split behavior before claiming whole-file parity
source:Code/Tools/WWCtrl/Utils.h,source,Code/Tools/WWCtrl/Utils.h,Code/Tools/WWCtrl/Utils.h,games/renegade/migration,,,not_started,,parity,Source inventory only; split behavior before claiming whole-file parity
source:Code/Tools/WWCtrl/WWCtrl.cpp,source,Code/Tools/WWCtrl/WWCtrl.cpp,Code/Tools/WWCtrl/WWCtrl.cpp,games/renegade/migration,,,not_started,,parity,Source inventory only; split behavior before claiming whole-file parity
source:Code/Tools/WWCtrl/WWCtrl.def,source,Code/Tools/WWCtrl/WWCtrl.def,Code/Tools/WWCtrl/WWCtrl.def,games/renegade/migration,,,not_started,,parity,Source inventory only; split behavior before claiming whole-file parity
source:Code/Tools/WWCtrl/WWCtrl.dsp,source,Code/Tools/WWCtrl/WWCtrl.dsp,Code/Tools/WWCtrl/WWCtrl.dsp,games/renegade/migration,,,not_started,,parity,Source inventory only; split behavior before claiming whole-file parity
source:Code/Tools/WWCtrl/WWCtrl.h,source,Code/Tools/WWCtrl/WWCtrl.h,Code/Tools/WWCtrl/WWCtrl.h,games/renegade/migration,,,not_started,,parity,Source inventory only; split behavior before claiming whole-file parity
source:Code/Tools/WWCtrl/WWCtrl.rc,source,Code/Tools/WWCtrl/WWCtrl.rc,Code/Tools/WWCtrl/WWCtrl.rc,games/renegade/migration,,,not_started,,parity,Source inventory only; split behavior before claiming whole-file parity
source:Code/Tools/WWCtrl/bitmap1.bmp,source,Code/Tools/WWCtrl/bitmap1.bmp,Code/Tools/WWCtrl/bitmap1.bmp,games/renegade/migration,,,not_started,,parity,Source inventory only; split behavior before claiming whole-file parity
source:Code/Tools/WWCtrl/keyframe.bmp,source,Code/Tools/WWCtrl/keyframe.bmp,Code/Tools/WWCtrl/keyframe.bmp,games/renegade/migration,,,not_started,,parity,Source inventory only; split behavior before claiming whole-file parity
source:Code/Tools/WWCtrl/marker.bmp,source,Code/Tools/WWCtrl/marker.bmp,Code/Tools/WWCtrl/marker.bmp,games/renegade/migration,,,not_started,,parity,Source inventory only; split behavior before claiming whole-file parity
source:Code/Tools/WWCtrl/res/WWCtrl.rc2,source,Code/Tools/WWCtrl/res/WWCtrl.rc2,Code/Tools/WWCtrl/res/WWCtrl.rc2,games/renegade/migration,,,not_started,,parity,Source inventory only; split behavior before claiming whole-file parity
source:Code/Tools/WWCtrl/resource.h,source,Code/Tools/WWCtrl/resource.h,Code/Tools/WWCtrl/resource.h,games/renegade/migration,,,not_started,,parity,Source inventory only; split behavior before claiming whole-file parity
source:Code/Tools/bin2cpp/bin2cpp.cpp,source,Code/Tools/bin2cpp/bin2cpp.cpp,Code/Tools/bin2cpp/bin2cpp.cpp,games/renegade/migration,,,not_started,,parity,Source inventory only; split behavior before claiming whole-file parity
source:Code/Tools/bin2cpp/bin2cpp.dsp,source,Code/Tools/bin2cpp/bin2cpp.dsp,Code/Tools/bin2cpp/bin2cpp.dsp,games/renegade/migration,,,not_started,,parity,Source inventory only; split behavior before claiming whole-file parity
source:Code/Tools/max2w3d/AlphaModifier.cpp,source,Code/Tools/max2w3d/AlphaModifier.cpp,Code/Tools/max2w3d/AlphaModifier.cpp,games/renegade/migration,,,not_started,,parity,Source inventory only; split behavior before claiming whole-file parity
source:Code/Tools/max2w3d/AlphaModifier.h,source,Code/Tools/max2w3d/AlphaModifier.h,Code/Tools/max2w3d/AlphaModifier.h,games/renegade/migration,,,not_started,,parity,Source inventory only; split behavior before claiming whole-file parity
source:Code/Tools/max2w3d/AppData.cpp,source,Code/Tools/max2w3d/AppData.cpp,Code/Tools/max2w3d/AppData.cpp,games/renegade/migration,,,not_started,,parity,Source inventory only; split behavior before claiming whole-file parity
source:Code/Tools/max2w3d/Export.ms,source,Code/Tools/max2w3d/Export.ms,Code/Tools/max2w3d/Export.ms,games/renegade/migration,,,not_started,,parity,Source inventory only; split behavior before claiming whole-file parity
source:Code/Tools/max2w3d/ExportAll.cpp,source,Code/Tools/max2w3d/ExportAll.cpp,Code/Tools/max2w3d/ExportAll.cpp,games/renegade/migration,,,not_started,,parity,Source inventory only; split behavior before claiming whole-file parity
source:Code/Tools/max2w3d/ExportAllDlg.cpp,source,Code/Tools/max2w3d/ExportAllDlg.cpp,Code/Tools/max2w3d/ExportAllDlg.cpp,games/renegade/migration,,,not_started,,parity,Source inventory only; split behavior before claiming whole-file parity
source:Code/Tools/max2w3d/ExportAllDlg.h,source,Code/Tools/max2w3d/ExportAllDlg.h,Code/Tools/max2w3d/ExportAllDlg.h,games/renegade/migration,,,not_started,,parity,Source inventory only; split behavior before claiming whole-file parity
source:Code/Tools/max2w3d/FPMatNav.cpp,source,Code/Tools/max2w3d/FPMatNav.cpp,Code/Tools/max2w3d/FPMatNav.cpp,games/renegade/migration,,,not_started,,parity,Source inventory only; split behavior before claiming whole-file parity
source:Code/Tools/max2w3d/FPMatNav.h,source,Code/Tools/max2w3d/FPMatNav.h,Code/Tools/max2w3d/FPMatNav.h,games/renegade/migration,,,not_started,,parity,Source inventory only; split behavior before claiming whole-file parity
source:Code/Tools/max2w3d/FormClass.cpp,source,Code/Tools/max2w3d/FormClass.cpp,Code/Tools/max2w3d/FormClass.cpp,games/renegade/migration,,,not_started,,parity,Source inventory only; split behavior before claiming whole-file parity
source:Code/Tools/max2w3d/FormClass.h,source,Code/Tools/max2w3d/FormClass.h,Code/Tools/max2w3d/FormClass.h,games/renegade/migration,,,not_started,,parity,Source inventory only; split behavior before claiming whole-file parity
source:Code/Tools/max2w3d/GMaxMtlDlg.cpp,source,Code/Tools/max2w3d/GMaxMtlDlg.cpp,Code/Tools/max2w3d/GMaxMtlDlg.cpp,games/renegade/migration,,,not_started,,parity,Source inventory only; split behavior before claiming whole-file parity
source:Code/Tools/max2w3d/GMaxMtlDlg.h,source,Code/Tools/max2w3d/GMaxMtlDlg.h,Code/Tools/max2w3d/GMaxMtlDlg.h,games/renegade/migration,,,not_started,,parity,Source inventory only; split behavior before claiming whole-file parity
source:Code/Tools/max2w3d/GameMtl.cpp,source,Code/Tools/max2w3d/GameMtl.cpp,Code/Tools/max2w3d/GameMtl.cpp,games/renegade/migration,,,not_started,,parity,Source inventory only; split behavior before claiming whole-file parity
source:Code/Tools/max2w3d/GameMtlDlg.cpp,source,Code/Tools/max2w3d/GameMtlDlg.cpp,Code/Tools/max2w3d/GameMtlDlg.cpp,games/renegade/migration,,,not_started,,parity,Source inventory only; split behavior before claiming whole-file parity
source:Code/Tools/max2w3d/GameMtlDlg.h,source,Code/Tools/max2w3d/GameMtlDlg.h,Code/Tools/max2w3d/GameMtlDlg.h,games/renegade/migration,,,not_started,,parity,Source inventory only; split behavior before claiming whole-file parity
source:Code/Tools/max2w3d/GameMtlForm.cpp,source,Code/Tools/max2w3d/GameMtlForm.cpp,Code/Tools/max2w3d/GameMtlForm.cpp,games/renegade/migration,,,not_started,,parity,Source inventory only; split behavior before claiming whole-file parity
source:Code/Tools/max2w3d/GameMtlForm.h,source,Code/Tools/max2w3d/GameMtlForm.h,Code/Tools/max2w3d/GameMtlForm.h,games/renegade/migration,,,not_started,,parity,Source inventory only; split behavior before claiming whole-file parity
source:Code/Tools/max2w3d/GameMtlPassDlg.cpp,source,Code/Tools/max2w3d/GameMtlPassDlg.cpp,Code/Tools/max2w3d/GameMtlPassDlg.cpp,games/renegade/migration,,,not_started,,parity,Source inventory only; split behavior before claiming whole-file parity
source:Code/Tools/max2w3d/GameMtlPassDlg.h,source,Code/Tools/max2w3d/GameMtlPassDlg.h,Code/Tools/max2w3d/GameMtlPassDlg.h,games/renegade/migration,,,not_started,,parity,Source inventory only; split behavior before claiming whole-file parity
source:Code/Tools/max2w3d/GameMtlShaderDlg.cpp,source,Code/Tools/max2w3d/GameMtlShaderDlg.cpp,Code/Tools/max2w3d/GameMtlShaderDlg.cpp,games/renegade/migration,,,not_started,,parity,Source inventory only; split behavior before claiming whole-file parity
source:Code/Tools/max2w3d/GameMtlShaderDlg.h,source,Code/Tools/max2w3d/GameMtlShaderDlg.h,Code/Tools/max2w3d/GameMtlShaderDlg.h,games/renegade/migration,,,not_started,,parity,Source inventory only; split behavior before claiming whole-file parity
source:Code/Tools/max2w3d/GameMtlTextureDlg.cpp,source,Code/Tools/max2w3d/GameMtlTextureDlg.cpp,Code/Tools/max2w3d/GameMtlTextureDlg.cpp,games/renegade/migration,,,not_started,,parity,Source inventory only; split behavior before claiming whole-file parity
source:Code/Tools/max2w3d/GameMtlTextureDlg.h,source,Code/Tools/max2w3d/GameMtlTextureDlg.h,Code/Tools/max2w3d/GameMtlTextureDlg.h,games/renegade/migration,,,not_started,,parity,Source inventory only; split behavior before claiming whole-file parity
source:Code/Tools/max2w3d/GameMtlVertexMaterialDlg.cpp,source,Code/Tools/max2w3d/GameMtlVertexMaterialDlg.cpp,Code/Tools/max2w3d/GameMtlVertexMaterialDlg.cpp,games/renegade/migration,,,not_started,,parity,Source inventory only; split behavior before claiming whole-file parity
source:Code/Tools/max2w3d/GameMtlVertexMaterialDlg.h,source,Code/Tools/max2w3d/GameMtlVertexMaterialDlg.h,Code/Tools/max2w3d/GameMtlVertexMaterialDlg.h,games/renegade/migration,,,not_started,,parity,Source inventory only; split behavior before claiming whole-file parity
source:Code/Tools/max2w3d/InputDlg.cpp,source,Code/Tools/max2w3d/InputDlg.cpp,Code/Tools/max2w3d/InputDlg.cpp,games/renegade/migration,,,not_started,,parity,Source inventory only; split behavior before claiming whole-file parity
source:Code/Tools/max2w3d/InputDlg.h,source,Code/Tools/max2w3d/InputDlg.h,Code/Tools/max2w3d/InputDlg.h,games/renegade/migration,,,not_started,,parity,Source inventory only; split behavior before claiming whole-file parity
source:Code/Tools/max2w3d/LightGlareSave.cpp,source,Code/Tools/max2w3d/LightGlareSave.cpp,Code/Tools/max2w3d/LightGlareSave.cpp,games/renegade/migration,,,not_started,,parity,Source inventory only; split behavior before claiming whole-file parity
source:Code/Tools/max2w3d/LightGlareSave.h,source,Code/Tools/max2w3d/LightGlareSave.h,Code/Tools/max2w3d/LightGlareSave.h,games/renegade/migration,,,not_started,,parity,Source inventory only; split behavior before claiming whole-file parity
source:Code/Tools/max2w3d/PCToPS2Material.cpp,source,Code/Tools/max2w3d/PCToPS2Material.cpp,Code/Tools/max2w3d/PCToPS2Material.cpp,games/renegade/migration,,,not_started,,parity,Source inventory only; split behavior before claiming whole-file parity
source:Code/Tools/max2w3d/PS2GameMtl.cpp,source,Code/Tools/max2w3d/PS2GameMtl.cpp,Code/Tools/max2w3d/PS2GameMtl.cpp,games/renegade/migration,,,not_started,,parity,Source inventory only; split behavior before claiming whole-file parity
source:Code/Tools/max2w3d/PS2GameMtlShaderDlg.cpp,source,Code/Tools/max2w3d/PS2GameMtlShaderDlg.cpp,Code/Tools/max2w3d/PS2GameMtlShaderDlg.cpp,games/renegade/migration,,,not_started,,parity,Source inventory only; split behavior before claiming whole-file parity
source:Code/Tools/max2w3d/PS2GameMtlShaderDlg.h,source,Code/Tools/max2w3d/PS2GameMtlShaderDlg.h,Code/Tools/max2w3d/PS2GameMtlShaderDlg.h,games/renegade/migration,,,not_started,,parity,Source inventory only; split behavior before claiming whole-file parity
source:Code/Tools/max2w3d/RenX.ico,source,Code/Tools/max2w3d/RenX.ico,Code/Tools/max2w3d/RenX.ico,games/renegade/migration,,,not_started,,parity,Source inventory only; split behavior before claiming whole-file parity
source:Code/Tools/max2w3d/Res/DISK12.ICO,source,Code/Tools/max2w3d/Res/DISK12.ICO,Code/Tools/max2w3d/Res/DISK12.ICO,games/renegade/migration,,,not_started,,parity,Source inventory only; split behavior before claiming whole-file parity
source:Code/Tools/max2w3d/Res/Delete.bmp,source,Code/Tools/max2w3d/Res/Delete.bmp,Code/Tools/max2w3d/Res/Delete.bmp,games/renegade/migration,,,not_started,,parity,Source inventory only; split behavior before claiming whole-file parity
source:Code/Tools/max2w3d/Res/Picker.bmp,source,Code/Tools/max2w3d/Res/Picker.bmp,Code/Tools/max2w3d/Res/Picker.bmp,games/renegade/migration,,,not_started,,parity,Source inventory only; split behavior before claiming whole-file parity
source:Code/Tools/max2w3d/Res/RenX.ico,source,Code/Tools/max2w3d/Res/RenX.ico,Code/Tools/max2w3d/Res/RenX.ico,games/renegade/migration,,,not_started,,parity,Source inventory only; split behavior before claiming whole-file parity
source:Code/Tools/max2w3d/Res/assign.bmp,source,Code/Tools/max2w3d/Res/assign.bmp,Code/Tools/max2w3d/Res/assign.bmp,games/renegade/migration,,,not_started,,parity,Source inventory only; split behavior before claiming whole-file parity
source:Code/Tools/max2w3d/Res/browse.bmp,source,Code/Tools/max2w3d/Res/browse.bmp,Code/Tools/max2w3d/Res/browse.bmp,games/renegade/migration,,,not_started,,parity,Source inventory only; split behavior before claiming whole-file parity
source:Code/Tools/max2w3d/Res/get.bmp,source,Code/Tools/max2w3d/Res/get.bmp,Code/Tools/max2w3d/Res/get.bmp,games/renegade/migration,,,not_started,,parity,Source inventory only; split behavior before claiming whole-file parity
source:Code/Tools/max2w3d/Res/havoc.bmp,source,Code/Tools/max2w3d/Res/havoc.bmp,Code/Tools/max2w3d/Res/havoc.bmp,games/renegade/migration,,,not_started,,parity,Source inventory only; split behavior before claiming whole-file parity
source:Code/Tools/max2w3d/Res/material_ed.bmp,source,Code/Tools/max2w3d/Res/material_ed.bmp,Code/Tools/max2w3d/Res/material_ed.bmp,games/renegade/migration,,,not_started,,parity,Source inventory only; split behavior before claiming whole-file parity
source:Code/Tools/max2w3d/Res/newmtl.bmp,source,Code/Tools/max2w3d/Res/newmtl.bmp,Code/Tools/max2w3d/Res/newmtl.bmp,games/renegade/migration,,,not_started,,parity,Source inventory only; split behavior before claiming whole-file parity
source:Code/Tools/max2w3d/Res/nextsibling.bmp,source,Code/Tools/max2w3d/Res/nextsibling.bmp,Code/Tools/max2w3d/Res/nextsibling.bmp,games/renegade/migration,,,not_started,,parity,Source inventory only; split behavior before claiming whole-file parity
source:Code/Tools/max2w3d/Res/one.bmp,source,Code/Tools/max2w3d/Res/one.bmp,Code/Tools/max2w3d/Res/one.bmp,games/renegade/migration,,,not_started,,parity,Source inventory only; split behavior before claiming whole-file parity
source:Code/Tools/max2w3d/Res/orig.ico,source,Code/Tools/max2w3d/Res/orig.ico,Code/Tools/max2w3d/Res/orig.ico,games/renegade/migration,,,not_started,,parity,Source inventory only; split behavior before claiming whole-file parity
source:Code/Tools/max2w3d/Res/orig1.ico,source,Code/Tools/max2w3d/Res/orig1.ico,Code/Tools/max2w3d/Res/orig1.ico,games/renegade/migration,,,not_started,,parity,Source inventory only; split behavior before claiming whole-file parity
source:Code/Tools/max2w3d/Res/prevsibling.bmp,source,Code/Tools/max2w3d/Res/prevsibling.bmp,Code/Tools/max2w3d/Res/prevsibling.bmp,games/renegade/migration,,,not_started,,parity,Source inventory only; split behavior before claiming whole-file parity
source:Code/Tools/max2w3d/Res/small_banner.bmp,source,Code/Tools/max2w3d/Res/small_banner.bmp,Code/Tools/max2w3d/Res/small_banner.bmp,games/renegade/migration,,,not_started,,parity,Source inventory only; split behavior before claiming whole-file parity
source:Code/Tools/max2w3d/Res/small_havoc.bmp,source,Code/Tools/max2w3d/Res/small_havoc.bmp,Code/Tools/max2w3d/Res/small_havoc.bmp,games/renegade/migration,,,not_started,,parity,Source inventory only; split behavior before claiming whole-file parity
source:Code/Tools/max2w3d/Res/two.bmp,source,Code/Tools/max2w3d/Res/two.bmp,Code/Tools/max2w3d/Res/two.bmp,games/renegade/migration,,,not_started,,parity,Source inventory only; split behavior before claiming whole-file parity
source:Code/Tools/max2w3d/Res/w3d.ico,source,Code/Tools/max2w3d/Res/w3d.ico,Code/Tools/max2w3d/Res/w3d.ico,games/renegade/migration,,,not_started,,parity,Source inventory only; split behavior before claiming whole-file parity
source:Code/Tools/max2w3d/Res/ww3d.bmp,source,Code/Tools/max2w3d/Res/ww3d.bmp,Code/Tools/max2w3d/Res/ww3d.bmp,games/renegade/migration,,,not_started,,parity,Source inventory only; split behavior before claiming whole-file parity
source:Code/Tools/max2w3d/ResetAndCollapse.ms,source,Code/Tools/max2w3d/ResetAndCollapse.ms,Code/Tools/max2w3d/ResetAndCollapse.ms,games/renegade/migration,,,not_started,,parity,Source inventory only; split behavior before claiming whole-file parity
source:Code/Tools/max2w3d/SceneSetup.cpp,source,Code/Tools/max2w3d/SceneSetup.cpp,Code/Tools/max2w3d/SceneSetup.cpp,games/renegade/migration,,,not_started,,parity,Source inventory only; split behavior before claiming whole-file parity
source:Code/Tools/max2w3d/SceneSetup.ms,source,Code/Tools/max2w3d/SceneSetup.ms,Code/Tools/max2w3d/SceneSetup.ms,games/renegade/migration,,,not_started,,parity,Source inventory only; split behavior before claiming whole-file parity
source:Code/Tools/max2w3d/SceneSetupDlg.cpp,source,Code/Tools/max2w3d/SceneSetupDlg.cpp,Code/Tools/max2w3d/SceneSetupDlg.cpp,games/renegade/migration,,,not_started,,parity,Source inventory only; split behavior before claiming whole-file parity
source:Code/Tools/max2w3d/SceneSetupDlg.h,source,Code/Tools/max2w3d/SceneSetupDlg.h,Code/Tools/max2w3d/SceneSetupDlg.h,games/renegade/migration,,,not_started,,parity,Source inventory only; split behavior before claiming whole-file parity
source:Code/Tools/max2w3d/SkinCopy.cpp,source,Code/Tools/max2w3d/SkinCopy.cpp,Code/Tools/max2w3d/SkinCopy.cpp,games/renegade/migration,,,not_started,,parity,Source inventory only; split behavior before claiming whole-file parity
source:Code/Tools/max2w3d/SnapPoints.cpp,source,Code/Tools/max2w3d/SnapPoints.cpp,Code/Tools/max2w3d/SnapPoints.cpp,games/renegade/migration,,,not_started,,parity,Source inventory only; split behavior before claiming whole-file parity
source:Code/Tools/max2w3d/SnapPoints.h,source,Code/Tools/max2w3d/SnapPoints.h,Code/Tools/max2w3d/SnapPoints.h,games/renegade/migration,,,not_started,,parity,Source inventory only; split behavior before claiming whole-file parity
source:Code/Tools/max2w3d/Utility.cpp,source,Code/Tools/max2w3d/Utility.cpp,Code/Tools/max2w3d/Utility.cpp,games/renegade/migration,,,not_started,,parity,Source inventory only; split behavior before claiming whole-file parity
source:Code/Tools/max2w3d/aabtreebuilder.cpp,source,Code/Tools/max2w3d/aabtreebuilder.cpp,Code/Tools/max2w3d/aabtreebuilder.cpp,games/renegade/migration,,,not_started,,parity,Source inventory only; split behavior before claiming whole-file parity
source:Code/Tools/max2w3d/aabtreebuilder.h,source,Code/Tools/max2w3d/aabtreebuilder.h,Code/Tools/max2w3d/aabtreebuilder.h,games/renegade/migration,,,not_started,,parity,Source inventory only; split behavior before claiming whole-file parity
source:Code/Tools/max2w3d/animationcompressionsettings.cpp,source,Code/Tools/max2w3d/animationcompressionsettings.cpp,Code/Tools/max2w3d/animationcompressionsettings.cpp,games/renegade/migration,,,not_started,,parity,Source inventory only; split behavior before claiming whole-file parity
source:Code/Tools/max2w3d/animationcompressionsettings.h,source,Code/Tools/max2w3d/animationcompressionsettings.h,Code/Tools/max2w3d/animationcompressionsettings.h,games/renegade/migration,,,not_started,,parity,Source inventory only; split behavior before claiming whole-file parity
source:Code/Tools/max2w3d/bchannel.cpp,source,Code/Tools/max2w3d/bchannel.cpp,Code/Tools/max2w3d/bchannel.cpp,games/renegade/migration,,,not_started,,parity,Source inventory only; split behavior before claiming whole-file parity
source:Code/Tools/max2w3d/bchannel.h,source,Code/Tools/max2w3d/bchannel.h,Code/Tools/max2w3d/bchannel.h,games/renegade/migration,,,not_started,,parity,Source inventory only; split behavior before claiming whole-file parity
source:Code/Tools/max2w3d/boneicon.cpp,source,Code/Tools/max2w3d/boneicon.cpp,Code/Tools/max2w3d/boneicon.cpp,games/renegade/migration,,,not_started,,parity,Source inventory only; split behavior before claiming whole-file parity
source:Code/Tools/max2w3d/boneicon.h,source,Code/Tools/max2w3d/boneicon.h,Code/Tools/max2w3d/boneicon.h,games/renegade/migration,,,not_started,,parity,Source inventory only; split behavior before claiming whole-file parity
source:Code/Tools/max2w3d/bpick.cpp,source,Code/Tools/max2w3d/bpick.cpp,Code/Tools/max2w3d/bpick.cpp,games/renegade/migration,,,not_started,,parity,Source inventory only; split behavior before claiming whole-file parity
source:Code/Tools/max2w3d/bpick.h,source,Code/Tools/max2w3d/bpick.h,Code/Tools/max2w3d/bpick.h,games/renegade/migration,,,not_started,,parity,Source inventory only; split behavior before claiming whole-file parity
source:Code/Tools/max2w3d/changes.txt,source,Code/Tools/max2w3d/changes.txt,Code/Tools/max2w3d/changes.txt,games/renegade/migration,,,not_started,,parity,Source inventory only; split behavior before claiming whole-file parity
source:Code/Tools/max2w3d/colboxsave.cpp,source,Code/Tools/max2w3d/colboxsave.cpp,Code/Tools/max2w3d/colboxsave.cpp,games/renegade/migration,,,not_started,,parity,Source inventory only; split behavior before claiming whole-file parity
source:Code/Tools/max2w3d/colboxsave.h,source,Code/Tools/max2w3d/colboxsave.h,Code/Tools/max2w3d/colboxsave.h,games/renegade/migration,,,not_started,,parity,Source inventory only; split behavior before claiming whole-file parity
source:Code/Tools/max2w3d/dazzlesave.cpp,source,Code/Tools/max2w3d/dazzlesave.cpp,Code/Tools/max2w3d/dazzlesave.cpp,games/renegade/migration,,,not_started,,parity,Source inventory only; split behavior before claiming whole-file parity
source:Code/Tools/max2w3d/dazzlesave.h,source,Code/Tools/max2w3d/dazzlesave.h,Code/Tools/max2w3d/dazzlesave.h,games/renegade/migration,,,not_started,,parity,Source inventory only; split behavior before claiming whole-file parity
source:Code/Tools/max2w3d/dllmain.cpp,source,Code/Tools/max2w3d/dllmain.cpp,Code/Tools/max2w3d/dllmain.cpp,games/renegade/migration,,,not_started,,parity,Source inventory only; split behavior before claiming whole-file parity
source:Code/Tools/max2w3d/dllmain.h,source,Code/Tools/max2w3d/dllmain.h,Code/Tools/max2w3d/dllmain.h,games/renegade/migration,,,not_started,,parity,Source inventory only; split behavior before claiming whole-file parity
source:Code/Tools/max2w3d/exportlog.cpp,source,Code/Tools/max2w3d/exportlog.cpp,Code/Tools/max2w3d/exportlog.cpp,games/renegade/migration,,,not_started,,parity,Source inventory only; split behavior before claiming whole-file parity
source:Code/Tools/max2w3d/exportlog.h,source,Code/Tools/max2w3d/exportlog.h,Code/Tools/max2w3d/exportlog.h,games/renegade/migration,,,not_started,,parity,Source inventory only; split behavior before claiming whole-file parity
source:Code/Tools/max2w3d/floaterdialog.cpp,source,Code/Tools/max2w3d/floaterdialog.cpp,Code/Tools/max2w3d/floaterdialog.cpp,games/renegade/migration,,,not_started,,parity,Source inventory only; split behavior before claiming whole-file parity
source:Code/Tools/max2w3d/floaterdialog.h,source,Code/Tools/max2w3d/floaterdialog.h,Code/Tools/max2w3d/floaterdialog.h,games/renegade/migration,,,not_started,,parity,Source inventory only; split behavior before claiming whole-file parity
source:Code/Tools/max2w3d/gamemaps.cpp,source,Code/Tools/max2w3d/gamemaps.cpp,Code/Tools/max2w3d/gamemaps.cpp,games/renegade/migration,,,not_started,,parity,Source inventory only; split behavior before claiming whole-file parity
source:Code/Tools/max2w3d/gamemaps.h,source,Code/Tools/max2w3d/gamemaps.h,Code/Tools/max2w3d/gamemaps.h,games/renegade/migration,,,not_started,,parity,Source inventory only; split behavior before claiming whole-file parity
source:Code/Tools/max2w3d/gamemtl.h,source,Code/Tools/max2w3d/gamemtl.h,Code/Tools/max2w3d/gamemtl.h,games/renegade/migration,,,not_started,,parity,Source inventory only; split behavior before claiming whole-file parity
source:Code/Tools/max2w3d/genlodextensiondialog.cpp,source,Code/Tools/max2w3d/genlodextensiondialog.cpp,Code/Tools/max2w3d/genlodextensiondialog.cpp,games/renegade/migration,,,not_started,,parity,Source inventory only; split behavior before claiming whole-file parity
source:Code/Tools/max2w3d/genlodextensiondialog.h,source,Code/Tools/max2w3d/genlodextensiondialog.h,Code/Tools/max2w3d/genlodextensiondialog.h,games/renegade/migration,,,not_started,,parity,Source inventory only; split behavior before claiming whole-file parity
source:Code/Tools/max2w3d/genmtlnamesdialog.cpp,source,Code/Tools/max2w3d/genmtlnamesdialog.cpp,Code/Tools/max2w3d/genmtlnamesdialog.cpp,games/renegade/migration,,,not_started,,parity,Source inventory only; split behavior before claiming whole-file parity
source:Code/Tools/max2w3d/genmtlnamesdialog.h,source,Code/Tools/max2w3d/genmtlnamesdialog.h,Code/Tools/max2w3d/genmtlnamesdialog.h,games/renegade/migration,,,not_started,,parity,Source inventory only; split behavior before claiming whole-file parity
source:Code/Tools/max2w3d/gennamesdialog.cpp,source,Code/Tools/max2w3d/gennamesdialog.cpp,Code/Tools/max2w3d/gennamesdialog.cpp,games/renegade/migration,,,not_started,,parity,Source inventory only; split behavior before claiming whole-file parity
source:Code/Tools/max2w3d/gennamesdialog.h,source,Code/Tools/max2w3d/gennamesdialog.h,Code/Tools/max2w3d/gennamesdialog.h,games/renegade/migration,,,not_started,,parity,Source inventory only; split behavior before claiming whole-file parity
source:Code/Tools/max2w3d/geometryexportcontext.h,source,Code/Tools/max2w3d/geometryexportcontext.h,Code/Tools/max2w3d/geometryexportcontext.h,games/renegade/migration,,,not_started,,parity,Source inventory only; split behavior before claiming whole-file parity
source:Code/Tools/max2w3d/geometryexporttask.cpp,source,Code/Tools/max2w3d/geometryexporttask.cpp,Code/Tools/max2w3d/geometryexporttask.cpp,games/renegade/migration,,,not_started,,parity,Source inventory only; split behavior before claiming whole-file parity
source:Code/Tools/max2w3d/geometryexporttask.h,source,Code/Tools/max2w3d/geometryexporttask.h,Code/Tools/max2w3d/geometryexporttask.h,games/renegade/migration,,,not_started,,parity,Source inventory only; split behavior before claiming whole-file parity
source:Code/Tools/max2w3d/gmtldlg.cpp,source,Code/Tools/max2w3d/gmtldlg.cpp,Code/Tools/max2w3d/gmtldlg.cpp,games/renegade/migration,,,not_started,,parity,Source inventory only; split behavior before claiming whole-file parity
source:Code/Tools/max2w3d/gridsnapmodifier.cpp,source,Code/Tools/max2w3d/gridsnapmodifier.cpp,Code/Tools/max2w3d/gridsnapmodifier.cpp,games/renegade/migration,,,not_started,,parity,Source inventory only; split behavior before claiming whole-file parity
source:Code/Tools/max2w3d/gridsnapmodifier.h,source,Code/Tools/max2w3d/gridsnapmodifier.h,Code/Tools/max2w3d/gridsnapmodifier.h,games/renegade/migration,,,not_started,,parity,Source inventory only; split behavior before claiming whole-file parity
source:Code/Tools/max2w3d/hiersave.cpp,source,Code/Tools/max2w3d/hiersave.cpp,Code/Tools/max2w3d/hiersave.cpp,games/renegade/migration,,,not_started,,parity,Source inventory only; split behavior before claiming whole-file parity
source:Code/Tools/max2w3d/hiersave.h,source,Code/Tools/max2w3d/hiersave.h,Code/Tools/max2w3d/hiersave.h,games/renegade/migration,,,not_started,,parity,Source inventory only; split behavior before claiming whole-file parity
source:Code/Tools/max2w3d/hlodsave.cpp,source,Code/Tools/max2w3d/hlodsave.cpp,Code/Tools/max2w3d/hlodsave.cpp,games/renegade/migration,,,not_started,,parity,Source inventory only; split behavior before claiming whole-file parity
source:Code/Tools/max2w3d/hlodsave.h,source,Code/Tools/max2w3d/hlodsave.h,Code/Tools/max2w3d/hlodsave.h,games/renegade/migration,,,not_started,,parity,Source inventory only; split behavior before claiming whole-file parity
source:Code/Tools/max2w3d/logdlg.cpp,source,Code/Tools/max2w3d/logdlg.cpp,Code/Tools/max2w3d/logdlg.cpp,games/renegade/migration,,,not_started,,parity,Source inventory only; split behavior before claiming whole-file parity
source:Code/Tools/max2w3d/logdlg.h,source,Code/Tools/max2w3d/logdlg.h,Code/Tools/max2w3d/logdlg.h,games/renegade/migration,,,not_started,,parity,Source inventory only; split behavior before claiming whole-file parity
source:Code/Tools/max2w3d/max2w3d.def,source,Code/Tools/max2w3d/max2w3d.def,Code/Tools/max2w3d/max2w3d.def,games/renegade/migration,,,not_started,,parity,Source inventory only; split behavior before claiming whole-file parity
source:Code/Tools/max2w3d/max2w3d.dsp,source,Code/Tools/max2w3d/max2w3d.dsp,Code/Tools/max2w3d/max2w3d.dsp,games/renegade/migration,,,not_started,,parity,Source inventory only; split behavior before claiming whole-file parity
source:Code/Tools/max2w3d/max2w3d.rc,source,Code/Tools/max2w3d/max2w3d.rc,Code/Tools/max2w3d/max2w3d.rc,games/renegade/migration,,,not_started,,parity,Source inventory only; split behavior before claiming whole-file parity
source:Code/Tools/max2w3d/maxworldinfo.cpp,source,Code/Tools/max2w3d/maxworldinfo.cpp,Code/Tools/max2w3d/maxworldinfo.cpp,games/renegade/migration,,,not_started,,parity,Source inventory only; split behavior before claiming whole-file parity
source:Code/Tools/max2w3d/maxworldinfo.h,source,Code/Tools/max2w3d/maxworldinfo.h,Code/Tools/max2w3d/maxworldinfo.h,games/renegade/migration,,,not_started,,parity,Source inventory only; split behavior before claiming whole-file parity
source:Code/Tools/max2w3d/meshbuild.cpp,source,Code/Tools/max2w3d/meshbuild.cpp,Code/Tools/max2w3d/meshbuild.cpp,games/renegade/migration,,,not_started,,parity,Source inventory only; split behavior before claiming whole-file parity
source:Code/Tools/max2w3d/meshbuild.h,source,Code/Tools/max2w3d/meshbuild.h,Code/Tools/max2w3d/meshbuild.h,games/renegade/migration,,,not_started,,parity,Source inventory only; split behavior before claiming whole-file parity
source:Code/Tools/max2w3d/meshcon.cpp,source,Code/Tools/max2w3d/meshcon.cpp,Code/Tools/max2w3d/meshcon.cpp,games/renegade/migration,,,not_started,,parity,Source inventory only; split behavior before claiming whole-file parity
source:Code/Tools/max2w3d/meshcon.h,source,Code/Tools/max2w3d/meshcon.h,Code/Tools/max2w3d/meshcon.h,games/renegade/migration,,,not_started,,parity,Source inventory only; split behavior before claiming whole-file parity
source:Code/Tools/max2w3d/meshsave.cpp,source,Code/Tools/max2w3d/meshsave.cpp,Code/Tools/max2w3d/meshsave.cpp,games/renegade/migration,,,not_started,,parity,Source inventory only; split behavior before claiming whole-file parity
source:Code/Tools/max2w3d/meshsave.h,source,Code/Tools/max2w3d/meshsave.h,Code/Tools/max2w3d/meshsave.h,games/renegade/migration,,,not_started,,parity,Source inventory only; split behavior before claiming whole-file parity
source:Code/Tools/max2w3d/motion.cpp,source,Code/Tools/max2w3d/motion.cpp,Code/Tools/max2w3d/motion.cpp,games/renegade/migration,,,not_started,,parity,Source inventory only; split behavior before claiming whole-file parity
source:Code/Tools/max2w3d/motion.h,source,Code/Tools/max2w3d/motion.h,Code/Tools/max2w3d/motion.h,games/renegade/migration,,,not_started,,parity,Source inventory only; split behavior before claiming whole-file parity
source:Code/Tools/max2w3d/namedsel.cpp,source,Code/Tools/max2w3d/namedsel.cpp,Code/Tools/max2w3d/namedsel.cpp,games/renegade/migration,,,not_started,,parity,Source inventory only; split behavior before claiming whole-file parity
source:Code/Tools/max2w3d/namedsel.h,source,Code/Tools/max2w3d/namedsel.h,Code/Tools/max2w3d/namedsel.h,games/renegade/migration,,,not_started,,parity,Source inventory only; split behavior before claiming whole-file parity
source:Code/Tools/max2w3d/nullsave.cpp,source,Code/Tools/max2w3d/nullsave.cpp,Code/Tools/max2w3d/nullsave.cpp,games/renegade/migration,,,not_started,,parity,Source inventory only; split behavior before claiming whole-file parity
source:Code/Tools/max2w3d/nullsave.h,source,Code/Tools/max2w3d/nullsave.h,Code/Tools/max2w3d/nullsave.h,games/renegade/migration,,,not_started,,parity,Source inventory only; split behavior before claiming whole-file parity
source:Code/Tools/max2w3d/presetexportoptionsdialog.cpp,source,Code/Tools/max2w3d/presetexportoptionsdialog.cpp,Code/Tools/max2w3d/presetexportoptionsdialog.cpp,games/renegade/migration,,,not_started,,parity,Source inventory only; split behavior before claiming whole-file parity
source:Code/Tools/max2w3d/presetexportoptionsdialog.h,source,Code/Tools/max2w3d/presetexportoptionsdialog.h,Code/Tools/max2w3d/presetexportoptionsdialog.h,games/renegade/migration,,,not_started,,parity,Source inventory only; split behavior before claiming whole-file parity
source:Code/Tools/max2w3d/rcmenu.cpp,source,Code/Tools/max2w3d/rcmenu.cpp,Code/Tools/max2w3d/rcmenu.cpp,games/renegade/migration,,,not_started,,parity,Source inventory only; split behavior before claiming whole-file parity
source:Code/Tools/max2w3d/rcmenu.h,source,Code/Tools/max2w3d/rcmenu.h,Code/Tools/max2w3d/rcmenu.h,games/renegade/migration,,,not_started,,parity,Source inventory only; split behavior before claiming whole-file parity
source:Code/Tools/max2w3d/resource.h,source,Code/Tools/max2w3d/resource.h,Code/Tools/max2w3d/resource.h,games/renegade/migration,,,not_started,,parity,Source inventory only; split behavior before claiming whole-file parity
source:Code/Tools/max2w3d/simpdib.cpp,source,Code/Tools/max2w3d/simpdib.cpp,Code/Tools/max2w3d/simpdib.cpp,games/renegade/migration,,,not_started,,parity,Source inventory only; split behavior before claiming whole-file parity
source:Code/Tools/max2w3d/simpdib.h,source,Code/Tools/max2w3d/simpdib.h,Code/Tools/max2w3d/simpdib.h,games/renegade/migration,,,not_started,,parity,Source inventory only; split behavior before claiming whole-file parity
source:Code/Tools/max2w3d/skin.cpp,source,Code/Tools/max2w3d/skin.cpp,Code/Tools/max2w3d/skin.cpp,games/renegade/migration,,,not_started,,parity,Source inventory only; split behavior before claiming whole-file parity
source:Code/Tools/max2w3d/skin.h,source,Code/Tools/max2w3d/skin.h,Code/Tools/max2w3d/skin.h,games/renegade/migration,,,not_started,,parity,Source inventory only; split behavior before claiming whole-file parity
source:Code/Tools/max2w3d/skindata.cpp,source,Code/Tools/max2w3d/skindata.cpp,Code/Tools/max2w3d/skindata.cpp,games/renegade/migration,,,not_started,,parity,Source inventory only; split behavior before claiming whole-file parity
source:Code/Tools/max2w3d/skindata.h,source,Code/Tools/max2w3d/skindata.h,Code/Tools/max2w3d/skindata.h,games/renegade/migration,,,not_started,,parity,Source inventory only; split behavior before claiming whole-file parity
source:Code/Tools/max2w3d/util.cpp,source,Code/Tools/max2w3d/util.cpp,Code/Tools/max2w3d/util.cpp,games/renegade/migration,,,not_started,,parity,Source inventory only; split behavior before claiming whole-file parity
source:Code/Tools/max2w3d/util.h,source,Code/Tools/max2w3d/util.h,Code/Tools/max2w3d/util.h,games/renegade/migration,,,not_started,,parity,Source inventory only; split behavior before claiming whole-file parity
source:Code/Tools/max2w3d/vchannel.cpp,source,Code/Tools/max2w3d/vchannel.cpp,Code/Tools/max2w3d/vchannel.cpp,games/renegade/migration,,,not_started,,parity,Source inventory only; split behavior before claiming whole-file parity
source:Code/Tools/max2w3d/vchannel.h,source,Code/Tools/max2w3d/vchannel.h,Code/Tools/max2w3d/vchannel.h,games/renegade/migration,,,not_started,,parity,Source inventory only; split behavior before claiming whole-file parity
source:Code/Tools/max2w3d/vxl.cpp,source,Code/Tools/max2w3d/vxl.cpp,Code/Tools/max2w3d/vxl.cpp,games/renegade/migration,,,not_started,,parity,Source inventory only; split behavior before claiming whole-file parity
source:Code/Tools/max2w3d/vxl.h,source,Code/Tools/max2w3d/vxl.h,Code/Tools/max2w3d/vxl.h,games/renegade/migration,,,not_started,,parity,Source inventory only; split behavior before claiming whole-file parity
source:Code/Tools/max2w3d/vxldbg.cpp,source,Code/Tools/max2w3d/vxldbg.cpp,Code/Tools/max2w3d/vxldbg.cpp,games/renegade/migration,,,not_started,,parity,Source inventory only; split behavior before claiming whole-file parity
source:Code/Tools/max2w3d/vxldbg.h,source,Code/Tools/max2w3d/vxldbg.h,Code/Tools/max2w3d/vxldbg.h,games/renegade/migration,,,not_started,,parity,Source inventory only; split behavior before claiming whole-file parity
source:Code/Tools/max2w3d/vxllayer.cpp,source,Code/Tools/max2w3d/vxllayer.cpp,Code/Tools/max2w3d/vxllayer.cpp,games/renegade/migration,,,not_started,,parity,Source inventory only; split behavior before claiming whole-file parity
source:Code/Tools/max2w3d/vxllayer.h,source,Code/Tools/max2w3d/vxllayer.h,Code/Tools/max2w3d/vxllayer.h,games/renegade/migration,,,not_started,,parity,Source inventory only; split behavior before claiming whole-file parity
source:Code/Tools/max2w3d/w3d.ico,source,Code/Tools/max2w3d/w3d.ico,Code/Tools/max2w3d/w3d.ico,games/renegade/migration,,,not_started,,parity,Source inventory only; split behavior before claiming whole-file parity
source:Code/Tools/max2w3d/w3d_file.h,source,Code/Tools/max2w3d/w3d_file.h,Code/Tools/max2w3d/w3d_file.h,games/renegade/migration,,,not_started,,parity,Source inventory only; split behavior before claiming whole-file parity
source:Code/Tools/max2w3d/w3d_obsolete.h,source,Code/Tools/max2w3d/w3d_obsolete.h,Code/Tools/max2w3d/w3d_obsolete.h,games/renegade/migration,,,not_started,,parity,Source inventory only; split behavior before claiming whole-file parity
source:Code/Tools/max2w3d/w3dappdata.cpp,source,Code/Tools/max2w3d/w3dappdata.cpp,Code/Tools/max2w3d/w3dappdata.cpp,games/renegade/migration,,,not_started,,parity,Source inventory only; split behavior before claiming whole-file parity
source:Code/Tools/max2w3d/w3dappdata.h,source,Code/Tools/max2w3d/w3dappdata.h,Code/Tools/max2w3d/w3dappdata.h,games/renegade/migration,,,not_started,,parity,Source inventory only; split behavior before claiming whole-file parity
source:Code/Tools/max2w3d/w3ddesc.cpp,source,Code/Tools/max2w3d/w3ddesc.cpp,Code/Tools/max2w3d/w3ddesc.cpp,games/renegade/migration,,,not_started,,parity,Source inventory only; split behavior before claiming whole-file parity
source:Code/Tools/max2w3d/w3ddesc.h,source,Code/Tools/max2w3d/w3ddesc.h,Code/Tools/max2w3d/w3ddesc.h,games/renegade/migration,,,not_started,,parity,Source inventory only; split behavior before claiming whole-file parity
source:Code/Tools/max2w3d/w3ddlg.cpp,source,Code/Tools/max2w3d/w3ddlg.cpp,Code/Tools/max2w3d/w3ddlg.cpp,games/renegade/migration,,,not_started,,parity,Source inventory only; split behavior before claiming whole-file parity
source:Code/Tools/max2w3d/w3ddlg.h,source,Code/Tools/max2w3d/w3ddlg.h,Code/Tools/max2w3d/w3ddlg.h,games/renegade/migration,,,not_started,,parity,Source inventory only; split behavior before claiming whole-file parity
source:Code/Tools/max2w3d/w3dexp.cpp,source,Code/Tools/max2w3d/w3dexp.cpp,Code/Tools/max2w3d/w3dexp.cpp,games/renegade/migration,,,not_started,,parity,Source inventory only; split behavior before claiming whole-file parity
source:Code/Tools/max2w3d/w3dexp.h,source,Code/Tools/max2w3d/w3dexp.h,Code/Tools/max2w3d/w3dexp.h,games/renegade/migration,,,not_started,,parity,Source inventory only; split behavior before claiming whole-file parity
source:Code/Tools/max2w3d/w3dmtl.cpp,source,Code/Tools/max2w3d/w3dmtl.cpp,Code/Tools/max2w3d/w3dmtl.cpp,games/renegade/migration,,,not_started,,parity,Source inventory only; split behavior before claiming whole-file parity
source:Code/Tools/max2w3d/w3dmtl.h,source,Code/Tools/max2w3d/w3dmtl.h,Code/Tools/max2w3d/w3dmtl.h,games/renegade/migration,,,not_started,,parity,Source inventory only; split behavior before claiming whole-file parity
source:Code/Tools/max2w3d/w3dutil.cpp,source,Code/Tools/max2w3d/w3dutil.cpp,Code/Tools/max2w3d/w3dutil.cpp,games/renegade/migration,,,not_started,,parity,Source inventory only; split behavior before claiming whole-file parity
source:Code/Tools/max2w3d/w3dutil.h,source,Code/Tools/max2w3d/w3dutil.h,Code/Tools/max2w3d/w3dutil.h,games/renegade/migration,,,not_started,,parity,Source inventory only; split behavior before claiming whole-file parity
source:Code/Tools/pluglib/BITTYPE.H,source,Code/Tools/pluglib/BITTYPE.H,Code/Tools/pluglib/BITTYPE.H,games/renegade/migration,,,not_started,,parity,Source inventory only; split behavior before claiming whole-file parity
source:Code/Tools/pluglib/EULER.CPP,source,Code/Tools/pluglib/EULER.CPP,Code/Tools/pluglib/EULER.CPP,games/renegade/migration,,,not_started,,parity,Source inventory only; split behavior before claiming whole-file parity
source:Code/Tools/pluglib/EULER.H,source,Code/Tools/pluglib/EULER.H,Code/Tools/pluglib/EULER.H,games/renegade/migration,,,not_started,,parity,Source inventory only; split behavior before claiming whole-file parity
source:Code/Tools/pluglib/PROGRESS.H,source,Code/Tools/pluglib/PROGRESS.H,Code/Tools/pluglib/PROGRESS.H,games/renegade/migration,,,not_started,,parity,Source inventory only; split behavior before claiming whole-file parity
source:Code/Tools/pluglib/Vector.CPP,source,Code/Tools/pluglib/Vector.CPP,Code/Tools/pluglib/Vector.CPP,games/renegade/migration,,,not_started,,parity,Source inventory only; split behavior before claiming whole-file parity
source:Code/Tools/pluglib/Vector.H,source,Code/Tools/pluglib/Vector.H,Code/Tools/pluglib/Vector.H,games/renegade/migration,,,not_started,,parity,Source inventory only; split behavior before claiming whole-file parity
source:Code/Tools/pluglib/WWmatrix3.cpp,source,Code/Tools/pluglib/WWmatrix3.cpp,Code/Tools/pluglib/WWmatrix3.cpp,games/renegade/migration,,,not_started,,parity,Source inventory only; split behavior before claiming whole-file parity
source:Code/Tools/pluglib/WWmatrix3.h,source,Code/Tools/pluglib/WWmatrix3.h,Code/Tools/pluglib/WWmatrix3.h,games/renegade/migration,,,not_started,,parity,Source inventory only; split behavior before claiming whole-file parity
source:Code/Tools/pluglib/aaplane.h,source,Code/Tools/pluglib/aaplane.h,Code/Tools/pluglib/aaplane.h,games/renegade/migration,,,not_started,,parity,Source inventory only; split behavior before claiming whole-file parity
source:Code/Tools/pluglib/always.h,source,Code/Tools/pluglib/always.h,Code/Tools/pluglib/always.h,games/renegade/migration,,,not_started,,parity,Source inventory only; split behavior before claiming whole-file parity
source:Code/Tools/pluglib/bool.h,source,Code/Tools/pluglib/bool.h,Code/Tools/pluglib/bool.h,games/renegade/migration,,,not_started,,parity,Source inventory only; split behavior before claiming whole-file parity
source:Code/Tools/pluglib/borlandc.h,source,Code/Tools/pluglib/borlandc.h,Code/Tools/pluglib/borlandc.h,games/renegade/migration,,,not_started,,parity,Source inventory only; split behavior before claiming whole-file parity
source:Code/Tools/pluglib/chunkio.cpp,source,Code/Tools/pluglib/chunkio.cpp,Code/Tools/pluglib/chunkio.cpp,games/renegade/migration,,,not_started,,parity,Source inventory only; split behavior before claiming whole-file parity
source:Code/Tools/pluglib/chunkio.h,source,Code/Tools/pluglib/chunkio.h,Code/Tools/pluglib/chunkio.h,games/renegade/migration,,,not_started,,parity,Source inventory only; split behavior before claiming whole-file parity
source:Code/Tools/pluglib/errclass.h,source,Code/Tools/pluglib/errclass.h,Code/Tools/pluglib/errclass.h,games/renegade/migration,,,not_started,,parity,Source inventory only; split behavior before claiming whole-file parity
source:Code/Tools/pluglib/hashcalc.h,source,Code/Tools/pluglib/hashcalc.h,Code/Tools/pluglib/hashcalc.h,games/renegade/migration,,,not_started,,parity,Source inventory only; split behavior before claiming whole-file parity
source:Code/Tools/pluglib/hsv.cpp,source,Code/Tools/pluglib/hsv.cpp,Code/Tools/pluglib/hsv.cpp,games/renegade/migration,,,not_started,,parity,Source inventory only; split behavior before claiming whole-file parity
source:Code/Tools/pluglib/hsv.h,source,Code/Tools/pluglib/hsv.h,Code/Tools/pluglib/hsv.h,games/renegade/migration,,,not_started,,parity,Source inventory only; split behavior before claiming whole-file parity
source:Code/Tools/pluglib/iostruct.h,source,Code/Tools/pluglib/iostruct.h,Code/Tools/pluglib/iostruct.h,games/renegade/migration,,,not_started,,parity,Source inventory only; split behavior before claiming whole-file parity
source:Code/Tools/pluglib/jshell.cpp,source,Code/Tools/pluglib/jshell.cpp,Code/Tools/pluglib/jshell.cpp,games/renegade/migration,,,not_started,,parity,Source inventory only; split behavior before claiming whole-file parity
source:Code/Tools/pluglib/matrix3d.cpp,source,Code/Tools/pluglib/matrix3d.cpp,Code/Tools/pluglib/matrix3d.cpp,games/renegade/migration,,,not_started,,parity,Source inventory only; split behavior before claiming whole-file parity
source:Code/Tools/pluglib/matrix3d.h,source,Code/Tools/pluglib/matrix3d.h,Code/Tools/pluglib/matrix3d.h,games/renegade/migration,,,not_started,,parity,Source inventory only; split behavior before claiming whole-file parity
source:Code/Tools/pluglib/matrix4.cpp,source,Code/Tools/pluglib/matrix4.cpp,Code/Tools/pluglib/matrix4.cpp,games/renegade/migration,,,not_started,,parity,Source inventory only; split behavior before claiming whole-file parity
source:Code/Tools/pluglib/matrix4.h,source,Code/Tools/pluglib/matrix4.h,Code/Tools/pluglib/matrix4.h,games/renegade/migration,,,not_started,,parity,Source inventory only; split behavior before claiming whole-file parity
source:Code/Tools/pluglib/nodefilt.cpp,source,Code/Tools/pluglib/nodefilt.cpp,Code/Tools/pluglib/nodefilt.cpp,games/renegade/migration,,,not_started,,parity,Source inventory only; split behavior before claiming whole-file parity
source:Code/Tools/pluglib/nodefilt.h,source,Code/Tools/pluglib/nodefilt.h,Code/Tools/pluglib/nodefilt.h,games/renegade/migration,,,not_started,,parity,Source inventory only; split behavior before claiming whole-file parity
source:Code/Tools/pluglib/nodelist.cpp,source,Code/Tools/pluglib/nodelist.cpp,Code/Tools/pluglib/nodelist.cpp,games/renegade/migration,,,not_started,,parity,Source inventory only; split behavior before claiming whole-file parity
source:Code/Tools/pluglib/nodelist.h,source,Code/Tools/pluglib/nodelist.h,Code/Tools/pluglib/nodelist.h,games/renegade/migration,,,not_started,,parity,Source inventory only; split behavior before claiming whole-file parity
source:Code/Tools/pluglib/noinit.h,source,Code/Tools/pluglib/noinit.h,Code/Tools/pluglib/noinit.h,games/renegade/migration,,,not_started,,parity,Source inventory only; split behavior before claiming whole-file parity
source:Code/Tools/pluglib/palette.cpp,source,Code/Tools/pluglib/palette.cpp,Code/Tools/pluglib/palette.cpp,games/renegade/migration,,,not_started,,parity,Source inventory only; split behavior before claiming whole-file parity
source:Code/Tools/pluglib/palette.h,source,Code/Tools/pluglib/palette.h,Code/Tools/pluglib/palette.h,games/renegade/migration,,,not_started,,parity,Source inventory only; split behavior before claiming whole-file parity
source:Code/Tools/pluglib/plane.h,source,Code/Tools/pluglib/plane.h,Code/Tools/pluglib/plane.h,games/renegade/migration,,,not_started,,parity,Source inventory only; split behavior before claiming whole-file parity
source:Code/Tools/pluglib/pluglib.dsp,source,Code/Tools/pluglib/pluglib.dsp,Code/Tools/pluglib/pluglib.dsp,games/renegade/migration,,,not_started,,parity,Source inventory only; split behavior before claiming whole-file parity
source:Code/Tools/pluglib/rawfile.cpp,source,Code/Tools/pluglib/rawfile.cpp,Code/Tools/pluglib/rawfile.cpp,games/renegade/migration,,,not_started,,parity,Source inventory only; split behavior before claiming whole-file parity
source:Code/Tools/pluglib/rawfile.h,source,Code/Tools/pluglib/rawfile.h,Code/Tools/pluglib/rawfile.h,games/renegade/migration,,,not_started,,parity,Source inventory only; split behavior before claiming whole-file parity
source:Code/Tools/pluglib/realcrc.cpp,source,Code/Tools/pluglib/realcrc.cpp,Code/Tools/pluglib/realcrc.cpp,games/renegade/migration,,,not_started,,parity,Source inventory only; split behavior before claiming whole-file parity
source:Code/Tools/pluglib/realcrc.h,source,Code/Tools/pluglib/realcrc.h,Code/Tools/pluglib/realcrc.h,games/renegade/migration,,,not_started,,parity,Source inventory only; split behavior before claiming whole-file parity
source:Code/Tools/pluglib/rgb.cpp,source,Code/Tools/pluglib/rgb.cpp,Code/Tools/pluglib/rgb.cpp,games/renegade/migration,,,not_started,,parity,Source inventory only; split behavior before claiming whole-file parity
source:Code/Tools/pluglib/rgb.h,source,Code/Tools/pluglib/rgb.h,Code/Tools/pluglib/rgb.h,games/renegade/migration,,,not_started,,parity,Source inventory only; split behavior before claiming whole-file parity
source:Code/Tools/pluglib/tri.cpp,source,Code/Tools/pluglib/tri.cpp,Code/Tools/pluglib/tri.cpp,games/renegade/migration,,,not_started,,parity,Source inventory only; split behavior before claiming whole-file parity
source:Code/Tools/pluglib/tri.h,source,Code/Tools/pluglib/tri.h,Code/Tools/pluglib/tri.h,games/renegade/migration,,,not_started,,parity,Source inventory only; split behavior before claiming whole-file parity
source:Code/Tools/pluglib/uarray.h,source,Code/Tools/pluglib/uarray.h,Code/Tools/pluglib/uarray.h,games/renegade/migration,,,not_started,,parity,Source inventory only; split behavior before claiming whole-file parity
source:Code/Tools/pluglib/vector2.h,source,Code/Tools/pluglib/vector2.h,Code/Tools/pluglib/vector2.h,games/renegade/migration,,,not_started,,parity,Source inventory only; split behavior before claiming whole-file parity
source:Code/Tools/pluglib/vector3.h,source,Code/Tools/pluglib/vector3.h,Code/Tools/pluglib/vector3.h,games/renegade/migration,,,not_started,,parity,Source inventory only; split behavior before claiming whole-file parity
source:Code/Tools/pluglib/vector3i.h,source,Code/Tools/pluglib/vector3i.h,Code/Tools/pluglib/vector3i.h,games/renegade/migration,,,not_started,,parity,Source inventory only; split behavior before claiming whole-file parity
source:Code/Tools/pluglib/vector4.h,source,Code/Tools/pluglib/vector4.h,Code/Tools/pluglib/vector4.h,games/renegade/migration,,,not_started,,parity,Source inventory only; split behavior before claiming whole-file parity
source:Code/Tools/pluglib/visualc.h,source,Code/Tools/pluglib/visualc.h,Code/Tools/pluglib/visualc.h,games/renegade/migration,,,not_started,,parity,Source inventory only; split behavior before claiming whole-file parity
source:Code/Tools/pluglib/w3d_file.h,source,Code/Tools/pluglib/w3d_file.h,Code/Tools/pluglib/w3d_file.h,games/renegade/migration,,,not_started,,parity,Source inventory only; split behavior before claiming whole-file parity
source:Code/Tools/pluglib/w3dquat.cpp,source,Code/Tools/pluglib/w3dquat.cpp,Code/Tools/pluglib/w3dquat.cpp,games/renegade/migration,,,not_started,,parity,Source inventory only; split behavior before claiming whole-file parity
source:Code/Tools/pluglib/w3dquat.h,source,Code/Tools/pluglib/w3dquat.h,Code/Tools/pluglib/w3dquat.h,games/renegade/migration,,,not_started,,parity,Source inventory only; split behavior before claiming whole-file parity
source:Code/Tools/pluglib/watcom.h,source,Code/Tools/pluglib/watcom.h,Code/Tools/pluglib/watcom.h,games/renegade/migration,,,not_started,,parity,Source inventory only; split behavior before claiming whole-file parity
source:Code/Tools/pluglib/win.h,source,Code/Tools/pluglib/win.h,Code/Tools/pluglib/win.h,games/renegade/migration,,,not_started,,parity,Source inventory only; split behavior before claiming whole-file parity
source:Code/Tools/pluglib/wwfile.h,source,Code/Tools/pluglib/wwfile.h,Code/Tools/pluglib/wwfile.h,games/renegade/migration,,,not_started,,parity,Source inventory only; split behavior before claiming whole-file parity
source:Code/Tools/pluglib/wwmath.cpp,source,Code/Tools/pluglib/wwmath.cpp,Code/Tools/pluglib/wwmath.cpp,games/renegade/migration,,,not_started,,parity,Source inventory only; split behavior before claiming whole-file parity
source:Code/Tools/pluglib/wwmath.h,source,Code/Tools/pluglib/wwmath.h,Code/Tools/pluglib/wwmath.h,games/renegade/migration,,,not_started,,parity,Source inventory only; split behavior before claiming whole-file parity
source:Code/Tools/vidinit/StdAfx.cpp,source,Code/Tools/vidinit/StdAfx.cpp,Code/Tools/vidinit/StdAfx.cpp,games/renegade/migration,,,not_started,,parity,Source inventory only; split behavior before claiming whole-file parity
source:Code/Tools/vidinit/StdAfx.h,source,Code/Tools/vidinit/StdAfx.h,Code/Tools/vidinit/StdAfx.h,games/renegade/migration,,,not_started,,parity,Source inventory only; split behavior before claiming whole-file parity
source:Code/Tools/vidinit/SurrenderWnd.cpp,source,Code/Tools/vidinit/SurrenderWnd.cpp,Code/Tools/vidinit/SurrenderWnd.cpp,games/renegade/migration,,,not_started,,parity,Source inventory only; split behavior before claiming whole-file parity
source:Code/Tools/vidinit/SurrenderWnd.h,source,Code/Tools/vidinit/SurrenderWnd.h,Code/Tools/vidinit/SurrenderWnd.h,games/renegade/migration,,,not_started,,parity,Source inventory only; split behavior before claiming whole-file parity
source:Code/Tools/vidinit/VidInit.dsp,source,Code/Tools/vidinit/VidInit.dsp,Code/Tools/vidinit/VidInit.dsp,games/renegade/migration,,,not_started,,parity,Source inventory only; split behavior before claiming whole-file parity
source:Code/Tools/vidinit/deffont.cpp,source,Code/Tools/vidinit/deffont.cpp,Code/Tools/vidinit/deffont.cpp,games/renegade/migration,,,not_started,,parity,Source inventory only; split behavior before claiming whole-file parity
source:Code/Tools/vidinit/deffont.h,source,Code/Tools/vidinit/deffont.h,Code/Tools/vidinit/deffont.h,games/renegade/migration,,,not_started,,parity,Source inventory only; split behavior before claiming whole-file parity
source:Code/Tools/vidinit/defpal.cpp,source,Code/Tools/vidinit/defpal.cpp,Code/Tools/vidinit/defpal.cpp,games/renegade/migration,,,not_started,,parity,Source inventory only; split behavior before claiming whole-file parity
source:Code/Tools/vidinit/defpal.h,source,Code/Tools/vidinit/defpal.h,Code/Tools/vidinit/defpal.h,games/renegade/migration,,,not_started,,parity,Source inventory only; split behavior before claiming whole-file parity
source:Code/Tools/vidinit/res/vidinit.ico,source,Code/Tools/vidinit/res/vidinit.ico,Code/Tools/vidinit/res/vidinit.ico,games/renegade/migration,,,not_started,,parity,Source inventory only; split behavior before claiming whole-file parity
source:Code/Tools/vidinit/res/vidinit.rc2,source,Code/Tools/vidinit/res/vidinit.rc2,Code/Tools/vidinit/res/vidinit.rc2,games/renegade/migration,,,not_started,,parity,Source inventory only; split behavior before claiming whole-file parity
source:Code/Tools/vidinit/resource.h,source,Code/Tools/vidinit/resource.h,Code/Tools/vidinit/resource.h,games/renegade/migration,,,not_started,,parity,Source inventory only; split behavior before claiming whole-file parity
source:Code/Tools/vidinit/vidinit.cpp,source,Code/Tools/vidinit/vidinit.cpp,Code/Tools/vidinit/vidinit.cpp,games/renegade/migration,,,not_started,,parity,Source inventory only; split behavior before claiming whole-file parity
source:Code/Tools/vidinit/vidinit.h,source,Code/Tools/vidinit/vidinit.h,Code/Tools/vidinit/vidinit.h,games/renegade/migration,,,not_started,,parity,Source inventory only; split behavior before claiming whole-file parity
source:Code/Tools/vidinit/vidinit.rc,source,Code/Tools/vidinit/vidinit.rc,Code/Tools/vidinit/vidinit.rc,games/renegade/migration,,,not_started,,parity,Source inventory only; split behavior before claiming whole-file parity
source:Code/Tools/vidinit/vidinitDlg.cpp,source,Code/Tools/vidinit/vidinitDlg.cpp,Code/Tools/vidinit/vidinitDlg.cpp,games/renegade/migration,,,not_started,,parity,Source inventory only; split behavior before claiming whole-file parity
source:Code/Tools/vidinit/vidinitDlg.h,source,Code/Tools/vidinit/vidinitDlg.h,Code/Tools/vidinit/vidinitDlg.h,games/renegade/migration,,,not_started,,parity,Source inventory only; split behavior before claiming whole-file parity
source:Code/Tools/wdump/FindDialog.cpp,source,Code/Tools/wdump/FindDialog.cpp,Code/Tools/wdump/FindDialog.cpp,games/renegade/migration,,,not_started,,parity,Source inventory only; split behavior before claiming whole-file parity
source:Code/Tools/wdump/FindDialog.h,source,Code/Tools/wdump/FindDialog.h,Code/Tools/wdump/FindDialog.h,games/renegade/migration,,,not_started,,parity,Source inventory only; split behavior before claiming whole-file parity
source:Code/Tools/wdump/chunk_d.cpp,source,Code/Tools/wdump/chunk_d.cpp,Code/Tools/wdump/chunk_d.cpp,games/renegade/migration,,,not_started,,parity,Source inventory only; split behavior before claiming whole-file parity
source:Code/Tools/wdump/chunk_d.h,source,Code/Tools/wdump/chunk_d.h,Code/Tools/wdump/chunk_d.h,games/renegade/migration,,,not_started,,parity,Source inventory only; split behavior before claiming whole-file parity
source:Code/Tools/wdump/mainfrm.cpp,source,Code/Tools/wdump/mainfrm.cpp,Code/Tools/wdump/mainfrm.cpp,games/renegade/migration,,,not_started,,parity,Source inventory only; split behavior before claiming whole-file parity
source:Code/Tools/wdump/mainfrm.h,source,Code/Tools/wdump/mainfrm.h,Code/Tools/wdump/mainfrm.h,games/renegade/migration,,,not_started,,parity,Source inventory only; split behavior before claiming whole-file parity
source:Code/Tools/wdump/rawfilem.cpp,source,Code/Tools/wdump/rawfilem.cpp,Code/Tools/wdump/rawfilem.cpp,games/renegade/migration,,,not_started,,parity,Source inventory only; split behavior before claiming whole-file parity
source:Code/Tools/wdump/rawfilem.h,source,Code/Tools/wdump/rawfilem.h,Code/Tools/wdump/rawfilem.h,games/renegade/migration,,,not_started,,parity,Source inventory only; split behavior before claiming whole-file parity
source:Code/Tools/wdump/res/toolbar.bmp,source,Code/Tools/wdump/res/toolbar.bmp,Code/Tools/wdump/res/toolbar.bmp,games/renegade/migration,,,not_started,,parity,Source inventory only; split behavior before claiming whole-file parity
source:Code/Tools/wdump/res/wdump.ico,source,Code/Tools/wdump/res/wdump.ico,Code/Tools/wdump/res/wdump.ico,games/renegade/migration,,,not_started,,parity,Source inventory only; split behavior before claiming whole-file parity
source:Code/Tools/wdump/res/wdump.rc2,source,Code/Tools/wdump/res/wdump.rc2,Code/Tools/wdump/res/wdump.rc2,games/renegade/migration,,,not_started,,parity,Source inventory only; split behavior before claiming whole-file parity
source:Code/Tools/wdump/res/wdumpdoc.ico,source,Code/Tools/wdump/res/wdumpdoc.ico,Code/Tools/wdump/res/wdumpdoc.ico,games/renegade/migration,,,not_started,,parity,Source inventory only; split behavior before claiming whole-file parity
source:Code/Tools/wdump/resource.h,source,Code/Tools/wdump/resource.h,Code/Tools/wdump/resource.h,games/renegade/migration,,,not_started,,parity,Source inventory only; split behavior before claiming whole-file parity
source:Code/Tools/wdump/stdafx.cpp,source,Code/Tools/wdump/stdafx.cpp,Code/Tools/wdump/stdafx.cpp,games/renegade/migration,,,not_started,,parity,Source inventory only; split behavior before claiming whole-file parity
source:Code/Tools/wdump/stdafx.h,source,Code/Tools/wdump/stdafx.h,Code/Tools/wdump/stdafx.h,games/renegade/migration,,,not_started,,parity,Source inventory only; split behavior before claiming whole-file parity
source:Code/Tools/wdump/wdeview.cpp,source,Code/Tools/wdump/wdeview.cpp,Code/Tools/wdump/wdeview.cpp,games/renegade/migration,,,not_started,,parity,Source inventory only; split behavior before claiming whole-file parity
source:Code/Tools/wdump/wdeview.h,source,Code/Tools/wdump/wdeview.h,Code/Tools/wdump/wdeview.h,games/renegade/migration,,,not_started,,parity,Source inventory only; split behavior before claiming whole-file parity
source:Code/Tools/wdump/wdlview.cpp,source,Code/Tools/wdump/wdlview.cpp,Code/Tools/wdump/wdlview.cpp,games/renegade/migration,,,not_started,,parity,Source inventory only; split behavior before claiming whole-file parity
source:Code/Tools/wdump/wdlview.h,source,Code/Tools/wdump/wdlview.h,Code/Tools/wdump/wdlview.h,games/renegade/migration,,,not_started,,parity,Source inventory only; split behavior before claiming whole-file parity
source:Code/Tools/wdump/wdtview.cpp,source,Code/Tools/wdump/wdtview.cpp,Code/Tools/wdump/wdtview.cpp,games/renegade/migration,,,not_started,,parity,Source inventory only; split behavior before claiming whole-file parity
source:Code/Tools/wdump/wdtview.h,source,Code/Tools/wdump/wdtview.h,Code/Tools/wdump/wdtview.h,games/renegade/migration,,,not_started,,parity,Source inventory only; split behavior before claiming whole-file parity
source:Code/Tools/wdump/wdump.cpp,source,Code/Tools/wdump/wdump.cpp,Code/Tools/wdump/wdump.cpp,games/renegade/migration,,,not_started,,parity,Source inventory only; split behavior before claiming whole-file parity
source:Code/Tools/wdump/wdump.dsp,source,Code/Tools/wdump/wdump.dsp,Code/Tools/wdump/wdump.dsp,games/renegade/migration,,,not_started,,parity,Source inventory only; split behavior before claiming whole-file parity
source:Code/Tools/wdump/wdump.h,source,Code/Tools/wdump/wdump.h,Code/Tools/wdump/wdump.h,games/renegade/migration,,,not_started,,parity,Source inventory only; split behavior before claiming whole-file parity
source:Code/Tools/wdump/wdump.rc,source,Code/Tools/wdump/wdump.rc,Code/Tools/wdump/wdump.rc,games/renegade/migration,,,not_started,,parity,Source inventory only; split behavior before claiming whole-file parity
source:Code/Tools/wdump/wdumpdoc.cpp,source,Code/Tools/wdump/wdumpdoc.cpp,Code/Tools/wdump/wdumpdoc.cpp,games/renegade/migration,,,not_started,,parity,Source inventory only; split behavior before claiming whole-file parity
source:Code/Tools/wdump/wdumpdoc.h,source,Code/Tools/wdump/wdumpdoc.h,Code/Tools/wdump/wdumpdoc.h,games/renegade/migration,,,not_started,,parity,Source inventory only; split behavior before claiming whole-file parity
source:Code/Tools/wdump/wdview.cpp,source,Code/Tools/wdump/wdview.cpp,Code/Tools/wdump/wdview.cpp,games/renegade/migration,,,not_started,,parity,Source inventory only; split behavior before claiming whole-file parity
source:Code/Tools/wdump/wdview.h,source,Code/Tools/wdump/wdview.h,Code/Tools/wdump/wdview.h,games/renegade/migration,,,not_started,,parity,Source inventory only; split behavior before claiming whole-file parity
source:Code/Tools/wlib/arraylist.h,source,Code/Tools/wlib/arraylist.h,Code/Tools/wlib/arraylist.h,games/renegade/migration,,,not_started,,parity,Source inventory only; split behavior before claiming whole-file parity
source:Code/Tools/wlib/configfile.cpp,source,Code/Tools/wlib/configfile.cpp,Code/Tools/wlib/configfile.cpp,games/renegade/migration,,,not_started,,parity,Source inventory only; split behavior before claiming whole-file parity
source:Code/Tools/wlib/configfile.h,source,Code/Tools/wlib/configfile.h,Code/Tools/wlib/configfile.h,games/renegade/migration,,,not_started,,parity,Source inventory only; split behavior before claiming whole-file parity
source:Code/Tools/wlib/critsec.cpp,source,Code/Tools/wlib/critsec.cpp,Code/Tools/wlib/critsec.cpp,games/renegade/migration,,,not_started,,parity,Source inventory only; split behavior before claiming whole-file parity
source:Code/Tools/wlib/critsec.h,source,Code/Tools/wlib/critsec.h,Code/Tools/wlib/critsec.h,games/renegade/migration,,,not_started,,parity,Source inventory only; split behavior before claiming whole-file parity
source:Code/Tools/wlib/dictionary.h,source,Code/Tools/wlib/dictionary.h,Code/Tools/wlib/dictionary.h,games/renegade/migration,,,not_started,,parity,Source inventory only; split behavior before claiming whole-file parity
source:Code/Tools/wlib/filed.h,source,Code/Tools/wlib/filed.h,Code/Tools/wlib/filed.h,games/renegade/migration,,,not_started,,parity,Source inventory only; split behavior before claiming whole-file parity
source:Code/Tools/wlib/linkedlist.h,source,Code/Tools/wlib/linkedlist.h,Code/Tools/wlib/linkedlist.h,games/renegade/migration,,,not_started,,parity,Source inventory only; split behavior before claiming whole-file parity
source:Code/Tools/wlib/mboxd.h,source,Code/Tools/wlib/mboxd.h,Code/Tools/wlib/mboxd.h,games/renegade/migration,,,not_started,,parity,Source inventory only; split behavior before claiming whole-file parity
source:Code/Tools/wlib/monod.cpp,source,Code/Tools/wlib/monod.cpp,Code/Tools/wlib/monod.cpp,games/renegade/migration,,,not_started,,parity,Source inventory only; split behavior before claiming whole-file parity
source:Code/Tools/wlib/monod.h,source,Code/Tools/wlib/monod.h,Code/Tools/wlib/monod.h,games/renegade/migration,,,not_started,,parity,Source inventory only; split behavior before claiming whole-file parity
source:Code/Tools/wlib/odevice.h,source,Code/Tools/wlib/odevice.h,Code/Tools/wlib/odevice.h,games/renegade/migration,,,not_started,,parity,Source inventory only; split behavior before claiming whole-file parity
source:Code/Tools/wlib/sem4.cpp,source,Code/Tools/wlib/sem4.cpp,Code/Tools/wlib/sem4.cpp,games/renegade/migration,,,not_started,,parity,Source inventory only; split behavior before claiming whole-file parity
source:Code/Tools/wlib/sem4.h,source,Code/Tools/wlib/sem4.h,Code/Tools/wlib/sem4.h,games/renegade/migration,,,not_started,,parity,Source inventory only; split behavior before claiming whole-file parity
source:Code/Tools/wlib/stderrd.h,source,Code/Tools/wlib/stderrd.h,Code/Tools/wlib/stderrd.h,games/renegade/migration,,,not_started,,parity,Source inventory only; split behavior before claiming whole-file parity
source:Code/Tools/wlib/stdoutd.h,source,Code/Tools/wlib/stdoutd.h,Code/Tools/wlib/stdoutd.h,games/renegade/migration,,,not_started,,parity,Source inventory only; split behavior before claiming whole-file parity
source:Code/Tools/wlib/streamer.cpp,source,Code/Tools/wlib/streamer.cpp,Code/Tools/wlib/streamer.cpp,games/renegade/migration,,,not_started,,parity,Source inventory only; split behavior before claiming whole-file parity
source:Code/Tools/wlib/streamer.h,source,Code/Tools/wlib/streamer.h,Code/Tools/wlib/streamer.h,games/renegade/migration,,,not_started,,parity,Source inventory only; split behavior before claiming whole-file parity
source:Code/Tools/wlib/syslogd.cpp,source,Code/Tools/wlib/syslogd.cpp,Code/Tools/wlib/syslogd.cpp,games/renegade/migration,,,not_started,,parity,Source inventory only; split behavior before claiming whole-file parity
source:Code/Tools/wlib/syslogd.h,source,Code/Tools/wlib/syslogd.h,Code/Tools/wlib/syslogd.h,games/renegade/migration,,,not_started,,parity,Source inventory only; split behavior before claiming whole-file parity
source:Code/Tools/wlib/threadfac.cpp,source,Code/Tools/wlib/threadfac.cpp,Code/Tools/wlib/threadfac.cpp,games/renegade/migration,,,not_started,,parity,Source inventory only; split behavior before claiming whole-file parity
source:Code/Tools/wlib/threadfac.h,source,Code/Tools/wlib/threadfac.h,Code/Tools/wlib/threadfac.h,games/renegade/migration,,,not_started,,parity,Source inventory only; split behavior before claiming whole-file parity
source:Code/Tools/wlib/threadsafe.h,source,Code/Tools/wlib/threadsafe.h,Code/Tools/wlib/threadsafe.h,games/renegade/migration,,,not_started,,parity,Source inventory only; split behavior before claiming whole-file parity
source:Code/Tools/wlib/timezone.cpp,source,Code/Tools/wlib/timezone.cpp,Code/Tools/wlib/timezone.cpp,games/renegade/migration,,,not_started,,parity,Source inventory only; split behavior before claiming whole-file parity
source:Code/Tools/wlib/timezone.h,source,Code/Tools/wlib/timezone.h,Code/Tools/wlib/timezone.h,games/renegade/migration,,,not_started,,parity,Source inventory only; split behavior before claiming whole-file parity
source:Code/Tools/wlib/ustring.h,source,Code/Tools/wlib/ustring.h,Code/Tools/wlib/ustring.h,games/renegade/migration,,,not_started,,parity,Source inventory only; split behavior before claiming whole-file parity
source:Code/Tools/wlib/wdebug.cpp,source,Code/Tools/wlib/wdebug.cpp,Code/Tools/wlib/wdebug.cpp,games/renegade/migration,,,not_started,,parity,Source inventory only; split behavior before claiming whole-file parity
source:Code/Tools/wlib/wdebug.h,source,Code/Tools/wlib/wdebug.h,Code/Tools/wlib/wdebug.h,games/renegade/migration,,,not_started,,parity,Source inventory only; split behavior before claiming whole-file parity
source:Code/Tools/wlib/wstring.cpp,source,Code/Tools/wlib/wstring.cpp,Code/Tools/wlib/wstring.cpp,games/renegade/migration,,,not_started,,parity,Source inventory only; split behavior before claiming whole-file parity
source:Code/Tools/wlib/wstring.h,source,Code/Tools/wlib/wstring.h,Code/Tools/wlib/wstring.h,games/renegade/migration,,,not_started,,parity,Source inventory only; split behavior before claiming whole-file parity
source:Code/Tools/wlib/wstypes.h,source,Code/Tools/wlib/wstypes.h,Code/Tools/wlib/wstypes.h,games/renegade/migration,,,not_started,,parity,Source inventory only; split behavior before claiming whole-file parity
source:Code/Tools/wlib/wtime.cpp,source,Code/Tools/wlib/wtime.cpp,Code/Tools/wlib/wtime.cpp,games/renegade/migration,,,not_started,,parity,Source inventory only; split behavior before claiming whole-file parity
source:Code/Tools/wlib/wtime.h,source,Code/Tools/wlib/wtime.h,Code/Tools/wlib/wtime.h,games/renegade/migration,,,not_started,,parity,Source inventory only; split behavior before claiming whole-file parity
source:Code/Tools/wlib/xtime.cpp,source,Code/Tools/wlib/xtime.cpp,Code/Tools/wlib/xtime.cpp,games/renegade/migration,,,not_started,,parity,Source inventory only; split behavior before claiming whole-file parity
source:Code/Tools/wlib/xtime.h,source,Code/Tools/wlib/xtime.h,Code/Tools/wlib/xtime.h,games/renegade/migration,,,not_started,,parity,Source inventory only; split behavior before claiming whole-file parity
source:Code/Tools/wnet/field.cpp,source,Code/Tools/wnet/field.cpp,Code/Tools/wnet/field.cpp,games/renegade/migration,,,not_started,,parity,Source inventory only; split behavior before claiming whole-file parity
source:Code/Tools/wnet/field.h,source,Code/Tools/wnet/field.h,Code/Tools/wnet/field.h,games/renegade/migration,,,not_started,,parity,Source inventory only; split behavior before claiming whole-file parity
source:Code/Tools/wnet/packet.cpp,source,Code/Tools/wnet/packet.cpp,Code/Tools/wnet/packet.cpp,games/renegade/migration,,,not_started,,parity,Source inventory only; split behavior before claiming whole-file parity
source:Code/Tools/wnet/packet.h,source,Code/Tools/wnet/packet.h,Code/Tools/wnet/packet.h,games/renegade/migration,,,not_started,,parity,Source inventory only; split behavior before claiming whole-file parity
source:Code/Tools/wnet/tcp.cpp,source,Code/Tools/wnet/tcp.cpp,Code/Tools/wnet/tcp.cpp,games/renegade/migration,,,not_started,,parity,Source inventory only; split behavior before claiming whole-file parity
source:Code/Tools/wnet/tcp.h,source,Code/Tools/wnet/tcp.h,Code/Tools/wnet/tcp.h,games/renegade/migration,,,not_started,,parity,Source inventory only; split behavior before claiming whole-file parity
source:Code/Tools/wnet/udp.cpp,source,Code/Tools/wnet/udp.cpp,Code/Tools/wnet/udp.cpp,games/renegade/migration,,,not_started,,parity,Source inventory only; split behavior before claiming whole-file parity
source:Code/Tools/wnet/udp.h,source,Code/Tools/wnet/udp.h,Code/Tools/wnet/udp.h,games/renegade/migration,,,not_started,,parity,Source inventory only; split behavior before claiming whole-file parity
source:Code/WOLBrowser/WOLBrowser.dll,source,Code/WOLBrowser/WOLBrowser.dll,Code/WOLBrowser/WOLBrowser.dll,games/renegade/migration,,,not_started,,parity,Source inventory only; split behavior before claiming whole-file parity
source:Code/WOLBrowser/WOLBrowser.h,source,Code/WOLBrowser/WOLBrowser.h,Code/WOLBrowser/WOLBrowser.h,games/renegade/migration,,,not_started,,parity,Source inventory only; split behavior before claiming whole-file parity
source:Code/WOLBrowser/WOLBrowserD.dll,source,Code/WOLBrowser/WOLBrowserD.dll,Code/WOLBrowser/WOLBrowserD.dll,games/renegade/migration,,,not_started,,parity,Source inventory only; split behavior before claiming whole-file parity
source:Code/WOLBrowser/WOLBrowser_i.c,source,Code/WOLBrowser/WOLBrowser_i.c,Code/WOLBrowser/WOLBrowser_i.c,games/renegade/migration,,,not_started,,parity,Source inventory only; split behavior before claiming whole-file parity
source:Code/WWAudio/AABTreeSoundCullClass.h,source,Code/WWAudio/AABTreeSoundCullClass.h,Code/WWAudio/AABTreeSoundCullClass.h,engine/audio,,,not_started,,parity,Source inventory only; split behavior before claiming whole-file parity
source:Code/WWAudio/AudibleSound.cpp,source,Code/WWAudio/AudibleSound.cpp,Code/WWAudio/AudibleSound.cpp,engine/audio,,,not_started,,parity,Source inventory only; split behavior before claiming whole-file parity
source:Code/WWAudio/AudibleSound.h,source,Code/WWAudio/AudibleSound.h,Code/WWAudio/AudibleSound.h,engine/audio,,,not_started,,parity,Source inventory only; split behavior before claiming whole-file parity
source:Code/WWAudio/AudioEvents.cpp,source,Code/WWAudio/AudioEvents.cpp,Code/WWAudio/AudioEvents.cpp,engine/audio,,,not_started,,parity,Source inventory only; split behavior before claiming whole-file parity
source:Code/WWAudio/AudioEvents.h,source,Code/WWAudio/AudioEvents.h,Code/WWAudio/AudioEvents.h,engine/audio,,,not_started,,parity,Source inventory only; split behavior before claiming whole-file parity
source:Code/WWAudio/AudioSaveLoad.cpp,source,Code/WWAudio/AudioSaveLoad.cpp,Code/WWAudio/AudioSaveLoad.cpp,engine/audio,,,not_started,,parity,Source inventory only; split behavior before claiming whole-file parity
source:Code/WWAudio/AudioSaveLoad.h,source,Code/WWAudio/AudioSaveLoad.h,Code/WWAudio/AudioSaveLoad.h,engine/audio,,,not_started,,parity,Source inventory only; split behavior before claiming whole-file parity
source:Code/WWAudio/FilteredSound.cpp,source,Code/WWAudio/FilteredSound.cpp,Code/WWAudio/FilteredSound.cpp,engine/audio,,,not_started,,parity,Source inventory only; split behavior before claiming whole-file parity
source:Code/WWAudio/FilteredSound.h,source,Code/WWAudio/FilteredSound.h,Code/WWAudio/FilteredSound.h,engine/audio,,,not_started,,parity,Source inventory only; split behavior before claiming whole-file parity
source:Code/WWAudio/Listener.cpp,source,Code/WWAudio/Listener.cpp,Code/WWAudio/Listener.cpp,engine/audio,,,not_started,,parity,Source inventory only; split behavior before claiming whole-file parity
source:Code/WWAudio/Listener.h,source,Code/WWAudio/Listener.h,Code/WWAudio/Listener.h,engine/audio,,,not_started,,parity,Source inventory only; split behavior before claiming whole-file parity
source:Code/WWAudio/LogicalListener.cpp,source,Code/WWAudio/LogicalListener.cpp,Code/WWAudio/LogicalListener.cpp,engine/audio,,,not_started,,parity,Source inventory only; split behavior before claiming whole-file parity
source:Code/WWAudio/LogicalListener.h,source,Code/WWAudio/LogicalListener.h,Code/WWAudio/LogicalListener.h,engine/audio,,,not_started,,parity,Source inventory only; split behavior before claiming whole-file parity
source:Code/WWAudio/LogicalSound.cpp,source,Code/WWAudio/LogicalSound.cpp,Code/WWAudio/LogicalSound.cpp,engine/audio,,,not_started,,parity,Source inventory only; split behavior before claiming whole-file parity
source:Code/WWAudio/LogicalSound.h,source,Code/WWAudio/LogicalSound.h,Code/WWAudio/LogicalSound.h,engine/audio,,,not_started,,parity,Source inventory only; split behavior before claiming whole-file parity
source:Code/WWAudio/PriorityVector.h,source,Code/WWAudio/PriorityVector.h,Code/WWAudio/PriorityVector.h,engine/audio,,,not_started,,parity,Source inventory only; split behavior before claiming whole-file parity
source:Code/WWAudio/Sound3D.cpp,source,Code/WWAudio/Sound3D.cpp,Code/WWAudio/Sound3D.cpp,engine/audio,,,not_started,,parity,Source inventory only; split behavior before claiming whole-file parity
source:Code/WWAudio/Sound3D.h,source,Code/WWAudio/Sound3D.h,Code/WWAudio/Sound3D.h,engine/audio,,,not_started,,parity,Source inventory only; split behavior before claiming whole-file parity
source:Code/WWAudio/SoundBuffer.cpp,source,Code/WWAudio/SoundBuffer.cpp,Code/WWAudio/SoundBuffer.cpp,engine/audio,,,not_started,,parity,Source inventory only; split behavior before claiming whole-file parity
source:Code/WWAudio/SoundBuffer.h,source,Code/WWAudio/SoundBuffer.h,Code/WWAudio/SoundBuffer.h,engine/audio,,,not_started,,parity,Source inventory only; split behavior before claiming whole-file parity
source:Code/WWAudio/SoundChunkIDs.h,source,Code/WWAudio/SoundChunkIDs.h,Code/WWAudio/SoundChunkIDs.h,engine/audio,,,not_started,,parity,Source inventory only; split behavior before claiming whole-file parity
source:Code/WWAudio/SoundCullObj.h,source,Code/WWAudio/SoundCullObj.h,Code/WWAudio/SoundCullObj.h,engine/audio,,,not_started,,parity,Source inventory only; split behavior before claiming whole-file parity
source:Code/WWAudio/SoundDefinition.h,source,Code/WWAudio/SoundDefinition.h,Code/WWAudio/SoundDefinition.h,engine/audio,,,not_started,,parity,Source inventory only; split behavior before claiming whole-file parity
source:Code/WWAudio/SoundPseudo3D.cpp,source,Code/WWAudio/SoundPseudo3D.cpp,Code/WWAudio/SoundPseudo3D.cpp,engine/audio,,,not_started,,parity,Source inventory only; split behavior before claiming whole-file parity
source:Code/WWAudio/SoundPseudo3D.h,source,Code/WWAudio/SoundPseudo3D.h,Code/WWAudio/SoundPseudo3D.h,engine/audio,,,not_started,,parity,Source inventory only; split behavior before claiming whole-file parity
source:Code/WWAudio/SoundScene.cpp,source,Code/WWAudio/SoundScene.cpp,Code/WWAudio/SoundScene.cpp,engine/audio,,,not_started,,parity,Source inventory only; split behavior before claiming whole-file parity
source:Code/WWAudio/SoundScene.h,source,Code/WWAudio/SoundScene.h,Code/WWAudio/SoundScene.h,engine/audio,,,not_started,,parity,Source inventory only; split behavior before claiming whole-file parity
source:Code/WWAudio/SoundSceneObj.cpp,source,Code/WWAudio/SoundSceneObj.cpp,Code/WWAudio/SoundSceneObj.cpp,engine/audio,,,not_started,,parity,Source inventory only; split behavior before claiming whole-file parity
source:Code/WWAudio/SoundSceneObj.h,source,Code/WWAudio/SoundSceneObj.h,Code/WWAudio/SoundSceneObj.h,engine/audio,,,not_started,,parity,Source inventory only; split behavior before claiming whole-file parity
source:Code/WWAudio/StaticSoundCullObj.h,source,Code/WWAudio/StaticSoundCullObj.h,Code/WWAudio/StaticSoundCullObj.h,engine/audio,,,not_started,,parity,Source inventory only; split behavior before claiming whole-file parity
source:Code/WWAudio/Threads.cpp,source,Code/WWAudio/Threads.cpp,Code/WWAudio/Threads.cpp,engine/audio,,,not_started,,parity,Source inventory only; split behavior before claiming whole-file parity
source:Code/WWAudio/Threads.h,source,Code/WWAudio/Threads.h,Code/WWAudio/Threads.h,engine/audio,,,not_started,,parity,Source inventory only; split behavior before claiming whole-file parity
source:Code/WWAudio/Utils.cpp,source,Code/WWAudio/Utils.cpp,Code/WWAudio/Utils.cpp,engine/audio,,,not_started,,parity,Source inventory only; split behavior before claiming whole-file parity
source:Code/WWAudio/Utils.h,source,Code/WWAudio/Utils.h,Code/WWAudio/Utils.h,engine/audio,,,not_started,,parity,Source inventory only; split behavior before claiming whole-file parity
source:Code/WWAudio/WWAudio.cpp,source,Code/WWAudio/WWAudio.cpp,Code/WWAudio/WWAudio.cpp,engine/audio,,,not_started,,parity,Source inventory only; split behavior before claiming whole-file parity
source:Code/WWAudio/WWAudio.dsp,source,Code/WWAudio/WWAudio.dsp,Code/WWAudio/WWAudio.dsp,engine/audio,,,not_started,,parity,Source inventory only; split behavior before claiming whole-file parity
source:Code/WWAudio/WWAudio.h,source,Code/WWAudio/WWAudio.h,Code/WWAudio/WWAudio.h,engine/audio,,,not_started,,parity,Source inventory only; split behavior before claiming whole-file parity
source:Code/WWAudio/listenerhandle.cpp,source,Code/WWAudio/listenerhandle.cpp,Code/WWAudio/listenerhandle.cpp,engine/audio,,,not_started,,parity,Source inventory only; split behavior before claiming whole-file parity
source:Code/WWAudio/listenerhandle.h,source,Code/WWAudio/listenerhandle.h,Code/WWAudio/listenerhandle.h,engine/audio,,,not_started,,parity,Source inventory only; split behavior before claiming whole-file parity
source:Code/WWAudio/sound2dhandle.cpp,source,Code/WWAudio/sound2dhandle.cpp,Code/WWAudio/sound2dhandle.cpp,engine/audio,,,not_started,,parity,Source inventory only; split behavior before claiming whole-file parity
source:Code/WWAudio/sound2dhandle.h,source,Code/WWAudio/sound2dhandle.h,Code/WWAudio/sound2dhandle.h,engine/audio,,,not_started,,parity,Source inventory only; split behavior before claiming whole-file parity
source:Code/WWAudio/sound3dhandle.cpp,source,Code/WWAudio/sound3dhandle.cpp,Code/WWAudio/sound3dhandle.cpp,engine/audio,,,not_started,,parity,Source inventory only; split behavior before claiming whole-file parity
source:Code/WWAudio/sound3dhandle.h,source,Code/WWAudio/sound3dhandle.h,Code/WWAudio/sound3dhandle.h,engine/audio,,,not_started,,parity,Source inventory only; split behavior before claiming whole-file parity
source:Code/WWAudio/soundhandle.cpp,source,Code/WWAudio/soundhandle.cpp,Code/WWAudio/soundhandle.cpp,engine/audio,,,not_started,,parity,Source inventory only; split behavior before claiming whole-file parity
source:Code/WWAudio/soundhandle.h,source,Code/WWAudio/soundhandle.h,Code/WWAudio/soundhandle.h,engine/audio,,,not_started,,parity,Source inventory only; split behavior before claiming whole-file parity
source:Code/WWAudio/soundstreamhandle.cpp,source,Code/WWAudio/soundstreamhandle.cpp,Code/WWAudio/soundstreamhandle.cpp,engine/audio,,,not_started,,parity,Source inventory only; split behavior before claiming whole-file parity
source:Code/WWAudio/soundstreamhandle.h,source,Code/WWAudio/soundstreamhandle.h,Code/WWAudio/soundstreamhandle.h,engine/audio,,,not_started,,parity,Source inventory only; split behavior before claiming whole-file parity
source:Code/WWMath/aabox.cpp,source,Code/WWMath/aabox.cpp,Code/WWMath/aabox.cpp,engine/core/math,,,not_started,,parity,Source inventory only; split behavior before claiming whole-file parity
source:Code/WWMath/aabox.h,source,Code/WWMath/aabox.h,Code/WWMath/aabox.h,engine/core/math,,,not_started,,parity,Source inventory only; split behavior before claiming whole-file parity
source:Code/WWMath/aabtreecull.cpp,source,Code/WWMath/aabtreecull.cpp,Code/WWMath/aabtreecull.cpp,engine/core/math,,,not_started,,parity,Source inventory only; split behavior before claiming whole-file parity
source:Code/WWMath/aabtreecull.h,source,Code/WWMath/aabtreecull.h,Code/WWMath/aabtreecull.h,engine/core/math,,,not_started,,parity,Source inventory only; split behavior before claiming whole-file parity
source:Code/WWMath/aaplane.h,source,Code/WWMath/aaplane.h,Code/WWMath/aaplane.h,engine/core/math,,,not_started,,parity,Source inventory only; split behavior before claiming whole-file parity
source:Code/WWMath/cardinalspline.cpp,source,Code/WWMath/cardinalspline.cpp,Code/WWMath/cardinalspline.cpp,engine/core/math,,,not_started,,parity,Source inventory only; split behavior before claiming whole-file parity
source:Code/WWMath/cardinalspline.h,source,Code/WWMath/cardinalspline.h,Code/WWMath/cardinalspline.h,engine/core/math,,,not_started,,parity,Source inventory only; split behavior before claiming whole-file parity
source:Code/WWMath/castres.h,source,Code/WWMath/castres.h,Code/WWMath/castres.h,engine/core/math,,,not_started,,parity,Source inventory only; split behavior before claiming whole-file parity
source:Code/WWMath/catmullromspline.cpp,source,Code/WWMath/catmullromspline.cpp,Code/WWMath/catmullromspline.cpp,engine/core/math,,,not_started,,parity,Source inventory only; split behavior before claiming whole-file parity
source:Code/WWMath/catmullromspline.h,source,Code/WWMath/catmullromspline.h,Code/WWMath/catmullromspline.h,engine/core/math,,,not_started,,parity,Source inventory only; split behavior before claiming whole-file parity
source:Code/WWMath/colmath.cpp,source,Code/WWMath/colmath.cpp,Code/WWMath/colmath.cpp,engine/core/math,,,not_started,,parity,Source inventory only; split behavior before claiming whole-file parity
source:Code/WWMath/colmath.h,source,Code/WWMath/colmath.h,Code/WWMath/colmath.h,engine/core/math,,,not_started,,parity,Source inventory only; split behavior before claiming whole-file parity
source:Code/WWMath/colmathaabox.cpp,source,Code/WWMath/colmathaabox.cpp,Code/WWMath/colmathaabox.cpp,engine/core/math,,,not_started,,parity,Source inventory only; split behavior before claiming whole-file parity
source:Code/WWMath/colmathaabox.h,source,Code/WWMath/colmathaabox.h,Code/WWMath/colmathaabox.h,engine/core/math,,,not_started,,parity,Source inventory only; split behavior before claiming whole-file parity
source:Code/WWMath/colmathaabtri.cpp,source,Code/WWMath/colmathaabtri.cpp,Code/WWMath/colmathaabtri.cpp,engine/core/math,,,not_started,,parity,Source inventory only; split behavior before claiming whole-file parity
source:Code/WWMath/colmathfrustum.cpp,source,Code/WWMath/colmathfrustum.cpp,Code/WWMath/colmathfrustum.cpp,engine/core/math,,,not_started,,parity,Source inventory only; split behavior before claiming whole-file parity
source:Code/WWMath/colmathfrustum.h,source,Code/WWMath/colmathfrustum.h,Code/WWMath/colmathfrustum.h,engine/core/math,,,not_started,,parity,Source inventory only; split behavior before claiming whole-file parity
source:Code/WWMath/colmathinlines.h,source,Code/WWMath/colmathinlines.h,Code/WWMath/colmathinlines.h,engine/core/math,,,not_started,,parity,Source inventory only; split behavior before claiming whole-file parity
source:Code/WWMath/colmathline.cpp,source,Code/WWMath/colmathline.cpp,Code/WWMath/colmathline.cpp,engine/core/math,,,not_started,,parity,Source inventory only; split behavior before claiming whole-file parity
source:Code/WWMath/colmathline.h,source,Code/WWMath/colmathline.h,Code/WWMath/colmathline.h,engine/core/math,,,not_started,,parity,Source inventory only; split behavior before claiming whole-file parity
source:Code/WWMath/colmathobbobb.cpp,source,Code/WWMath/colmathobbobb.cpp,Code/WWMath/colmathobbobb.cpp,engine/core/math,,,not_started,,parity,Source inventory only; split behavior before claiming whole-file parity
source:Code/WWMath/colmathobbox.cpp,source,Code/WWMath/colmathobbox.cpp,Code/WWMath/colmathobbox.cpp,engine/core/math,,,not_started,,parity,Source inventory only; split behavior before claiming whole-file parity
source:Code/WWMath/colmathobbtri.cpp,source,Code/WWMath/colmathobbtri.cpp,Code/WWMath/colmathobbtri.cpp,engine/core/math,,,not_started,,parity,Source inventory only; split behavior before claiming whole-file parity
source:Code/WWMath/colmathplane.cpp,source,Code/WWMath/colmathplane.cpp,Code/WWMath/colmathplane.cpp,engine/core/math,,,not_started,,parity,Source inventory only; split behavior before claiming whole-file parity
source:Code/WWMath/colmathplane.h,source,Code/WWMath/colmathplane.h,Code/WWMath/colmathplane.h,engine/core/math,,,not_started,,parity,Source inventory only; split behavior before claiming whole-file parity
source:Code/WWMath/colmathsphere.cpp,source,Code/WWMath/colmathsphere.cpp,Code/WWMath/colmathsphere.cpp,engine/core/math,,,not_started,,parity,Source inventory only; split behavior before claiming whole-file parity
source:Code/WWMath/cullsys.cpp,source,Code/WWMath/cullsys.cpp,Code/WWMath/cullsys.cpp,engine/core/math,,,not_started,,parity,Source inventory only; split behavior before claiming whole-file parity
source:Code/WWMath/cullsys.h,source,Code/WWMath/cullsys.h,Code/WWMath/cullsys.h,engine/core/math,,,not_started,,parity,Source inventory only; split behavior before claiming whole-file parity
source:Code/WWMath/culltype.h,source,Code/WWMath/culltype.h,Code/WWMath/culltype.h,engine/core/math,,,not_started,,parity,Source inventory only; split behavior before claiming whole-file parity
source:Code/WWMath/curve.cpp,source,Code/WWMath/curve.cpp,Code/WWMath/curve.cpp,engine/core/math,,,not_started,,parity,Source inventory only; split behavior before claiming whole-file parity
source:Code/WWMath/curve.h,source,Code/WWMath/curve.h,Code/WWMath/curve.h,engine/core/math,,,not_started,,parity,Source inventory only; split behavior before claiming whole-file parity
source:Code/WWMath/euler.cpp,source,Code/WWMath/euler.cpp,Code/WWMath/euler.cpp,engine/core/math,,,not_started,,parity,Source inventory only; split behavior before claiming whole-file parity
source:Code/WWMath/euler.h,source,Code/WWMath/euler.h,Code/WWMath/euler.h,engine/core/math,,,not_started,,parity,Source inventory only; split behavior before claiming whole-file parity
source:Code/WWMath/frustum.cpp,source,Code/WWMath/frustum.cpp,Code/WWMath/frustum.cpp,engine/core/math,,,not_started,,parity,Source inventory only; split behavior before claiming whole-file parity
source:Code/WWMath/frustum.h,source,Code/WWMath/frustum.h,Code/WWMath/frustum.h,engine/core/math,,,not_started,,parity,Source inventory only; split behavior before claiming whole-file parity
source:Code/WWMath/gridcull.cpp,source,Code/WWMath/gridcull.cpp,Code/WWMath/gridcull.cpp,engine/core/math,,,not_started,,parity,Source inventory only; split behavior before claiming whole-file parity
source:Code/WWMath/gridcull.h,source,Code/WWMath/gridcull.h,Code/WWMath/gridcull.h,engine/core/math,,,not_started,,parity,Source inventory only; split behavior before claiming whole-file parity
source:Code/WWMath/hermitespline.cpp,source,Code/WWMath/hermitespline.cpp,Code/WWMath/hermitespline.cpp,engine/core/math,,,not_started,,parity,Source inventory only; split behavior before claiming whole-file parity
source:Code/WWMath/hermitespline.h,source,Code/WWMath/hermitespline.h,Code/WWMath/hermitespline.h,engine/core/math,,,not_started,,parity,Source inventory only; split behavior before claiming whole-file parity
source:Code/WWMath/lineseg.cpp,source,Code/WWMath/lineseg.cpp,Code/WWMath/lineseg.cpp,engine/core/math,,,not_started,,parity,Source inventory only; split behavior before claiming whole-file parity
source:Code/WWMath/lineseg.h,source,Code/WWMath/lineseg.h,Code/WWMath/lineseg.h,engine/core/math,,,not_started,,parity,Source inventory only; split behavior before claiming whole-file parity
source:Code/WWMath/lookuptable.cpp,source,Code/WWMath/lookuptable.cpp,Code/WWMath/lookuptable.cpp,engine/core/math,,,not_started,,parity,Source inventory only; split behavior before claiming whole-file parity
source:Code/WWMath/lookuptable.h,source,Code/WWMath/lookuptable.h,Code/WWMath/lookuptable.h,engine/core/math,,,not_started,,parity,Source inventory only; split behavior before claiming whole-file parity
source:Code/WWMath/matrix3.cpp,source,Code/WWMath/matrix3.cpp,Code/WWMath/matrix3.cpp,engine/core/math,,,not_started,,parity,Source inventory only; split behavior before claiming whole-file parity
source:Code/WWMath/matrix3.h,source,Code/WWMath/matrix3.h,Code/WWMath/matrix3.h,engine/core/math,,,not_started,,parity,Source inventory only; split behavior before claiming whole-file parity
source:Code/WWMath/matrix3d.cpp,source,Code/WWMath/matrix3d.cpp,Code/WWMath/matrix3d.cpp,engine/core/math,,,not_started,,parity,Source inventory only; split behavior before claiming whole-file parity
source:Code/WWMath/matrix3d.h,source,Code/WWMath/matrix3d.h,Code/WWMath/matrix3d.h,engine/core/math,,,not_started,,parity,Source inventory only; split behavior before claiming whole-file parity
source:Code/WWMath/matrix4.cpp,source,Code/WWMath/matrix4.cpp,Code/WWMath/matrix4.cpp,engine/core/math,,,not_started,,parity,Source inventory only; split behavior before claiming whole-file parity
source:Code/WWMath/matrix4.h,source,Code/WWMath/matrix4.h,Code/WWMath/matrix4.h,engine/core/math,,,not_started,,parity,Source inventory only; split behavior before claiming whole-file parity
source:Code/WWMath/normalcone.h,source,Code/WWMath/normalcone.h,Code/WWMath/normalcone.h,engine/core/math,,,not_started,,parity,Source inventory only; split behavior before claiming whole-file parity
source:Code/WWMath/obbox.cpp,source,Code/WWMath/obbox.cpp,Code/WWMath/obbox.cpp,engine/core/math,,,not_started,,parity,Source inventory only; split behavior before claiming whole-file parity
source:Code/WWMath/obbox.h,source,Code/WWMath/obbox.h,Code/WWMath/obbox.h,engine/core/math,,,not_started,,parity,Source inventory only; split behavior before claiming whole-file parity
source:Code/WWMath/ode.cpp,source,Code/WWMath/ode.cpp,Code/WWMath/ode.cpp,engine/core/math,,,not_started,,parity,Source inventory only; split behavior before claiming whole-file parity
source:Code/WWMath/ode.h,source,Code/WWMath/ode.h,Code/WWMath/ode.h,engine/core/math,,,not_started,,parity,Source inventory only; split behavior before claiming whole-file parity
source:Code/WWMath/plane.h,source,Code/WWMath/plane.h,Code/WWMath/plane.h,engine/core/math,,,not_started,,parity,Source inventory only; split behavior before claiming whole-file parity
source:Code/WWMath/pot.cpp,source,Code/WWMath/pot.cpp,Code/WWMath/pot.cpp,engine/core/math,,,not_started,,parity,Source inventory only; split behavior before claiming whole-file parity
source:Code/WWMath/pot.h,source,Code/WWMath/pot.h,Code/WWMath/pot.h,engine/core/math,,,not_started,,parity,Source inventory only; split behavior before claiming whole-file parity
source:Code/WWMath/quat.cpp,source,Code/WWMath/quat.cpp,Code/WWMath/quat.cpp,engine/core/math,,,not_started,,parity,Source inventory only; split behavior before claiming whole-file parity
source:Code/WWMath/quat.h,source,Code/WWMath/quat.h,Code/WWMath/quat.h,engine/core/math,,,not_started,,parity,Source inventory only; split behavior before claiming whole-file parity
source:Code/WWMath/rect.h,source,Code/WWMath/rect.h,Code/WWMath/rect.h,engine/core/math,,,not_started,,parity,Source inventory only; split behavior before claiming whole-file parity
source:Code/WWMath/sphere.h,source,Code/WWMath/sphere.h,Code/WWMath/sphere.h,engine/core/math,,,not_started,,parity,Source inventory only; split behavior before claiming whole-file parity
source:Code/WWMath/tcbspline.cpp,source,Code/WWMath/tcbspline.cpp,Code/WWMath/tcbspline.cpp,engine/core/math,,,not_started,,parity,Source inventory only; split behavior before claiming whole-file parity
source:Code/WWMath/tcbspline.h,source,Code/WWMath/tcbspline.h,Code/WWMath/tcbspline.h,engine/core/math,,,not_started,,parity,Source inventory only; split behavior before claiming whole-file parity
source:Code/WWMath/tri.cpp,source,Code/WWMath/tri.cpp,Code/WWMath/tri.cpp,engine/core/math,,,not_started,,parity,Source inventory only; split behavior before claiming whole-file parity
source:Code/WWMath/tri.h,source,Code/WWMath/tri.h,Code/WWMath/tri.h,engine/core/math,,,not_started,,parity,Source inventory only; split behavior before claiming whole-file parity
source:Code/WWMath/v3_rnd.cpp,source,Code/WWMath/v3_rnd.cpp,Code/WWMath/v3_rnd.cpp,engine/core/math,,,not_started,,parity,Source inventory only; split behavior before claiming whole-file parity
source:Code/WWMath/v3_rnd.h,source,Code/WWMath/v3_rnd.h,Code/WWMath/v3_rnd.h,engine/core/math,,,not_started,,parity,Source inventory only; split behavior before claiming whole-file parity
source:Code/WWMath/vector2.h,source,Code/WWMath/vector2.h,Code/WWMath/vector2.h,engine/core/math,,,not_started,,parity,Source inventory only; split behavior before claiming whole-file parity
source:Code/WWMath/vector2i.h,source,Code/WWMath/vector2i.h,Code/WWMath/vector2i.h,engine/core/math,,,not_started,,parity,Source inventory only; split behavior before claiming whole-file parity
source:Code/WWMath/vector3.h,source,Code/WWMath/vector3.h,Code/WWMath/vector3.h,engine/core/math,,,not_started,,parity,Source inventory only; split behavior before claiming whole-file parity
source:Code/WWMath/vector3i.h,source,Code/WWMath/vector3i.h,Code/WWMath/vector3i.h,engine/core/math,,,not_started,,parity,Source inventory only; split behavior before claiming whole-file parity
source:Code/WWMath/vector4.h,source,Code/WWMath/vector4.h,Code/WWMath/vector4.h,engine/core/math,,,not_started,,parity,Source inventory only; split behavior before claiming whole-file parity
source:Code/WWMath/vehiclecurve.cpp,source,Code/WWMath/vehiclecurve.cpp,Code/WWMath/vehiclecurve.cpp,engine/core/math,,,not_started,,parity,Source inventory only; split behavior before claiming whole-file parity
source:Code/WWMath/vehiclecurve.h,source,Code/WWMath/vehiclecurve.h,Code/WWMath/vehiclecurve.h,engine/core/math,,,not_started,,parity,Source inventory only; split behavior before claiming whole-file parity
source:Code/WWMath/vp.cpp,source,Code/WWMath/vp.cpp,Code/WWMath/vp.cpp,engine/core/math,,,not_started,,parity,Source inventory only; split behavior before claiming whole-file parity
source:Code/WWMath/vp.h,source,Code/WWMath/vp.h,Code/WWMath/vp.h,engine/core/math,,,not_started,,parity,Source inventory only; split behavior before claiming whole-file parity
source:Code/WWMath/wwmath.cpp,source,Code/WWMath/wwmath.cpp,Code/WWMath/wwmath.cpp,engine/core/math,,,not_started,,parity,Source inventory only; split behavior before claiming whole-file parity
source:Code/WWMath/wwmath.dsp,source,Code/WWMath/wwmath.dsp,Code/WWMath/wwmath.dsp,engine/core/math,,,not_started,,parity,Source inventory only; split behavior before claiming whole-file parity
source:Code/WWMath/wwmath.h,source,Code/WWMath/wwmath.h,Code/WWMath/wwmath.h,engine/core/math,,,not_started,,parity,Source inventory only; split behavior before claiming whole-file parity
source:Code/WWMath/wwmathids.h,source,Code/WWMath/wwmathids.h,Code/WWMath/wwmathids.h,engine/core/math,,,not_started,,parity,Source inventory only; split behavior before claiming whole-file parity
source:Code/WWOnline/GameResField.cpp,source,Code/WWOnline/GameResField.cpp,Code/WWOnline/GameResField.cpp,games/renegade/migration,,,not_started,,parity,Source inventory only; split behavior before claiming whole-file parity
source:Code/WWOnline/GameResField.h,source,Code/WWOnline/GameResField.h,Code/WWOnline/GameResField.h,games/renegade/migration,,,not_started,,parity,Source inventory only; split behavior before claiming whole-file parity
source:Code/WWOnline/GameResPacket.cpp,source,Code/WWOnline/GameResPacket.cpp,Code/WWOnline/GameResPacket.cpp,games/renegade/migration,,,not_started,,parity,Source inventory only; split behavior before claiming whole-file parity
source:Code/WWOnline/GameResPacket.h,source,Code/WWOnline/GameResPacket.h,Code/WWOnline/GameResPacket.h,games/renegade/migration,,,not_started,,parity,Source inventory only; split behavior before claiming whole-file parity
source:Code/WWOnline/PingProfile.cpp,source,Code/WWOnline/PingProfile.cpp,Code/WWOnline/PingProfile.cpp,games/renegade/migration,,,not_started,,parity,Source inventory only; split behavior before claiming whole-file parity
source:Code/WWOnline/PingProfile.h,source,Code/WWOnline/PingProfile.h,Code/WWOnline/PingProfile.h,games/renegade/migration,,,not_started,,parity,Source inventory only; split behavior before claiming whole-file parity
source:Code/WWOnline/RefCounted.h,source,Code/WWOnline/RefCounted.h,Code/WWOnline/RefCounted.h,games/renegade/migration,,,not_started,,parity,Source inventory only; split behavior before claiming whole-file parity
source:Code/WWOnline/RefPtr.h,source,Code/WWOnline/RefPtr.h,Code/WWOnline/RefPtr.h,games/renegade/migration,,,not_started,,parity,Source inventory only; split behavior before claiming whole-file parity
source:Code/WWOnline/WOLAgeCheck.h,source,Code/WWOnline/WOLAgeCheck.h,Code/WWOnline/WOLAgeCheck.h,games/renegade/migration,,,not_started,,parity,Source inventory only; split behavior before claiming whole-file parity
source:Code/WWOnline/WOLChannel.cpp,source,Code/WWOnline/WOLChannel.cpp,Code/WWOnline/WOLChannel.cpp,games/renegade/migration,,,not_started,,parity,Source inventory only; split behavior before claiming whole-file parity
source:Code/WWOnline/WOLChannel.h,source,Code/WWOnline/WOLChannel.h,Code/WWOnline/WOLChannel.h,games/renegade/migration,,,not_started,,parity,Source inventory only; split behavior before claiming whole-file parity
source:Code/WWOnline/WOLChatMsg.cpp,source,Code/WWOnline/WOLChatMsg.cpp,Code/WWOnline/WOLChatMsg.cpp,games/renegade/migration,,,not_started,,parity,Source inventory only; split behavior before claiming whole-file parity
source:Code/WWOnline/WOLChatMsg.h,source,Code/WWOnline/WOLChatMsg.h,Code/WWOnline/WOLChatMsg.h,games/renegade/migration,,,not_started,,parity,Source inventory only; split behavior before claiming whole-file parity
source:Code/WWOnline/WOLChatObserver.cpp,source,Code/WWOnline/WOLChatObserver.cpp,Code/WWOnline/WOLChatObserver.cpp,games/renegade/migration,,,not_started,,parity,Source inventory only; split behavior before claiming whole-file parity
source:Code/WWOnline/WOLChatObserver.h,source,Code/WWOnline/WOLChatObserver.h,Code/WWOnline/WOLChatObserver.h,games/renegade/migration,,,not_started,,parity,Source inventory only; split behavior before claiming whole-file parity
source:Code/WWOnline/WOLConnect.cpp,source,Code/WWOnline/WOLConnect.cpp,Code/WWOnline/WOLConnect.cpp,games/renegade/migration,,,not_started,,parity,Source inventory only; split behavior before claiming whole-file parity
source:Code/WWOnline/WOLConnect.h,source,Code/WWOnline/WOLConnect.h,Code/WWOnline/WOLConnect.h,games/renegade/migration,,,not_started,,parity,Source inventory only; split behavior before claiming whole-file parity
source:Code/WWOnline/WOLDownload.cpp,source,Code/WWOnline/WOLDownload.cpp,Code/WWOnline/WOLDownload.cpp,games/renegade/migration,,,not_started,,parity,Source inventory only; split behavior before claiming whole-file parity
source:Code/WWOnline/WOLDownload.h,source,Code/WWOnline/WOLDownload.h,Code/WWOnline/WOLDownload.h,games/renegade/migration,,,not_started,,parity,Source inventory only; split behavior before claiming whole-file parity
source:Code/WWOnline/WOLErrorUtil.cpp,source,Code/WWOnline/WOLErrorUtil.cpp,Code/WWOnline/WOLErrorUtil.cpp,games/renegade/migration,,,not_started,,parity,Source inventory only; split behavior before claiming whole-file parity
source:Code/WWOnline/WOLErrorUtil.h,source,Code/WWOnline/WOLErrorUtil.h,Code/WWOnline/WOLErrorUtil.h,games/renegade/migration,,,not_started,,parity,Source inventory only; split behavior before claiming whole-file parity
source:Code/WWOnline/WOLGame.cpp,source,Code/WWOnline/WOLGame.cpp,Code/WWOnline/WOLGame.cpp,games/renegade/migration,,,not_started,,parity,Source inventory only; split behavior before claiming whole-file parity
source:Code/WWOnline/WOLGame.h,source,Code/WWOnline/WOLGame.h,Code/WWOnline/WOLGame.h,games/renegade/migration,,,not_started,,parity,Source inventory only; split behavior before claiming whole-file parity
source:Code/WWOnline/WOLGameOptions.cpp,source,Code/WWOnline/WOLGameOptions.cpp,Code/WWOnline/WOLGameOptions.cpp,games/renegade/migration,,,not_started,,parity,Source inventory only; split behavior before claiming whole-file parity
source:Code/WWOnline/WOLGameOptions.h,source,Code/WWOnline/WOLGameOptions.h,Code/WWOnline/WOLGameOptions.h,games/renegade/migration,,,not_started,,parity,Source inventory only; split behavior before claiming whole-file parity
source:Code/WWOnline/WOLLadder.cpp,source,Code/WWOnline/WOLLadder.cpp,Code/WWOnline/WOLLadder.cpp,games/renegade/migration,,,not_started,,parity,Source inventory only; split behavior before claiming whole-file parity
source:Code/WWOnline/WOLLadder.h,source,Code/WWOnline/WOLLadder.h,Code/WWOnline/WOLLadder.h,games/renegade/migration,,,not_started,,parity,Source inventory only; split behavior before claiming whole-file parity
source:Code/WWOnline/WOLLangCodes.h,source,Code/WWOnline/WOLLangCodes.h,Code/WWOnline/WOLLangCodes.h,games/renegade/migration,,,not_started,,parity,Source inventory only; split behavior before claiming whole-file parity
source:Code/WWOnline/WOLLoginInfo.cpp,source,Code/WWOnline/WOLLoginInfo.cpp,Code/WWOnline/WOLLoginInfo.cpp,games/renegade/migration,,,not_started,,parity,Source inventory only; split behavior before claiming whole-file parity
source:Code/WWOnline/WOLLoginInfo.h,source,Code/WWOnline/WOLLoginInfo.h,Code/WWOnline/WOLLoginInfo.h,games/renegade/migration,,,not_started,,parity,Source inventory only; split behavior before claiming whole-file parity
source:Code/WWOnline/WOLNetUtilObserver.cpp,source,Code/WWOnline/WOLNetUtilObserver.cpp,Code/WWOnline/WOLNetUtilObserver.cpp,games/renegade/migration,,,not_started,,parity,Source inventory only; split behavior before claiming whole-file parity
source:Code/WWOnline/WOLNetUtilObserver.h,source,Code/WWOnline/WOLNetUtilObserver.h,Code/WWOnline/WOLNetUtilObserver.h,games/renegade/migration,,,not_started,,parity,Source inventory only; split behavior before claiming whole-file parity
source:Code/WWOnline/WOLPageMsg.cpp,source,Code/WWOnline/WOLPageMsg.cpp,Code/WWOnline/WOLPageMsg.cpp,games/renegade/migration,,,not_started,,parity,Source inventory only; split behavior before claiming whole-file parity
source:Code/WWOnline/WOLPageMsg.h,source,Code/WWOnline/WOLPageMsg.h,Code/WWOnline/WOLPageMsg.h,games/renegade/migration,,,not_started,,parity,Source inventory only; split behavior before claiming whole-file parity
source:Code/WWOnline/WOLPing.h,source,Code/WWOnline/WOLPing.h,Code/WWOnline/WOLPing.h,games/renegade/migration,,,not_started,,parity,Source inventory only; split behavior before claiming whole-file parity
source:Code/WWOnline/WOLProduct.cpp,source,Code/WWOnline/WOLProduct.cpp,Code/WWOnline/WOLProduct.cpp,games/renegade/migration,,,not_started,,parity,Source inventory only; split behavior before claiming whole-file parity
source:Code/WWOnline/WOLProduct.h,source,Code/WWOnline/WOLProduct.h,Code/WWOnline/WOLProduct.h,games/renegade/migration,,,not_started,,parity,Source inventory only; split behavior before claiming whole-file parity
source:Code/WWOnline/WOLServer.cpp,source,Code/WWOnline/WOLServer.cpp,Code/WWOnline/WOLServer.cpp,games/renegade/migration,,,not_started,,parity,Source inventory only; split behavior before claiming whole-file parity
source:Code/WWOnline/WOLServer.h,source,Code/WWOnline/WOLServer.h,Code/WWOnline/WOLServer.h,games/renegade/migration,,,not_started,,parity,Source inventory only; split behavior before claiming whole-file parity
source:Code/WWOnline/WOLSession.cpp,source,Code/WWOnline/WOLSession.cpp,Code/WWOnline/WOLSession.cpp,games/renegade/migration,,,not_started,,parity,Source inventory only; split behavior before claiming whole-file parity
source:Code/WWOnline/WOLSession.h,source,Code/WWOnline/WOLSession.h,Code/WWOnline/WOLSession.h,games/renegade/migration,,,not_started,,parity,Source inventory only; split behavior before claiming whole-file parity
source:Code/WWOnline/WOLSquad.cpp,source,Code/WWOnline/WOLSquad.cpp,Code/WWOnline/WOLSquad.cpp,games/renegade/migration,,,not_started,,parity,Source inventory only; split behavior before claiming whole-file parity
source:Code/WWOnline/WOLSquad.h,source,Code/WWOnline/WOLSquad.h,Code/WWOnline/WOLSquad.h,games/renegade/migration,,,not_started,,parity,Source inventory only; split behavior before claiming whole-file parity
source:Code/WWOnline/WOLString.cpp,source,Code/WWOnline/WOLString.cpp,Code/WWOnline/WOLString.cpp,games/renegade/migration,,,not_started,,parity,Source inventory only; split behavior before claiming whole-file parity
source:Code/WWOnline/WOLString.h,source,Code/WWOnline/WOLString.h,Code/WWOnline/WOLString.h,games/renegade/migration,,,not_started,,parity,Source inventory only; split behavior before claiming whole-file parity
source:Code/WWOnline/WOLUser.cpp,source,Code/WWOnline/WOLUser.cpp,Code/WWOnline/WOLUser.cpp,games/renegade/migration,,,not_started,,parity,Source inventory only; split behavior before claiming whole-file parity
source:Code/WWOnline/WOLUser.h,source,Code/WWOnline/WOLUser.h,Code/WWOnline/WOLUser.h,games/renegade/migration,,,not_started,,parity,Source inventory only; split behavior before claiming whole-file parity
source:Code/WWOnline/WaitCondition.cpp,source,Code/WWOnline/WaitCondition.cpp,Code/WWOnline/WaitCondition.cpp,games/renegade/migration,,,not_started,,parity,Source inventory only; split behavior before claiming whole-file parity
source:Code/WWOnline/WaitCondition.h,source,Code/WWOnline/WaitCondition.h,Code/WWOnline/WaitCondition.h,games/renegade/migration,,,not_started,,parity,Source inventory only; split behavior before claiming whole-file parity
source:Code/commando.dsw,source,Code/commando.dsw,Code/commando.dsw,games/renegade/migration,,,not_started,,parity,Source inventory only; split behavior before claiming whole-file parity
source:Code/tools.dsw,source,Code/tools.dsw,Code/tools.dsw,games/renegade/migration,,,not_started,,parity,Source inventory only; split behavior before claiming whole-file parity
source:Code/wolapi/WOLAPI.dll,source,Code/wolapi/WOLAPI.dll,Code/wolapi/WOLAPI.dll,games/renegade/migration,,,not_started,,parity,Source inventory only; split behavior before claiming whole-file parity
source:Code/wolapi/WOLAPI.h,source,Code/wolapi/WOLAPI.h,Code/wolapi/WOLAPI.h,games/renegade/migration,,,not_started,,parity,Source inventory only; split behavior before claiming whole-file parity
source:Code/wolapi/WOLAPI_i.c,source,Code/wolapi/WOLAPI_i.c,Code/wolapi/WOLAPI_i.c,games/renegade/migration,,,not_started,,parity,Source inventory only; split behavior before claiming whole-file parity
source:Code/wolapi/WOLDBG.dll,source,Code/wolapi/WOLDBG.dll,Code/wolapi/WOLDBG.dll,games/renegade/migration,,,not_started,,parity,Source inventory only; split behavior before claiming whole-file parity
source:Code/wolapi/chatdefs.h,source,Code/wolapi/chatdefs.h,Code/wolapi/chatdefs.h,games/renegade/migration,,,not_started,,parity,Source inventory only; split behavior before claiming whole-file parity
source:Code/wolapi/downloaddefs.h,source,Code/wolapi/downloaddefs.h,Code/wolapi/downloaddefs.h,games/renegade/migration,,,not_started,,parity,Source inventory only; split behavior before claiming whole-file parity
source:Code/wolapi/ftpdefs.h,source,Code/wolapi/ftpdefs.h,Code/wolapi/ftpdefs.h,games/renegade/migration,,,not_started,,parity,Source inventory only; split behavior before claiming whole-file parity
source:Code/wolapi/igrdefs.h,source,Code/wolapi/igrdefs.h,Code/wolapi/igrdefs.h,games/renegade/migration,,,not_started,,parity,Source inventory only; split behavior before claiming whole-file parity
source:Code/wolapi/netutildefs.h,source,Code/wolapi/netutildefs.h,Code/wolapi/netutildefs.h,games/renegade/migration,,,not_started,,parity,Source inventory only; split behavior before claiming whole-file parity
source:Code/wolapi/register.bat,source,Code/wolapi/register.bat,Code/wolapi/register.bat,games/renegade/migration,,,not_started,,parity,Source inventory only; split behavior before claiming whole-file parity
source:Code/wolapi/wolapi.doc,source,Code/wolapi/wolapi.doc,Code/wolapi/wolapi.doc,games/renegade/migration,,,not_started,,parity,Source inventory only; split behavior before claiming whole-file parity
source:Code/ww3d2/DX8 Rationalizations.txt,source,Code/ww3d2/DX8 Rationalizations.txt,Code/ww3d2/DX8 Rationalizations.txt,engine/graphics,,,not_started,,parity,Source inventory only; split behavior before claiming whole-file parity
source:Code/ww3d2/DX8 Status.txt,source,Code/ww3d2/DX8 Status.txt,Code/ww3d2/DX8 Status.txt,engine/graphics,,,not_started,,parity,Source inventory only; split behavior before claiming whole-file parity
source:Code/ww3d2/DX8ToolModifications.txt,source,Code/ww3d2/DX8ToolModifications.txt,Code/ww3d2/DX8ToolModifications.txt,engine/graphics,,,not_started,,parity,Source inventory only; split behavior before claiming whole-file parity
source:Code/ww3d2/MAPPERS.TXT,source,Code/ww3d2/MAPPERS.TXT,Code/ww3d2/MAPPERS.TXT,engine/graphics,,,not_started,,parity,Source inventory only; split behavior before claiming whole-file parity
source:Code/ww3d2/RenderObjectGuide.txt,source,Code/ww3d2/RenderObjectGuide.txt,Code/ww3d2/RenderObjectGuide.txt,engine/graphics,,,not_started,,parity,Source inventory only; split behavior before claiming whole-file parity
source:Code/ww3d2/RequiredAssets/AddProjectorGradient.tga,source,Code/ww3d2/RequiredAssets/AddProjectorGradient.tga,Code/ww3d2/RequiredAssets/AddProjectorGradient.tga,engine/graphics,,,not_started,,parity,Source inventory only; split behavior before claiming whole-file parity
source:Code/ww3d2/RequiredAssets/MultProjectorGradient.tga,source,Code/ww3d2/RequiredAssets/MultProjectorGradient.tga,Code/ww3d2/RequiredAssets/MultProjectorGradient.tga,engine/graphics,,,not_started,,parity,Source inventory only; split behavior before claiming whole-file parity
source:Code/ww3d2/RequiredAssets/ShatterAVel.tbl,source,Code/ww3d2/RequiredAssets/ShatterAVel.tbl,Code/ww3d2/RequiredAssets/ShatterAVel.tbl,engine/graphics,,,not_started,,parity,Source inventory only; split behavior before claiming whole-file parity
source:Code/ww3d2/RequiredAssets/ShatterPlanes0.w3d,source,Code/ww3d2/RequiredAssets/ShatterPlanes0.w3d,Code/ww3d2/RequiredAssets/ShatterPlanes0.w3d,engine/graphics,,,not_started,,parity,Source inventory only; split behavior before claiming whole-file parity
source:Code/ww3d2/RequiredAssets/ShatterVel.tbl,source,Code/ww3d2/RequiredAssets/ShatterVel.tbl,Code/ww3d2/RequiredAssets/ShatterVel.tbl,engine/graphics,,,not_started,,parity,Source inventory only; split behavior before claiming whole-file parity
source:Code/ww3d2/RequiredAssets/w3d_missing_texture.tga,source,Code/ww3d2/RequiredAssets/w3d_missing_texture.tga,Code/ww3d2/RequiredAssets/w3d_missing_texture.tga,engine/graphics,,,not_started,,parity,Source inventory only; split behavior before claiming whole-file parity
source:Code/ww3d2/State Management.txt,source,Code/ww3d2/State Management.txt,Code/ww3d2/State Management.txt,engine/graphics,,,not_started,,parity,Source inventory only; split behavior before claiming whole-file parity
source:Code/ww3d2/aabtree.cpp,source,Code/ww3d2/aabtree.cpp,Code/ww3d2/aabtree.cpp,engine/graphics,,,not_started,,parity,Source inventory only; split behavior before claiming whole-file parity
source:Code/ww3d2/aabtree.h,source,Code/ww3d2/aabtree.h,Code/ww3d2/aabtree.h,engine/graphics,,,not_started,,parity,Source inventory only; split behavior before claiming whole-file parity
source:Code/ww3d2/aabtreebuilder.cpp,source,Code/ww3d2/aabtreebuilder.cpp,Code/ww3d2/aabtreebuilder.cpp,engine/graphics,,,not_started,,parity,Source inventory only; split behavior before claiming whole-file parity
source:Code/ww3d2/aabtreebuilder.h,source,Code/ww3d2/aabtreebuilder.h,Code/ww3d2/aabtreebuilder.h,engine/graphics,,,not_started,,parity,Source inventory only; split behavior before claiming whole-file parity
source:Code/ww3d2/agg_def.cpp,source,Code/ww3d2/agg_def.cpp,Code/ww3d2/agg_def.cpp,engine/graphics,,,not_started,,parity,Source inventory only; split behavior before claiming whole-file parity
source:Code/ww3d2/agg_def.h,source,Code/ww3d2/agg_def.h,Code/ww3d2/agg_def.h,engine/graphics,,,not_started,,parity,Source inventory only; split behavior before claiming whole-file parity
source:Code/ww3d2/animatedsoundmgr.cpp,source,Code/ww3d2/animatedsoundmgr.cpp,Code/ww3d2/animatedsoundmgr.cpp,engine/graphics,,,not_started,,parity,Source inventory only; split behavior before claiming whole-file parity
source:Code/ww3d2/animatedsoundmgr.h,source,Code/ww3d2/animatedsoundmgr.h,Code/ww3d2/animatedsoundmgr.h,engine/graphics,,,not_started,,parity,Source inventory only; split behavior before claiming whole-file parity
source:Code/ww3d2/animobj.cpp,source,Code/ww3d2/animobj.cpp,Code/ww3d2/animobj.cpp,engine/graphics,,,not_started,,parity,Source inventory only; split behavior before claiming whole-file parity
source:Code/ww3d2/animobj.h,source,Code/ww3d2/animobj.h,Code/ww3d2/animobj.h,engine/graphics,,,not_started,,parity,Source inventory only; split behavior before claiming whole-file parity
source:Code/ww3d2/assetmgr.cpp,source,Code/ww3d2/assetmgr.cpp,Code/ww3d2/assetmgr.cpp,engine/graphics,,,not_started,,parity,Source inventory only; split behavior before claiming whole-file parity
source:Code/ww3d2/assetmgr.h,source,Code/ww3d2/assetmgr.h,Code/ww3d2/assetmgr.h,engine/graphics,,,not_started,,parity,Source inventory only; split behavior before claiming whole-file parity
source:Code/ww3d2/assetstatus.cpp,source,Code/ww3d2/assetstatus.cpp,Code/ww3d2/assetstatus.cpp,engine/graphics,,,not_started,,parity,Source inventory only; split behavior before claiming whole-file parity
source:Code/ww3d2/assetstatus.h,source,Code/ww3d2/assetstatus.h,Code/ww3d2/assetstatus.h,engine/graphics,,,not_started,,parity,Source inventory only; split behavior before claiming whole-file parity
source:Code/ww3d2/bitmaphandler.cpp,source,Code/ww3d2/bitmaphandler.cpp,Code/ww3d2/bitmaphandler.cpp,engine/graphics,,,not_started,,parity,Source inventory only; split behavior before claiming whole-file parity
source:Code/ww3d2/bitmaphandler.h,source,Code/ww3d2/bitmaphandler.h,Code/ww3d2/bitmaphandler.h,engine/graphics,,,not_started,,parity,Source inventory only; split behavior before claiming whole-file parity
source:Code/ww3d2/bmp2d.cpp,source,Code/ww3d2/bmp2d.cpp,Code/ww3d2/bmp2d.cpp,engine/graphics,,,not_started,,parity,Source inventory only; split behavior before claiming whole-file parity
source:Code/ww3d2/bmp2d.h,source,Code/ww3d2/bmp2d.h,Code/ww3d2/bmp2d.h,engine/graphics,,,not_started,,parity,Source inventory only; split behavior before claiming whole-file parity
source:Code/ww3d2/boxrobj.cpp,source,Code/ww3d2/boxrobj.cpp,Code/ww3d2/boxrobj.cpp,engine/graphics,,,not_started,,parity,Source inventory only; split behavior before claiming whole-file parity
source:Code/ww3d2/boxrobj.h,source,Code/ww3d2/boxrobj.h,Code/ww3d2/boxrobj.h,engine/graphics,,,not_started,,parity,Source inventory only; split behavior before claiming whole-file parity
source:Code/ww3d2/bwrender.cpp,source,Code/ww3d2/bwrender.cpp,Code/ww3d2/bwrender.cpp,engine/graphics,,,not_started,,parity,Source inventory only; split behavior before claiming whole-file parity
source:Code/ww3d2/bwrender.h,source,Code/ww3d2/bwrender.h,Code/ww3d2/bwrender.h,engine/graphics,,,not_started,,parity,Source inventory only; split behavior before claiming whole-file parity
source:Code/ww3d2/camera.cpp,source,Code/ww3d2/camera.cpp,Code/ww3d2/camera.cpp,engine/graphics,,,not_started,,parity,Source inventory only; split behavior before claiming whole-file parity
source:Code/ww3d2/camera.h,source,Code/ww3d2/camera.h,Code/ww3d2/camera.h,engine/graphics,,,not_started,,parity,Source inventory only; split behavior before claiming whole-file parity
source:Code/ww3d2/collect.cpp,source,Code/ww3d2/collect.cpp,Code/ww3d2/collect.cpp,engine/graphics,,,not_started,,parity,Source inventory only; split behavior before claiming whole-file parity
source:Code/ww3d2/collect.h,source,Code/ww3d2/collect.h,Code/ww3d2/collect.h,engine/graphics,,,not_started,,parity,Source inventory only; split behavior before claiming whole-file parity
source:Code/ww3d2/colorspace.h,source,Code/ww3d2/colorspace.h,Code/ww3d2/colorspace.h,engine/graphics,,,not_started,,parity,Source inventory only; split behavior before claiming whole-file parity
source:Code/ww3d2/coltest.cpp,source,Code/ww3d2/coltest.cpp,Code/ww3d2/coltest.cpp,engine/graphics,,,not_started,,parity,Source inventory only; split behavior before claiming whole-file parity
source:Code/ww3d2/coltest.h,source,Code/ww3d2/coltest.h,Code/ww3d2/coltest.h,engine/graphics,,,not_started,,parity,Source inventory only; split behavior before claiming whole-file parity
source:Code/ww3d2/coltype.h,source,Code/ww3d2/coltype.h,Code/ww3d2/coltype.h,engine/graphics,,,not_started,,parity,Source inventory only; split behavior before claiming whole-file parity
source:Code/ww3d2/composite.cpp,source,Code/ww3d2/composite.cpp,Code/ww3d2/composite.cpp,engine/graphics,,,not_started,,parity,Source inventory only; split behavior before claiming whole-file parity
source:Code/ww3d2/composite.h,source,Code/ww3d2/composite.h,Code/ww3d2/composite.h,engine/graphics,,,not_started,,parity,Source inventory only; split behavior before claiming whole-file parity
source:Code/ww3d2/dazzle.cpp,source,Code/ww3d2/dazzle.cpp,Code/ww3d2/dazzle.cpp,engine/graphics,,,not_started,,parity,Source inventory only; split behavior before claiming whole-file parity
source:Code/ww3d2/dazzle.h,source,Code/ww3d2/dazzle.h,Code/ww3d2/dazzle.h,engine/graphics,,,not_started,,parity,Source inventory only; split behavior before claiming whole-file parity
source:Code/ww3d2/ddsfile.cpp,source,Code/ww3d2/ddsfile.cpp,Code/ww3d2/ddsfile.cpp,engine/graphics,,,not_started,,parity,Source inventory only; split behavior before claiming whole-file parity
source:Code/ww3d2/ddsfile.h,source,Code/ww3d2/ddsfile.h,Code/ww3d2/ddsfile.h,engine/graphics,,,not_started,,parity,Source inventory only; split behavior before claiming whole-file parity
source:Code/ww3d2/decalmsh.cpp,source,Code/ww3d2/decalmsh.cpp,Code/ww3d2/decalmsh.cpp,engine/graphics,,,not_started,,parity,Source inventory only; split behavior before claiming whole-file parity
source:Code/ww3d2/decalmsh.h,source,Code/ww3d2/decalmsh.h,Code/ww3d2/decalmsh.h,engine/graphics,,,not_started,,parity,Source inventory only; split behavior before claiming whole-file parity
source:Code/ww3d2/decalsys.cpp,source,Code/ww3d2/decalsys.cpp,Code/ww3d2/decalsys.cpp,engine/graphics,,,not_started,,parity,Source inventory only; split behavior before claiming whole-file parity
source:Code/ww3d2/decalsys.h,source,Code/ww3d2/decalsys.h,Code/ww3d2/decalsys.h,engine/graphics,,,not_started,,parity,Source inventory only; split behavior before claiming whole-file parity
source:Code/ww3d2/distlod.cpp,source,Code/ww3d2/distlod.cpp,Code/ww3d2/distlod.cpp,engine/graphics,,,not_started,,parity,Source inventory only; split behavior before claiming whole-file parity
source:Code/ww3d2/distlod.h,source,Code/ww3d2/distlod.h,Code/ww3d2/distlod.h,engine/graphics,,,not_started,,parity,Source inventory only; split behavior before claiming whole-file parity
source:Code/ww3d2/dllist.h,source,Code/ww3d2/dllist.h,Code/ww3d2/dllist.h,engine/graphics,,,not_started,,parity,Source inventory only; split behavior before claiming whole-file parity
source:Code/ww3d2/dspmake.cfg,source,Code/ww3d2/dspmake.cfg,Code/ww3d2/dspmake.cfg,engine/graphics,,,not_started,,parity,Source inventory only; split behavior before claiming whole-file parity
source:Code/ww3d2/dx8caps.cpp,source,Code/ww3d2/dx8caps.cpp,Code/ww3d2/dx8caps.cpp,engine/graphics,,,not_started,,parity,Source inventory only; split behavior before claiming whole-file parity
source:Code/ww3d2/dx8caps.h,source,Code/ww3d2/dx8caps.h,Code/ww3d2/dx8caps.h,engine/graphics,,,not_started,,parity,Source inventory only; split behavior before claiming whole-file parity
source:Code/ww3d2/dx8fvf.cpp,source,Code/ww3d2/dx8fvf.cpp,Code/ww3d2/dx8fvf.cpp,engine/graphics,,,not_started,,parity,Source inventory only; split behavior before claiming whole-file parity
source:Code/ww3d2/dx8fvf.h,source,Code/ww3d2/dx8fvf.h,Code/ww3d2/dx8fvf.h,engine/graphics,,,not_started,,parity,Source inventory only; split behavior before claiming whole-file parity
source:Code/ww3d2/dx8indexbuffer.cpp,source,Code/ww3d2/dx8indexbuffer.cpp,Code/ww3d2/dx8indexbuffer.cpp,engine/graphics,,,not_started,,parity,Source inventory only; split behavior before claiming whole-file parity
source:Code/ww3d2/dx8indexbuffer.h,source,Code/ww3d2/dx8indexbuffer.h,Code/ww3d2/dx8indexbuffer.h,engine/graphics,,,not_started,,parity,Source inventory only; split behavior before claiming whole-file parity
source:Code/ww3d2/dx8list.h,source,Code/ww3d2/dx8list.h,Code/ww3d2/dx8list.h,engine/graphics,,,not_started,,parity,Source inventory only; split behavior before claiming whole-file parity
source:Code/ww3d2/dx8polygonrenderer.cpp,source,Code/ww3d2/dx8polygonrenderer.cpp,Code/ww3d2/dx8polygonrenderer.cpp,engine/graphics,,,not_started,,parity,Source inventory only; split behavior before claiming whole-file parity
source:Code/ww3d2/dx8polygonrenderer.h,source,Code/ww3d2/dx8polygonrenderer.h,Code/ww3d2/dx8polygonrenderer.h,engine/graphics,,,not_started,,parity,Source inventory only; split behavior before claiming whole-file parity
source:Code/ww3d2/dx8renderer.cpp,source,Code/ww3d2/dx8renderer.cpp,Code/ww3d2/dx8renderer.cpp,engine/graphics,,,not_started,,parity,Source inventory only; split behavior before claiming whole-file parity
source:Code/ww3d2/dx8renderer.h,source,Code/ww3d2/dx8renderer.h,Code/ww3d2/dx8renderer.h,engine/graphics,,,not_started,,parity,Source inventory only; split behavior before claiming whole-file parity
source:Code/ww3d2/dx8rendererdebugger.cpp,source,Code/ww3d2/dx8rendererdebugger.cpp,Code/ww3d2/dx8rendererdebugger.cpp,engine/graphics,,,not_started,,parity,Source inventory only; split behavior before claiming whole-file parity
source:Code/ww3d2/dx8rendererdebugger.h,source,Code/ww3d2/dx8rendererdebugger.h,Code/ww3d2/dx8rendererdebugger.h,engine/graphics,,,not_started,,parity,Source inventory only; split behavior before claiming whole-file parity
source:Code/ww3d2/dx8texman.cpp,source,Code/ww3d2/dx8texman.cpp,Code/ww3d2/dx8texman.cpp,engine/graphics,,,not_started,,parity,Source inventory only; split behavior before claiming whole-file parity
source:Code/ww3d2/dx8texman.h,source,Code/ww3d2/dx8texman.h,Code/ww3d2/dx8texman.h,engine/graphics,,,not_started,,parity,Source inventory only; split behavior before claiming whole-file parity
source:Code/ww3d2/dx8vertexbuffer.cpp,source,Code/ww3d2/dx8vertexbuffer.cpp,Code/ww3d2/dx8vertexbuffer.cpp,engine/graphics,,,not_started,,parity,Source inventory only; split behavior before claiming whole-file parity
source:Code/ww3d2/dx8vertexbuffer.h,source,Code/ww3d2/dx8vertexbuffer.h,Code/ww3d2/dx8vertexbuffer.h,engine/graphics,,,not_started,,parity,Source inventory only; split behavior before claiming whole-file parity
source:Code/ww3d2/dx8wrapper.cpp,source,Code/ww3d2/dx8wrapper.cpp,Code/ww3d2/dx8wrapper.cpp,engine/graphics,,,not_started,,parity,Source inventory only; split behavior before claiming whole-file parity
source:Code/ww3d2/dx8wrapper.h,source,Code/ww3d2/dx8wrapper.h,Code/ww3d2/dx8wrapper.h,engine/graphics,,,not_started,,parity,Source inventory only; split behavior before claiming whole-file parity
source:Code/ww3d2/dynamesh.cpp,source,Code/ww3d2/dynamesh.cpp,Code/ww3d2/dynamesh.cpp,engine/graphics,,,not_started,,parity,Source inventory only; split behavior before claiming whole-file parity
source:Code/ww3d2/dynamesh.h,source,Code/ww3d2/dynamesh.h,Code/ww3d2/dynamesh.h,engine/graphics,,,not_started,,parity,Source inventory only; split behavior before claiming whole-file parity
source:Code/ww3d2/font3d.cpp,source,Code/ww3d2/font3d.cpp,Code/ww3d2/font3d.cpp,engine/graphics,,,not_started,,parity,Source inventory only; split behavior before claiming whole-file parity
source:Code/ww3d2/font3d.h,source,Code/ww3d2/font3d.h,Code/ww3d2/font3d.h,engine/graphics,,,not_started,,parity,Source inventory only; split behavior before claiming whole-file parity
source:Code/ww3d2/formconv.cpp,source,Code/ww3d2/formconv.cpp,Code/ww3d2/formconv.cpp,engine/graphics,,,not_started,,parity,Source inventory only; split behavior before claiming whole-file parity
source:Code/ww3d2/formconv.h,source,Code/ww3d2/formconv.h,Code/ww3d2/formconv.h,engine/graphics,,,not_started,,parity,Source inventory only; split behavior before claiming whole-file parity
source:Code/ww3d2/framgrab.cpp,source,Code/ww3d2/framgrab.cpp,Code/ww3d2/framgrab.cpp,engine/graphics,,,not_started,,parity,Source inventory only; split behavior before claiming whole-file parity
source:Code/ww3d2/framgrab.h,source,Code/ww3d2/framgrab.h,Code/ww3d2/framgrab.h,engine/graphics,,,not_started,,parity,Source inventory only; split behavior before claiming whole-file parity
source:Code/ww3d2/hanim.cpp,source,Code/ww3d2/hanim.cpp,Code/ww3d2/hanim.cpp,engine/graphics,,,not_started,,parity,Source inventory only; split behavior before claiming whole-file parity
source:Code/ww3d2/hanim.h,source,Code/ww3d2/hanim.h,Code/ww3d2/hanim.h,engine/graphics,,,not_started,,parity,Source inventory only; split behavior before claiming whole-file parity
source:Code/ww3d2/hanimmgr.cpp,source,Code/ww3d2/hanimmgr.cpp,Code/ww3d2/hanimmgr.cpp,engine/graphics,,,not_started,,parity,Source inventory only; split behavior before claiming whole-file parity
source:Code/ww3d2/hanimmgr.h,source,Code/ww3d2/hanimmgr.h,Code/ww3d2/hanimmgr.h,engine/graphics,,,not_started,,parity,Source inventory only; split behavior before claiming whole-file parity
source:Code/ww3d2/hcanim.cpp,source,Code/ww3d2/hcanim.cpp,Code/ww3d2/hcanim.cpp,engine/graphics,,,not_started,,parity,Source inventory only; split behavior before claiming whole-file parity
source:Code/ww3d2/hcanim.h,source,Code/ww3d2/hcanim.h,Code/ww3d2/hcanim.h,engine/graphics,,,not_started,,parity,Source inventory only; split behavior before claiming whole-file parity
source:Code/ww3d2/hlod.cpp,source,Code/ww3d2/hlod.cpp,Code/ww3d2/hlod.cpp,engine/graphics,,,not_started,,parity,Source inventory only; split behavior before claiming whole-file parity
source:Code/ww3d2/hlod.h,source,Code/ww3d2/hlod.h,Code/ww3d2/hlod.h,engine/graphics,,,not_started,,parity,Source inventory only; split behavior before claiming whole-file parity
source:Code/ww3d2/hmdldef.cpp,source,Code/ww3d2/hmdldef.cpp,Code/ww3d2/hmdldef.cpp,engine/graphics,,,not_started,,parity,Source inventory only; split behavior before claiming whole-file parity
source:Code/ww3d2/hmdldef.h,source,Code/ww3d2/hmdldef.h,Code/ww3d2/hmdldef.h,engine/graphics,,,not_started,,parity,Source inventory only; split behavior before claiming whole-file parity
source:Code/ww3d2/hmorphanim.cpp,source,Code/ww3d2/hmorphanim.cpp,Code/ww3d2/hmorphanim.cpp,engine/graphics,,,not_started,,parity,Source inventory only; split behavior before claiming whole-file parity
source:Code/ww3d2/hmorphanim.h,source,Code/ww3d2/hmorphanim.h,Code/ww3d2/hmorphanim.h,engine/graphics,,,not_started,,parity,Source inventory only; split behavior before claiming whole-file parity
source:Code/ww3d2/hrawanim.cpp,source,Code/ww3d2/hrawanim.cpp,Code/ww3d2/hrawanim.cpp,engine/graphics,,,not_started,,parity,Source inventory only; split behavior before claiming whole-file parity
source:Code/ww3d2/hrawanim.h,source,Code/ww3d2/hrawanim.h,Code/ww3d2/hrawanim.h,engine/graphics,,,not_started,,parity,Source inventory only; split behavior before claiming whole-file parity
source:Code/ww3d2/htree.cpp,source,Code/ww3d2/htree.cpp,Code/ww3d2/htree.cpp,engine/graphics,,,not_started,,parity,Source inventory only; split behavior before claiming whole-file parity
source:Code/ww3d2/htree.h,source,Code/ww3d2/htree.h,Code/ww3d2/htree.h,engine/graphics,,,not_started,,parity,Source inventory only; split behavior before claiming whole-file parity
source:Code/ww3d2/htreemgr.cpp,source,Code/ww3d2/htreemgr.cpp,Code/ww3d2/htreemgr.cpp,engine/graphics,,,not_started,,parity,Source inventory only; split behavior before claiming whole-file parity
source:Code/ww3d2/htreemgr.h,source,Code/ww3d2/htreemgr.h,Code/ww3d2/htreemgr.h,engine/graphics,,,not_started,,parity,Source inventory only; split behavior before claiming whole-file parity
source:Code/ww3d2/hueshift/enbassetmgr.cpp,source,Code/ww3d2/hueshift/enbassetmgr.cpp,Code/ww3d2/hueshift/enbassetmgr.cpp,engine/graphics,,,not_started,,parity,Source inventory only; split behavior before claiming whole-file parity
source:Code/ww3d2/hueshift/enbassetmgr.h,source,Code/ww3d2/hueshift/enbassetmgr.h,Code/ww3d2/hueshift/enbassetmgr.h,engine/graphics,,,not_started,,parity,Source inventory only; split behavior before claiming whole-file parity
source:Code/ww3d2/hueshift/hueshift.cpp,source,Code/ww3d2/hueshift/hueshift.cpp,Code/ww3d2/hueshift/hueshift.cpp,engine/graphics,,,not_started,,parity,Source inventory only; split behavior before claiming whole-file parity
source:Code/ww3d2/hueshift/hueshift.dsp,source,Code/ww3d2/hueshift/hueshift.dsp,Code/ww3d2/hueshift/hueshift.dsp,engine/graphics,,,not_started,,parity,Source inventory only; split behavior before claiming whole-file parity
source:Code/ww3d2/hueshift/hueshift.dsw,source,Code/ww3d2/hueshift/hueshift.dsw,Code/ww3d2/hueshift/hueshift.dsw,engine/graphics,,,not_started,,parity,Source inventory only; split behavior before claiming whole-file parity
source:Code/ww3d2/hueshift/hueshift.h,source,Code/ww3d2/hueshift/hueshift.h,Code/ww3d2/hueshift/hueshift.h,engine/graphics,,,not_started,,parity,Source inventory only; split behavior before claiming whole-file parity
source:Code/ww3d2/hueshift/hueshift.ico,source,Code/ww3d2/hueshift/hueshift.ico,Code/ww3d2/hueshift/hueshift.ico,engine/graphics,,,not_started,,parity,Source inventory only; split behavior before claiming whole-file parity
source:Code/ww3d2/hueshift/hueshift.rc,source,Code/ww3d2/hueshift/hueshift.rc,Code/ww3d2/hueshift/hueshift.rc,engine/graphics,,,not_started,,parity,Source inventory only; split behavior before claiming whole-file parity
source:Code/ww3d2/hueshift/resource.h,source,Code/ww3d2/hueshift/resource.h,Code/ww3d2/hueshift/resource.h,engine/graphics,,,not_started,,parity,Source inventory only; split behavior before claiming whole-file parity
source:Code/ww3d2/hueshift/small.ico,source,Code/ww3d2/hueshift/small.ico,Code/ww3d2/hueshift/small.ico,engine/graphics,,,not_started,,parity,Source inventory only; split behavior before claiming whole-file parity
source:Code/ww3d2/intersec.cpp,source,Code/ww3d2/intersec.cpp,Code/ww3d2/intersec.cpp,engine/graphics,,,not_started,,parity,Source inventory only; split behavior before claiming whole-file parity
source:Code/ww3d2/intersec.h,source,Code/ww3d2/intersec.h,Code/ww3d2/intersec.h,engine/graphics,,,not_started,,parity,Source inventory only; split behavior before claiming whole-file parity
source:Code/ww3d2/intersec.inl,source,Code/ww3d2/intersec.inl,Code/ww3d2/intersec.inl,engine/graphics,,,not_started,,parity,Source inventory only; split behavior before claiming whole-file parity
source:Code/ww3d2/inttest.h,source,Code/ww3d2/inttest.h,Code/ww3d2/inttest.h,engine/graphics,,,not_started,,parity,Source inventory only; split behavior before claiming whole-file parity
source:Code/ww3d2/layer.cpp,source,Code/ww3d2/layer.cpp,Code/ww3d2/layer.cpp,engine/graphics,,,not_started,,parity,Source inventory only; split behavior before claiming whole-file parity
source:Code/ww3d2/layer.h,source,Code/ww3d2/layer.h,Code/ww3d2/layer.h,engine/graphics,,,not_started,,parity,Source inventory only; split behavior before claiming whole-file parity
source:Code/ww3d2/light.cpp,source,Code/ww3d2/light.cpp,Code/ww3d2/light.cpp,engine/graphics,,,not_started,,parity,Source inventory only; split behavior before claiming whole-file parity
source:Code/ww3d2/light.h,source,Code/ww3d2/light.h,Code/ww3d2/light.h,engine/graphics,,,not_started,,parity,Source inventory only; split behavior before claiming whole-file parity
source:Code/ww3d2/lightenvironment.cpp,source,Code/ww3d2/lightenvironment.cpp,Code/ww3d2/lightenvironment.cpp,engine/graphics,,,not_started,,parity,Source inventory only; split behavior before claiming whole-file parity
source:Code/ww3d2/lightenvironment.h,source,Code/ww3d2/lightenvironment.h,Code/ww3d2/lightenvironment.h,engine/graphics,,,not_started,,parity,Source inventory only; split behavior before claiming whole-file parity
source:Code/ww3d2/line3d.cpp,source,Code/ww3d2/line3d.cpp,Code/ww3d2/line3d.cpp,engine/graphics,,,not_started,,parity,Source inventory only; split behavior before claiming whole-file parity
source:Code/ww3d2/line3d.h,source,Code/ww3d2/line3d.h,Code/ww3d2/line3d.h,engine/graphics,,,not_started,,parity,Source inventory only; split behavior before claiming whole-file parity
source:Code/ww3d2/linegrp.cpp,source,Code/ww3d2/linegrp.cpp,Code/ww3d2/linegrp.cpp,engine/graphics,,,not_started,,parity,Source inventory only; split behavior before claiming whole-file parity
source:Code/ww3d2/linegrp.h,source,Code/ww3d2/linegrp.h,Code/ww3d2/linegrp.h,engine/graphics,,,not_started,,parity,Source inventory only; split behavior before claiming whole-file parity
source:Code/ww3d2/mapper.cpp,source,Code/ww3d2/mapper.cpp,Code/ww3d2/mapper.cpp,engine/graphics,,,not_started,,parity,Source inventory only; split behavior before claiming whole-file parity
source:Code/ww3d2/mapper.h,source,Code/ww3d2/mapper.h,Code/ww3d2/mapper.h,engine/graphics,,,not_started,,parity,Source inventory only; split behavior before claiming whole-file parity
source:Code/ww3d2/matinfo.cpp,source,Code/ww3d2/matinfo.cpp,Code/ww3d2/matinfo.cpp,engine/graphics,,,not_started,,parity,Source inventory only; split behavior before claiming whole-file parity
source:Code/ww3d2/matinfo.h,source,Code/ww3d2/matinfo.h,Code/ww3d2/matinfo.h,engine/graphics,,,not_started,,parity,Source inventory only; split behavior before claiming whole-file parity
source:Code/ww3d2/matpass.cpp,source,Code/ww3d2/matpass.cpp,Code/ww3d2/matpass.cpp,engine/graphics,,,not_started,,parity,Source inventory only; split behavior before claiming whole-file parity
source:Code/ww3d2/matpass.h,source,Code/ww3d2/matpass.h,Code/ww3d2/matpass.h,engine/graphics,,,not_started,,parity,Source inventory only; split behavior before claiming whole-file parity
source:Code/ww3d2/matrixmapper.cpp,source,Code/ww3d2/matrixmapper.cpp,Code/ww3d2/matrixmapper.cpp,engine/graphics,,,not_started,,parity,Source inventory only; split behavior before claiming whole-file parity
source:Code/ww3d2/matrixmapper.h,source,Code/ww3d2/matrixmapper.h,Code/ww3d2/matrixmapper.h,engine/graphics,,,not_started,,parity,Source inventory only; split behavior before claiming whole-file parity
source:Code/ww3d2/mesh.cpp,source,Code/ww3d2/mesh.cpp,Code/ww3d2/mesh.cpp,engine/graphics,,,not_started,,parity,Source inventory only; split behavior before claiming whole-file parity
source:Code/ww3d2/mesh.h,source,Code/ww3d2/mesh.h,Code/ww3d2/mesh.h,engine/graphics,,,not_started,,parity,Source inventory only; split behavior before claiming whole-file parity
source:Code/ww3d2/meshbuild.cpp,source,Code/ww3d2/meshbuild.cpp,Code/ww3d2/meshbuild.cpp,engine/graphics,,,not_started,,parity,Source inventory only; split behavior before claiming whole-file parity
source:Code/ww3d2/meshbuild.h,source,Code/ww3d2/meshbuild.h,Code/ww3d2/meshbuild.h,engine/graphics,,,not_started,,parity,Source inventory only; split behavior before claiming whole-file parity
source:Code/ww3d2/meshdam.cpp,source,Code/ww3d2/meshdam.cpp,Code/ww3d2/meshdam.cpp,engine/graphics,,,not_started,,parity,Source inventory only; split behavior before claiming whole-file parity
source:Code/ww3d2/meshdam.h,source,Code/ww3d2/meshdam.h,Code/ww3d2/meshdam.h,engine/graphics,,,not_started,,parity,Source inventory only; split behavior before claiming whole-file parity
source:Code/ww3d2/meshgeometry.cpp,source,Code/ww3d2/meshgeometry.cpp,Code/ww3d2/meshgeometry.cpp,engine/graphics,,,not_started,,parity,Source inventory only; split behavior before claiming whole-file parity
source:Code/ww3d2/meshgeometry.h,source,Code/ww3d2/meshgeometry.h,Code/ww3d2/meshgeometry.h,engine/graphics,,,not_started,,parity,Source inventory only; split behavior before claiming whole-file parity
source:Code/ww3d2/meshmatdesc.cpp,source,Code/ww3d2/meshmatdesc.cpp,Code/ww3d2/meshmatdesc.cpp,engine/graphics,,,not_started,,parity,Source inventory only; split behavior before claiming whole-file parity
source:Code/ww3d2/meshmatdesc.h,source,Code/ww3d2/meshmatdesc.h,Code/ww3d2/meshmatdesc.h,engine/graphics,,,not_started,,parity,Source inventory only; split behavior before claiming whole-file parity
source:Code/ww3d2/meshmdl.cpp,source,Code/ww3d2/meshmdl.cpp,Code/ww3d2/meshmdl.cpp,engine/graphics,,,not_started,,parity,Source inventory only; split behavior before claiming whole-file parity
source:Code/ww3d2/meshmdl.h,source,Code/ww3d2/meshmdl.h,Code/ww3d2/meshmdl.h,engine/graphics,,,not_started,,parity,Source inventory only; split behavior before claiming whole-file parity
source:Code/ww3d2/meshmdlio.cpp,source,Code/ww3d2/meshmdlio.cpp,Code/ww3d2/meshmdlio.cpp,engine/graphics,,,not_started,,parity,Source inventory only; split behavior before claiming whole-file parity
source:Code/ww3d2/metalmap.cpp,source,Code/ww3d2/metalmap.cpp,Code/ww3d2/metalmap.cpp,engine/graphics,,,not_started,,parity,Source inventory only; split behavior before claiming whole-file parity
source:Code/ww3d2/metalmap.h,source,Code/ww3d2/metalmap.h,Code/ww3d2/metalmap.h,engine/graphics,,,not_started,,parity,Source inventory only; split behavior before claiming whole-file parity
source:Code/ww3d2/missingtexture.cpp,source,Code/ww3d2/missingtexture.cpp,Code/ww3d2/missingtexture.cpp,engine/graphics,,,not_started,,parity,Source inventory only; split behavior before claiming whole-file parity
source:Code/ww3d2/missingtexture.h,source,Code/ww3d2/missingtexture.h,Code/ww3d2/missingtexture.h,engine/graphics,,,not_started,,parity,Source inventory only; split behavior before claiming whole-file parity
source:Code/ww3d2/motchan.cpp,source,Code/ww3d2/motchan.cpp,Code/ww3d2/motchan.cpp,engine/graphics,,,not_started,,parity,Source inventory only; split behavior before claiming whole-file parity
source:Code/ww3d2/motchan.h,source,Code/ww3d2/motchan.h,Code/ww3d2/motchan.h,engine/graphics,,,not_started,,parity,Source inventory only; split behavior before claiming whole-file parity
source:Code/ww3d2/nullrobj.cpp,source,Code/ww3d2/nullrobj.cpp,Code/ww3d2/nullrobj.cpp,engine/graphics,,,not_started,,parity,Source inventory only; split behavior before claiming whole-file parity
source:Code/ww3d2/nullrobj.h,source,Code/ww3d2/nullrobj.h,Code/ww3d2/nullrobj.h,engine/graphics,,,not_started,,parity,Source inventory only; split behavior before claiming whole-file parity
source:Code/ww3d2/part_buf.cpp,source,Code/ww3d2/part_buf.cpp,Code/ww3d2/part_buf.cpp,engine/graphics,,,not_started,,parity,Source inventory only; split behavior before claiming whole-file parity
source:Code/ww3d2/part_buf.h,source,Code/ww3d2/part_buf.h,Code/ww3d2/part_buf.h,engine/graphics,,,not_started,,parity,Source inventory only; split behavior before claiming whole-file parity
source:Code/ww3d2/part_emt.cpp,source,Code/ww3d2/part_emt.cpp,Code/ww3d2/part_emt.cpp,engine/graphics,,,not_started,,parity,Source inventory only; split behavior before claiming whole-file parity
source:Code/ww3d2/part_emt.h,source,Code/ww3d2/part_emt.h,Code/ww3d2/part_emt.h,engine/graphics,,,not_started,,parity,Source inventory only; split behavior before claiming whole-file parity
source:Code/ww3d2/part_ldr.cpp,source,Code/ww3d2/part_ldr.cpp,Code/ww3d2/part_ldr.cpp,engine/graphics,,,not_started,,parity,Source inventory only; split behavior before claiming whole-file parity
source:Code/ww3d2/part_ldr.h,source,Code/ww3d2/part_ldr.h,Code/ww3d2/part_ldr.h,engine/graphics,,,not_started,,parity,Source inventory only; split behavior before claiming whole-file parity
source:Code/ww3d2/pivot.cpp,source,Code/ww3d2/pivot.cpp,Code/ww3d2/pivot.cpp,engine/graphics,,,not_started,,parity,Source inventory only; split behavior before claiming whole-file parity
source:Code/ww3d2/pivot.h,source,Code/ww3d2/pivot.h,Code/ww3d2/pivot.h,engine/graphics,,,not_started,,parity,Source inventory only; split behavior before claiming whole-file parity
source:Code/ww3d2/pointgr.cpp,source,Code/ww3d2/pointgr.cpp,Code/ww3d2/pointgr.cpp,engine/graphics,,,not_started,,parity,Source inventory only; split behavior before claiming whole-file parity
source:Code/ww3d2/pointgr.h,source,Code/ww3d2/pointgr.h,Code/ww3d2/pointgr.h,engine/graphics,,,not_started,,parity,Source inventory only; split behavior before claiming whole-file parity
source:Code/ww3d2/polyinfo.cpp,source,Code/ww3d2/polyinfo.cpp,Code/ww3d2/polyinfo.cpp,engine/graphics,,,not_started,,parity,Source inventory only; split behavior before claiming whole-file parity
source:Code/ww3d2/polyinfo.h,source,Code/ww3d2/polyinfo.h,Code/ww3d2/polyinfo.h,engine/graphics,,,not_started,,parity,Source inventory only; split behavior before claiming whole-file parity
source:Code/ww3d2/pot.cpp,source,Code/ww3d2/pot.cpp,Code/ww3d2/pot.cpp,engine/graphics,,,not_started,,parity,Source inventory only; split behavior before claiming whole-file parity
source:Code/ww3d2/pot.h,source,Code/ww3d2/pot.h,Code/ww3d2/pot.h,engine/graphics,,,not_started,,parity,Source inventory only; split behavior before claiming whole-file parity
source:Code/ww3d2/predlod.cpp,source,Code/ww3d2/predlod.cpp,Code/ww3d2/predlod.cpp,engine/graphics,,,not_started,,parity,Source inventory only; split behavior before claiming whole-file parity
source:Code/ww3d2/predlod.h,source,Code/ww3d2/predlod.h,Code/ww3d2/predlod.h,engine/graphics,,,not_started,,parity,Source inventory only; split behavior before claiming whole-file parity
source:Code/ww3d2/prim_anim.cpp,source,Code/ww3d2/prim_anim.cpp,Code/ww3d2/prim_anim.cpp,engine/graphics,,,not_started,,parity,Source inventory only; split behavior before claiming whole-file parity
source:Code/ww3d2/prim_anim.h,source,Code/ww3d2/prim_anim.h,Code/ww3d2/prim_anim.h,engine/graphics,,,not_started,,parity,Source inventory only; split behavior before claiming whole-file parity
source:Code/ww3d2/projector.cpp,source,Code/ww3d2/projector.cpp,Code/ww3d2/projector.cpp,engine/graphics,,,not_started,,parity,Source inventory only; split behavior before claiming whole-file parity
source:Code/ww3d2/projector.h,source,Code/ww3d2/projector.h,Code/ww3d2/projector.h,engine/graphics,,,not_started,,parity,Source inventory only; split behavior before claiming whole-file parity
source:Code/ww3d2/proto.cpp,source,Code/ww3d2/proto.cpp,Code/ww3d2/proto.cpp,engine/graphics,,,not_started,,parity,Source inventory only; split behavior before claiming whole-file parity
source:Code/ww3d2/proto.h,source,Code/ww3d2/proto.h,Code/ww3d2/proto.h,engine/graphics,,,not_started,,parity,Source inventory only; split behavior before claiming whole-file parity
source:Code/ww3d2/proxy.h,source,Code/ww3d2/proxy.h,Code/ww3d2/proxy.h,engine/graphics,,,not_started,,parity,Source inventory only; split behavior before claiming whole-file parity
source:Code/ww3d2/rddesc.h,source,Code/ww3d2/rddesc.h,Code/ww3d2/rddesc.h,engine/graphics,,,not_started,,parity,Source inventory only; split behavior before claiming whole-file parity
source:Code/ww3d2/render2d.cpp,source,Code/ww3d2/render2d.cpp,Code/ww3d2/render2d.cpp,engine/graphics,,,not_started,,parity,Source inventory only; split behavior before claiming whole-file parity
source:Code/ww3d2/render2d.h,source,Code/ww3d2/render2d.h,Code/ww3d2/render2d.h,engine/graphics,,,not_started,,parity,Source inventory only; split behavior before claiming whole-file parity
source:Code/ww3d2/render2dsentence.cpp,source,Code/ww3d2/render2dsentence.cpp,Code/ww3d2/render2dsentence.cpp,engine/graphics,,,not_started,,parity,Source inventory only; split behavior before claiming whole-file parity
source:Code/ww3d2/render2dsentence.h,source,Code/ww3d2/render2dsentence.h,Code/ww3d2/render2dsentence.h,engine/graphics,,,not_started,,parity,Source inventory only; split behavior before claiming whole-file parity
source:Code/ww3d2/renderobjectrecycler.cpp,source,Code/ww3d2/renderobjectrecycler.cpp,Code/ww3d2/renderobjectrecycler.cpp,engine/graphics,,,not_started,,parity,Source inventory only; split behavior before claiming whole-file parity
source:Code/ww3d2/renderobjectrecycler.h,source,Code/ww3d2/renderobjectrecycler.h,Code/ww3d2/renderobjectrecycler.h,engine/graphics,,,not_started,,parity,Source inventory only; split behavior before claiming whole-file parity
source:Code/ww3d2/rendobj.cpp,source,Code/ww3d2/rendobj.cpp,Code/ww3d2/rendobj.cpp,engine/graphics,,,not_started,,parity,Source inventory only; split behavior before claiming whole-file parity
source:Code/ww3d2/rendobj.h,source,Code/ww3d2/rendobj.h,Code/ww3d2/rendobj.h,engine/graphics,,,not_started,,parity,Source inventory only; split behavior before claiming whole-file parity
source:Code/ww3d2/rinfo.cpp,source,Code/ww3d2/rinfo.cpp,Code/ww3d2/rinfo.cpp,engine/graphics,,,not_started,,parity,Source inventory only; split behavior before claiming whole-file parity
source:Code/ww3d2/rinfo.h,source,Code/ww3d2/rinfo.h,Code/ww3d2/rinfo.h,engine/graphics,,,not_started,,parity,Source inventory only; split behavior before claiming whole-file parity
source:Code/ww3d2/ringobj.cpp,source,Code/ww3d2/ringobj.cpp,Code/ww3d2/ringobj.cpp,engine/graphics,,,not_started,,parity,Source inventory only; split behavior before claiming whole-file parity
source:Code/ww3d2/ringobj.h,source,Code/ww3d2/ringobj.h,Code/ww3d2/ringobj.h,engine/graphics,,,not_started,,parity,Source inventory only; split behavior before claiming whole-file parity
source:Code/ww3d2/robjlist.h,source,Code/ww3d2/robjlist.h,Code/ww3d2/robjlist.h,engine/graphics,,,not_started,,parity,Source inventory only; split behavior before claiming whole-file parity
source:Code/ww3d2/scene.cpp,source,Code/ww3d2/scene.cpp,Code/ww3d2/scene.cpp,engine/graphics,,,not_started,,parity,Source inventory only; split behavior before claiming whole-file parity
source:Code/ww3d2/scene.h,source,Code/ww3d2/scene.h,Code/ww3d2/scene.h,engine/graphics,,,not_started,,parity,Source inventory only; split behavior before claiming whole-file parity
source:Code/ww3d2/segline.cpp,source,Code/ww3d2/segline.cpp,Code/ww3d2/segline.cpp,engine/graphics,,,not_started,,parity,Source inventory only; split behavior before claiming whole-file parity
source:Code/ww3d2/segline.h,source,Code/ww3d2/segline.h,Code/ww3d2/segline.h,engine/graphics,,,not_started,,parity,Source inventory only; split behavior before claiming whole-file parity
source:Code/ww3d2/seglinerenderer.cpp,source,Code/ww3d2/seglinerenderer.cpp,Code/ww3d2/seglinerenderer.cpp,engine/graphics,,,not_started,,parity,Source inventory only; split behavior before claiming whole-file parity
source:Code/ww3d2/seglinerenderer.h,source,Code/ww3d2/seglinerenderer.h,Code/ww3d2/seglinerenderer.h,engine/graphics,,,not_started,,parity,Source inventory only; split behavior before claiming whole-file parity
source:Code/ww3d2/shader.cpp,source,Code/ww3d2/shader.cpp,Code/ww3d2/shader.cpp,engine/graphics,,,not_started,,parity,Source inventory only; split behavior before claiming whole-file parity
source:Code/ww3d2/shader.h,source,Code/ww3d2/shader.h,Code/ww3d2/shader.h,engine/graphics,,,not_started,,parity,Source inventory only; split behavior before claiming whole-file parity
source:Code/ww3d2/shattersystem.cpp,source,Code/ww3d2/shattersystem.cpp,Code/ww3d2/shattersystem.cpp,engine/graphics,,,not_started,,parity,Source inventory only; split behavior before claiming whole-file parity
source:Code/ww3d2/shattersystem.h,source,Code/ww3d2/shattersystem.h,Code/ww3d2/shattersystem.h,engine/graphics,,,not_started,,parity,Source inventory only; split behavior before claiming whole-file parity
source:Code/ww3d2/skeleton/d3dfvf.h,source,Code/ww3d2/skeleton/d3dfvf.h,Code/ww3d2/skeleton/d3dfvf.h,engine/graphics,,,not_started,,parity,Source inventory only; split behavior before claiming whole-file parity
source:Code/ww3d2/skeleton/resource.h,source,Code/ww3d2/skeleton/resource.h,Code/ww3d2/skeleton/resource.h,engine/graphics,,,not_started,,parity,Source inventory only; split behavior before claiming whole-file parity
source:Code/ww3d2/skeleton/sample.dsw,source,Code/ww3d2/skeleton/sample.dsw,Code/ww3d2/skeleton/sample.dsw,engine/graphics,,,not_started,,parity,Source inventory only; split behavior before claiming whole-file parity
source:Code/ww3d2/skeleton/skeleton.cpp,source,Code/ww3d2/skeleton/skeleton.cpp,Code/ww3d2/skeleton/skeleton.cpp,engine/graphics,,,not_started,,parity,Source inventory only; split behavior before claiming whole-file parity
source:Code/ww3d2/skeleton/skeleton.dsp,source,Code/ww3d2/skeleton/skeleton.dsp,Code/ww3d2/skeleton/skeleton.dsp,engine/graphics,,,not_started,,parity,Source inventory only; split behavior before claiming whole-file parity
source:Code/ww3d2/skeleton/skeleton.h,source,Code/ww3d2/skeleton/skeleton.h,Code/ww3d2/skeleton/skeleton.h,engine/graphics,,,not_started,,parity,Source inventory only; split behavior before claiming whole-file parity
source:Code/ww3d2/skeleton/skeleton.ico,source,Code/ww3d2/skeleton/skeleton.ico,Code/ww3d2/skeleton/skeleton.ico,engine/graphics,,,not_started,,parity,Source inventory only; split behavior before claiming whole-file parity
source:Code/ww3d2/skeleton/skeleton.rc,source,Code/ww3d2/skeleton/skeleton.rc,Code/ww3d2/skeleton/skeleton.rc,engine/graphics,,,not_started,,parity,Source inventory only; split behavior before claiming whole-file parity
source:Code/ww3d2/skeleton/small.ico,source,Code/ww3d2/skeleton/small.ico,Code/ww3d2/skeleton/small.ico,engine/graphics,,,not_started,,parity,Source inventory only; split behavior before claiming whole-file parity
source:Code/ww3d2/snappts.cpp,source,Code/ww3d2/snappts.cpp,Code/ww3d2/snappts.cpp,engine/graphics,,,not_started,,parity,Source inventory only; split behavior before claiming whole-file parity
source:Code/ww3d2/snappts.h,source,Code/ww3d2/snappts.h,Code/ww3d2/snappts.h,engine/graphics,,,not_started,,parity,Source inventory only; split behavior before claiming whole-file parity
source:Code/ww3d2/sortingrenderer.cpp,source,Code/ww3d2/sortingrenderer.cpp,Code/ww3d2/sortingrenderer.cpp,engine/graphics,,,not_started,,parity,Source inventory only; split behavior before claiming whole-file parity
source:Code/ww3d2/sortingrenderer.h,source,Code/ww3d2/sortingrenderer.h,Code/ww3d2/sortingrenderer.h,engine/graphics,,,not_started,,parity,Source inventory only; split behavior before claiming whole-file parity
source:Code/ww3d2/sorttest/resource.h,source,Code/ww3d2/sorttest/resource.h,Code/ww3d2/sorttest/resource.h,engine/graphics,,,not_started,,parity,Source inventory only; split behavior before claiming whole-file parity
source:Code/ww3d2/sorttest/small.ico,source,Code/ww3d2/sorttest/small.ico,Code/ww3d2/sorttest/small.ico,engine/graphics,,,not_started,,parity,Source inventory only; split behavior before claiming whole-file parity
source:Code/ww3d2/sorttest/sorttest.cpp,source,Code/ww3d2/sorttest/sorttest.cpp,Code/ww3d2/sorttest/sorttest.cpp,engine/graphics,,,not_started,,parity,Source inventory only; split behavior before claiming whole-file parity
source:Code/ww3d2/sorttest/sorttest.dsp,source,Code/ww3d2/sorttest/sorttest.dsp,Code/ww3d2/sorttest/sorttest.dsp,engine/graphics,,,not_started,,parity,Source inventory only; split behavior before claiming whole-file parity
source:Code/ww3d2/sorttest/sorttest.dsw,source,Code/ww3d2/sorttest/sorttest.dsw,Code/ww3d2/sorttest/sorttest.dsw,engine/graphics,,,not_started,,parity,Source inventory only; split behavior before claiming whole-file parity
source:Code/ww3d2/sorttest/sorttest.h,source,Code/ww3d2/sorttest/sorttest.h,Code/ww3d2/sorttest/sorttest.h,engine/graphics,,,not_started,,parity,Source inventory only; split behavior before claiming whole-file parity
source:Code/ww3d2/sorttest/sorttest.ico,source,Code/ww3d2/sorttest/sorttest.ico,Code/ww3d2/sorttest/sorttest.ico,engine/graphics,,,not_started,,parity,Source inventory only; split behavior before claiming whole-file parity
source:Code/ww3d2/sorttest/sorttest.rc,source,Code/ww3d2/sorttest/sorttest.rc,Code/ww3d2/sorttest/sorttest.rc,engine/graphics,,,not_started,,parity,Source inventory only; split behavior before claiming whole-file parity
source:Code/ww3d2/soundrobj.cpp,source,Code/ww3d2/soundrobj.cpp,Code/ww3d2/soundrobj.cpp,engine/graphics,,,not_started,,parity,Source inventory only; split behavior before claiming whole-file parity
source:Code/ww3d2/soundrobj.h,source,Code/ww3d2/soundrobj.h,Code/ww3d2/soundrobj.h,engine/graphics,,,not_started,,parity,Source inventory only; split behavior before claiming whole-file parity
source:Code/ww3d2/sphereobj.cpp,source,Code/ww3d2/sphereobj.cpp,Code/ww3d2/sphereobj.cpp,engine/graphics,,,not_started,,parity,Source inventory only; split behavior before claiming whole-file parity
source:Code/ww3d2/sphereobj.h,source,Code/ww3d2/sphereobj.h,Code/ww3d2/sphereobj.h,engine/graphics,,,not_started,,parity,Source inventory only; split behavior before claiming whole-file parity
source:Code/ww3d2/statistics.cpp,source,Code/ww3d2/statistics.cpp,Code/ww3d2/statistics.cpp,engine/graphics,,,not_started,,parity,Source inventory only; split behavior before claiming whole-file parity
source:Code/ww3d2/statistics.h,source,Code/ww3d2/statistics.h,Code/ww3d2/statistics.h,engine/graphics,,,not_started,,parity,Source inventory only; split behavior before claiming whole-file parity
source:Code/ww3d2/stripoptimizer.cpp,source,Code/ww3d2/stripoptimizer.cpp,Code/ww3d2/stripoptimizer.cpp,engine/graphics,,,not_started,,parity,Source inventory only; split behavior before claiming whole-file parity
source:Code/ww3d2/stripoptimizer.h,source,Code/ww3d2/stripoptimizer.h,Code/ww3d2/stripoptimizer.h,engine/graphics,,,not_started,,parity,Source inventory only; split behavior before claiming whole-file parity
source:Code/ww3d2/surfaceclass.cpp,source,Code/ww3d2/surfaceclass.cpp,Code/ww3d2/surfaceclass.cpp,engine/graphics,,,not_started,,parity,Source inventory only; split behavior before claiming whole-file parity
source:Code/ww3d2/surfaceclass.h,source,Code/ww3d2/surfaceclass.h,Code/ww3d2/surfaceclass.h,engine/graphics,,,not_started,,parity,Source inventory only; split behavior before claiming whole-file parity
source:Code/ww3d2/texfcach.cpp,source,Code/ww3d2/texfcach.cpp,Code/ww3d2/texfcach.cpp,engine/graphics,,,not_started,,parity,Source inventory only; split behavior before claiming whole-file parity
source:Code/ww3d2/texfcach.h,source,Code/ww3d2/texfcach.h,Code/ww3d2/texfcach.h,engine/graphics,,,not_started,,parity,Source inventory only; split behavior before claiming whole-file parity
source:Code/ww3d2/texproject.cpp,source,Code/ww3d2/texproject.cpp,Code/ww3d2/texproject.cpp,engine/graphics,,,not_started,,parity,Source inventory only; split behavior before claiming whole-file parity
source:Code/ww3d2/texproject.h,source,Code/ww3d2/texproject.h,Code/ww3d2/texproject.h,engine/graphics,,,not_started,,parity,Source inventory only; split behavior before claiming whole-file parity
source:Code/ww3d2/textdraw.cpp,source,Code/ww3d2/textdraw.cpp,Code/ww3d2/textdraw.cpp,engine/graphics,,,not_started,,parity,Source inventory only; split behavior before claiming whole-file parity
source:Code/ww3d2/textdraw.h,source,Code/ww3d2/textdraw.h,Code/ww3d2/textdraw.h,engine/graphics,,,not_started,,parity,Source inventory only; split behavior before claiming whole-file parity
source:Code/ww3d2/texture.cpp,source,Code/ww3d2/texture.cpp,Code/ww3d2/texture.cpp,engine/graphics,,,not_started,,parity,Source inventory only; split behavior before claiming whole-file parity
source:Code/ww3d2/texture.h,source,Code/ww3d2/texture.h,Code/ww3d2/texture.h,engine/graphics,,,not_started,,parity,Source inventory only; split behavior before claiming whole-file parity
source:Code/ww3d2/textureloader.cpp,source,Code/ww3d2/textureloader.cpp,Code/ww3d2/textureloader.cpp,engine/graphics,,,not_started,,parity,Source inventory only; split behavior before claiming whole-file parity
source:Code/ww3d2/textureloader.h,source,Code/ww3d2/textureloader.h,Code/ww3d2/textureloader.h,engine/graphics,,,not_started,,parity,Source inventory only; split behavior before claiming whole-file parity
source:Code/ww3d2/texturethumbnail.cpp,source,Code/ww3d2/texturethumbnail.cpp,Code/ww3d2/texturethumbnail.cpp,engine/graphics,,,not_started,,parity,Source inventory only; split behavior before claiming whole-file parity
source:Code/ww3d2/texturethumbnail.h,source,Code/ww3d2/texturethumbnail.h,Code/ww3d2/texturethumbnail.h,engine/graphics,,,not_started,,parity,Source inventory only; split behavior before claiming whole-file parity
source:Code/ww3d2/txt.cpp,source,Code/ww3d2/txt.cpp,Code/ww3d2/txt.cpp,engine/graphics,,,not_started,,parity,Source inventory only; split behavior before claiming whole-file parity
source:Code/ww3d2/txt.h,source,Code/ww3d2/txt.h,Code/ww3d2/txt.h,engine/graphics,,,not_started,,parity,Source inventory only; split behavior before claiming whole-file parity
source:Code/ww3d2/vertmaterial.cpp,source,Code/ww3d2/vertmaterial.cpp,Code/ww3d2/vertmaterial.cpp,engine/graphics,,,not_started,,parity,Source inventory only; split behavior before claiming whole-file parity
source:Code/ww3d2/vertmaterial.h,source,Code/ww3d2/vertmaterial.h,Code/ww3d2/vertmaterial.h,engine/graphics,,,not_started,,parity,Source inventory only; split behavior before claiming whole-file parity
source:Code/ww3d2/visrasterizer.cpp,source,Code/ww3d2/visrasterizer.cpp,Code/ww3d2/visrasterizer.cpp,engine/graphics,,,not_started,,parity,Source inventory only; split behavior before claiming whole-file parity
source:Code/ww3d2/visrasterizer.h,source,Code/ww3d2/visrasterizer.h,Code/ww3d2/visrasterizer.h,engine/graphics,,,not_started,,parity,Source inventory only; split behavior before claiming whole-file parity
source:Code/ww3d2/w3d_dep.cpp,source,Code/ww3d2/w3d_dep.cpp,Code/ww3d2/w3d_dep.cpp,engine/graphics,,,not_started,,parity,Source inventory only; split behavior before claiming whole-file parity
source:Code/ww3d2/w3d_dep.h,source,Code/ww3d2/w3d_dep.h,Code/ww3d2/w3d_dep.h,engine/graphics,,,not_started,,parity,Source inventory only; split behavior before claiming whole-file parity
source:Code/ww3d2/w3d_file.h,source,Code/ww3d2/w3d_file.h,Code/ww3d2/w3d_file.h,engine/graphics,,,not_started,,parity,Source inventory only; split behavior before claiming whole-file parity
source:Code/ww3d2/w3d_obsolete.h,source,Code/ww3d2/w3d_obsolete.h,Code/ww3d2/w3d_obsolete.h,engine/graphics,,,not_started,,parity,Source inventory only; split behavior before claiming whole-file parity
source:Code/ww3d2/w3d_util.cpp,source,Code/ww3d2/w3d_util.cpp,Code/ww3d2/w3d_util.cpp,engine/graphics,,,not_started,,parity,Source inventory only; split behavior before claiming whole-file parity
source:Code/ww3d2/w3d_util.h,source,Code/ww3d2/w3d_util.h,Code/ww3d2/w3d_util.h,engine/graphics,,,not_started,,parity,Source inventory only; split behavior before claiming whole-file parity
source:Code/ww3d2/w3derr.h,source,Code/ww3d2/w3derr.h,Code/ww3d2/w3derr.h,engine/graphics,,,not_started,,parity,Source inventory only; split behavior before claiming whole-file parity
source:Code/ww3d2/ww3d.cpp,source,Code/ww3d2/ww3d.cpp,Code/ww3d2/ww3d.cpp,engine/graphics,,,not_started,,parity,Source inventory only; split behavior before claiming whole-file parity
source:Code/ww3d2/ww3d.h,source,Code/ww3d2/ww3d.h,Code/ww3d2/ww3d.h,engine/graphics,,,not_started,,parity,Source inventory only; split behavior before claiming whole-file parity
source:Code/ww3d2/ww3d2.dsp,source,Code/ww3d2/ww3d2.dsp,Code/ww3d2/ww3d2.dsp,engine/graphics,,,not_started,,parity,Source inventory only; split behavior before claiming whole-file parity
source:Code/ww3d2/ww3dformat.cpp,source,Code/ww3d2/ww3dformat.cpp,Code/ww3d2/ww3dformat.cpp,engine/graphics,,,not_started,,parity,Source inventory only; split behavior before claiming whole-file parity
source:Code/ww3d2/ww3dformat.h,source,Code/ww3d2/ww3dformat.h,Code/ww3d2/ww3dformat.h,engine/graphics,,,not_started,,parity,Source inventory only; split behavior before claiming whole-file parity
source:Code/ww3d2/ww3dids.h,source,Code/ww3d2/ww3dids.h,Code/ww3d2/ww3dids.h,engine/graphics,,,not_started,,parity,Source inventory only; split behavior before claiming whole-file parity
source:Code/ww3d2/ww3dtrig.h,source,Code/ww3d2/ww3dtrig.h,Code/ww3d2/ww3dtrig.h,engine/graphics,,,not_started,,parity,Source inventory only; split behavior before claiming whole-file parity
source:Code/wwbitpack/BitPacker.cpp,source,Code/wwbitpack/BitPacker.cpp,Code/wwbitpack/BitPacker.cpp,engine/core/serialization,,,not_started,,parity,Source inventory only; split behavior before claiming whole-file parity
source:Code/wwbitpack/BitPacker.h,source,Code/wwbitpack/BitPacker.h,Code/wwbitpack/BitPacker.h,engine/core/serialization,,,not_started,,parity,Source inventory only; split behavior before claiming whole-file parity
source:Code/wwbitpack/bitpackids.h,source,Code/wwbitpack/bitpackids.h,Code/wwbitpack/bitpackids.h,engine/core/serialization,,,not_started,,parity,Source inventory only; split behavior before claiming whole-file parity
source:Code/wwbitpack/bitstream.cpp,source,Code/wwbitpack/bitstream.cpp,Code/wwbitpack/bitstream.cpp,engine/core/serialization,,,not_started,,parity,Source inventory only; split behavior before claiming whole-file parity
source:Code/wwbitpack/bitstream.h,source,Code/wwbitpack/bitstream.h,Code/wwbitpack/bitstream.h,engine/core/serialization,,,not_started,,parity,Source inventory only; split behavior before claiming whole-file parity
source:Code/wwbitpack/encoderlist.cpp,source,Code/wwbitpack/encoderlist.cpp,Code/wwbitpack/encoderlist.cpp,engine/core/serialization,,,not_started,,parity,Source inventory only; split behavior before claiming whole-file parity
source:Code/wwbitpack/encoderlist.h,source,Code/wwbitpack/encoderlist.h,Code/wwbitpack/encoderlist.h,engine/core/serialization,,,not_started,,parity,Source inventory only; split behavior before claiming whole-file parity
source:Code/wwbitpack/encodertypeentry.cpp,source,Code/wwbitpack/encodertypeentry.cpp,Code/wwbitpack/encodertypeentry.cpp,engine/core/serialization,,,not_started,,parity,Source inventory only; split behavior before claiming whole-file parity
source:Code/wwbitpack/encodertypeentry.h,source,Code/wwbitpack/encodertypeentry.h,Code/wwbitpack/encodertypeentry.h,engine/core/serialization,,,not_started,,parity,Source inventory only; split behavior before claiming whole-file parity
source:Code/wwbitpack/wwbitpack.dsp,source,Code/wwbitpack/wwbitpack.dsp,Code/wwbitpack/wwbitpack.dsp,engine/core/serialization,,,not_started,,parity,Source inventory only; split behavior before claiming whole-file parity
source:Code/wwdebug/dspmake.cfg,source,Code/wwdebug/dspmake.cfg,Code/wwdebug/dspmake.cfg,games/renegade/migration,,,not_started,,parity,Source inventory only; split behavior before claiming whole-file parity
source:Code/wwdebug/wwdebug.cpp,source,Code/wwdebug/wwdebug.cpp,Code/wwdebug/wwdebug.cpp,games/renegade/migration,,,not_started,,parity,Source inventory only; split behavior before claiming whole-file parity
source:Code/wwdebug/wwdebug.dsp,source,Code/wwdebug/wwdebug.dsp,Code/wwdebug/wwdebug.dsp,games/renegade/migration,,,not_started,,parity,Source inventory only; split behavior before claiming whole-file parity
source:Code/wwdebug/wwdebug.h,source,Code/wwdebug/wwdebug.h,Code/wwdebug/wwdebug.h,games/renegade/migration,,,not_started,,parity,Source inventory only; split behavior before claiming whole-file parity
source:Code/wwdebug/wwhack.h,source,Code/wwdebug/wwhack.h,Code/wwdebug/wwhack.h,games/renegade/migration,,,not_started,,parity,Source inventory only; split behavior before claiming whole-file parity
source:Code/wwdebug/wwmemlog.cpp,source,Code/wwdebug/wwmemlog.cpp,Code/wwdebug/wwmemlog.cpp,games/renegade/migration,,,not_started,,parity,Source inventory only; split behavior before claiming whole-file parity
source:Code/wwdebug/wwmemlog.h,source,Code/wwdebug/wwmemlog.h,Code/wwdebug/wwmemlog.h,games/renegade/migration,,,not_started,,parity,Source inventory only; split behavior before claiming whole-file parity
source:Code/wwdebug/wwprofile.cpp,source,Code/wwdebug/wwprofile.cpp,Code/wwdebug/wwprofile.cpp,games/renegade/migration,,,not_started,,parity,Source inventory only; split behavior before claiming whole-file parity
source:Code/wwdebug/wwprofile.h,source,Code/wwdebug/wwprofile.h,Code/wwdebug/wwprofile.h,games/renegade/migration,,,not_started,,parity,Source inventory only; split behavior before claiming whole-file parity
source:Code/wwlib/CallbackHook.h,source,Code/wwlib/CallbackHook.h,Code/wwlib/CallbackHook.h,engine/filesystem,,,not_started,,parity,Source inventory only; split behavior before claiming whole-file parity
source:Code/wwlib/Except.cpp,source,Code/wwlib/Except.cpp,Code/wwlib/Except.cpp,engine/filesystem,,,not_started,,parity,Source inventory only; split behavior before claiming whole-file parity
source:Code/wwlib/Except.h,source,Code/wwlib/Except.h,Code/wwlib/Except.h,engine/filesystem,,,not_started,,parity,Source inventory only; split behavior before claiming whole-file parity
source:Code/wwlib/FastAllocator.cpp,source,Code/wwlib/FastAllocator.cpp,Code/wwlib/FastAllocator.cpp,engine/filesystem,,,not_started,,parity,Source inventory only; split behavior before claiming whole-file parity
source:Code/wwlib/FastAllocator.h,source,Code/wwlib/FastAllocator.h,Code/wwlib/FastAllocator.h,engine/filesystem,,,not_started,,parity,Source inventory only; split behavior before claiming whole-file parity
source:Code/wwlib/LaunchWeb.cpp,source,Code/wwlib/LaunchWeb.cpp,Code/wwlib/LaunchWeb.cpp,engine/filesystem,,,not_started,,parity,Source inventory only; split behavior before claiming whole-file parity
source:Code/wwlib/LaunchWeb.h,source,Code/wwlib/LaunchWeb.h,Code/wwlib/LaunchWeb.h,engine/filesystem,,,not_started,,parity,Source inventory only; split behavior before claiming whole-file parity
source:Code/wwlib/Notify.h,source,Code/wwlib/Notify.h,Code/wwlib/Notify.h,engine/filesystem,,,not_started,,parity,Source inventory only; split behavior before claiming whole-file parity
source:Code/wwlib/Signaler.h,source,Code/wwlib/Signaler.h,Code/wwlib/Signaler.h,engine/filesystem,,,not_started,,parity,Source inventory only; split behavior before claiming whole-file parity
source:Code/wwlib/TARGA.CPP,source,Code/wwlib/TARGA.CPP,Code/wwlib/TARGA.CPP,engine/filesystem,,,not_started,,parity,Source inventory only; split behavior before claiming whole-file parity
source:Code/wwlib/TARGA.H,source,Code/wwlib/TARGA.H,Code/wwlib/TARGA.H,engine/filesystem,,,not_started,,parity,Source inventory only; split behavior before claiming whole-file parity
source:Code/wwlib/WWCOMUtil.cpp,source,Code/wwlib/WWCOMUtil.cpp,Code/wwlib/WWCOMUtil.cpp,engine/filesystem,,,not_started,,parity,Source inventory only; split behavior before claiming whole-file parity
source:Code/wwlib/WWCOMUtil.h,source,Code/wwlib/WWCOMUtil.h,Code/wwlib/WWCOMUtil.h,engine/filesystem,,,not_started,,parity,Source inventory only; split behavior before claiming whole-file parity
source:Code/wwlib/_convert.cpp,source,Code/wwlib/_convert.cpp,Code/wwlib/_convert.cpp,engine/filesystem,,,not_started,,parity,Source inventory only; split behavior before claiming whole-file parity
source:Code/wwlib/_convert.h,source,Code/wwlib/_convert.h,Code/wwlib/_convert.h,engine/filesystem,,,not_started,,parity,Source inventory only; split behavior before claiming whole-file parity
source:Code/wwlib/_mono.cpp,source,Code/wwlib/_mono.cpp,Code/wwlib/_mono.cpp,engine/filesystem,,,not_started,,parity,Source inventory only; split behavior before claiming whole-file parity
source:Code/wwlib/_mono.h,source,Code/wwlib/_mono.h,Code/wwlib/_mono.h,engine/filesystem,,,not_started,,parity,Source inventory only; split behavior before claiming whole-file parity
source:Code/wwlib/_timer.cpp,source,Code/wwlib/_timer.cpp,Code/wwlib/_timer.cpp,engine/filesystem,,,not_started,,parity,Source inventory only; split behavior before claiming whole-file parity
source:Code/wwlib/_timer.h,source,Code/wwlib/_timer.h,Code/wwlib/_timer.h,engine/filesystem,,,not_started,,parity,Source inventory only; split behavior before claiming whole-file parity
source:Code/wwlib/_xmouse.h,source,Code/wwlib/_xmouse.h,Code/wwlib/_xmouse.h,engine/filesystem,,,not_started,,parity,Source inventory only; split behavior before claiming whole-file parity
source:Code/wwlib/always.h,source,Code/wwlib/always.h,Code/wwlib/always.h,engine/filesystem,,,not_started,,parity,Source inventory only; split behavior before claiming whole-file parity
source:Code/wwlib/argv.cpp,source,Code/wwlib/argv.cpp,Code/wwlib/argv.cpp,engine/filesystem,,,not_started,,parity,Source inventory only; split behavior before claiming whole-file parity
source:Code/wwlib/argv.h,source,Code/wwlib/argv.h,Code/wwlib/argv.h,engine/filesystem,,,not_started,,parity,Source inventory only; split behavior before claiming whole-file parity
source:Code/wwlib/b64pipe.cpp,source,Code/wwlib/b64pipe.cpp,Code/wwlib/b64pipe.cpp,engine/filesystem,,,not_started,,parity,Source inventory only; split behavior before claiming whole-file parity
source:Code/wwlib/b64pipe.h,source,Code/wwlib/b64pipe.h,Code/wwlib/b64pipe.h,engine/filesystem,,,not_started,,parity,Source inventory only; split behavior before claiming whole-file parity
source:Code/wwlib/b64straw.cpp,source,Code/wwlib/b64straw.cpp,Code/wwlib/b64straw.cpp,engine/filesystem,,,not_started,,parity,Source inventory only; split behavior before claiming whole-file parity
source:Code/wwlib/b64straw.h,source,Code/wwlib/b64straw.h,Code/wwlib/b64straw.h,engine/filesystem,,,not_started,,parity,Source inventory only; split behavior before claiming whole-file parity
source:Code/wwlib/base64.cpp,source,Code/wwlib/base64.cpp,Code/wwlib/base64.cpp,engine/filesystem,,,not_started,,parity,Source inventory only; split behavior before claiming whole-file parity
source:Code/wwlib/base64.h,source,Code/wwlib/base64.h,Code/wwlib/base64.h,engine/filesystem,,,not_started,,parity,Source inventory only; split behavior before claiming whole-file parity
source:Code/wwlib/binheap.h,source,Code/wwlib/binheap.h,Code/wwlib/binheap.h,engine/filesystem,,,not_started,,parity,Source inventory only; split behavior before claiming whole-file parity
source:Code/wwlib/bittype.h,source,Code/wwlib/bittype.h,Code/wwlib/bittype.h,engine/filesystem,,,not_started,,parity,Source inventory only; split behavior before claiming whole-file parity
source:Code/wwlib/blit.cpp,source,Code/wwlib/blit.cpp,Code/wwlib/blit.cpp,engine/filesystem,,,not_started,,parity,Source inventory only; split behavior before claiming whole-file parity
source:Code/wwlib/blit.h,source,Code/wwlib/blit.h,Code/wwlib/blit.h,engine/filesystem,,,not_started,,parity,Source inventory only; split behavior before claiming whole-file parity
source:Code/wwlib/blitblit.h,source,Code/wwlib/blitblit.h,Code/wwlib/blitblit.h,engine/filesystem,,,not_started,,parity,Source inventory only; split behavior before claiming whole-file parity
source:Code/wwlib/blitter.h,source,Code/wwlib/blitter.h,Code/wwlib/blitter.h,engine/filesystem,,,not_started,,parity,Source inventory only; split behavior before claiming whole-file parity
source:Code/wwlib/blowfish.cpp,source,Code/wwlib/blowfish.cpp,Code/wwlib/blowfish.cpp,engine/filesystem,,,not_started,,parity,Source inventory only; split behavior before claiming whole-file parity
source:Code/wwlib/blowfish.h,source,Code/wwlib/blowfish.h,Code/wwlib/blowfish.h,engine/filesystem,,,not_started,,parity,Source inventory only; split behavior before claiming whole-file parity
source:Code/wwlib/blowpipe.cpp,source,Code/wwlib/blowpipe.cpp,Code/wwlib/blowpipe.cpp,engine/filesystem,,,not_started,,parity,Source inventory only; split behavior before claiming whole-file parity
source:Code/wwlib/blowpipe.h,source,Code/wwlib/blowpipe.h,Code/wwlib/blowpipe.h,engine/filesystem,,,not_started,,parity,Source inventory only; split behavior before claiming whole-file parity
source:Code/wwlib/blwstraw.cpp,source,Code/wwlib/blwstraw.cpp,Code/wwlib/blwstraw.cpp,engine/filesystem,,,not_started,,parity,Source inventory only; split behavior before claiming whole-file parity
source:Code/wwlib/blwstraw.h,source,Code/wwlib/blwstraw.h,Code/wwlib/blwstraw.h,engine/filesystem,,,not_started,,parity,Source inventory only; split behavior before claiming whole-file parity
source:Code/wwlib/bool.h,source,Code/wwlib/bool.h,Code/wwlib/bool.h,engine/filesystem,,,not_started,,parity,Source inventory only; split behavior before claiming whole-file parity
source:Code/wwlib/borlandc.h,source,Code/wwlib/borlandc.h,Code/wwlib/borlandc.h,engine/filesystem,,,not_started,,parity,Source inventory only; split behavior before claiming whole-file parity
source:Code/wwlib/bound.h,source,Code/wwlib/bound.h,Code/wwlib/bound.h,engine/filesystem,,,not_started,,parity,Source inventory only; split behavior before claiming whole-file parity
source:Code/wwlib/bsearch.h,source,Code/wwlib/bsearch.h,Code/wwlib/bsearch.h,engine/filesystem,,,not_started,,parity,Source inventory only; split behavior before claiming whole-file parity
source:Code/wwlib/bsurface.h,source,Code/wwlib/bsurface.h,Code/wwlib/bsurface.h,engine/filesystem,,,not_started,,parity,Source inventory only; split behavior before claiming whole-file parity
source:Code/wwlib/buff.cpp,source,Code/wwlib/buff.cpp,Code/wwlib/buff.cpp,engine/filesystem,,,not_started,,parity,Source inventory only; split behavior before claiming whole-file parity
source:Code/wwlib/buff.h,source,Code/wwlib/buff.h,Code/wwlib/buff.h,engine/filesystem,,,not_started,,parity,Source inventory only; split behavior before claiming whole-file parity
source:Code/wwlib/bufffile.cpp,source,Code/wwlib/bufffile.cpp,Code/wwlib/bufffile.cpp,engine/filesystem,,,not_started,,parity,Source inventory only; split behavior before claiming whole-file parity
source:Code/wwlib/bufffile.h,source,Code/wwlib/bufffile.h,Code/wwlib/bufffile.h,engine/filesystem,,,not_started,,parity,Source inventory only; split behavior before claiming whole-file parity
source:Code/wwlib/chunkio.cpp,source,Code/wwlib/chunkio.cpp,Code/wwlib/chunkio.cpp,engine/filesystem,,,not_started,,parity,Source inventory only; split behavior before claiming whole-file parity
source:Code/wwlib/chunkio.h,source,Code/wwlib/chunkio.h,Code/wwlib/chunkio.h,engine/filesystem,,,not_started,,parity,Source inventory only; split behavior before claiming whole-file parity
source:Code/wwlib/convert.cpp,source,Code/wwlib/convert.cpp,Code/wwlib/convert.cpp,engine/filesystem,,,not_started,,parity,Source inventory only; split behavior before claiming whole-file parity
source:Code/wwlib/convert.h,source,Code/wwlib/convert.h,Code/wwlib/convert.h,engine/filesystem,,,not_started,,parity,Source inventory only; split behavior before claiming whole-file parity
source:Code/wwlib/cpudetect.cpp,source,Code/wwlib/cpudetect.cpp,Code/wwlib/cpudetect.cpp,engine/filesystem,,,not_started,,parity,Source inventory only; split behavior before claiming whole-file parity
source:Code/wwlib/cpudetect.h,source,Code/wwlib/cpudetect.h,Code/wwlib/cpudetect.h,engine/filesystem,,,not_started,,parity,Source inventory only; split behavior before claiming whole-file parity
source:Code/wwlib/crc.cpp,source,Code/wwlib/crc.cpp,Code/wwlib/crc.cpp,engine/filesystem,,,not_started,,parity,Source inventory only; split behavior before claiming whole-file parity
source:Code/wwlib/crc.h,source,Code/wwlib/crc.h,Code/wwlib/crc.h,engine/filesystem,,,not_started,,parity,Source inventory only; split behavior before claiming whole-file parity
source:Code/wwlib/crcpipe.cpp,source,Code/wwlib/crcpipe.cpp,Code/wwlib/crcpipe.cpp,engine/filesystem,,,not_started,,parity,Source inventory only; split behavior before claiming whole-file parity
source:Code/wwlib/crcpipe.h,source,Code/wwlib/crcpipe.h,Code/wwlib/crcpipe.h,engine/filesystem,,,not_started,,parity,Source inventory only; split behavior before claiming whole-file parity
source:Code/wwlib/crcstraw.cpp,source,Code/wwlib/crcstraw.cpp,Code/wwlib/crcstraw.cpp,engine/filesystem,,,not_started,,parity,Source inventory only; split behavior before claiming whole-file parity
source:Code/wwlib/crcstraw.h,source,Code/wwlib/crcstraw.h,Code/wwlib/crcstraw.h,engine/filesystem,,,not_started,,parity,Source inventory only; split behavior before claiming whole-file parity
source:Code/wwlib/critsection.cpp,source,Code/wwlib/critsection.cpp,Code/wwlib/critsection.cpp,engine/filesystem,,,not_started,,parity,Source inventory only; split behavior before claiming whole-file parity
source:Code/wwlib/critsection.h,source,Code/wwlib/critsection.h,Code/wwlib/critsection.h,engine/filesystem,,,not_started,,parity,Source inventory only; split behavior before claiming whole-file parity
source:Code/wwlib/cstraw.cpp,source,Code/wwlib/cstraw.cpp,Code/wwlib/cstraw.cpp,engine/filesystem,,,not_started,,parity,Source inventory only; split behavior before claiming whole-file parity
source:Code/wwlib/cstraw.h,source,Code/wwlib/cstraw.h,Code/wwlib/cstraw.h,engine/filesystem,,,not_started,,parity,Source inventory only; split behavior before claiming whole-file parity
source:Code/wwlib/data.cpp,source,Code/wwlib/data.cpp,Code/wwlib/data.cpp,engine/filesystem,,,not_started,,parity,Source inventory only; split behavior before claiming whole-file parity
source:Code/wwlib/data.h,source,Code/wwlib/data.h,Code/wwlib/data.h,engine/filesystem,,,not_started,,parity,Source inventory only; split behavior before claiming whole-file parity
source:Code/wwlib/ddraw.cpp,source,Code/wwlib/ddraw.cpp,Code/wwlib/ddraw.cpp,engine/filesystem,,,not_started,,parity,Source inventory only; split behavior before claiming whole-file parity
source:Code/wwlib/dib.cpp,source,Code/wwlib/dib.cpp,Code/wwlib/dib.cpp,engine/filesystem,,,not_started,,parity,Source inventory only; split behavior before claiming whole-file parity
source:Code/wwlib/dib.h,source,Code/wwlib/dib.h,Code/wwlib/dib.h,engine/filesystem,,,not_started,,parity,Source inventory only; split behavior before claiming whole-file parity
source:Code/wwlib/draw.cpp,source,Code/wwlib/draw.cpp,Code/wwlib/draw.cpp,engine/filesystem,,,not_started,,parity,Source inventory only; split behavior before claiming whole-file parity
source:Code/wwlib/draw.h,source,Code/wwlib/draw.h,Code/wwlib/draw.h,engine/filesystem,,,not_started,,parity,Source inventory only; split behavior before claiming whole-file parity
source:Code/wwlib/dspmake.cfg,source,Code/wwlib/dspmake.cfg,Code/wwlib/dspmake.cfg,engine/filesystem,,,not_started,,parity,Source inventory only; split behavior before claiming whole-file parity
source:Code/wwlib/dsurface.cpp,source,Code/wwlib/dsurface.cpp,Code/wwlib/dsurface.cpp,engine/filesystem,,,not_started,,parity,Source inventory only; split behavior before claiming whole-file parity
source:Code/wwlib/dsurface.h,source,Code/wwlib/dsurface.h,Code/wwlib/dsurface.h,engine/filesystem,,,not_started,,parity,Source inventory only; split behavior before claiming whole-file parity
source:Code/wwlib/ffactory.cpp,source,Code/wwlib/ffactory.cpp,Code/wwlib/ffactory.cpp,engine/filesystem,,,not_started,,parity,Source inventory only; split behavior before claiming whole-file parity
source:Code/wwlib/ffactory.h,source,Code/wwlib/ffactory.h,Code/wwlib/ffactory.h,engine/filesystem,,,not_started,,parity,Source inventory only; split behavior before claiming whole-file parity
source:Code/wwlib/fixed.cpp,source,Code/wwlib/fixed.cpp,Code/wwlib/fixed.cpp,engine/filesystem,,,not_started,,parity,Source inventory only; split behavior before claiming whole-file parity
source:Code/wwlib/fixed.h,source,Code/wwlib/fixed.h,Code/wwlib/fixed.h,engine/filesystem,,,not_started,,parity,Source inventory only; split behavior before claiming whole-file parity
source:Code/wwlib/font.h,source,Code/wwlib/font.h,Code/wwlib/font.h,engine/filesystem,,,not_started,,parity,Source inventory only; split behavior before claiming whole-file parity
source:Code/wwlib/gcd_lcm.cpp,source,Code/wwlib/gcd_lcm.cpp,Code/wwlib/gcd_lcm.cpp,engine/filesystem,,,not_started,,parity,Source inventory only; split behavior before claiming whole-file parity
source:Code/wwlib/gcd_lcm.h,source,Code/wwlib/gcd_lcm.h,Code/wwlib/gcd_lcm.h,engine/filesystem,,,not_started,,parity,Source inventory only; split behavior before claiming whole-file parity
source:Code/wwlib/global.h,source,Code/wwlib/global.h,Code/wwlib/global.h,engine/filesystem,,,not_started,,parity,Source inventory only; split behavior before claiming whole-file parity
source:Code/wwlib/hash.cpp,source,Code/wwlib/hash.cpp,Code/wwlib/hash.cpp,engine/filesystem,,,not_started,,parity,Source inventory only; split behavior before claiming whole-file parity
source:Code/wwlib/hash.h,source,Code/wwlib/hash.h,Code/wwlib/hash.h,engine/filesystem,,,not_started,,parity,Source inventory only; split behavior before claiming whole-file parity
source:Code/wwlib/hashcalc.h,source,Code/wwlib/hashcalc.h,Code/wwlib/hashcalc.h,engine/filesystem,,,not_started,,parity,Source inventory only; split behavior before claiming whole-file parity
source:Code/wwlib/hashlist.h,source,Code/wwlib/hashlist.h,Code/wwlib/hashlist.h,engine/filesystem,,,not_started,,parity,Source inventory only; split behavior before claiming whole-file parity
source:Code/wwlib/hashtab.h,source,Code/wwlib/hashtab.h,Code/wwlib/hashtab.h,engine/filesystem,,,not_started,,parity,Source inventory only; split behavior before claiming whole-file parity
source:Code/wwlib/hashtemplate.h,source,Code/wwlib/hashtemplate.h,Code/wwlib/hashtemplate.h,engine/filesystem,,,not_started,,parity,Source inventory only; split behavior before claiming whole-file parity
source:Code/wwlib/hsv.cpp,source,Code/wwlib/hsv.cpp,Code/wwlib/hsv.cpp,engine/filesystem,,,not_started,,parity,Source inventory only; split behavior before claiming whole-file parity
source:Code/wwlib/hsv.h,source,Code/wwlib/hsv.h,Code/wwlib/hsv.h,engine/filesystem,,,not_started,,parity,Source inventory only; split behavior before claiming whole-file parity
source:Code/wwlib/iff.h,source,Code/wwlib/iff.h,Code/wwlib/iff.h,engine/filesystem,,,not_started,,parity,Source inventory only; split behavior before claiming whole-file parity
source:Code/wwlib/incdec.h,source,Code/wwlib/incdec.h,Code/wwlib/incdec.h,engine/filesystem,,,not_started,,parity,Source inventory only; split behavior before claiming whole-file parity
source:Code/wwlib/index.h,source,Code/wwlib/index.h,Code/wwlib/index.h,engine/filesystem,,,not_started,,parity,Source inventory only; split behavior before claiming whole-file parity
source:Code/wwlib/ini.cpp,source,Code/wwlib/ini.cpp,Code/wwlib/ini.cpp,engine/filesystem,,,not_started,,parity,Source inventory only; split behavior before claiming whole-file parity
source:Code/wwlib/ini.h,source,Code/wwlib/ini.h,Code/wwlib/ini.h,engine/filesystem,,,not_started,,parity,Source inventory only; split behavior before claiming whole-file parity
source:Code/wwlib/inisup.h,source,Code/wwlib/inisup.h,Code/wwlib/inisup.h,engine/filesystem,,,not_started,,parity,Source inventory only; split behavior before claiming whole-file parity
source:Code/wwlib/int.cpp,source,Code/wwlib/int.cpp,Code/wwlib/int.cpp,engine/filesystem,,,not_started,,parity,Source inventory only; split behavior before claiming whole-file parity
source:Code/wwlib/int.h,source,Code/wwlib/int.h,Code/wwlib/int.h,engine/filesystem,,,not_started,,parity,Source inventory only; split behavior before claiming whole-file parity
source:Code/wwlib/iostruct.h,source,Code/wwlib/iostruct.h,Code/wwlib/iostruct.h,engine/filesystem,,,not_started,,parity,Source inventory only; split behavior before claiming whole-file parity
source:Code/wwlib/jshell.cpp,source,Code/wwlib/jshell.cpp,Code/wwlib/jshell.cpp,engine/filesystem,,,not_started,,parity,Source inventory only; split behavior before claiming whole-file parity
source:Code/wwlib/keyboard.cpp,source,Code/wwlib/keyboard.cpp,Code/wwlib/keyboard.cpp,engine/filesystem,,,not_started,,parity,Source inventory only; split behavior before claiming whole-file parity
source:Code/wwlib/keyboard.h,source,Code/wwlib/keyboard.h,Code/wwlib/keyboard.h,engine/filesystem,,,not_started,,parity,Source inventory only; split behavior before claiming whole-file parity
source:Code/wwlib/lcw.cpp,source,Code/wwlib/lcw.cpp,Code/wwlib/lcw.cpp,engine/filesystem,,,not_started,,parity,Source inventory only; split behavior before claiming whole-file parity
source:Code/wwlib/lcw.h,source,Code/wwlib/lcw.h,Code/wwlib/lcw.h,engine/filesystem,,,not_started,,parity,Source inventory only; split behavior before claiming whole-file parity
source:Code/wwlib/lcwpipe.cpp,source,Code/wwlib/lcwpipe.cpp,Code/wwlib/lcwpipe.cpp,engine/filesystem,,,not_started,,parity,Source inventory only; split behavior before claiming whole-file parity
source:Code/wwlib/lcwpipe.h,source,Code/wwlib/lcwpipe.h,Code/wwlib/lcwpipe.h,engine/filesystem,,,not_started,,parity,Source inventory only; split behavior before claiming whole-file parity
source:Code/wwlib/listnode.h,source,Code/wwlib/listnode.h,Code/wwlib/listnode.h,engine/filesystem,,,not_started,,parity,Source inventory only; split behavior before claiming whole-file parity
source:Code/wwlib/load.cpp,source,Code/wwlib/load.cpp,Code/wwlib/load.cpp,engine/filesystem,,,not_started,,parity,Source inventory only; split behavior before claiming whole-file parity
source:Code/wwlib/lzo.cpp,source,Code/wwlib/lzo.cpp,Code/wwlib/lzo.cpp,engine/filesystem,,,not_started,,parity,Source inventory only; split behavior before claiming whole-file parity
source:Code/wwlib/lzo.h,source,Code/wwlib/lzo.h,Code/wwlib/lzo.h,engine/filesystem,,,not_started,,parity,Source inventory only; split behavior before claiming whole-file parity
source:Code/wwlib/lzo1x.h,source,Code/wwlib/lzo1x.h,Code/wwlib/lzo1x.h,engine/filesystem,,,not_started,,parity,Source inventory only; split behavior before claiming whole-file parity
source:Code/wwlib/lzo1x_c.cpp,source,Code/wwlib/lzo1x_c.cpp,Code/wwlib/lzo1x_c.cpp,engine/filesystem,,,not_started,,parity,Source inventory only; split behavior before claiming whole-file parity
source:Code/wwlib/lzo1x_d.cpp,source,Code/wwlib/lzo1x_d.cpp,Code/wwlib/lzo1x_d.cpp,engine/filesystem,,,not_started,,parity,Source inventory only; split behavior before claiming whole-file parity
source:Code/wwlib/lzo_conf.h,source,Code/wwlib/lzo_conf.h,Code/wwlib/lzo_conf.h,engine/filesystem,,,not_started,,parity,Source inventory only; split behavior before claiming whole-file parity
source:Code/wwlib/lzoconf.h,source,Code/wwlib/lzoconf.h,Code/wwlib/lzoconf.h,engine/filesystem,,,not_started,,parity,Source inventory only; split behavior before claiming whole-file parity
source:Code/wwlib/lzopipe.cpp,source,Code/wwlib/lzopipe.cpp,Code/wwlib/lzopipe.cpp,engine/filesystem,,,not_started,,parity,Source inventory only; split behavior before claiming whole-file parity
source:Code/wwlib/lzopipe.h,source,Code/wwlib/lzopipe.h,Code/wwlib/lzopipe.h,engine/filesystem,,,not_started,,parity,Source inventory only; split behavior before claiming whole-file parity
source:Code/wwlib/lzostraw.cpp,source,Code/wwlib/lzostraw.cpp,Code/wwlib/lzostraw.cpp,engine/filesystem,,,not_started,,parity,Source inventory only; split behavior before claiming whole-file parity
source:Code/wwlib/lzostraw.h,source,Code/wwlib/lzostraw.h,Code/wwlib/lzostraw.h,engine/filesystem,,,not_started,,parity,Source inventory only; split behavior before claiming whole-file parity
source:Code/wwlib/md5.cpp,source,Code/wwlib/md5.cpp,Code/wwlib/md5.cpp,engine/filesystem,,,not_started,,parity,Source inventory only; split behavior before claiming whole-file parity
source:Code/wwlib/md5.h,source,Code/wwlib/md5.h,Code/wwlib/md5.h,engine/filesystem,,,not_started,,parity,Source inventory only; split behavior before claiming whole-file parity
source:Code/wwlib/mempool.h,source,Code/wwlib/mempool.h,Code/wwlib/mempool.h,engine/filesystem,,,not_started,,parity,Source inventory only; split behavior before claiming whole-file parity
source:Code/wwlib/misc.h,source,Code/wwlib/misc.h,Code/wwlib/misc.h,engine/filesystem,,,not_started,,parity,Source inventory only; split behavior before claiming whole-file parity
source:Code/wwlib/mixfile.cpp,source,Code/wwlib/mixfile.cpp,Code/wwlib/mixfile.cpp,engine/filesystem,,,not_started,,parity,Source inventory only; split behavior before claiming whole-file parity
source:Code/wwlib/mixfile.h,source,Code/wwlib/mixfile.h,Code/wwlib/mixfile.h,engine/filesystem,,,not_started,,parity,Source inventory only; split behavior before claiming whole-file parity
source:Code/wwlib/mmsys.h,source,Code/wwlib/mmsys.h,Code/wwlib/mmsys.h,engine/filesystem,,,not_started,,parity,Source inventory only; split behavior before claiming whole-file parity
source:Code/wwlib/mono.cpp,source,Code/wwlib/mono.cpp,Code/wwlib/mono.cpp,engine/filesystem,,,not_started,,parity,Source inventory only; split behavior before claiming whole-file parity
source:Code/wwlib/mono.h,source,Code/wwlib/mono.h,Code/wwlib/mono.h,engine/filesystem,,,not_started,,parity,Source inventory only; split behavior before claiming whole-file parity
source:Code/wwlib/monodrvr.h,source,Code/wwlib/monodrvr.h,Code/wwlib/monodrvr.h,engine/filesystem,,,not_started,,parity,Source inventory only; split behavior before claiming whole-file parity
source:Code/wwlib/mpmath.cpp,source,Code/wwlib/mpmath.cpp,Code/wwlib/mpmath.cpp,engine/filesystem,,,not_started,,parity,Source inventory only; split behavior before claiming whole-file parity
source:Code/wwlib/mpmath.h,source,Code/wwlib/mpmath.h,Code/wwlib/mpmath.h,engine/filesystem,,,not_started,,parity,Source inventory only; split behavior before claiming whole-file parity
source:Code/wwlib/mpu.cpp,source,Code/wwlib/mpu.cpp,Code/wwlib/mpu.cpp,engine/filesystem,,,not_started,,parity,Source inventory only; split behavior before claiming whole-file parity
source:Code/wwlib/mpu.h,source,Code/wwlib/mpu.h,Code/wwlib/mpu.h,engine/filesystem,,,not_started,,parity,Source inventory only; split behavior before claiming whole-file parity
source:Code/wwlib/msgloop.cpp,source,Code/wwlib/msgloop.cpp,Code/wwlib/msgloop.cpp,engine/filesystem,,,not_started,,parity,Source inventory only; split behavior before claiming whole-file parity
source:Code/wwlib/msgloop.h,source,Code/wwlib/msgloop.h,Code/wwlib/msgloop.h,engine/filesystem,,,not_started,,parity,Source inventory only; split behavior before claiming whole-file parity
source:Code/wwlib/multilist.cpp,source,Code/wwlib/multilist.cpp,Code/wwlib/multilist.cpp,engine/filesystem,,,not_started,,parity,Source inventory only; split behavior before claiming whole-file parity
source:Code/wwlib/multilist.h,source,Code/wwlib/multilist.h,Code/wwlib/multilist.h,engine/filesystem,,,not_started,,parity,Source inventory only; split behavior before claiming whole-file parity
source:Code/wwlib/mutex.cpp,source,Code/wwlib/mutex.cpp,Code/wwlib/mutex.cpp,engine/filesystem,,,not_started,,parity,Source inventory only; split behavior before claiming whole-file parity
source:Code/wwlib/mutex.h,source,Code/wwlib/mutex.h,Code/wwlib/mutex.h,engine/filesystem,,,not_started,,parity,Source inventory only; split behavior before claiming whole-file parity
source:Code/wwlib/noinit.h,source,Code/wwlib/noinit.h,Code/wwlib/noinit.h,engine/filesystem,,,not_started,,parity,Source inventory only; split behavior before claiming whole-file parity
source:Code/wwlib/nstrdup.cpp,source,Code/wwlib/nstrdup.cpp,Code/wwlib/nstrdup.cpp,engine/filesystem,,,not_started,,parity,Source inventory only; split behavior before claiming whole-file parity
source:Code/wwlib/nstrdup.h,source,Code/wwlib/nstrdup.h,Code/wwlib/nstrdup.h,engine/filesystem,,,not_started,,parity,Source inventory only; split behavior before claiming whole-file parity
source:Code/wwlib/ntree.h,source,Code/wwlib/ntree.h,Code/wwlib/ntree.h,engine/filesystem,,,not_started,,parity,Source inventory only; split behavior before claiming whole-file parity
source:Code/wwlib/obscure.cpp,source,Code/wwlib/obscure.cpp,Code/wwlib/obscure.cpp,engine/filesystem,,,not_started,,parity,Source inventory only; split behavior before claiming whole-file parity
source:Code/wwlib/obscure.h,source,Code/wwlib/obscure.h,Code/wwlib/obscure.h,engine/filesystem,,,not_started,,parity,Source inventory only; split behavior before claiming whole-file parity
source:Code/wwlib/palette.cpp,source,Code/wwlib/palette.cpp,Code/wwlib/palette.cpp,engine/filesystem,,,not_started,,parity,Source inventory only; split behavior before claiming whole-file parity
source:Code/wwlib/palette.h,source,Code/wwlib/palette.h,Code/wwlib/palette.h,engine/filesystem,,,not_started,,parity,Source inventory only; split behavior before claiming whole-file parity
source:Code/wwlib/pcx.cpp,source,Code/wwlib/pcx.cpp,Code/wwlib/pcx.cpp,engine/filesystem,,,not_started,,parity,Source inventory only; split behavior before claiming whole-file parity
source:Code/wwlib/pcx.h,source,Code/wwlib/pcx.h,Code/wwlib/pcx.h,engine/filesystem,,,not_started,,parity,Source inventory only; split behavior before claiming whole-file parity
source:Code/wwlib/pipe.cpp,source,Code/wwlib/pipe.cpp,Code/wwlib/pipe.cpp,engine/filesystem,,,not_started,,parity,Source inventory only; split behavior before claiming whole-file parity
source:Code/wwlib/pipe.h,source,Code/wwlib/pipe.h,Code/wwlib/pipe.h,engine/filesystem,,,not_started,,parity,Source inventory only; split behavior before claiming whole-file parity
source:Code/wwlib/pk.cpp,source,Code/wwlib/pk.cpp,Code/wwlib/pk.cpp,engine/filesystem,,,not_started,,parity,Source inventory only; split behavior before claiming whole-file parity
source:Code/wwlib/pk.h,source,Code/wwlib/pk.h,Code/wwlib/pk.h,engine/filesystem,,,not_started,,parity,Source inventory only; split behavior before claiming whole-file parity
source:Code/wwlib/pkpipe.cpp,source,Code/wwlib/pkpipe.cpp,Code/wwlib/pkpipe.cpp,engine/filesystem,,,not_started,,parity,Source inventory only; split behavior before claiming whole-file parity
source:Code/wwlib/pkpipe.h,source,Code/wwlib/pkpipe.h,Code/wwlib/pkpipe.h,engine/filesystem,,,not_started,,parity,Source inventory only; split behavior before claiming whole-file parity
source:Code/wwlib/pkstraw.cpp,source,Code/wwlib/pkstraw.cpp,Code/wwlib/pkstraw.cpp,engine/filesystem,,,not_started,,parity,Source inventory only; split behavior before claiming whole-file parity
source:Code/wwlib/pkstraw.h,source,Code/wwlib/pkstraw.h,Code/wwlib/pkstraw.h,engine/filesystem,,,not_started,,parity,Source inventory only; split behavior before claiming whole-file parity
source:Code/wwlib/point.cpp,source,Code/wwlib/point.cpp,Code/wwlib/point.cpp,engine/filesystem,,,not_started,,parity,Source inventory only; split behavior before claiming whole-file parity
source:Code/wwlib/point.h,source,Code/wwlib/point.h,Code/wwlib/point.h,engine/filesystem,,,not_started,,parity,Source inventory only; split behavior before claiming whole-file parity
source:Code/wwlib/ramfile.cpp,source,Code/wwlib/ramfile.cpp,Code/wwlib/ramfile.cpp,engine/filesystem,,,not_started,,parity,Source inventory only; split behavior before claiming whole-file parity
source:Code/wwlib/ramfile.h,source,Code/wwlib/ramfile.h,Code/wwlib/ramfile.h,engine/filesystem,,,not_started,,parity,Source inventory only; split behavior before claiming whole-file parity
source:Code/wwlib/random.cpp,source,Code/wwlib/random.cpp,Code/wwlib/random.cpp,engine/filesystem,,,not_started,,parity,Source inventory only; split behavior before claiming whole-file parity
source:Code/wwlib/random.h,source,Code/wwlib/random.h,Code/wwlib/random.h,engine/filesystem,,,not_started,,parity,Source inventory only; split behavior before claiming whole-file parity
source:Code/wwlib/rawfile.cpp,source,Code/wwlib/rawfile.cpp,Code/wwlib/rawfile.cpp,engine/filesystem,,,not_started,,parity,Source inventory only; split behavior before claiming whole-file parity
source:Code/wwlib/rawfile.h,source,Code/wwlib/rawfile.h,Code/wwlib/rawfile.h,engine/filesystem,,,not_started,,parity,Source inventory only; split behavior before claiming whole-file parity
source:Code/wwlib/rc4.cpp,source,Code/wwlib/rc4.cpp,Code/wwlib/rc4.cpp,engine/filesystem,,,not_started,,parity,Source inventory only; split behavior before claiming whole-file parity
source:Code/wwlib/rc4.h,source,Code/wwlib/rc4.h,Code/wwlib/rc4.h,engine/filesystem,,,not_started,,parity,Source inventory only; split behavior before claiming whole-file parity
source:Code/wwlib/rcfile.cpp,source,Code/wwlib/rcfile.cpp,Code/wwlib/rcfile.cpp,engine/filesystem,,,not_started,,parity,Source inventory only; split behavior before claiming whole-file parity
source:Code/wwlib/rcfile.h,source,Code/wwlib/rcfile.h,Code/wwlib/rcfile.h,engine/filesystem,,,not_started,,parity,Source inventory only; split behavior before claiming whole-file parity
source:Code/wwlib/readline.cpp,source,Code/wwlib/readline.cpp,Code/wwlib/readline.cpp,engine/filesystem,,,not_started,,parity,Source inventory only; split behavior before claiming whole-file parity
source:Code/wwlib/readline.h,source,Code/wwlib/readline.h,Code/wwlib/readline.h,engine/filesystem,,,not_started,,parity,Source inventory only; split behavior before claiming whole-file parity
source:Code/wwlib/realcrc.cpp,source,Code/wwlib/realcrc.cpp,Code/wwlib/realcrc.cpp,engine/filesystem,,,not_started,,parity,Source inventory only; split behavior before claiming whole-file parity
source:Code/wwlib/realcrc.h,source,Code/wwlib/realcrc.h,Code/wwlib/realcrc.h,engine/filesystem,,,not_started,,parity,Source inventory only; split behavior before claiming whole-file parity
source:Code/wwlib/ref_ptr.h,source,Code/wwlib/ref_ptr.h,Code/wwlib/ref_ptr.h,engine/filesystem,,,not_started,,parity,Source inventory only; split behavior before claiming whole-file parity
source:Code/wwlib/refcount.cpp,source,Code/wwlib/refcount.cpp,Code/wwlib/refcount.cpp,engine/filesystem,,,not_started,,parity,Source inventory only; split behavior before claiming whole-file parity
source:Code/wwlib/refcount.h,source,Code/wwlib/refcount.h,Code/wwlib/refcount.h,engine/filesystem,,,not_started,,parity,Source inventory only; split behavior before claiming whole-file parity
source:Code/wwlib/regexpr.cpp,source,Code/wwlib/regexpr.cpp,Code/wwlib/regexpr.cpp,engine/filesystem,,,not_started,,parity,Source inventory only; split behavior before claiming whole-file parity
source:Code/wwlib/regexpr.h,source,Code/wwlib/regexpr.h,Code/wwlib/regexpr.h,engine/filesystem,,,not_started,,parity,Source inventory only; split behavior before claiming whole-file parity
source:Code/wwlib/registry.cpp,source,Code/wwlib/registry.cpp,Code/wwlib/registry.cpp,engine/filesystem,,,not_started,,parity,Source inventory only; split behavior before claiming whole-file parity
source:Code/wwlib/registry.h,source,Code/wwlib/registry.h,Code/wwlib/registry.h,engine/filesystem,,,not_started,,parity,Source inventory only; split behavior before claiming whole-file parity
source:Code/wwlib/rgb.cpp,source,Code/wwlib/rgb.cpp,Code/wwlib/rgb.cpp,engine/filesystem,,,not_started,,parity,Source inventory only; split behavior before claiming whole-file parity
source:Code/wwlib/rgb.h,source,Code/wwlib/rgb.h,Code/wwlib/rgb.h,engine/filesystem,,,not_started,,parity,Source inventory only; split behavior before claiming whole-file parity
source:Code/wwlib/rle.cpp,source,Code/wwlib/rle.cpp,Code/wwlib/rle.cpp,engine/filesystem,,,not_started,,parity,Source inventory only; split behavior before claiming whole-file parity
source:Code/wwlib/rle.h,source,Code/wwlib/rle.h,Code/wwlib/rle.h,engine/filesystem,,,not_started,,parity,Source inventory only; split behavior before claiming whole-file parity
source:Code/wwlib/rlerle.h,source,Code/wwlib/rlerle.h,Code/wwlib/rlerle.h,engine/filesystem,,,not_started,,parity,Source inventory only; split behavior before claiming whole-file parity
source:Code/wwlib/rndstraw.cpp,source,Code/wwlib/rndstraw.cpp,Code/wwlib/rndstraw.cpp,engine/filesystem,,,not_started,,parity,Source inventory only; split behavior before claiming whole-file parity
source:Code/wwlib/rndstraw.h,source,Code/wwlib/rndstraw.h,Code/wwlib/rndstraw.h,engine/filesystem,,,not_started,,parity,Source inventory only; split behavior before claiming whole-file parity
source:Code/wwlib/rndstrng.cpp,source,Code/wwlib/rndstrng.cpp,Code/wwlib/rndstrng.cpp,engine/filesystem,,,not_started,,parity,Source inventory only; split behavior before claiming whole-file parity
source:Code/wwlib/rndstrng.h,source,Code/wwlib/rndstrng.h,Code/wwlib/rndstrng.h,engine/filesystem,,,not_started,,parity,Source inventory only; split behavior before claiming whole-file parity
source:Code/wwlib/rng.h,source,Code/wwlib/rng.h,Code/wwlib/rng.h,engine/filesystem,,,not_started,,parity,Source inventory only; split behavior before claiming whole-file parity
source:Code/wwlib/rsacrypt.h,source,Code/wwlib/rsacrypt.h,Code/wwlib/rsacrypt.h,engine/filesystem,,,not_started,,parity,Source inventory only; split behavior before claiming whole-file parity
source:Code/wwlib/sampler.cpp,source,Code/wwlib/sampler.cpp,Code/wwlib/sampler.cpp,engine/filesystem,,,not_started,,parity,Source inventory only; split behavior before claiming whole-file parity
source:Code/wwlib/sampler.h,source,Code/wwlib/sampler.h,Code/wwlib/sampler.h,engine/filesystem,,,not_started,,parity,Source inventory only; split behavior before claiming whole-file parity
source:Code/wwlib/search.h,source,Code/wwlib/search.h,Code/wwlib/search.h,engine/filesystem,,,not_started,,parity,Source inventory only; split behavior before claiming whole-file parity
source:Code/wwlib/sha.cpp,source,Code/wwlib/sha.cpp,Code/wwlib/sha.cpp,engine/filesystem,,,not_started,,parity,Source inventory only; split behavior before claiming whole-file parity
source:Code/wwlib/sha.h,source,Code/wwlib/sha.h,Code/wwlib/sha.h,engine/filesystem,,,not_started,,parity,Source inventory only; split behavior before claiming whole-file parity
source:Code/wwlib/shapeset.h,source,Code/wwlib/shapeset.h,Code/wwlib/shapeset.h,engine/filesystem,,,not_started,,parity,Source inventory only; split behavior before claiming whole-file parity
source:Code/wwlib/shapipe.cpp,source,Code/wwlib/shapipe.cpp,Code/wwlib/shapipe.cpp,engine/filesystem,,,not_started,,parity,Source inventory only; split behavior before claiming whole-file parity
source:Code/wwlib/shapipe.h,source,Code/wwlib/shapipe.h,Code/wwlib/shapipe.h,engine/filesystem,,,not_started,,parity,Source inventory only; split behavior before claiming whole-file parity
source:Code/wwlib/sharebuf.h,source,Code/wwlib/sharebuf.h,Code/wwlib/sharebuf.h,engine/filesystem,,,not_started,,parity,Source inventory only; split behavior before claiming whole-file parity
source:Code/wwlib/shastraw.cpp,source,Code/wwlib/shastraw.cpp,Code/wwlib/shastraw.cpp,engine/filesystem,,,not_started,,parity,Source inventory only; split behavior before claiming whole-file parity
source:Code/wwlib/shastraw.h,source,Code/wwlib/shastraw.h,Code/wwlib/shastraw.h,engine/filesystem,,,not_started,,parity,Source inventory only; split behavior before claiming whole-file parity
source:Code/wwlib/simplevec.h,source,Code/wwlib/simplevec.h,Code/wwlib/simplevec.h,engine/filesystem,,,not_started,,parity,Source inventory only; split behavior before claiming whole-file parity
source:Code/wwlib/slist.h,source,Code/wwlib/slist.h,Code/wwlib/slist.h,engine/filesystem,,,not_started,,parity,Source inventory only; split behavior before claiming whole-file parity
source:Code/wwlib/slnode.cpp,source,Code/wwlib/slnode.cpp,Code/wwlib/slnode.cpp,engine/filesystem,,,not_started,,parity,Source inventory only; split behavior before claiming whole-file parity
source:Code/wwlib/slnode.h,source,Code/wwlib/slnode.h,Code/wwlib/slnode.h,engine/filesystem,,,not_started,,parity,Source inventory only; split behavior before claiming whole-file parity
source:Code/wwlib/smartptr.h,source,Code/wwlib/smartptr.h,Code/wwlib/smartptr.h,engine/filesystem,,,not_started,,parity,Source inventory only; split behavior before claiming whole-file parity
source:Code/wwlib/srandom.cpp,source,Code/wwlib/srandom.cpp,Code/wwlib/srandom.cpp,engine/filesystem,,,not_started,,parity,Source inventory only; split behavior before claiming whole-file parity
source:Code/wwlib/srandom.h,source,Code/wwlib/srandom.h,Code/wwlib/srandom.h,engine/filesystem,,,not_started,,parity,Source inventory only; split behavior before claiming whole-file parity
source:Code/wwlib/stimer.cpp,source,Code/wwlib/stimer.cpp,Code/wwlib/stimer.cpp,engine/filesystem,,,not_started,,parity,Source inventory only; split behavior before claiming whole-file parity
source:Code/wwlib/stimer.h,source,Code/wwlib/stimer.h,Code/wwlib/stimer.h,engine/filesystem,,,not_started,,parity,Source inventory only; split behavior before claiming whole-file parity
source:Code/wwlib/stl.h,source,Code/wwlib/stl.h,Code/wwlib/stl.h,engine/filesystem,,,not_started,,parity,Source inventory only; split behavior before claiming whole-file parity
source:Code/wwlib/straw.cpp,source,Code/wwlib/straw.cpp,Code/wwlib/straw.cpp,engine/filesystem,,,not_started,,parity,Source inventory only; split behavior before claiming whole-file parity
source:Code/wwlib/straw.h,source,Code/wwlib/straw.h,Code/wwlib/straw.h,engine/filesystem,,,not_started,,parity,Source inventory only; split behavior before claiming whole-file parity
source:Code/wwlib/strtok_r.cpp,source,Code/wwlib/strtok_r.cpp,Code/wwlib/strtok_r.cpp,engine/filesystem,,,not_started,,parity,Source inventory only; split behavior before claiming whole-file parity
source:Code/wwlib/strtok_r.h,source,Code/wwlib/strtok_r.h,Code/wwlib/strtok_r.h,engine/filesystem,,,not_started,,parity,Source inventory only; split behavior before claiming whole-file parity
source:Code/wwlib/surface.cpp,source,Code/wwlib/surface.cpp,Code/wwlib/surface.cpp,engine/filesystem,,,not_started,,parity,Source inventory only; split behavior before claiming whole-file parity
source:Code/wwlib/surface.h,source,Code/wwlib/surface.h,Code/wwlib/surface.h,engine/filesystem,,,not_started,,parity,Source inventory only; split behavior before claiming whole-file parity
source:Code/wwlib/surfrect.h,source,Code/wwlib/surfrect.h,Code/wwlib/surfrect.h,engine/filesystem,,,not_started,,parity,Source inventory only; split behavior before claiming whole-file parity
source:Code/wwlib/swap.h,source,Code/wwlib/swap.h,Code/wwlib/swap.h,engine/filesystem,,,not_started,,parity,Source inventory only; split behavior before claiming whole-file parity
source:Code/wwlib/systimer.cpp,source,Code/wwlib/systimer.cpp,Code/wwlib/systimer.cpp,engine/filesystem,,,not_started,,parity,Source inventory only; split behavior before claiming whole-file parity
source:Code/wwlib/systimer.h,source,Code/wwlib/systimer.h,Code/wwlib/systimer.h,engine/filesystem,,,not_started,,parity,Source inventory only; split behavior before claiming whole-file parity
source:Code/wwlib/tagblock.cpp,source,Code/wwlib/tagblock.cpp,Code/wwlib/tagblock.cpp,engine/filesystem,,,not_started,,parity,Source inventory only; split behavior before claiming whole-file parity
source:Code/wwlib/tagblock.h,source,Code/wwlib/tagblock.h,Code/wwlib/tagblock.h,engine/filesystem,,,not_started,,parity,Source inventory only; split behavior before claiming whole-file parity
source:Code/wwlib/textfile.cpp,source,Code/wwlib/textfile.cpp,Code/wwlib/textfile.cpp,engine/filesystem,,,not_started,,parity,Source inventory only; split behavior before claiming whole-file parity
source:Code/wwlib/textfile.h,source,Code/wwlib/textfile.h,Code/wwlib/textfile.h,engine/filesystem,,,not_started,,parity,Source inventory only; split behavior before claiming whole-file parity
source:Code/wwlib/thread.cpp,source,Code/wwlib/thread.cpp,Code/wwlib/thread.cpp,engine/filesystem,,,not_started,,parity,Source inventory only; split behavior before claiming whole-file parity
source:Code/wwlib/thread.h,source,Code/wwlib/thread.h,Code/wwlib/thread.h,engine/filesystem,,,not_started,,parity,Source inventory only; split behavior before claiming whole-file parity
source:Code/wwlib/timer.h,source,Code/wwlib/timer.h,Code/wwlib/timer.h,engine/filesystem,,,not_started,,parity,Source inventory only; split behavior before claiming whole-file parity
source:Code/wwlib/trackwin.h,source,Code/wwlib/trackwin.h,Code/wwlib/trackwin.h,engine/filesystem,,,not_started,,parity,Source inventory only; split behavior before claiming whole-file parity
source:Code/wwlib/trackxy.h,source,Code/wwlib/trackxy.h,Code/wwlib/trackxy.h,engine/filesystem,,,not_started,,parity,Source inventory only; split behavior before claiming whole-file parity
source:Code/wwlib/trect.h,source,Code/wwlib/trect.h,Code/wwlib/trect.h,engine/filesystem,,,not_started,,parity,Source inventory only; split behavior before claiming whole-file parity
source:Code/wwlib/trim.cpp,source,Code/wwlib/trim.cpp,Code/wwlib/trim.cpp,engine/filesystem,,,not_started,,parity,Source inventory only; split behavior before claiming whole-file parity
source:Code/wwlib/trim.h,source,Code/wwlib/trim.h,Code/wwlib/trim.h,engine/filesystem,,,not_started,,parity,Source inventory only; split behavior before claiming whole-file parity
source:Code/wwlib/uarray.h,source,Code/wwlib/uarray.h,Code/wwlib/uarray.h,engine/filesystem,,,not_started,,parity,Source inventory only; split behavior before claiming whole-file parity
source:Code/wwlib/vector.cpp,source,Code/wwlib/vector.cpp,Code/wwlib/vector.cpp,engine/filesystem,,,not_started,,parity,Source inventory only; split behavior before claiming whole-file parity
source:Code/wwlib/vector.h,source,Code/wwlib/vector.h,Code/wwlib/vector.h,engine/filesystem,,,not_started,,parity,Source inventory only; split behavior before claiming whole-file parity
source:Code/wwlib/verchk.cpp,source,Code/wwlib/verchk.cpp,Code/wwlib/verchk.cpp,engine/filesystem,,,not_started,,parity,Source inventory only; split behavior before claiming whole-file parity
source:Code/wwlib/verchk.h,source,Code/wwlib/verchk.h,Code/wwlib/verchk.h,engine/filesystem,,,not_started,,parity,Source inventory only; split behavior before claiming whole-file parity
source:Code/wwlib/visualc.h,source,Code/wwlib/visualc.h,Code/wwlib/visualc.h,engine/filesystem,,,not_started,,parity,Source inventory only; split behavior before claiming whole-file parity
source:Code/wwlib/watcom.h,source,Code/wwlib/watcom.h,Code/wwlib/watcom.h,engine/filesystem,,,not_started,,parity,Source inventory only; split behavior before claiming whole-file parity
source:Code/wwlib/widestring.cpp,source,Code/wwlib/widestring.cpp,Code/wwlib/widestring.cpp,engine/filesystem,,,not_started,,parity,Source inventory only; split behavior before claiming whole-file parity
source:Code/wwlib/widestring.h,source,Code/wwlib/widestring.h,Code/wwlib/widestring.h,engine/filesystem,,,not_started,,parity,Source inventory only; split behavior before claiming whole-file parity
source:Code/wwlib/win.cpp,source,Code/wwlib/win.cpp,Code/wwlib/win.cpp,engine/filesystem,,,not_started,,parity,Source inventory only; split behavior before claiming whole-file parity
source:Code/wwlib/win.h,source,Code/wwlib/win.h,Code/wwlib/win.h,engine/filesystem,,,not_started,,parity,Source inventory only; split behavior before claiming whole-file parity
source:Code/wwlib/wwfile.cpp,source,Code/wwlib/wwfile.cpp,Code/wwlib/wwfile.cpp,engine/filesystem,,,not_started,,parity,Source inventory only; split behavior before claiming whole-file parity
source:Code/wwlib/wwfile.h,source,Code/wwlib/wwfile.h,Code/wwlib/wwfile.h,engine/filesystem,,,not_started,,parity,Source inventory only; split behavior before claiming whole-file parity
source:Code/wwlib/wwfont.cpp,source,Code/wwlib/wwfont.cpp,Code/wwlib/wwfont.cpp,engine/filesystem,,,not_started,,parity,Source inventory only; split behavior before claiming whole-file parity
source:Code/wwlib/wwfont.h,source,Code/wwlib/wwfont.h,Code/wwlib/wwfont.h,engine/filesystem,,,not_started,,parity,Source inventory only; split behavior before claiming whole-file parity
source:Code/wwlib/wwlib.dsp,source,Code/wwlib/wwlib.dsp,Code/wwlib/wwlib.dsp,engine/filesystem,,,not_started,,parity,Source inventory only; split behavior before claiming whole-file parity
source:Code/wwlib/wwmouse.cpp,source,Code/wwlib/wwmouse.cpp,Code/wwlib/wwmouse.cpp,engine/filesystem,,,not_started,,parity,Source inventory only; split behavior before claiming whole-file parity
source:Code/wwlib/wwmouse.h,source,Code/wwlib/wwmouse.h,Code/wwlib/wwmouse.h,engine/filesystem,,,not_started,,parity,Source inventory only; split behavior before claiming whole-file parity
source:Code/wwlib/wwstring.cpp,source,Code/wwlib/wwstring.cpp,Code/wwlib/wwstring.cpp,engine/filesystem,,,not_started,,parity,Source inventory only; split behavior before claiming whole-file parity
source:Code/wwlib/wwstring.h,source,Code/wwlib/wwstring.h,Code/wwlib/wwstring.h,engine/filesystem,,,not_started,,parity,Source inventory only; split behavior before claiming whole-file parity
source:Code/wwlib/xmouse.h,source,Code/wwlib/xmouse.h,Code/wwlib/xmouse.h,engine/filesystem,,,not_started,,parity,Source inventory only; split behavior before claiming whole-file parity
source:Code/wwlib/xpipe.cpp,source,Code/wwlib/xpipe.cpp,Code/wwlib/xpipe.cpp,engine/filesystem,,,not_started,,parity,Source inventory only; split behavior before claiming whole-file parity
source:Code/wwlib/xpipe.h,source,Code/wwlib/xpipe.h,Code/wwlib/xpipe.h,engine/filesystem,,,not_started,,parity,Source inventory only; split behavior before claiming whole-file parity
source:Code/wwlib/xstraw.cpp,source,Code/wwlib/xstraw.cpp,Code/wwlib/xstraw.cpp,engine/filesystem,,,not_started,,parity,Source inventory only; split behavior before claiming whole-file parity
source:Code/wwlib/xstraw.h,source,Code/wwlib/xstraw.h,Code/wwlib/xstraw.h,engine/filesystem,,,not_started,,parity,Source inventory only; split behavior before claiming whole-file parity
source:Code/wwlib/xsurface.cpp,source,Code/wwlib/xsurface.cpp,Code/wwlib/xsurface.cpp,engine/filesystem,,,not_started,,parity,Source inventory only; split behavior before claiming whole-file parity
source:Code/wwlib/xsurface.h,source,Code/wwlib/xsurface.h,Code/wwlib/xsurface.h,engine/filesystem,,,not_started,,parity,Source inventory only; split behavior before claiming whole-file parity
source:Code/wwnet/BWBalance.cpp,source,Code/wwnet/BWBalance.cpp,Code/wwnet/BWBalance.cpp,engine/net,,,not_started,,parity,Source inventory only; split behavior before claiming whole-file parity
source:Code/wwnet/BWBalance.h,source,Code/wwnet/BWBalance.h,Code/wwnet/BWBalance.h,engine/net,,,not_started,,parity,Source inventory only; split behavior before claiming whole-file parity
source:Code/wwnet/connect.cpp,source,Code/wwnet/connect.cpp,Code/wwnet/connect.cpp,engine/net,,,not_started,,parity,Source inventory only; split behavior before claiming whole-file parity
source:Code/wwnet/connect.h,source,Code/wwnet/connect.h,Code/wwnet/connect.h,engine/net,,,not_started,,parity,Source inventory only; split behavior before claiming whole-file parity
source:Code/wwnet/fromaddress.h,source,Code/wwnet/fromaddress.h,Code/wwnet/fromaddress.h,engine/net,,,not_started,,parity,Source inventory only; split behavior before claiming whole-file parity
source:Code/wwnet/lan.cpp,source,Code/wwnet/lan.cpp,Code/wwnet/lan.cpp,engine/net,,,not_started,,parity,Source inventory only; split behavior before claiming whole-file parity
source:Code/wwnet/msgstat.cpp,source,Code/wwnet/msgstat.cpp,Code/wwnet/msgstat.cpp,engine/net,,,not_started,,parity,Source inventory only; split behavior before claiming whole-file parity
source:Code/wwnet/msgstat.h,source,Code/wwnet/msgstat.h,Code/wwnet/msgstat.h,engine/net,,,not_started,,parity,Source inventory only; split behavior before claiming whole-file parity
source:Code/wwnet/msgstatlist.cpp,source,Code/wwnet/msgstatlist.cpp,Code/wwnet/msgstatlist.cpp,engine/net,,,not_started,,parity,Source inventory only; split behavior before claiming whole-file parity
source:Code/wwnet/msgstatlist.h,source,Code/wwnet/msgstatlist.h,Code/wwnet/msgstatlist.h,engine/net,,,not_started,,parity,Source inventory only; split behavior before claiming whole-file parity
source:Code/wwnet/msgstatlistgroup.cpp,source,Code/wwnet/msgstatlistgroup.cpp,Code/wwnet/msgstatlistgroup.cpp,engine/net,,,not_started,,parity,Source inventory only; split behavior before claiming whole-file parity
source:Code/wwnet/msgstatlistgroup.h,source,Code/wwnet/msgstatlistgroup.h,Code/wwnet/msgstatlistgroup.h,engine/net,,,not_started,,parity,Source inventory only; split behavior before claiming whole-file parity
source:Code/wwnet/netstats.cpp,source,Code/wwnet/netstats.cpp,Code/wwnet/netstats.cpp,engine/net,,,not_started,,parity,Source inventory only; split behavior before claiming whole-file parity
source:Code/wwnet/netstats.h,source,Code/wwnet/netstats.h,Code/wwnet/netstats.h,engine/net,,,not_started,,parity,Source inventory only; split behavior before claiming whole-file parity
source:Code/wwnet/netutil.cpp,source,Code/wwnet/netutil.cpp,Code/wwnet/netutil.cpp,engine/net,,,not_started,,parity,Source inventory only; split behavior before claiming whole-file parity
source:Code/wwnet/netutil.h,source,Code/wwnet/netutil.h,Code/wwnet/netutil.h,engine/net,,,not_started,,parity,Source inventory only; split behavior before claiming whole-file parity
source:Code/wwnet/networkobject.cpp,source,Code/wwnet/networkobject.cpp,Code/wwnet/networkobject.cpp,engine/net,,,not_started,,parity,Source inventory only; split behavior before claiming whole-file parity
source:Code/wwnet/networkobject.h,source,Code/wwnet/networkobject.h,Code/wwnet/networkobject.h,engine/net,,,not_started,,parity,Source inventory only; split behavior before claiming whole-file parity
source:Code/wwnet/networkobjectfactory.cpp,source,Code/wwnet/networkobjectfactory.cpp,Code/wwnet/networkobjectfactory.cpp,engine/net,,,not_started,,parity,Source inventory only; split behavior before claiming whole-file parity
source:Code/wwnet/networkobjectfactory.h,source,Code/wwnet/networkobjectfactory.h,Code/wwnet/networkobjectfactory.h,engine/net,,,not_started,,parity,Source inventory only; split behavior before claiming whole-file parity
source:Code/wwnet/networkobjectfactorymgr.cpp,source,Code/wwnet/networkobjectfactorymgr.cpp,Code/wwnet/networkobjectfactorymgr.cpp,engine/net,,,not_started,,parity,Source inventory only; split behavior before claiming whole-file parity
source:Code/wwnet/networkobjectfactorymgr.h,source,Code/wwnet/networkobjectfactorymgr.h,Code/wwnet/networkobjectfactorymgr.h,engine/net,,,not_started,,parity,Source inventory only; split behavior before claiming whole-file parity
source:Code/wwnet/networkobjectmgr.cpp,source,Code/wwnet/networkobjectmgr.cpp,Code/wwnet/networkobjectmgr.cpp,engine/net,,,not_started,,parity,Source inventory only; split behavior before claiming whole-file parity
source:Code/wwnet/networkobjectmgr.h,source,Code/wwnet/networkobjectmgr.h,Code/wwnet/networkobjectmgr.h,engine/net,,,not_started,,parity,Source inventory only; split behavior before claiming whole-file parity
source:Code/wwnet/packetmgr.cpp,source,Code/wwnet/packetmgr.cpp,Code/wwnet/packetmgr.cpp,engine/net,,,not_started,,parity,Source inventory only; split behavior before claiming whole-file parity
source:Code/wwnet/packetmgr.h,source,Code/wwnet/packetmgr.h,Code/wwnet/packetmgr.h,engine/net,,,not_started,,parity,Source inventory only; split behavior before claiming whole-file parity
source:Code/wwnet/packettype.h,source,Code/wwnet/packettype.h,Code/wwnet/packettype.h,engine/net,,,not_started,,parity,Source inventory only; split behavior before claiming whole-file parity
source:Code/wwnet/rhost.cpp,source,Code/wwnet/rhost.cpp,Code/wwnet/rhost.cpp,engine/net,,,not_started,,parity,Source inventory only; split behavior before claiming whole-file parity
source:Code/wwnet/rhost.h,source,Code/wwnet/rhost.h,Code/wwnet/rhost.h,engine/net,,,not_started,,parity,Source inventory only; split behavior before claiming whole-file parity
source:Code/wwnet/singlepl.cpp,source,Code/wwnet/singlepl.cpp,Code/wwnet/singlepl.cpp,engine/net,,,not_started,,parity,Source inventory only; split behavior before claiming whole-file parity
source:Code/wwnet/singlepl.h,source,Code/wwnet/singlepl.h,Code/wwnet/singlepl.h,engine/net,,,not_started,,parity,Source inventory only; split behavior before claiming whole-file parity
source:Code/wwnet/wwnet.dsp,source,Code/wwnet/wwnet.dsp,Code/wwnet/wwnet.dsp,engine/net,,,not_started,,parity,Source inventory only; split behavior before claiming whole-file parity
source:Code/wwnet/wwpacket.cpp,source,Code/wwnet/wwpacket.cpp,Code/wwnet/wwpacket.cpp,engine/net,,,not_started,,parity,Source inventory only; split behavior before claiming whole-file parity
source:Code/wwnet/wwpacket.h,source,Code/wwnet/wwpacket.h,Code/wwnet/wwpacket.h,engine/net,,,not_started,,parity,Source inventory only; split behavior before claiming whole-file parity
source:Code/wwphys/Path.cpp,source,Code/wwphys/Path.cpp,Code/wwphys/Path.cpp,engine/gameplay/common/physics,,,not_started,,parity,Source inventory only; split behavior before claiming whole-file parity
source:Code/wwphys/Path.h,source,Code/wwphys/Path.h,Code/wwphys/Path.h,engine/gameplay/common/physics,,,not_started,,parity,Source inventory only; split behavior before claiming whole-file parity
source:Code/wwphys/PathDebugPlotter.cpp,source,Code/wwphys/PathDebugPlotter.cpp,Code/wwphys/PathDebugPlotter.cpp,engine/gameplay/common/physics,,,not_started,,parity,Source inventory only; split behavior before claiming whole-file parity
source:Code/wwphys/PathDebugPlotter.h,source,Code/wwphys/PathDebugPlotter.h,Code/wwphys/PathDebugPlotter.h,engine/gameplay/common/physics,,,not_started,,parity,Source inventory only; split behavior before claiming whole-file parity
source:Code/wwphys/PathNode.h,source,Code/wwphys/PathNode.h,Code/wwphys/PathNode.h,engine/gameplay/common/physics,,,not_started,,parity,Source inventory only; split behavior before claiming whole-file parity
source:Code/wwphys/PathObject.cpp,source,Code/wwphys/PathObject.cpp,Code/wwphys/PathObject.cpp,engine/gameplay/common/physics,,,not_started,,parity,Source inventory only; split behavior before claiming whole-file parity
source:Code/wwphys/PathObject.h,source,Code/wwphys/PathObject.h,Code/wwphys/PathObject.h,engine/gameplay/common/physics,,,not_started,,parity,Source inventory only; split behavior before claiming whole-file parity
source:Code/wwphys/Pathfind.cpp,source,Code/wwphys/Pathfind.cpp,Code/wwphys/Pathfind.cpp,engine/gameplay/common/physics,,,not_started,,parity,Source inventory only; split behavior before claiming whole-file parity
source:Code/wwphys/Pathfind.h,source,Code/wwphys/Pathfind.h,Code/wwphys/Pathfind.h,engine/gameplay/common/physics,,,not_started,,parity,Source inventory only; split behavior before claiming whole-file parity
source:Code/wwphys/PathfindPortal.cpp,source,Code/wwphys/PathfindPortal.cpp,Code/wwphys/PathfindPortal.cpp,engine/gameplay/common/physics,,,not_started,,parity,Source inventory only; split behavior before claiming whole-file parity
source:Code/wwphys/PathfindPortal.h,source,Code/wwphys/PathfindPortal.h,Code/wwphys/PathfindPortal.h,engine/gameplay/common/physics,,,not_started,,parity,Source inventory only; split behavior before claiming whole-file parity
source:Code/wwphys/PathfindSector.cpp,source,Code/wwphys/PathfindSector.cpp,Code/wwphys/PathfindSector.cpp,engine/gameplay/common/physics,,,not_started,,parity,Source inventory only; split behavior before claiming whole-file parity
source:Code/wwphys/PathfindSector.h,source,Code/wwphys/PathfindSector.h,Code/wwphys/PathfindSector.h,engine/gameplay/common/physics,,,not_started,,parity,Source inventory only; split behavior before claiming whole-file parity
source:Code/wwphys/PathfindSectorBuilder.cpp,source,Code/wwphys/PathfindSectorBuilder.cpp,Code/wwphys/PathfindSectorBuilder.cpp,engine/gameplay/common/physics,,,not_started,,parity,Source inventory only; split behavior before claiming whole-file parity
source:Code/wwphys/PathfindSectorBuilder.h,source,Code/wwphys/PathfindSectorBuilder.h,Code/wwphys/PathfindSectorBuilder.h,engine/gameplay/common/physics,,,not_started,,parity,Source inventory only; split behavior before claiming whole-file parity
source:Code/wwphys/accessiblephys.cpp,source,Code/wwphys/accessiblephys.cpp,Code/wwphys/accessiblephys.cpp,engine/gameplay/common/physics,,,not_started,,parity,Source inventory only; split behavior before claiming whole-file parity
source:Code/wwphys/accessiblephys.h,source,Code/wwphys/accessiblephys.h,Code/wwphys/accessiblephys.h,engine/gameplay/common/physics,,,not_started,,parity,Source inventory only; split behavior before claiming whole-file parity
source:Code/wwphys/animcollisionmanager.cpp,source,Code/wwphys/animcollisionmanager.cpp,Code/wwphys/animcollisionmanager.cpp,engine/gameplay/common/physics,,,not_started,,parity,Source inventory only; split behavior before claiming whole-file parity
source:Code/wwphys/animcollisionmanager.h,source,Code/wwphys/animcollisionmanager.h,Code/wwphys/animcollisionmanager.h,engine/gameplay/common/physics,,,not_started,,parity,Source inventory only; split behavior before claiming whole-file parity
source:Code/wwphys/bin_aabox.cpp,source,Code/wwphys/bin_aabox.cpp,Code/wwphys/bin_aabox.cpp,engine/gameplay/common/physics,,,not_started,,parity,Source inventory only; split behavior before claiming whole-file parity
source:Code/wwphys/bin_aabox.h,source,Code/wwphys/bin_aabox.h,Code/wwphys/bin_aabox.h,engine/gameplay/common/physics,,,not_started,,parity,Source inventory only; split behavior before claiming whole-file parity
source:Code/wwphys/bin_axes.cpp,source,Code/wwphys/bin_axes.cpp,Code/wwphys/bin_axes.cpp,engine/gameplay/common/physics,,,not_started,,parity,Source inventory only; split behavior before claiming whole-file parity
source:Code/wwphys/bin_axes.h,source,Code/wwphys/bin_axes.h,Code/wwphys/bin_axes.h,engine/gameplay/common/physics,,,not_started,,parity,Source inventory only; split behavior before claiming whole-file parity
source:Code/wwphys/bin_obbox.cpp,source,Code/wwphys/bin_obbox.cpp,Code/wwphys/bin_obbox.cpp,engine/gameplay/common/physics,,,not_started,,parity,Source inventory only; split behavior before claiming whole-file parity
source:Code/wwphys/bin_obbox.h,source,Code/wwphys/bin_obbox.h,Code/wwphys/bin_obbox.h,engine/gameplay/common/physics,,,not_started,,parity,Source inventory only; split behavior before claiming whole-file parity
source:Code/wwphys/bin_point.cpp,source,Code/wwphys/bin_point.cpp,Code/wwphys/bin_point.cpp,engine/gameplay/common/physics,,,not_started,,parity,Source inventory only; split behavior before claiming whole-file parity
source:Code/wwphys/bin_point.h,source,Code/wwphys/bin_point.h,Code/wwphys/bin_point.h,engine/gameplay/common/physics,,,not_started,,parity,Source inventory only; split behavior before claiming whole-file parity
source:Code/wwphys/bin_vector.cpp,source,Code/wwphys/bin_vector.cpp,Code/wwphys/bin_vector.cpp,engine/gameplay/common/physics,,,not_started,,parity,Source inventory only; split behavior before claiming whole-file parity
source:Code/wwphys/bin_vector.h,source,Code/wwphys/bin_vector.h,Code/wwphys/bin_vector.h,engine/gameplay/common/physics,,,not_started,,parity,Source inventory only; split behavior before claiming whole-file parity
source:Code/wwphys/bpt.cpp,source,Code/wwphys/bpt.cpp,Code/wwphys/bpt.cpp,engine/gameplay/common/physics,,,not_started,,parity,Source inventory only; split behavior before claiming whole-file parity
source:Code/wwphys/bpt.h,source,Code/wwphys/bpt.h,Code/wwphys/bpt.h,engine/gameplay/common/physics,,,not_started,,parity,Source inventory only; split behavior before claiming whole-file parity
source:Code/wwphys/camerashakesystem.cpp,source,Code/wwphys/camerashakesystem.cpp,Code/wwphys/camerashakesystem.cpp,engine/gameplay/common/physics,,,not_started,,parity,Source inventory only; split behavior before claiming whole-file parity
source:Code/wwphys/camerashakesystem.h,source,Code/wwphys/camerashakesystem.h,Code/wwphys/camerashakesystem.h,engine/gameplay/common/physics,,,not_started,,parity,Source inventory only; split behavior before claiming whole-file parity
source:Code/wwphys/cloud.h,source,Code/wwphys/cloud.h,Code/wwphys/cloud.h,engine/gameplay/common/physics,,,not_started,,parity,Source inventory only; split behavior before claiming whole-file parity
source:Code/wwphys/decophys.cpp,source,Code/wwphys/decophys.cpp,Code/wwphys/decophys.cpp,engine/gameplay/common/physics,,,not_started,,parity,Source inventory only; split behavior before claiming whole-file parity
source:Code/wwphys/decophys.h,source,Code/wwphys/decophys.h,Code/wwphys/decophys.h,engine/gameplay/common/physics,,,not_started,,parity,Source inventory only; split behavior before claiming whole-file parity
source:Code/wwphys/dynamicaabtreecull.cpp,source,Code/wwphys/dynamicaabtreecull.cpp,Code/wwphys/dynamicaabtreecull.cpp,engine/gameplay/common/physics,,,not_started,,parity,Source inventory only; split behavior before claiming whole-file parity
source:Code/wwphys/dynamicaabtreecull.h,source,Code/wwphys/dynamicaabtreecull.h,Code/wwphys/dynamicaabtreecull.h,engine/gameplay/common/physics,,,not_started,,parity,Source inventory only; split behavior before claiming whole-file parity
source:Code/wwphys/dynamicanimphys.cpp,source,Code/wwphys/dynamicanimphys.cpp,Code/wwphys/dynamicanimphys.cpp,engine/gameplay/common/physics,,,not_started,,parity,Source inventory only; split behavior before claiming whole-file parity
source:Code/wwphys/dynamicanimphys.h,source,Code/wwphys/dynamicanimphys.h,Code/wwphys/dynamicanimphys.h,engine/gameplay/common/physics,,,not_started,,parity,Source inventory only; split behavior before claiming whole-file parity
source:Code/wwphys/dynamicphys.cpp,source,Code/wwphys/dynamicphys.cpp,Code/wwphys/dynamicphys.cpp,engine/gameplay/common/physics,,,not_started,,parity,Source inventory only; split behavior before claiming whole-file parity
source:Code/wwphys/dynamicphys.h,source,Code/wwphys/dynamicphys.h,Code/wwphys/dynamicphys.h,engine/gameplay/common/physics,,,not_started,,parity,Source inventory only; split behavior before claiming whole-file parity
source:Code/wwphys/dynamicshadowmanager.cpp,source,Code/wwphys/dynamicshadowmanager.cpp,Code/wwphys/dynamicshadowmanager.cpp,engine/gameplay/common/physics,,,not_started,,parity,Source inventory only; split behavior before claiming whole-file parity
source:Code/wwphys/dynamicshadowmanager.h,source,Code/wwphys/dynamicshadowmanager.h,Code/wwphys/dynamicshadowmanager.h,engine/gameplay/common/physics,,,not_started,,parity,Source inventory only; split behavior before claiming whole-file parity
source:Code/wwphys/dyntexproject.cpp,source,Code/wwphys/dyntexproject.cpp,Code/wwphys/dyntexproject.cpp,engine/gameplay/common/physics,,,not_started,,parity,Source inventory only; split behavior before claiming whole-file parity
source:Code/wwphys/dyntexproject.h,source,Code/wwphys/dyntexproject.h,Code/wwphys/dyntexproject.h,engine/gameplay/common/physics,,,not_started,,parity,Source inventory only; split behavior before claiming whole-file parity
source:Code/wwphys/floodfillbox.cpp,source,Code/wwphys/floodfillbox.cpp,Code/wwphys/floodfillbox.cpp,engine/gameplay/common/physics,,,not_started,,parity,Source inventory only; split behavior before claiming whole-file parity
source:Code/wwphys/floodfillbox.h,source,Code/wwphys/floodfillbox.h,Code/wwphys/floodfillbox.h,engine/gameplay/common/physics,,,not_started,,parity,Source inventory only; split behavior before claiming whole-file parity
source:Code/wwphys/floodfillgrid.cpp,source,Code/wwphys/floodfillgrid.cpp,Code/wwphys/floodfillgrid.cpp,engine/gameplay/common/physics,,,not_started,,parity,Source inventory only; split behavior before claiming whole-file parity
source:Code/wwphys/floodfillgrid.h,source,Code/wwphys/floodfillgrid.h,Code/wwphys/floodfillgrid.h,engine/gameplay/common/physics,,,not_started,,parity,Source inventory only; split behavior before claiming whole-file parity
source:Code/wwphys/grideffect.cpp,source,Code/wwphys/grideffect.cpp,Code/wwphys/grideffect.cpp,engine/gameplay/common/physics,,,not_started,,parity,Source inventory only; split behavior before claiming whole-file parity
source:Code/wwphys/grideffect.h,source,Code/wwphys/grideffect.h,Code/wwphys/grideffect.h,engine/gameplay/common/physics,,,not_started,,parity,Source inventory only; split behavior before claiming whole-file parity
source:Code/wwphys/heightdb.cpp,source,Code/wwphys/heightdb.cpp,Code/wwphys/heightdb.cpp,engine/gameplay/common/physics,,,not_started,,parity,Source inventory only; split behavior before claiming whole-file parity
source:Code/wwphys/heightdb.h,source,Code/wwphys/heightdb.h,Code/wwphys/heightdb.h,engine/gameplay/common/physics,,,not_started,,parity,Source inventory only; split behavior before claiming whole-file parity
source:Code/wwphys/humanphys.cpp,source,Code/wwphys/humanphys.cpp,Code/wwphys/humanphys.cpp,engine/gameplay/common/physics,,,not_started,,parity,Source inventory only; split behavior before claiming whole-file parity
source:Code/wwphys/humanphys.h,source,Code/wwphys/humanphys.h,Code/wwphys/humanphys.h,engine/gameplay/common/physics,,,not_started,,parity,Source inventory only; split behavior before claiming whole-file parity
source:Code/wwphys/lightcull.cpp,source,Code/wwphys/lightcull.cpp,Code/wwphys/lightcull.cpp,engine/gameplay/common/physics,,,not_started,,parity,Source inventory only; split behavior before claiming whole-file parity
source:Code/wwphys/lightcull.h,source,Code/wwphys/lightcull.h,Code/wwphys/lightcull.h,engine/gameplay/common/physics,,,not_started,,parity,Source inventory only; split behavior before claiming whole-file parity
source:Code/wwphys/lightexclude.h,source,Code/wwphys/lightexclude.h,Code/wwphys/lightexclude.h,engine/gameplay/common/physics,,,not_started,,parity,Source inventory only; split behavior before claiming whole-file parity
source:Code/wwphys/lightphys.cpp,source,Code/wwphys/lightphys.cpp,Code/wwphys/lightphys.cpp,engine/gameplay/common/physics,,,not_started,,parity,Source inventory only; split behavior before claiming whole-file parity
source:Code/wwphys/lightphys.h,source,Code/wwphys/lightphys.h,Code/wwphys/lightphys.h,engine/gameplay/common/physics,,,not_started,,parity,Source inventory only; split behavior before claiming whole-file parity
source:Code/wwphys/lightsolve.cpp,source,Code/wwphys/lightsolve.cpp,Code/wwphys/lightsolve.cpp,engine/gameplay/common/physics,,,not_started,,parity,Source inventory only; split behavior before claiming whole-file parity
source:Code/wwphys/lightsolve.h,source,Code/wwphys/lightsolve.h,Code/wwphys/lightsolve.h,engine/gameplay/common/physics,,,not_started,,parity,Source inventory only; split behavior before claiming whole-file parity
source:Code/wwphys/lightsolvecontext.cpp,source,Code/wwphys/lightsolvecontext.cpp,Code/wwphys/lightsolvecontext.cpp,engine/gameplay/common/physics,,,not_started,,parity,Source inventory only; split behavior before claiming whole-file parity
source:Code/wwphys/lightsolvecontext.h,source,Code/wwphys/lightsolvecontext.h,Code/wwphys/lightsolvecontext.h,engine/gameplay/common/physics,,,not_started,,parity,Source inventory only; split behavior before claiming whole-file parity
source:Code/wwphys/lightsolveprogress.h,source,Code/wwphys/lightsolveprogress.h,Code/wwphys/lightsolveprogress.h,engine/gameplay/common/physics,,,not_started,,parity,Source inventory only; split behavior before claiming whole-file parity
source:Code/wwphys/materialeffect.cpp,source,Code/wwphys/materialeffect.cpp,Code/wwphys/materialeffect.cpp,engine/gameplay/common/physics,,,not_started,,parity,Source inventory only; split behavior before claiming whole-file parity
source:Code/wwphys/materialeffect.h,source,Code/wwphys/materialeffect.h,Code/wwphys/materialeffect.h,engine/gameplay/common/physics,,,not_started,,parity,Source inventory only; split behavior before claiming whole-file parity
source:Code/wwphys/materialeffectlist.h,source,Code/wwphys/materialeffectlist.h,Code/wwphys/materialeffectlist.h,engine/gameplay/common/physics,,,not_started,,parity,Source inventory only; split behavior before claiming whole-file parity
source:Code/wwphys/motorcycle.cpp,source,Code/wwphys/motorcycle.cpp,Code/wwphys/motorcycle.cpp,engine/gameplay/common/physics,,,not_started,,parity,Source inventory only; split behavior before claiming whole-file parity
source:Code/wwphys/motorcycle.h,source,Code/wwphys/motorcycle.h,Code/wwphys/motorcycle.h,engine/gameplay/common/physics,,,not_started,,parity,Source inventory only; split behavior before claiming whole-file parity
source:Code/wwphys/motorvehicle.cpp,source,Code/wwphys/motorvehicle.cpp,Code/wwphys/motorvehicle.cpp,engine/gameplay/common/physics,,,not_started,,parity,Source inventory only; split behavior before claiming whole-file parity
source:Code/wwphys/motorvehicle.h,source,Code/wwphys/motorvehicle.h,Code/wwphys/motorvehicle.h,engine/gameplay/common/physics,,,not_started,,parity,Source inventory only; split behavior before claiming whole-file parity
source:Code/wwphys/movephys.cpp,source,Code/wwphys/movephys.cpp,Code/wwphys/movephys.cpp,engine/gameplay/common/physics,,,not_started,,parity,Source inventory only; split behavior before claiming whole-file parity
source:Code/wwphys/movephys.h,source,Code/wwphys/movephys.h,Code/wwphys/movephys.h,engine/gameplay/common/physics,,,not_started,,parity,Source inventory only; split behavior before claiming whole-file parity
source:Code/wwphys/octbox.cpp,source,Code/wwphys/octbox.cpp,Code/wwphys/octbox.cpp,engine/gameplay/common/physics,,,not_started,,parity,Source inventory only; split behavior before claiming whole-file parity
source:Code/wwphys/octbox.h,source,Code/wwphys/octbox.h,Code/wwphys/octbox.h,engine/gameplay/common/physics,,,not_started,,parity,Source inventory only; split behavior before claiming whole-file parity
source:Code/wwphys/pathfindbox.cpp,source,Code/wwphys/pathfindbox.cpp,Code/wwphys/pathfindbox.cpp,engine/gameplay/common/physics,,,not_started,,parity,Source inventory only; split behavior before claiming whole-file parity
source:Code/wwphys/pathfindbox.h,source,Code/wwphys/pathfindbox.h,Code/wwphys/pathfindbox.h,engine/gameplay/common/physics,,,not_started,,parity,Source inventory only; split behavior before claiming whole-file parity
source:Code/wwphys/pathmgr.cpp,source,Code/wwphys/pathmgr.cpp,Code/wwphys/pathmgr.cpp,engine/gameplay/common/physics,,,not_started,,parity,Source inventory only; split behavior before claiming whole-file parity
source:Code/wwphys/pathmgr.h,source,Code/wwphys/pathmgr.h,Code/wwphys/pathmgr.h,engine/gameplay/common/physics,,,not_started,,parity,Source inventory only; split behavior before claiming whole-file parity
source:Code/wwphys/pathnode.cpp,source,Code/wwphys/pathnode.cpp,Code/wwphys/pathnode.cpp,engine/gameplay/common/physics,,,not_started,,parity,Source inventory only; split behavior before claiming whole-file parity
source:Code/wwphys/pathsolve.cpp,source,Code/wwphys/pathsolve.cpp,Code/wwphys/pathsolve.cpp,engine/gameplay/common/physics,,,not_started,,parity,Source inventory only; split behavior before claiming whole-file parity
source:Code/wwphys/pathsolve.h,source,Code/wwphys/pathsolve.h,Code/wwphys/pathsolve.h,engine/gameplay/common/physics,,,not_started,,parity,Source inventory only; split behavior before claiming whole-file parity
source:Code/wwphys/phunits.h,source,Code/wwphys/phunits.h,Code/wwphys/phunits.h,engine/gameplay/common/physics,,,not_started,,parity,Source inventory only; split behavior before claiming whole-file parity
source:Code/wwphys/phys.cpp,source,Code/wwphys/phys.cpp,Code/wwphys/phys.cpp,engine/gameplay/common/physics,,,not_started,,parity,Source inventory only; split behavior before claiming whole-file parity
source:Code/wwphys/phys.h,source,Code/wwphys/phys.h,Code/wwphys/phys.h,engine/gameplay/common/physics,,,not_started,,parity,Source inventory only; split behavior before claiming whole-file parity
source:Code/wwphys/phys3.cpp,source,Code/wwphys/phys3.cpp,Code/wwphys/phys3.cpp,engine/gameplay/common/physics,,,not_started,,parity,Source inventory only; split behavior before claiming whole-file parity
source:Code/wwphys/phys3.h,source,Code/wwphys/phys3.h,Code/wwphys/phys3.h,engine/gameplay/common/physics,,,not_started,,parity,Source inventory only; split behavior before claiming whole-file parity
source:Code/wwphys/physaabtreecull.cpp,source,Code/wwphys/physaabtreecull.cpp,Code/wwphys/physaabtreecull.cpp,engine/gameplay/common/physics,,,not_started,,parity,Source inventory only; split behavior before claiming whole-file parity
source:Code/wwphys/physaabtreecull.h,source,Code/wwphys/physaabtreecull.h,Code/wwphys/physaabtreecull.h,engine/gameplay/common/physics,,,not_started,,parity,Source inventory only; split behavior before claiming whole-file parity
source:Code/wwphys/physcoltest.h,source,Code/wwphys/physcoltest.h,Code/wwphys/physcoltest.h,engine/gameplay/common/physics,,,not_started,,parity,Source inventory only; split behavior before claiming whole-file parity
source:Code/wwphys/physcon.cpp,source,Code/wwphys/physcon.cpp,Code/wwphys/physcon.cpp,engine/gameplay/common/physics,,,not_started,,parity,Source inventory only; split behavior before claiming whole-file parity
source:Code/wwphys/physcon.h,source,Code/wwphys/physcon.h,Code/wwphys/physcon.h,engine/gameplay/common/physics,,,not_started,,parity,Source inventory only; split behavior before claiming whole-file parity
source:Code/wwphys/physcontrol.cpp,source,Code/wwphys/physcontrol.cpp,Code/wwphys/physcontrol.cpp,engine/gameplay/common/physics,,,not_started,,parity,Source inventory only; split behavior before claiming whole-file parity
source:Code/wwphys/physcontrol.h,source,Code/wwphys/physcontrol.h,Code/wwphys/physcontrol.h,engine/gameplay/common/physics,,,not_started,,parity,Source inventory only; split behavior before claiming whole-file parity
source:Code/wwphys/physdecalsys.cpp,source,Code/wwphys/physdecalsys.cpp,Code/wwphys/physdecalsys.cpp,engine/gameplay/common/physics,,,not_started,,parity,Source inventory only; split behavior before claiming whole-file parity
source:Code/wwphys/physdecalsys.h,source,Code/wwphys/physdecalsys.h,Code/wwphys/physdecalsys.h,engine/gameplay/common/physics,,,not_started,,parity,Source inventory only; split behavior before claiming whole-file parity
source:Code/wwphys/physdynamicsavesystem.cpp,source,Code/wwphys/physdynamicsavesystem.cpp,Code/wwphys/physdynamicsavesystem.cpp,engine/gameplay/common/physics,,,not_started,,parity,Source inventory only; split behavior before claiming whole-file parity
source:Code/wwphys/physdynamicsavesystem.h,source,Code/wwphys/physdynamicsavesystem.h,Code/wwphys/physdynamicsavesystem.h,engine/gameplay/common/physics,,,not_started,,parity,Source inventory only; split behavior before claiming whole-file parity
source:Code/wwphys/physgridcull.cpp,source,Code/wwphys/physgridcull.cpp,Code/wwphys/physgridcull.cpp,engine/gameplay/common/physics,,,not_started,,parity,Source inventory only; split behavior before claiming whole-file parity
source:Code/wwphys/physgridcull.h,source,Code/wwphys/physgridcull.h,Code/wwphys/physgridcull.h,engine/gameplay/common/physics,,,not_started,,parity,Source inventory only; split behavior before claiming whole-file parity
source:Code/wwphys/physinttest.h,source,Code/wwphys/physinttest.h,Code/wwphys/physinttest.h,engine/gameplay/common/physics,,,not_started,,parity,Source inventory only; split behavior before claiming whole-file parity
source:Code/wwphys/physlist.h,source,Code/wwphys/physlist.h,Code/wwphys/physlist.h,engine/gameplay/common/physics,,,not_started,,parity,Source inventory only; split behavior before claiming whole-file parity
source:Code/wwphys/physobserver.h,source,Code/wwphys/physobserver.h,Code/wwphys/physobserver.h,engine/gameplay/common/physics,,,not_started,,parity,Source inventory only; split behavior before claiming whole-file parity
source:Code/wwphys/physresourcemgr.cpp,source,Code/wwphys/physresourcemgr.cpp,Code/wwphys/physresourcemgr.cpp,engine/gameplay/common/physics,,,not_started,,parity,Source inventory only; split behavior before claiming whole-file parity
source:Code/wwphys/physresourcemgr.h,source,Code/wwphys/physresourcemgr.h,Code/wwphys/physresourcemgr.h,engine/gameplay/common/physics,,,not_started,,parity,Source inventory only; split behavior before claiming whole-file parity
source:Code/wwphys/physstaticsavesystem.cpp,source,Code/wwphys/physstaticsavesystem.cpp,Code/wwphys/physstaticsavesystem.cpp,engine/gameplay/common/physics,,,not_started,,parity,Source inventory only; split behavior before claiming whole-file parity
source:Code/wwphys/physstaticsavesystem.h,source,Code/wwphys/physstaticsavesystem.h,Code/wwphys/physstaticsavesystem.h,engine/gameplay/common/physics,,,not_started,,parity,Source inventory only; split behavior before claiming whole-file parity
source:Code/wwphys/phystexproject.cpp,source,Code/wwphys/phystexproject.cpp,Code/wwphys/phystexproject.cpp,engine/gameplay/common/physics,,,not_started,,parity,Source inventory only; split behavior before claiming whole-file parity
source:Code/wwphys/phystexproject.h,source,Code/wwphys/phystexproject.h,Code/wwphys/phystexproject.h,engine/gameplay/common/physics,,,not_started,,parity,Source inventory only; split behavior before claiming whole-file parity
source:Code/wwphys/progcall.cpp,source,Code/wwphys/progcall.cpp,Code/wwphys/progcall.cpp,engine/gameplay/common/physics,,,not_started,,parity,Source inventory only; split behavior before claiming whole-file parity
source:Code/wwphys/progcall.h,source,Code/wwphys/progcall.h,Code/wwphys/progcall.h,engine/gameplay/common/physics,,,not_started,,parity,Source inventory only; split behavior before claiming whole-file parity
source:Code/wwphys/projectile.cpp,source,Code/wwphys/projectile.cpp,Code/wwphys/projectile.cpp,engine/gameplay/common/physics,,,not_started,,parity,Source inventory only; split behavior before claiming whole-file parity
source:Code/wwphys/projectile.h,source,Code/wwphys/projectile.h,Code/wwphys/projectile.h,engine/gameplay/common/physics,,,not_started,,parity,Source inventory only; split behavior before claiming whole-file parity
source:Code/wwphys/projectormanager.cpp,source,Code/wwphys/projectormanager.cpp,Code/wwphys/projectormanager.cpp,engine/gameplay/common/physics,,,not_started,,parity,Source inventory only; split behavior before claiming whole-file parity
source:Code/wwphys/projectormanager.h,source,Code/wwphys/projectormanager.h,Code/wwphys/projectormanager.h,engine/gameplay/common/physics,,,not_started,,parity,Source inventory only; split behavior before claiming whole-file parity
source:Code/wwphys/pscene.cpp,source,Code/wwphys/pscene.cpp,Code/wwphys/pscene.cpp,engine/gameplay/common/physics,,,not_started,,parity,Source inventory only; split behavior before claiming whole-file parity
source:Code/wwphys/pscene.h,source,Code/wwphys/pscene.h,Code/wwphys/pscene.h,engine/gameplay/common/physics,,,not_started,,parity,Source inventory only; split behavior before claiming whole-file parity
source:Code/wwphys/pscene_collision.cpp,source,Code/wwphys/pscene_collision.cpp,Code/wwphys/pscene_collision.cpp,engine/gameplay/common/physics,,,not_started,,parity,Source inventory only; split behavior before claiming whole-file parity
source:Code/wwphys/pscene_decal.cpp,source,Code/wwphys/pscene_decal.cpp,Code/wwphys/pscene_decal.cpp,engine/gameplay/common/physics,,,not_started,,parity,Source inventory only; split behavior before claiming whole-file parity
source:Code/wwphys/pscene_lighting.cpp,source,Code/wwphys/pscene_lighting.cpp,Code/wwphys/pscene_lighting.cpp,engine/gameplay/common/physics,,,not_started,,parity,Source inventory only; split behavior before claiming whole-file parity
source:Code/wwphys/pscene_projectors.cpp,source,Code/wwphys/pscene_projectors.cpp,Code/wwphys/pscene_projectors.cpp,engine/gameplay/common/physics,,,not_started,,parity,Source inventory only; split behavior before claiming whole-file parity
source:Code/wwphys/pscene_saveload.cpp,source,Code/wwphys/pscene_saveload.cpp,Code/wwphys/pscene_saveload.cpp,engine/gameplay/common/physics,,,not_started,,parity,Source inventory only; split behavior before claiming whole-file parity
source:Code/wwphys/pscene_vis.cpp,source,Code/wwphys/pscene_vis.cpp,Code/wwphys/pscene_vis.cpp,engine/gameplay/common/physics,,,not_started,,parity,Source inventory only; split behavior before claiming whole-file parity
source:Code/wwphys/rbody.cpp,source,Code/wwphys/rbody.cpp,Code/wwphys/rbody.cpp,engine/gameplay/common/physics,,,not_started,,parity,Source inventory only; split behavior before claiming whole-file parity
source:Code/wwphys/rbody.h,source,Code/wwphys/rbody.h,Code/wwphys/rbody.h,engine/gameplay/common/physics,,,not_started,,parity,Source inventory only; split behavior before claiming whole-file parity
source:Code/wwphys/rbody_obsolete.cpp,source,Code/wwphys/rbody_obsolete.cpp,Code/wwphys/rbody_obsolete.cpp,engine/gameplay/common/physics,,,not_started,,parity,Source inventory only; split behavior before claiming whole-file parity
source:Code/wwphys/renderobjphys.cpp,source,Code/wwphys/renderobjphys.cpp,Code/wwphys/renderobjphys.cpp,engine/gameplay/common/physics,,,not_started,,parity,Source inventory only; split behavior before claiming whole-file parity
source:Code/wwphys/renderobjphys.h,source,Code/wwphys/renderobjphys.h,Code/wwphys/renderobjphys.h,engine/gameplay/common/physics,,,not_started,,parity,Source inventory only; split behavior before claiming whole-file parity
source:Code/wwphys/renegadeterrainmaterialpass.cpp,source,Code/wwphys/renegadeterrainmaterialpass.cpp,Code/wwphys/renegadeterrainmaterialpass.cpp,engine/gameplay/common/physics,,,not_started,,parity,Source inventory only; split behavior before claiming whole-file parity
source:Code/wwphys/renegadeterrainmaterialpass.h,source,Code/wwphys/renegadeterrainmaterialpass.h,Code/wwphys/renegadeterrainmaterialpass.h,engine/gameplay/common/physics,,,not_started,,parity,Source inventory only; split behavior before claiming whole-file parity
source:Code/wwphys/renegadeterrainpatch.cpp,source,Code/wwphys/renegadeterrainpatch.cpp,Code/wwphys/renegadeterrainpatch.cpp,engine/gameplay/common/physics,,,not_started,,parity,Source inventory only; split behavior before claiming whole-file parity
source:Code/wwphys/renegadeterrainpatch.h,source,Code/wwphys/renegadeterrainpatch.h,Code/wwphys/renegadeterrainpatch.h,engine/gameplay/common/physics,,,not_started,,parity,Source inventory only; split behavior before claiming whole-file parity
source:Code/wwphys/ridermanager.cpp,source,Code/wwphys/ridermanager.cpp,Code/wwphys/ridermanager.cpp,engine/gameplay/common/physics,,,not_started,,parity,Source inventory only; split behavior before claiming whole-file parity
source:Code/wwphys/ridermanager.h,source,Code/wwphys/ridermanager.h,Code/wwphys/ridermanager.h,engine/gameplay/common/physics,,,not_started,,parity,Source inventory only; split behavior before claiming whole-file parity
source:Code/wwphys/shakeablestaticphys.cpp,source,Code/wwphys/shakeablestaticphys.cpp,Code/wwphys/shakeablestaticphys.cpp,engine/gameplay/common/physics,,,not_started,,parity,Source inventory only; split behavior before claiming whole-file parity
source:Code/wwphys/shakeablestaticphys.h,source,Code/wwphys/shakeablestaticphys.h,Code/wwphys/shakeablestaticphys.h,engine/gameplay/common/physics,,,not_started,,parity,Source inventory only; split behavior before claiming whole-file parity
source:Code/wwphys/staticaabtreecull.cpp,source,Code/wwphys/staticaabtreecull.cpp,Code/wwphys/staticaabtreecull.cpp,engine/gameplay/common/physics,,,not_started,,parity,Source inventory only; split behavior before claiming whole-file parity
source:Code/wwphys/staticaabtreecull.h,source,Code/wwphys/staticaabtreecull.h,Code/wwphys/staticaabtreecull.h,engine/gameplay/common/physics,,,not_started,,parity,Source inventory only; split behavior before claiming whole-file parity
source:Code/wwphys/staticanimphys.cpp,source,Code/wwphys/staticanimphys.cpp,Code/wwphys/staticanimphys.cpp,engine/gameplay/common/physics,,,not_started,,parity,Source inventory only; split behavior before claiming whole-file parity
source:Code/wwphys/staticanimphys.h,source,Code/wwphys/staticanimphys.h,Code/wwphys/staticanimphys.h,engine/gameplay/common/physics,,,not_started,,parity,Source inventory only; split behavior before claiming whole-file parity
source:Code/wwphys/staticphys.cpp,source,Code/wwphys/staticphys.cpp,Code/wwphys/staticphys.cpp,engine/gameplay/common/physics,,,not_started,,parity,Source inventory only; split behavior before claiming whole-file parity
source:Code/wwphys/staticphys.h,source,Code/wwphys/staticphys.h,Code/wwphys/staticphys.h,engine/gameplay/common/physics,,,not_started,,parity,Source inventory only; split behavior before claiming whole-file parity
source:Code/wwphys/stealtheffect.cpp,source,Code/wwphys/stealtheffect.cpp,Code/wwphys/stealtheffect.cpp,engine/gameplay/common/physics,,,not_started,,parity,Source inventory only; split behavior before claiming whole-file parity
source:Code/wwphys/stealtheffect.h,source,Code/wwphys/stealtheffect.h,Code/wwphys/stealtheffect.h,engine/gameplay/common/physics,,,not_started,,parity,Source inventory only; split behavior before claiming whole-file parity
source:Code/wwphys/terrainmaterial.cpp,source,Code/wwphys/terrainmaterial.cpp,Code/wwphys/terrainmaterial.cpp,engine/gameplay/common/physics,,,not_started,,parity,Source inventory only; split behavior before claiming whole-file parity
source:Code/wwphys/terrainmaterial.h,source,Code/wwphys/terrainmaterial.h,Code/wwphys/terrainmaterial.h,engine/gameplay/common/physics,,,not_started,,parity,Source inventory only; split behavior before claiming whole-file parity
source:Code/wwphys/timeddecophys.cpp,source,Code/wwphys/timeddecophys.cpp,Code/wwphys/timeddecophys.cpp,engine/gameplay/common/physics,,,not_started,,parity,Source inventory only; split behavior before claiming whole-file parity
source:Code/wwphys/timeddecophys.h,source,Code/wwphys/timeddecophys.h,Code/wwphys/timeddecophys.h,engine/gameplay/common/physics,,,not_started,,parity,Source inventory only; split behavior before claiming whole-file parity
source:Code/wwphys/trackedvehicle.cpp,source,Code/wwphys/trackedvehicle.cpp,Code/wwphys/trackedvehicle.cpp,engine/gameplay/common/physics,,,not_started,,parity,Source inventory only; split behavior before claiming whole-file parity
source:Code/wwphys/trackedvehicle.h,source,Code/wwphys/trackedvehicle.h,Code/wwphys/trackedvehicle.h,engine/gameplay/common/physics,,,not_started,,parity,Source inventory only; split behavior before claiming whole-file parity
source:Code/wwphys/transitioneffect.cpp,source,Code/wwphys/transitioneffect.cpp,Code/wwphys/transitioneffect.cpp,engine/gameplay/common/physics,,,not_started,,parity,Source inventory only; split behavior before claiming whole-file parity
source:Code/wwphys/transitioneffect.h,source,Code/wwphys/transitioneffect.h,Code/wwphys/transitioneffect.h,engine/gameplay/common/physics,,,not_started,,parity,Source inventory only; split behavior before claiming whole-file parity
source:Code/wwphys/umbrasupport.cpp,source,Code/wwphys/umbrasupport.cpp,Code/wwphys/umbrasupport.cpp,engine/gameplay/common/physics,,,not_started,,parity,Source inventory only; split behavior before claiming whole-file parity
source:Code/wwphys/umbrasupport.h,source,Code/wwphys/umbrasupport.h,Code/wwphys/umbrasupport.h,engine/gameplay/common/physics,,,not_started,,parity,Source inventory only; split behavior before claiming whole-file parity
source:Code/wwphys/vehicledazzle.cpp,source,Code/wwphys/vehicledazzle.cpp,Code/wwphys/vehicledazzle.cpp,engine/gameplay/common/physics,,,not_started,,parity,Source inventory only; split behavior before claiming whole-file parity
source:Code/wwphys/vehicledazzle.h,source,Code/wwphys/vehicledazzle.h,Code/wwphys/vehicledazzle.h,engine/gameplay/common/physics,,,not_started,,parity,Source inventory only; split behavior before claiming whole-file parity
source:Code/wwphys/vehiclephys.cpp,source,Code/wwphys/vehiclephys.cpp,Code/wwphys/vehiclephys.cpp,engine/gameplay/common/physics,,,not_started,,parity,Source inventory only; split behavior before claiming whole-file parity
source:Code/wwphys/vehiclephys.h,source,Code/wwphys/vehiclephys.h,Code/wwphys/vehiclephys.h,engine/gameplay/common/physics,,,not_started,,parity,Source inventory only; split behavior before claiming whole-file parity
source:Code/wwphys/visenum.h,source,Code/wwphys/visenum.h,Code/wwphys/visenum.h,engine/gameplay/common/physics,,,not_started,,parity,Source inventory only; split behavior before claiming whole-file parity
source:Code/wwphys/visoptimizationcontext.cpp,source,Code/wwphys/visoptimizationcontext.cpp,Code/wwphys/visoptimizationcontext.cpp,engine/gameplay/common/physics,,,not_started,,parity,Source inventory only; split behavior before claiming whole-file parity
source:Code/wwphys/visoptimizationcontext.h,source,Code/wwphys/visoptimizationcontext.h,Code/wwphys/visoptimizationcontext.h,engine/gameplay/common/physics,,,not_started,,parity,Source inventory only; split behavior before claiming whole-file parity
source:Code/wwphys/visoptprogress.cpp,source,Code/wwphys/visoptprogress.cpp,Code/wwphys/visoptprogress.cpp,engine/gameplay/common/physics,,,not_started,,parity,Source inventory only; split behavior before claiming whole-file parity
source:Code/wwphys/visoptprogress.h,source,Code/wwphys/visoptprogress.h,Code/wwphys/visoptprogress.h,engine/gameplay/common/physics,,,not_started,,parity,Source inventory only; split behavior before claiming whole-file parity
source:Code/wwphys/visrendercontext.cpp,source,Code/wwphys/visrendercontext.cpp,Code/wwphys/visrendercontext.cpp,engine/gameplay/common/physics,,,not_started,,parity,Source inventory only; split behavior before claiming whole-file parity
source:Code/wwphys/visrendercontext.h,source,Code/wwphys/visrendercontext.h,Code/wwphys/visrendercontext.h,engine/gameplay/common/physics,,,not_started,,parity,Source inventory only; split behavior before claiming whole-file parity
source:Code/wwphys/vissample.cpp,source,Code/wwphys/vissample.cpp,Code/wwphys/vissample.cpp,engine/gameplay/common/physics,,,not_started,,parity,Source inventory only; split behavior before claiming whole-file parity
source:Code/wwphys/vissample.h,source,Code/wwphys/vissample.h,Code/wwphys/vissample.h,engine/gameplay/common/physics,,,not_started,,parity,Source inventory only; split behavior before claiming whole-file parity
source:Code/wwphys/vissectorstats.cpp,source,Code/wwphys/vissectorstats.cpp,Code/wwphys/vissectorstats.cpp,engine/gameplay/common/physics,,,not_started,,parity,Source inventory only; split behavior before claiming whole-file parity
source:Code/wwphys/vissectorstats.h,source,Code/wwphys/vissectorstats.h,Code/wwphys/vissectorstats.h,engine/gameplay/common/physics,,,not_started,,parity,Source inventory only; split behavior before claiming whole-file parity
source:Code/wwphys/vistable.cpp,source,Code/wwphys/vistable.cpp,Code/wwphys/vistable.cpp,engine/gameplay/common/physics,,,not_started,,parity,Source inventory only; split behavior before claiming whole-file parity
source:Code/wwphys/vistable.h,source,Code/wwphys/vistable.h,Code/wwphys/vistable.h,engine/gameplay/common/physics,,,not_started,,parity,Source inventory only; split behavior before claiming whole-file parity
source:Code/wwphys/vistablemgr.cpp,source,Code/wwphys/vistablemgr.cpp,Code/wwphys/vistablemgr.cpp,engine/gameplay/common/physics,,,not_started,,parity,Source inventory only; split behavior before claiming whole-file parity
source:Code/wwphys/vistablemgr.h,source,Code/wwphys/vistablemgr.h,Code/wwphys/vistablemgr.h,engine/gameplay/common/physics,,,not_started,,parity,Source inventory only; split behavior before claiming whole-file parity
source:Code/wwphys/vtolvehicle.cpp,source,Code/wwphys/vtolvehicle.cpp,Code/wwphys/vtolvehicle.cpp,engine/gameplay/common/physics,,,not_started,,parity,Source inventory only; split behavior before claiming whole-file parity
source:Code/wwphys/vtolvehicle.h,source,Code/wwphys/vtolvehicle.h,Code/wwphys/vtolvehicle.h,engine/gameplay/common/physics,,,not_started,,parity,Source inventory only; split behavior before claiming whole-file parity
source:Code/wwphys/waypath.cpp,source,Code/wwphys/waypath.cpp,Code/wwphys/waypath.cpp,engine/gameplay/common/physics,,,not_started,,parity,Source inventory only; split behavior before claiming whole-file parity
source:Code/wwphys/waypath.h,source,Code/wwphys/waypath.h,Code/wwphys/waypath.h,engine/gameplay/common/physics,,,not_started,,parity,Source inventory only; split behavior before claiming whole-file parity
source:Code/wwphys/waypathposition.h,source,Code/wwphys/waypathposition.h,Code/wwphys/waypathposition.h,engine/gameplay/common/physics,,,not_started,,parity,Source inventory only; split behavior before claiming whole-file parity
source:Code/wwphys/waypoint.cpp,source,Code/wwphys/waypoint.cpp,Code/wwphys/waypoint.cpp,engine/gameplay/common/physics,,,not_started,,parity,Source inventory only; split behavior before claiming whole-file parity
source:Code/wwphys/waypoint.h,source,Code/wwphys/waypoint.h,Code/wwphys/waypoint.h,engine/gameplay/common/physics,,,not_started,,parity,Source inventory only; split behavior before claiming whole-file parity
source:Code/wwphys/wheel.cpp,source,Code/wwphys/wheel.cpp,Code/wwphys/wheel.cpp,engine/gameplay/common/physics,,,not_started,,parity,Source inventory only; split behavior before claiming whole-file parity
source:Code/wwphys/wheel.h,source,Code/wwphys/wheel.h,Code/wwphys/wheel.h,engine/gameplay/common/physics,,,not_started,,parity,Source inventory only; split behavior before claiming whole-file parity
source:Code/wwphys/wheelvehicle.cpp,source,Code/wwphys/wheelvehicle.cpp,Code/wwphys/wheelvehicle.cpp,engine/gameplay/common/physics,,,not_started,,parity,Source inventory only; split behavior before claiming whole-file parity
source:Code/wwphys/wheelvehicle.h,source,Code/wwphys/wheelvehicle.h,Code/wwphys/wheelvehicle.h,engine/gameplay/common/physics,,,not_started,,parity,Source inventory only; split behavior before claiming whole-file parity
source:Code/wwphys/widgets.cpp,source,Code/wwphys/widgets.cpp,Code/wwphys/widgets.cpp,engine/gameplay/common/physics,,,not_started,,parity,Source inventory only; split behavior before claiming whole-file parity
source:Code/wwphys/widgets.h,source,Code/wwphys/widgets.h,Code/wwphys/widgets.h,engine/gameplay/common/physics,,,not_started,,parity,Source inventory only; split behavior before claiming whole-file parity
source:Code/wwphys/widgetuser.cpp,source,Code/wwphys/widgetuser.cpp,Code/wwphys/widgetuser.cpp,engine/gameplay/common/physics,,,not_started,,parity,Source inventory only; split behavior before claiming whole-file parity
source:Code/wwphys/widgetuser.h,source,Code/wwphys/widgetuser.h,Code/wwphys/widgetuser.h,engine/gameplay/common/physics,,,not_started,,parity,Source inventory only; split behavior before claiming whole-file parity
source:Code/wwphys/wwphys.cpp,source,Code/wwphys/wwphys.cpp,Code/wwphys/wwphys.cpp,engine/gameplay/common/physics,,,not_started,,parity,Source inventory only; split behavior before claiming whole-file parity
source:Code/wwphys/wwphys.dsp,source,Code/wwphys/wwphys.dsp,Code/wwphys/wwphys.dsp,engine/gameplay/common/physics,,,not_started,,parity,Source inventory only; split behavior before claiming whole-file parity
source:Code/wwphys/wwphys.h,source,Code/wwphys/wwphys.h,Code/wwphys/wwphys.h,engine/gameplay/common/physics,,,not_started,,parity,Source inventory only; split behavior before claiming whole-file parity
source:Code/wwphys/wwphysids.h,source,Code/wwphys/wwphysids.h,Code/wwphys/wwphysids.h,engine/gameplay/common/physics,,,not_started,,parity,Source inventory only; split behavior before claiming whole-file parity
source:Code/wwphys/wwphystrig.h,source,Code/wwphys/wwphystrig.h,Code/wwphys/wwphystrig.h,engine/gameplay/common/physics,,,not_started,,parity,Source inventory only; split behavior before claiming whole-file parity
source:Code/wwphys/zone.h,source,Code/wwphys/zone.h,Code/wwphys/zone.h,engine/gameplay/common/physics,,,not_started,,parity,Source inventory only; split behavior before claiming whole-file parity
source:Code/wwsaveload/definition.cpp,source,Code/wwsaveload/definition.cpp,Code/wwsaveload/definition.cpp,engine/core/serialization,,,not_started,,parity,Source inventory only; split behavior before claiming whole-file parity
source:Code/wwsaveload/definition.h,source,Code/wwsaveload/definition.h,Code/wwsaveload/definition.h,engine/core/serialization,,,not_started,,parity,Source inventory only; split behavior before claiming whole-file parity
source:Code/wwsaveload/definitionclassids.h,source,Code/wwsaveload/definitionclassids.h,Code/wwsaveload/definitionclassids.h,engine/core/serialization,,,not_started,,parity,Source inventory only; split behavior before claiming whole-file parity
source:Code/wwsaveload/definitionfactory.cpp,source,Code/wwsaveload/definitionfactory.cpp,Code/wwsaveload/definitionfactory.cpp,engine/core/serialization,,,not_started,,parity,Source inventory only; split behavior before claiming whole-file parity
source:Code/wwsaveload/definitionfactory.h,source,Code/wwsaveload/definitionfactory.h,Code/wwsaveload/definitionfactory.h,engine/core/serialization,,,not_started,,parity,Source inventory only; split behavior before claiming whole-file parity
source:Code/wwsaveload/definitionfactorymgr.cpp,source,Code/wwsaveload/definitionfactorymgr.cpp,Code/wwsaveload/definitionfactorymgr.cpp,engine/core/serialization,,,not_started,,parity,Source inventory only; split behavior before claiming whole-file parity
source:Code/wwsaveload/definitionfactorymgr.h,source,Code/wwsaveload/definitionfactorymgr.h,Code/wwsaveload/definitionfactorymgr.h,engine/core/serialization,,,not_started,,parity,Source inventory only; split behavior before claiming whole-file parity
source:Code/wwsaveload/definitionmgr.cpp,source,Code/wwsaveload/definitionmgr.cpp,Code/wwsaveload/definitionmgr.cpp,engine/core/serialization,,,not_started,,parity,Source inventory only; split behavior before claiming whole-file parity
source:Code/wwsaveload/definitionmgr.h,source,Code/wwsaveload/definitionmgr.h,Code/wwsaveload/definitionmgr.h,engine/core/serialization,,,not_started,,parity,Source inventory only; split behavior before claiming whole-file parity
source:Code/wwsaveload/editable.h,source,Code/wwsaveload/editable.h,Code/wwsaveload/editable.h,engine/core/serialization,,,not_started,,parity,Source inventory only; split behavior before claiming whole-file parity
source:Code/wwsaveload/parameter.cpp,source,Code/wwsaveload/parameter.cpp,Code/wwsaveload/parameter.cpp,engine/core/serialization,,,not_started,,parity,Source inventory only; split behavior before claiming whole-file parity
source:Code/wwsaveload/parameter.h,source,Code/wwsaveload/parameter.h,Code/wwsaveload/parameter.h,engine/core/serialization,,,not_started,,parity,Source inventory only; split behavior before claiming whole-file parity
source:Code/wwsaveload/parameterlist.h,source,Code/wwsaveload/parameterlist.h,Code/wwsaveload/parameterlist.h,engine/core/serialization,,,not_started,,parity,Source inventory only; split behavior before claiming whole-file parity
source:Code/wwsaveload/parametertypes.h,source,Code/wwsaveload/parametertypes.h,Code/wwsaveload/parametertypes.h,engine/core/serialization,,,not_started,,parity,Source inventory only; split behavior before claiming whole-file parity
source:Code/wwsaveload/persist.h,source,Code/wwsaveload/persist.h,Code/wwsaveload/persist.h,engine/core/serialization,,,not_started,,parity,Source inventory only; split behavior before claiming whole-file parity
source:Code/wwsaveload/persistfactory.cpp,source,Code/wwsaveload/persistfactory.cpp,Code/wwsaveload/persistfactory.cpp,engine/core/serialization,,,not_started,,parity,Source inventory only; split behavior before claiming whole-file parity
source:Code/wwsaveload/persistfactory.h,source,Code/wwsaveload/persistfactory.h,Code/wwsaveload/persistfactory.h,engine/core/serialization,,,not_started,,parity,Source inventory only; split behavior before claiming whole-file parity
source:Code/wwsaveload/pointerremap.cpp,source,Code/wwsaveload/pointerremap.cpp,Code/wwsaveload/pointerremap.cpp,engine/core/serialization,,,not_started,,parity,Source inventory only; split behavior before claiming whole-file parity
source:Code/wwsaveload/pointerremap.h,source,Code/wwsaveload/pointerremap.h,Code/wwsaveload/pointerremap.h,engine/core/serialization,,,not_started,,parity,Source inventory only; split behavior before claiming whole-file parity
source:Code/wwsaveload/postloadable.h,source,Code/wwsaveload/postloadable.h,Code/wwsaveload/postloadable.h,engine/core/serialization,,,not_started,,parity,Source inventory only; split behavior before claiming whole-file parity
source:Code/wwsaveload/saveload.cpp,source,Code/wwsaveload/saveload.cpp,Code/wwsaveload/saveload.cpp,engine/core/serialization,,,not_started,,parity,Source inventory only; split behavior before claiming whole-file parity
source:Code/wwsaveload/saveload.h,source,Code/wwsaveload/saveload.h,Code/wwsaveload/saveload.h,engine/core/serialization,,,not_started,,parity,Source inventory only; split behavior before claiming whole-file parity
source:Code/wwsaveload/saveloadids.h,source,Code/wwsaveload/saveloadids.h,Code/wwsaveload/saveloadids.h,engine/core/serialization,,,not_started,,parity,Source inventory only; split behavior before claiming whole-file parity
source:Code/wwsaveload/saveloadstatus.cpp,source,Code/wwsaveload/saveloadstatus.cpp,Code/wwsaveload/saveloadstatus.cpp,engine/core/serialization,,,not_started,,parity,Source inventory only; split behavior before claiming whole-file parity
source:Code/wwsaveload/saveloadstatus.h,source,Code/wwsaveload/saveloadstatus.h,Code/wwsaveload/saveloadstatus.h,engine/core/serialization,,,not_started,,parity,Source inventory only; split behavior before claiming whole-file parity
source:Code/wwsaveload/saveloadsubsystem.cpp,source,Code/wwsaveload/saveloadsubsystem.cpp,Code/wwsaveload/saveloadsubsystem.cpp,engine/core/serialization,,,not_started,,parity,Source inventory only; split behavior before claiming whole-file parity
source:Code/wwsaveload/saveloadsubsystem.h,source,Code/wwsaveload/saveloadsubsystem.h,Code/wwsaveload/saveloadsubsystem.h,engine/core/serialization,,,not_started,,parity,Source inventory only; split behavior before claiming whole-file parity
source:Code/wwsaveload/simpledefinitionfactory.h,source,Code/wwsaveload/simpledefinitionfactory.h,Code/wwsaveload/simpledefinitionfactory.h,engine/core/serialization,,,not_started,,parity,Source inventory only; split behavior before claiming whole-file parity
source:Code/wwsaveload/simpleparameter.h,source,Code/wwsaveload/simpleparameter.h,Code/wwsaveload/simpleparameter.h,engine/core/serialization,,,not_started,,parity,Source inventory only; split behavior before claiming whole-file parity
source:Code/wwsaveload/twiddler.cpp,source,Code/wwsaveload/twiddler.cpp,Code/wwsaveload/twiddler.cpp,engine/core/serialization,,,not_started,,parity,Source inventory only; split behavior before claiming whole-file parity
source:Code/wwsaveload/twiddler.h,source,Code/wwsaveload/twiddler.h,Code/wwsaveload/twiddler.h,engine/core/serialization,,,not_started,,parity,Source inventory only; split behavior before claiming whole-file parity
source:Code/wwsaveload/wwsaveload.cpp,source,Code/wwsaveload/wwsaveload.cpp,Code/wwsaveload/wwsaveload.cpp,engine/core/serialization,,,not_started,,parity,Source inventory only; split behavior before claiming whole-file parity
source:Code/wwsaveload/wwsaveload.dsp,source,Code/wwsaveload/wwsaveload.dsp,Code/wwsaveload/wwsaveload.dsp,engine/core/serialization,,,not_started,,parity,Source inventory only; split behavior before claiming whole-file parity
source:Code/wwsaveload/wwsaveload.h,source,Code/wwsaveload/wwsaveload.h,Code/wwsaveload/wwsaveload.h,engine/core/serialization,,,not_started,,parity,Source inventory only; split behavior before claiming whole-file parity
source:Code/wwtranslatedb/stringtwiddler.cpp,source,Code/wwtranslatedb/stringtwiddler.cpp,Code/wwtranslatedb/stringtwiddler.cpp,engine/localization,,,not_started,,parity,Source inventory only; split behavior before claiming whole-file parity
source:Code/wwtranslatedb/stringtwiddler.h,source,Code/wwtranslatedb/stringtwiddler.h,Code/wwtranslatedb/stringtwiddler.h,engine/localization,,,not_started,,parity,Source inventory only; split behavior before claiming whole-file parity
source:Code/wwtranslatedb/tdbcategories.h,source,Code/wwtranslatedb/tdbcategories.h,Code/wwtranslatedb/tdbcategories.h,engine/localization,,,not_started,,parity,Source inventory only; split behavior before claiming whole-file parity
source:Code/wwtranslatedb/tdbcategory.cpp,source,Code/wwtranslatedb/tdbcategory.cpp,Code/wwtranslatedb/tdbcategory.cpp,engine/localization,,,not_started,,parity,Source inventory only; split behavior before claiming whole-file parity
source:Code/wwtranslatedb/tdbcategory.h,source,Code/wwtranslatedb/tdbcategory.h,Code/wwtranslatedb/tdbcategory.h,engine/localization,,,not_started,,parity,Source inventory only; split behavior before claiming whole-file parity
source:Code/wwtranslatedb/translatedb.cpp,source,Code/wwtranslatedb/translatedb.cpp,Code/wwtranslatedb/translatedb.cpp,engine/localization,,,not_started,,parity,Source inventory only; split behavior before claiming whole-file parity
source:Code/wwtranslatedb/translatedb.h,source,Code/wwtranslatedb/translatedb.h,Code/wwtranslatedb/translatedb.h,engine/localization,,,not_started,,parity,Source inventory only; split behavior before claiming whole-file parity
source:Code/wwtranslatedb/translatedbids.h,source,Code/wwtranslatedb/translatedbids.h,Code/wwtranslatedb/translatedbids.h,engine/localization,,,not_started,,parity,Source inventory only; split behavior before claiming whole-file parity
source:Code/wwtranslatedb/translateobj.cpp,source,Code/wwtranslatedb/translateobj.cpp,Code/wwtranslatedb/translateobj.cpp,engine/localization,,,not_started,,parity,Source inventory only; split behavior before claiming whole-file parity
source:Code/wwtranslatedb/translateobj.h,source,Code/wwtranslatedb/translateobj.h,Code/wwtranslatedb/translateobj.h,engine/localization,,,not_started,,parity,Source inventory only; split behavior before claiming whole-file parity
source:Code/wwtranslatedb/wwtranslatedb.dsp,source,Code/wwtranslatedb/wwtranslatedb.dsp,Code/wwtranslatedb/wwtranslatedb.dsp,engine/localization,,,not_started,,parity,Source inventory only; split behavior before claiming whole-file parity
source:Code/wwui/IMECandidate.cpp,source,Code/wwui/IMECandidate.cpp,Code/wwui/IMECandidate.cpp,engine/gui/w3d,,,not_started,,parity,Source inventory only; split behavior before claiming whole-file parity
source:Code/wwui/IMECandidate.h,source,Code/wwui/IMECandidate.h,Code/wwui/IMECandidate.h,engine/gui/w3d,,,not_started,,parity,Source inventory only; split behavior before claiming whole-file parity
source:Code/wwui/IMECandidateCtrl.cpp,source,Code/wwui/IMECandidateCtrl.cpp,Code/wwui/IMECandidateCtrl.cpp,engine/gui/w3d,,,not_started,,parity,Source inventory only; split behavior before claiming whole-file parity
source:Code/wwui/IMECandidateCtrl.h,source,Code/wwui/IMECandidateCtrl.h,Code/wwui/IMECandidateCtrl.h,engine/gui/w3d,,,not_started,,parity,Source inventory only; split behavior before claiming whole-file parity
source:Code/wwui/IMEManager.cpp,source,Code/wwui/IMEManager.cpp,Code/wwui/IMEManager.cpp,engine/gui/w3d,,,not_started,,parity,Source inventory only; split behavior before claiming whole-file parity
source:Code/wwui/IMEManager.h,source,Code/wwui/IMEManager.h,Code/wwui/IMEManager.h,engine/gui/w3d,,,not_started,,parity,Source inventory only; split behavior before claiming whole-file parity
source:Code/wwui/ProgressCtrl.cpp,source,Code/wwui/ProgressCtrl.cpp,Code/wwui/ProgressCtrl.cpp,engine/gui/w3d,,,not_started,,parity,Source inventory only; split behavior before claiming whole-file parity
source:Code/wwui/ProgressCtrl.h,source,Code/wwui/ProgressCtrl.h,Code/wwui/ProgressCtrl.h,engine/gui/w3d,,,not_started,,parity,Source inventory only; split behavior before claiming whole-file parity
source:Code/wwui/buttonctrl.cpp,source,Code/wwui/buttonctrl.cpp,Code/wwui/buttonctrl.cpp,engine/gui/w3d,,,not_started,,parity,Source inventory only; split behavior before claiming whole-file parity
source:Code/wwui/buttonctrl.h,source,Code/wwui/buttonctrl.h,Code/wwui/buttonctrl.h,engine/gui/w3d,,,not_started,,parity,Source inventory only; split behavior before claiming whole-file parity
source:Code/wwui/checkboxctrl.cpp,source,Code/wwui/checkboxctrl.cpp,Code/wwui/checkboxctrl.cpp,engine/gui/w3d,,,not_started,,parity,Source inventory only; split behavior before claiming whole-file parity
source:Code/wwui/checkboxctrl.h,source,Code/wwui/checkboxctrl.h,Code/wwui/checkboxctrl.h,engine/gui/w3d,,,not_started,,parity,Source inventory only; split behavior before claiming whole-file parity
source:Code/wwui/childdialog.cpp,source,Code/wwui/childdialog.cpp,Code/wwui/childdialog.cpp,engine/gui/w3d,,,not_started,,parity,Source inventory only; split behavior before claiming whole-file parity
source:Code/wwui/childdialog.h,source,Code/wwui/childdialog.h,Code/wwui/childdialog.h,engine/gui/w3d,,,not_started,,parity,Source inventory only; split behavior before claiming whole-file parity
source:Code/wwui/comboboxctrl.cpp,source,Code/wwui/comboboxctrl.cpp,Code/wwui/comboboxctrl.cpp,engine/gui/w3d,,,not_started,,parity,Source inventory only; split behavior before claiming whole-file parity
source:Code/wwui/comboboxctrl.h,source,Code/wwui/comboboxctrl.h,Code/wwui/comboboxctrl.h,engine/gui/w3d,,,not_started,,parity,Source inventory only; split behavior before claiming whole-file parity
source:Code/wwui/controladvisesink.h,source,Code/wwui/controladvisesink.h,Code/wwui/controladvisesink.h,engine/gui/w3d,,,not_started,,parity,Source inventory only; split behavior before claiming whole-file parity
source:Code/wwui/dialogbase.cpp,source,Code/wwui/dialogbase.cpp,Code/wwui/dialogbase.cpp,engine/gui/w3d,,,not_started,,parity,Source inventory only; split behavior before claiming whole-file parity
source:Code/wwui/dialogbase.h,source,Code/wwui/dialogbase.h,Code/wwui/dialogbase.h,engine/gui/w3d,,,not_started,,parity,Source inventory only; split behavior before claiming whole-file parity
source:Code/wwui/dialogbutton.cpp,source,Code/wwui/dialogbutton.cpp,Code/wwui/dialogbutton.cpp,engine/gui/w3d,,,not_started,,parity,Source inventory only; split behavior before claiming whole-file parity
source:Code/wwui/dialogbutton.h,source,Code/wwui/dialogbutton.h,Code/wwui/dialogbutton.h,engine/gui/w3d,,,not_started,,parity,Source inventory only; split behavior before claiming whole-file parity
source:Code/wwui/dialogcontrol.cpp,source,Code/wwui/dialogcontrol.cpp,Code/wwui/dialogcontrol.cpp,engine/gui/w3d,,,not_started,,parity,Source inventory only; split behavior before claiming whole-file parity
source:Code/wwui/dialogcontrol.h,source,Code/wwui/dialogcontrol.h,Code/wwui/dialogcontrol.h,engine/gui/w3d,,,not_started,,parity,Source inventory only; split behavior before claiming whole-file parity
source:Code/wwui/dialogfactory.h,source,Code/wwui/dialogfactory.h,Code/wwui/dialogfactory.h,engine/gui/w3d,,,not_started,,parity,Source inventory only; split behavior before claiming whole-file parity
source:Code/wwui/dialogmgr.cpp,source,Code/wwui/dialogmgr.cpp,Code/wwui/dialogmgr.cpp,engine/gui/w3d,,,not_started,,parity,Source inventory only; split behavior before claiming whole-file parity
source:Code/wwui/dialogmgr.h,source,Code/wwui/dialogmgr.h,Code/wwui/dialogmgr.h,engine/gui/w3d,,,not_started,,parity,Source inventory only; split behavior before claiming whole-file parity
source:Code/wwui/dialogparser.cpp,source,Code/wwui/dialogparser.cpp,Code/wwui/dialogparser.cpp,engine/gui/w3d,,,not_started,,parity,Source inventory only; split behavior before claiming whole-file parity
source:Code/wwui/dialogparser.h,source,Code/wwui/dialogparser.h,Code/wwui/dialogparser.h,engine/gui/w3d,,,not_started,,parity,Source inventory only; split behavior before claiming whole-file parity
source:Code/wwui/dialogtext.cpp,source,Code/wwui/dialogtext.cpp,Code/wwui/dialogtext.cpp,engine/gui/w3d,,,not_started,,parity,Source inventory only; split behavior before claiming whole-file parity
source:Code/wwui/dialogtext.h,source,Code/wwui/dialogtext.h,Code/wwui/dialogtext.h,engine/gui/w3d,,,not_started,,parity,Source inventory only; split behavior before claiming whole-file parity
source:Code/wwui/dialogtransition.cpp,source,Code/wwui/dialogtransition.cpp,Code/wwui/dialogtransition.cpp,engine/gui/w3d,,,not_started,,parity,Source inventory only; split behavior before claiming whole-file parity
source:Code/wwui/dialogtransition.h,source,Code/wwui/dialogtransition.h,Code/wwui/dialogtransition.h,engine/gui/w3d,,,not_started,,parity,Source inventory only; split behavior before claiming whole-file parity
source:Code/wwui/dropdownctrl.cpp,source,Code/wwui/dropdownctrl.cpp,Code/wwui/dropdownctrl.cpp,engine/gui/w3d,,,not_started,,parity,Source inventory only; split behavior before claiming whole-file parity
source:Code/wwui/dropdownctrl.h,source,Code/wwui/dropdownctrl.h,Code/wwui/dropdownctrl.h,engine/gui/w3d,,,not_started,,parity,Source inventory only; split behavior before claiming whole-file parity
source:Code/wwui/editctrl.cpp,source,Code/wwui/editctrl.cpp,Code/wwui/editctrl.cpp,engine/gui/w3d,,,not_started,,parity,Source inventory only; split behavior before claiming whole-file parity
source:Code/wwui/editctrl.h,source,Code/wwui/editctrl.h,Code/wwui/editctrl.h,engine/gui/w3d,,,not_started,,parity,Source inventory only; split behavior before claiming whole-file parity
source:Code/wwui/healthbarctrl.cpp,source,Code/wwui/healthbarctrl.cpp,Code/wwui/healthbarctrl.cpp,engine/gui/w3d,,,not_started,,parity,Source inventory only; split behavior before claiming whole-file parity
source:Code/wwui/healthbarctrl.h,source,Code/wwui/healthbarctrl.h,Code/wwui/healthbarctrl.h,engine/gui/w3d,,,not_started,,parity,Source inventory only; split behavior before claiming whole-file parity
source:Code/wwui/imagectrl.cpp,source,Code/wwui/imagectrl.cpp,Code/wwui/imagectrl.cpp,engine/gui/w3d,,,not_started,,parity,Source inventory only; split behavior before claiming whole-file parity
source:Code/wwui/imagectrl.h,source,Code/wwui/imagectrl.h,Code/wwui/imagectrl.h,engine/gui/w3d,,,not_started,,parity,Source inventory only; split behavior before claiming whole-file parity
source:Code/wwui/inputctrl.cpp,source,Code/wwui/inputctrl.cpp,Code/wwui/inputctrl.cpp,engine/gui/w3d,,,not_started,,parity,Source inventory only; split behavior before claiming whole-file parity
source:Code/wwui/inputctrl.h,source,Code/wwui/inputctrl.h,Code/wwui/inputctrl.h,engine/gui/w3d,,,not_started,,parity,Source inventory only; split behavior before claiming whole-file parity
source:Code/wwui/listctrl.cpp,source,Code/wwui/listctrl.cpp,Code/wwui/listctrl.cpp,engine/gui/w3d,,,not_started,,parity,Source inventory only; split behavior before claiming whole-file parity
source:Code/wwui/listctrl.h,source,Code/wwui/listctrl.h,Code/wwui/listctrl.h,engine/gui/w3d,,,not_started,,parity,Source inventory only; split behavior before claiming whole-file parity
source:Code/wwui/listiconmgr.cpp,source,Code/wwui/listiconmgr.cpp,Code/wwui/listiconmgr.cpp,engine/gui/w3d,,,not_started,,parity,Source inventory only; split behavior before claiming whole-file parity
source:Code/wwui/listiconmgr.h,source,Code/wwui/listiconmgr.h,Code/wwui/listiconmgr.h,engine/gui/w3d,,,not_started,,parity,Source inventory only; split behavior before claiming whole-file parity
source:Code/wwui/mapctrl.cpp,source,Code/wwui/mapctrl.cpp,Code/wwui/mapctrl.cpp,engine/gui/w3d,,,not_started,,parity,Source inventory only; split behavior before claiming whole-file parity
source:Code/wwui/mapctrl.h,source,Code/wwui/mapctrl.h,Code/wwui/mapctrl.h,engine/gui/w3d,,,not_started,,parity,Source inventory only; split behavior before claiming whole-file parity
source:Code/wwui/menubackdrop.cpp,source,Code/wwui/menubackdrop.cpp,Code/wwui/menubackdrop.cpp,engine/gui/w3d,,,not_started,,parity,Source inventory only; split behavior before claiming whole-file parity
source:Code/wwui/menubackdrop.h,source,Code/wwui/menubackdrop.h,Code/wwui/menubackdrop.h,engine/gui/w3d,,,not_started,,parity,Source inventory only; split behavior before claiming whole-file parity
source:Code/wwui/menudialog.cpp,source,Code/wwui/menudialog.cpp,Code/wwui/menudialog.cpp,engine/gui/w3d,,,not_started,,parity,Source inventory only; split behavior before claiming whole-file parity
source:Code/wwui/menudialog.h,source,Code/wwui/menudialog.h,Code/wwui/menudialog.h,engine/gui/w3d,,,not_started,,parity,Source inventory only; split behavior before claiming whole-file parity
source:Code/wwui/menuentryctrl.cpp,source,Code/wwui/menuentryctrl.cpp,Code/wwui/menuentryctrl.cpp,engine/gui/w3d,,,not_started,,parity,Source inventory only; split behavior before claiming whole-file parity
source:Code/wwui/menuentryctrl.h,source,Code/wwui/menuentryctrl.h,Code/wwui/menuentryctrl.h,engine/gui/w3d,,,not_started,,parity,Source inventory only; split behavior before claiming whole-file parity
source:Code/wwui/merchandisectrl.cpp,source,Code/wwui/merchandisectrl.cpp,Code/wwui/merchandisectrl.cpp,engine/gui/w3d,,,not_started,,parity,Source inventory only; split behavior before claiming whole-file parity
source:Code/wwui/merchandisectrl.h,source,Code/wwui/merchandisectrl.h,Code/wwui/merchandisectrl.h,engine/gui/w3d,,,not_started,,parity,Source inventory only; split behavior before claiming whole-file parity
source:Code/wwui/mousemgr.cpp,source,Code/wwui/mousemgr.cpp,Code/wwui/mousemgr.cpp,engine/gui/w3d,,,not_started,,parity,Source inventory only; split behavior before claiming whole-file parity
source:Code/wwui/mousemgr.h,source,Code/wwui/mousemgr.h,Code/wwui/mousemgr.h,engine/gui/w3d,,,not_started,,parity,Source inventory only; split behavior before claiming whole-file parity
source:Code/wwui/multilinetextctrl.cpp,source,Code/wwui/multilinetextctrl.cpp,Code/wwui/multilinetextctrl.cpp,engine/gui/w3d,,,not_started,,parity,Source inventory only; split behavior before claiming whole-file parity
source:Code/wwui/multilinetextctrl.h,source,Code/wwui/multilinetextctrl.h,Code/wwui/multilinetextctrl.h,engine/gui/w3d,,,not_started,,parity,Source inventory only; split behavior before claiming whole-file parity
source:Code/wwui/popupdialog.cpp,source,Code/wwui/popupdialog.cpp,Code/wwui/popupdialog.cpp,engine/gui/w3d,,,not_started,,parity,Source inventory only; split behavior before claiming whole-file parity
source:Code/wwui/popupdialog.h,source,Code/wwui/popupdialog.h,Code/wwui/popupdialog.h,engine/gui/w3d,,,not_started,,parity,Source inventory only; split behavior before claiming whole-file parity
source:Code/wwui/screencursor.cpp,source,Code/wwui/screencursor.cpp,Code/wwui/screencursor.cpp,engine/gui/w3d,,,not_started,,parity,Source inventory only; split behavior before claiming whole-file parity
source:Code/wwui/screencursor.h,source,Code/wwui/screencursor.h,Code/wwui/screencursor.h,engine/gui/w3d,,,not_started,,parity,Source inventory only; split behavior before claiming whole-file parity
source:Code/wwui/scrollbarctrl.cpp,source,Code/wwui/scrollbarctrl.cpp,Code/wwui/scrollbarctrl.cpp,engine/gui/w3d,,,not_started,,parity,Source inventory only; split behavior before claiming whole-file parity
source:Code/wwui/scrollbarctrl.h,source,Code/wwui/scrollbarctrl.h,Code/wwui/scrollbarctrl.h,engine/gui/w3d,,,not_started,,parity,Source inventory only; split behavior before claiming whole-file parity
source:Code/wwui/shortcutbarctrl.cpp,source,Code/wwui/shortcutbarctrl.cpp,Code/wwui/shortcutbarctrl.cpp,engine/gui/w3d,,,not_started,,parity,Source inventory only; split behavior before claiming whole-file parity
source:Code/wwui/shortcutbarctrl.h,source,Code/wwui/shortcutbarctrl.h,Code/wwui/shortcutbarctrl.h,engine/gui/w3d,,,not_started,,parity,Source inventory only; split behavior before claiming whole-file parity
source:Code/wwui/sliderctrl.cpp,source,Code/wwui/sliderctrl.cpp,Code/wwui/sliderctrl.cpp,engine/gui/w3d,,,not_started,,parity,Source inventory only; split behavior before claiming whole-file parity
source:Code/wwui/sliderctrl.h,source,Code/wwui/sliderctrl.h,Code/wwui/sliderctrl.h,engine/gui/w3d,,,not_started,,parity,Source inventory only; split behavior before claiming whole-file parity
source:Code/wwui/stylemgr.cpp,source,Code/wwui/stylemgr.cpp,Code/wwui/stylemgr.cpp,engine/gui/w3d,,,not_started,,parity,Source inventory only; split behavior before claiming whole-file parity
source:Code/wwui/stylemgr.h,source,Code/wwui/stylemgr.h,Code/wwui/stylemgr.h,engine/gui/w3d,,,not_started,,parity,Source inventory only; split behavior before claiming whole-file parity
source:Code/wwui/tabctrl.cpp,source,Code/wwui/tabctrl.cpp,Code/wwui/tabctrl.cpp,engine/gui/w3d,,,not_started,,parity,Source inventory only; split behavior before claiming whole-file parity
source:Code/wwui/tabctrl.h,source,Code/wwui/tabctrl.h,Code/wwui/tabctrl.h,engine/gui/w3d,,,not_started,,parity,Source inventory only; split behavior before claiming whole-file parity
source:Code/wwui/textmarqueectrl.cpp,source,Code/wwui/textmarqueectrl.cpp,Code/wwui/textmarqueectrl.cpp,engine/gui/w3d,,,not_started,,parity,Source inventory only; split behavior before claiming whole-file parity
source:Code/wwui/textmarqueectrl.h,source,Code/wwui/textmarqueectrl.h,Code/wwui/textmarqueectrl.h,engine/gui/w3d,,,not_started,,parity,Source inventory only; split behavior before claiming whole-file parity
source:Code/wwui/tooltip.cpp,source,Code/wwui/tooltip.cpp,Code/wwui/tooltip.cpp,engine/gui/w3d,,,not_started,,parity,Source inventory only; split behavior before claiming whole-file parity
source:Code/wwui/tooltip.h,source,Code/wwui/tooltip.h,Code/wwui/tooltip.h,engine/gui/w3d,,,not_started,,parity,Source inventory only; split behavior before claiming whole-file parity
source:Code/wwui/tooltipmgr.cpp,source,Code/wwui/tooltipmgr.cpp,Code/wwui/tooltipmgr.cpp,engine/gui/w3d,,,not_started,,parity,Source inventory only; split behavior before claiming whole-file parity
source:Code/wwui/tooltipmgr.h,source,Code/wwui/tooltipmgr.h,Code/wwui/tooltipmgr.h,engine/gui/w3d,,,not_started,,parity,Source inventory only; split behavior before claiming whole-file parity
source:Code/wwui/treectrl.cpp,source,Code/wwui/treectrl.cpp,Code/wwui/treectrl.cpp,engine/gui/w3d,,,not_started,,parity,Source inventory only; split behavior before claiming whole-file parity
source:Code/wwui/treectrl.h,source,Code/wwui/treectrl.h,Code/wwui/treectrl.h,engine/gui/w3d,,,not_started,,parity,Source inventory only; split behavior before claiming whole-file parity
source:Code/wwui/viewerctrl.cpp,source,Code/wwui/viewerctrl.cpp,Code/wwui/viewerctrl.cpp,engine/gui/w3d,,,not_started,,parity,Source inventory only; split behavior before claiming whole-file parity
source:Code/wwui/viewerctrl.h,source,Code/wwui/viewerctrl.h,Code/wwui/viewerctrl.h,engine/gui/w3d,,,not_started,,parity,Source inventory only; split behavior before claiming whole-file parity
source:Code/wwui/wwui.dsp,source,Code/wwui/wwui.dsp,Code/wwui/wwui.dsp,engine/gui/w3d,,,not_started,,parity,Source inventory only; split behavior before claiming whole-file parity
source:Code/wwui/wwuiinput.cpp,source,Code/wwui/wwuiinput.cpp,Code/wwui/wwuiinput.cpp,engine/gui/w3d,,,not_started,,parity,Source inventory only; split behavior before claiming whole-file parity
source:Code/wwui/wwuiinput.h,source,Code/wwui/wwuiinput.h,Code/wwui/wwuiinput.h,engine/gui/w3d,,,not_started,,parity,Source inventory only; split behavior before claiming whole-file parity
source:Code/wwutil/mathutil.cpp,source,Code/wwutil/mathutil.cpp,Code/wwutil/mathutil.cpp,games/renegade/migration,,,not_started,,parity,Source inventory only; split behavior before claiming whole-file parity
source:Code/wwutil/mathutil.h,source,Code/wwutil/mathutil.h,Code/wwutil/mathutil.h,games/renegade/migration,,,not_started,,parity,Source inventory only; split behavior before claiming whole-file parity
source:Code/wwutil/miscutil.cpp,source,Code/wwutil/miscutil.cpp,Code/wwutil/miscutil.cpp,games/renegade/migration,,,not_started,,parity,Source inventory only; split behavior before claiming whole-file parity
source:Code/wwutil/miscutil.h,source,Code/wwutil/miscutil.h,Code/wwutil/miscutil.h,games/renegade/migration,,,not_started,,parity,Source inventory only; split behavior before claiming whole-file parity
source:Code/wwutil/stackdump.cpp,source,Code/wwutil/stackdump.cpp,Code/wwutil/stackdump.cpp,games/renegade/migration,,,not_started,,parity,Source inventory only; split behavior before claiming whole-file parity
source:Code/wwutil/stackdump.h,source,Code/wwutil/stackdump.h,Code/wwutil/stackdump.h,games/renegade/migration,,,not_started,,parity,Source inventory only; split behavior before claiming whole-file parity
source:Code/wwutil/wwutil.dsp,source,Code/wwutil/wwutil.dsp,Code/wwutil/wwutil.dsp,games/renegade/migration,,,not_started,,parity,Source inventory only; split behavior before claiming whole-file parity
source:Run/place_steam_build_here.txt,source,Run/place_steam_build_here.txt,Run/place_steam_build_here.txt,games/renegade/migration,,,not_started,,parity,Source inventory only; split behavior before claiming whole-file parity
